Timing Analyzer report for TrueChip
Sun Aug 30 11:49:42 2026
Quartus Prime Version 25.1std.0 Build 1129 10/21/2025 SC Lite Edition


---------------------
; Table of Contents ;
---------------------
  1. Legal Notice
  2. Timing Analyzer Summary
  3. Parallel Compilation
  4. SDC File List
  5. Clocks
  6. Slow 1100mV 85C Model Fmax Summary
  7. Timing Closure Recommendations
  8. Slow 1100mV 85C Model Setup Summary
  9. Slow 1100mV 85C Model Hold Summary
 10. Slow 1100mV 85C Model Recovery Summary
 11. Slow 1100mV 85C Model Removal Summary
 12. Slow 1100mV 85C Model Minimum Pulse Width Summary
 13. Slow 1100mV 85C Model Metastability Summary
 14. Slow 1100mV 0C Model Fmax Summary
 15. Slow 1100mV 0C Model Setup Summary
 16. Slow 1100mV 0C Model Hold Summary
 17. Slow 1100mV 0C Model Recovery Summary
 18. Slow 1100mV 0C Model Removal Summary
 19. Slow 1100mV 0C Model Minimum Pulse Width Summary
 20. Slow 1100mV 0C Model Metastability Summary
 21. Fast 1100mV 85C Model Setup Summary
 22. Fast 1100mV 85C Model Hold Summary
 23. Fast 1100mV 85C Model Recovery Summary
 24. Fast 1100mV 85C Model Removal Summary
 25. Fast 1100mV 85C Model Minimum Pulse Width Summary
 26. Fast 1100mV 85C Model Metastability Summary
 27. Fast 1100mV 0C Model Setup Summary
 28. Fast 1100mV 0C Model Hold Summary
 29. Fast 1100mV 0C Model Recovery Summary
 30. Fast 1100mV 0C Model Removal Summary
 31. Fast 1100mV 0C Model Minimum Pulse Width Summary
 32. Fast 1100mV 0C Model Metastability Summary
 33. Multicorner Timing Analysis Summary
 34. Board Trace Model Assignments
 35. Input Transition Times
 36. Signal Integrity Metrics (Slow 1100mv 0c Model)
 37. Signal Integrity Metrics (Slow 1100mv 85c Model)
 38. Signal Integrity Metrics (Fast 1100mv 0c Model)
 39. Signal Integrity Metrics (Fast 1100mv 85c Model)
 40. Setup Transfers
 41. Hold Transfers
 42. Recovery Transfers
 43. Removal Transfers
 44. Report TCCS
 45. Report RSKM
 46. Unconstrained Paths Summary
 47. Clock Status Summary
 48. Unconstrained Input Ports
 49. Unconstrained Output Ports
 50. Unconstrained Input Ports
 51. Unconstrained Output Ports
 52. Timing Analyzer Messages



----------------
; Legal Notice ;
----------------
Copyright (C) 2025  Altera Corporation. All rights reserved.
Your use of Altera Corporation's design tools, logic functions 
and other software and tools, and any partner logic 
functions, and any output files from any of the foregoing 
(including device programming or simulation files), and any 
associated documentation or information are expressly subject 
to the terms and conditions of the Altera Program License 
Subscription Agreement, the Altera Quartus Prime License Agreement,
the Altera IP License Agreement, or other applicable license
agreement, including, without limitation, that your use is for
the sole purpose of programming logic devices manufactured by
Altera and sold by Altera or its authorized distributors.  Please
refer to the Altera Software License Subscription Agreements 
on the Quartus Prime software download page.



+---------------------------------------------------------------------------------+
; Timing Analyzer Summary                                                         ;
+-----------------------+---------------------------------------------------------+
; Quartus Prime Version ; Version 25.1std.0 Build 1129 10/21/2025 SC Lite Edition ;
; Timing Analyzer       ; Legacy Timing Analyzer                                  ;
; Revision Name         ; TrueChip                                                ;
; Device Family         ; Cyclone V                                               ;
; Device Name           ; 5CSXFC6D6F31C6                                          ;
; Timing Models         ; Final                                                   ;
; Delay Model           ; Combined                                                ;
; Rise/Fall Delays      ; Enabled                                                 ;
+-----------------------+---------------------------------------------------------+


+------------------------------------------+
; Parallel Compilation                     ;
+----------------------------+-------------+
; Processors                 ; Number      ;
+----------------------------+-------------+
; Number detected on machine ; 5           ;
; Maximum allowed            ; 5           ;
;                            ;             ;
; Average used               ; 1.23        ;
; Maximum used               ; 5           ;
;                            ;             ;
; Usage by Processor         ; % Time Used ;
;     Processor 1            ; 100.0%      ;
;     Processor 2            ;   5.9%      ;
;     Processor 3            ;   5.8%      ;
;     Processor 4            ;   5.8%      ;
;     Processor 5            ;   5.4%      ;
+----------------------------+-------------+


+---------------------------------------------------+
; SDC File List                                     ;
+---------------+--------+--------------------------+
; SDC File Path ; Status ; Read at                  ;
+---------------+--------+--------------------------+
; TrueChip.sdc  ; OK     ; Sun Aug 30 11:45:58 2026 ;
+---------------+--------+--------------------------+


+----------------------------------------------------------------------------------------------------------------------------------------------------------------------------------------------------------------+
; Clocks                                                                                                                                                                                                         ;
+---------------------+------+--------+-----------+-------+--------+------------+-----------+-------------+-------+--------+-----------+------------+----------+--------+--------+-------------------------------+
; Clock Name          ; Type ; Period ; Frequency ; Rise  ; Fall   ; Duty Cycle ; Divide by ; Multiply by ; Phase ; Offset ; Edge List ; Edge Shift ; Inverted ; Master ; Source ; Targets                       ;
+---------------------+------+--------+-----------+-------+--------+------------+-----------+-------------+-------+--------+-----------+------------+----------+--------+--------+-------------------------------+
; altera_reserved_tck ; Base ; 33.333 ; 30.0 MHz  ; 0.000 ; 16.666 ;            ;           ;             ;       ;        ;           ;            ;          ;        ;        ; { altera_reserved_tck }       ;
; CLOCK_50            ; Base ; 20.000 ; 50.0 MHz  ; 0.000 ; 10.000 ;            ;           ;             ;       ;        ;           ;            ;          ;        ;        ; { CLOCK_50 }                  ;
; ro_enable_vclk      ; Base ; 40.000 ; 25.0 MHz  ; 0.000 ; 20.000 ;            ;           ;             ;       ;        ;           ;            ;          ;        ;        ; { ro_puf:u_ro_puf|ro_enable } ;
+---------------------+------+--------+-----------+-------+--------+------------+-----------+-------------+-------+--------+-----------+------------+----------+--------+--------+-------------------------------+


+----------------------------------------------------------+
; Slow 1100mV 85C Model Fmax Summary                       ;
+-----------+-----------------+---------------------+------+
; Fmax      ; Restricted Fmax ; Clock Name          ; Note ;
+-----------+-----------------+---------------------+------+
; 63.16 MHz ; 63.16 MHz       ; altera_reserved_tck ;      ;
; 83.24 MHz ; 83.24 MHz       ; CLOCK_50            ;      ;
+-----------+-----------------+---------------------+------+
This panel reports FMAX for every clock in the design, regardless of the user-specified clock periods.  FMAX is only computed for paths where the source and destination registers or ports are driven by the same clock.  Paths of different clocks, including generated clocks, are ignored.  For paths between a clock and its inversion, FMAX is computed as if the rising and falling edges are scaled along with FMAX, such that the duty cycle (in terms of a percentage) is maintained. Altera recommends that you always use clock constraints and other slack reports for sign-off analysis.


----------------------------------
; Timing Closure Recommendations ;
----------------------------------
HTML report is unavailable in plain text report export.


+---------------------------------------------+
; Slow 1100mV 85C Model Setup Summary         ;
+---------------------+-------+---------------+
; Clock               ; Slack ; End Point TNS ;
+---------------------+-------+---------------+
; CLOCK_50            ; 7.986 ; 0.000         ;
; altera_reserved_tck ; 8.750 ; 0.000         ;
+---------------------+-------+---------------+


+---------------------------------------------+
; Slow 1100mV 85C Model Hold Summary          ;
+---------------------+-------+---------------+
; Clock               ; Slack ; End Point TNS ;
+---------------------+-------+---------------+
; altera_reserved_tck ; 0.144 ; 0.000         ;
; CLOCK_50            ; 0.298 ; 0.000         ;
+---------------------+-------+---------------+


+----------------------------------------------+
; Slow 1100mV 85C Model Recovery Summary       ;
+---------------------+--------+---------------+
; Clock               ; Slack  ; End Point TNS ;
+---------------------+--------+---------------+
; altera_reserved_tck ; 27.907 ; 0.000         ;
+---------------------+--------+---------------+


+---------------------------------------------+
; Slow 1100mV 85C Model Removal Summary       ;
+---------------------+-------+---------------+
; Clock               ; Slack ; End Point TNS ;
+---------------------+-------+---------------+
; altera_reserved_tck ; 0.890 ; 0.000         ;
+---------------------+-------+---------------+


+---------------------------------------------------+
; Slow 1100mV 85C Model Minimum Pulse Width Summary ;
+---------------------+--------+--------------------+
; Clock               ; Slack  ; End Point TNS      ;
+---------------------+--------+--------------------+
; CLOCK_50            ; 8.884  ; 0.000              ;
; altera_reserved_tck ; 15.121 ; 0.000              ;
; ro_enable_vclk      ; 19.016 ; 0.000              ;
+---------------------+--------+--------------------+


-----------------------------------------------
; Slow 1100mV 85C Model Metastability Summary ;
-----------------------------------------------
Worst-Case MTBF of Design is 1e+09 years or 3.15e+16 seconds.
Typical MTBF of Design is 1e+09 years or 3.15e+16 seconds.

Number of Synchronizer Chains Found: 21
Shortest Synchronizer Chain: 1 Registers
Fraction of Chains for which MTBFs Could Not be Calculated: 0.810
Worst Case Available Settling Time: 17.721 ns

Worst-Case MTBF values are calculated based on the worst-case silicon characteristics, with worst-case operating conditions.
  - Under worst-case conditions, an increase of 100ps in available settling time will increase MTBF values by a factor of 79.4
Typical MTBF values are calculated based on the nominal silicon characteristics, at nominal operating conditions.
  - Under typical conditions, an increase of 100ps in available settling time will increase MTBF values by a factor of 17.8



+----------------------------------------------------------+
; Slow 1100mV 0C Model Fmax Summary                        ;
+-----------+-----------------+---------------------+------+
; Fmax      ; Restricted Fmax ; Clock Name          ; Note ;
+-----------+-----------------+---------------------+------+
; 64.11 MHz ; 64.11 MHz       ; altera_reserved_tck ;      ;
; 85.08 MHz ; 85.08 MHz       ; CLOCK_50            ;      ;
+-----------+-----------------+---------------------+------+
This panel reports FMAX for every clock in the design, regardless of the user-specified clock periods.  FMAX is only computed for paths where the source and destination registers or ports are driven by the same clock.  Paths of different clocks, including generated clocks, are ignored.  For paths between a clock and its inversion, FMAX is computed as if the rising and falling edges are scaled along with FMAX, such that the duty cycle (in terms of a percentage) is maintained. Altera recommends that you always use clock constraints and other slack reports for sign-off analysis.


+---------------------------------------------+
; Slow 1100mV 0C Model Setup Summary          ;
+---------------------+-------+---------------+
; Clock               ; Slack ; End Point TNS ;
+---------------------+-------+---------------+
; CLOCK_50            ; 8.246 ; 0.000         ;
; altera_reserved_tck ; 8.868 ; 0.000         ;
+---------------------+-------+---------------+


+---------------------------------------------+
; Slow 1100mV 0C Model Hold Summary           ;
+---------------------+-------+---------------+
; Clock               ; Slack ; End Point TNS ;
+---------------------+-------+---------------+
; altera_reserved_tck ; 0.131 ; 0.000         ;
; CLOCK_50            ; 0.278 ; 0.000         ;
+---------------------+-------+---------------+


+----------------------------------------------+
; Slow 1100mV 0C Model Recovery Summary        ;
+---------------------+--------+---------------+
; Clock               ; Slack  ; End Point TNS ;
+---------------------+--------+---------------+
; altera_reserved_tck ; 28.185 ; 0.000         ;
+---------------------+--------+---------------+


+---------------------------------------------+
; Slow 1100mV 0C Model Removal Summary        ;
+---------------------+-------+---------------+
; Clock               ; Slack ; End Point TNS ;
+---------------------+-------+---------------+
; altera_reserved_tck ; 0.822 ; 0.000         ;
+---------------------+-------+---------------+


+--------------------------------------------------+
; Slow 1100mV 0C Model Minimum Pulse Width Summary ;
+---------------------+--------+-------------------+
; Clock               ; Slack  ; End Point TNS     ;
+---------------------+--------+-------------------+
; CLOCK_50            ; 8.919  ; 0.000             ;
; altera_reserved_tck ; 15.102 ; 0.000             ;
; ro_enable_vclk      ; 19.025 ; 0.000             ;
+---------------------+--------+-------------------+


----------------------------------------------
; Slow 1100mV 0C Model Metastability Summary ;
----------------------------------------------
Worst-Case MTBF of Design is 1e+09 years or 3.15e+16 seconds.
Typical MTBF of Design is 1e+09 years or 3.15e+16 seconds.

Number of Synchronizer Chains Found: 21
Shortest Synchronizer Chain: 1 Registers
Fraction of Chains for which MTBFs Could Not be Calculated: 0.810
Worst Case Available Settling Time: 17.888 ns

Worst-Case MTBF values are calculated based on the worst-case silicon characteristics, with worst-case operating conditions.
  - Under worst-case conditions, an increase of 100ps in available settling time will increase MTBF values by a factor of 5.2
Typical MTBF values are calculated based on the nominal silicon characteristics, at nominal operating conditions.
  - Under typical conditions, an increase of 100ps in available settling time will increase MTBF values by a factor of 17.8



+----------------------------------------------+
; Fast 1100mV 85C Model Setup Summary          ;
+---------------------+--------+---------------+
; Clock               ; Slack  ; End Point TNS ;
+---------------------+--------+---------------+
; altera_reserved_tck ; 12.107 ; 0.000         ;
; CLOCK_50            ; 12.667 ; 0.000         ;
+---------------------+--------+---------------+


+---------------------------------------------+
; Fast 1100mV 85C Model Hold Summary          ;
+---------------------+-------+---------------+
; Clock               ; Slack ; End Point TNS ;
+---------------------+-------+---------------+
; altera_reserved_tck ; 0.034 ; 0.000         ;
; CLOCK_50            ; 0.175 ; 0.000         ;
+---------------------+-------+---------------+


+----------------------------------------------+
; Fast 1100mV 85C Model Recovery Summary       ;
+---------------------+--------+---------------+
; Clock               ; Slack  ; End Point TNS ;
+---------------------+--------+---------------+
; altera_reserved_tck ; 29.418 ; 0.000         ;
+---------------------+--------+---------------+


+---------------------------------------------+
; Fast 1100mV 85C Model Removal Summary       ;
+---------------------+-------+---------------+
; Clock               ; Slack ; End Point TNS ;
+---------------------+-------+---------------+
; altera_reserved_tck ; 0.407 ; 0.000         ;
+---------------------+-------+---------------+


+---------------------------------------------------+
; Fast 1100mV 85C Model Minimum Pulse Width Summary ;
+---------------------+--------+--------------------+
; Clock               ; Slack  ; End Point TNS      ;
+---------------------+--------+--------------------+
; CLOCK_50            ; 8.483  ; 0.000              ;
; altera_reserved_tck ; 14.772 ; 0.000              ;
; ro_enable_vclk      ; 19.305 ; 0.000              ;
+---------------------+--------+--------------------+


-----------------------------------------------
; Fast 1100mV 85C Model Metastability Summary ;
-----------------------------------------------
Worst-Case MTBF of Design is 1e+09 years or 3.15e+16 seconds.
Typical MTBF of Design is 1e+09 years or 3.15e+16 seconds.

Number of Synchronizer Chains Found: 21
Shortest Synchronizer Chain: 1 Registers
Fraction of Chains for which MTBFs Could Not be Calculated: 0.810
Worst Case Available Settling Time: 18.669 ns

Worst-Case MTBF values are calculated based on the worst-case silicon characteristics, with worst-case operating conditions.
  - Under worst-case conditions, an increase of 100ps in available settling time will increase MTBF values by a factor of 79.4
Typical MTBF values are calculated based on the nominal silicon characteristics, at nominal operating conditions.
  - Under typical conditions, an increase of 100ps in available settling time will increase MTBF values by a factor of 17.8



+----------------------------------------------+
; Fast 1100mV 0C Model Setup Summary           ;
+---------------------+--------+---------------+
; Clock               ; Slack  ; End Point TNS ;
+---------------------+--------+---------------+
; altera_reserved_tck ; 12.689 ; 0.000         ;
; CLOCK_50            ; 13.406 ; 0.000         ;
+---------------------+--------+---------------+


+---------------------------------------------+
; Fast 1100mV 0C Model Hold Summary           ;
+---------------------+-------+---------------+
; Clock               ; Slack ; End Point TNS ;
+---------------------+-------+---------------+
; altera_reserved_tck ; 0.022 ; 0.000         ;
; CLOCK_50            ; 0.153 ; 0.000         ;
+---------------------+-------+---------------+


+----------------------------------------------+
; Fast 1100mV 0C Model Recovery Summary        ;
+---------------------+--------+---------------+
; Clock               ; Slack  ; End Point TNS ;
+---------------------+--------+---------------+
; altera_reserved_tck ; 29.903 ; 0.000         ;
+---------------------+--------+---------------+


+---------------------------------------------+
; Fast 1100mV 0C Model Removal Summary        ;
+---------------------+-------+---------------+
; Clock               ; Slack ; End Point TNS ;
+---------------------+-------+---------------+
; altera_reserved_tck ; 0.355 ; 0.000         ;
+---------------------+-------+---------------+


+--------------------------------------------------+
; Fast 1100mV 0C Model Minimum Pulse Width Summary ;
+---------------------+--------+-------------------+
; Clock               ; Slack  ; End Point TNS     ;
+---------------------+--------+-------------------+
; CLOCK_50            ; 8.438  ; 0.000             ;
; altera_reserved_tck ; 14.758 ; 0.000             ;
; ro_enable_vclk      ; 19.367 ; 0.000             ;
+---------------------+--------+-------------------+


----------------------------------------------
; Fast 1100mV 0C Model Metastability Summary ;
----------------------------------------------
Worst-Case MTBF of Design is 1e+09 years or 3.15e+16 seconds.
Typical MTBF of Design is 1e+09 years or 3.15e+16 seconds.

Number of Synchronizer Chains Found: 21
Shortest Synchronizer Chain: 1 Registers
Fraction of Chains for which MTBFs Could Not be Calculated: 0.810
Worst Case Available Settling Time: 18.805 ns

Worst-Case MTBF values are calculated based on the worst-case silicon characteristics, with worst-case operating conditions.
  - Under worst-case conditions, an increase of 100ps in available settling time will increase MTBF values by a factor of 5.2
Typical MTBF values are calculated based on the nominal silicon characteristics, at nominal operating conditions.
  - Under typical conditions, an increase of 100ps in available settling time will increase MTBF values by a factor of 17.8



+---------------------------------------------------------------------------------+
; Multicorner Timing Analysis Summary                                             ;
+----------------------+-------+-------+----------+---------+---------------------+
; Clock                ; Setup ; Hold  ; Recovery ; Removal ; Minimum Pulse Width ;
+----------------------+-------+-------+----------+---------+---------------------+
; Worst-case Slack     ; 7.986 ; 0.022 ; 27.907   ; 0.355   ; 8.438               ;
;  CLOCK_50            ; 7.986 ; 0.153 ; N/A      ; N/A     ; 8.438               ;
;  altera_reserved_tck ; 8.750 ; 0.022 ; 27.907   ; 0.355   ; 14.758              ;
;  ro_enable_vclk      ; N/A   ; N/A   ; N/A      ; N/A     ; 19.016              ;
; Design-wide TNS      ; 0.0   ; 0.0   ; 0.0      ; 0.0     ; 0.0                 ;
;  CLOCK_50            ; 0.000 ; 0.000 ; N/A      ; N/A     ; 0.000               ;
;  altera_reserved_tck ; 0.000 ; 0.000 ; 0.000    ; 0.000   ; 0.000               ;
;  ro_enable_vclk      ; N/A   ; N/A   ; N/A      ; N/A     ; 0.000               ;
+----------------------+-------+-------+----------+---------+---------------------+


+------------------------------------------------------------------------------------------------------------------------------------------------------------------------------------------------------------------------------------------------------------------------------------------------------------------------------------------------------------------------------------------------------------------------+
; Board Trace Model Assignments                                                                                                                                                                                                                                                                                                                                                                                          ;
+---------------------+--------------+-------------------+-------------------------+-------------------------+---------------+---------------------+----------------+------------------+--------+------------------+------------------------+------------------------+--------------+---------------+-----------------+-------+---------------------+--------------------+---------------+-----------------+-------------+
; Pin                 ; I/O Standard ; Near Tline Length ; Near Tline L per Length ; Near Tline C per Length ; Near Series R ; Near Differential R ; Near Pull-up R ; Near Pull-down R ; Near C ; Far Tline Length ; Far Tline L per Length ; Far Tline C per Length ; Far Series R ; Far Pull-up R ; Far Pull-down R ; Far C ; Termination Voltage ; Far Differential R ; EBD File Name ; EBD Signal Name ; EBD Far-end ;
+---------------------+--------------+-------------------+-------------------------+-------------------------+---------------+---------------------+----------------+------------------+--------+------------------+------------------------+------------------------+--------------+---------------+-----------------+-------+---------------------+--------------------+---------------+-----------------+-------------+
; LEDR[0]             ; 3.3-V LVTTL  ; 0 in              ; 0 H/in                  ; 0 F/in                  ; short         ; -                   ; open           ; open             ; open   ; 0 in             ; 0 H/in                 ; 0 F/in                 ; short        ; open          ; open            ; open  ; 0 V                 ; -                  ; n/a           ; n/a             ; n/a         ;
; LEDR[1]             ; 3.3-V LVTTL  ; 0 in              ; 0 H/in                  ; 0 F/in                  ; short         ; -                   ; open           ; open             ; open   ; 0 in             ; 0 H/in                 ; 0 F/in                 ; short        ; open          ; open            ; open  ; 0 V                 ; -                  ; n/a           ; n/a             ; n/a         ;
; LEDR[2]             ; 3.3-V LVTTL  ; 0 in              ; 0 H/in                  ; 0 F/in                  ; short         ; -                   ; open           ; open             ; open   ; 0 in             ; 0 H/in                 ; 0 F/in                 ; short        ; open          ; open            ; open  ; 0 V                 ; -                  ; n/a           ; n/a             ; n/a         ;
; LEDR[3]             ; 3.3-V LVTTL  ; 0 in              ; 0 H/in                  ; 0 F/in                  ; short         ; -                   ; open           ; open             ; open   ; 0 in             ; 0 H/in                 ; 0 F/in                 ; short        ; open          ; open            ; open  ; 0 V                 ; -                  ; n/a           ; n/a             ; n/a         ;
; LEDR[4]             ; 3.3-V LVTTL  ; 0 in              ; 0 H/in                  ; 0 F/in                  ; short         ; -                   ; open           ; open             ; open   ; 0 in             ; 0 H/in                 ; 0 F/in                 ; short        ; open          ; open            ; open  ; 0 V                 ; -                  ; n/a           ; n/a             ; n/a         ;
; LEDR[9]             ; 3.3-V LVTTL  ; 0 in              ; 0 H/in                  ; 0 F/in                  ; short         ; -                   ; open           ; open             ; open   ; 0 in             ; 0 H/in                 ; 0 F/in                 ; short        ; open          ; open            ; open  ; 0 V                 ; -                  ; n/a           ; n/a             ; n/a         ;
; LEDR[5]             ; 3.3-V LVTTL  ; 0 in              ; 0 H/in                  ; 0 F/in                  ; short         ; -                   ; open           ; open             ; open   ; 0 in             ; 0 H/in                 ; 0 F/in                 ; short        ; open          ; open            ; open  ; 0 V                 ; -                  ; n/a           ; n/a             ; n/a         ;
; LEDR[6]             ; 3.3-V LVTTL  ; 0 in              ; 0 H/in                  ; 0 F/in                  ; short         ; -                   ; open           ; open             ; open   ; 0 in             ; 0 H/in                 ; 0 F/in                 ; short        ; open          ; open            ; open  ; 0 V                 ; -                  ; n/a           ; n/a             ; n/a         ;
; LEDR[7]             ; 3.3-V LVTTL  ; 0 in              ; 0 H/in                  ; 0 F/in                  ; short         ; -                   ; open           ; open             ; open   ; 0 in             ; 0 H/in                 ; 0 F/in                 ; short        ; open          ; open            ; open  ; 0 V                 ; -                  ; n/a           ; n/a             ; n/a         ;
; LEDR[8]             ; 3.3-V LVTTL  ; 0 in              ; 0 H/in                  ; 0 F/in                  ; short         ; -                   ; open           ; open             ; open   ; 0 in             ; 0 H/in                 ; 0 F/in                 ; short        ; open          ; open            ; open  ; 0 V                 ; -                  ; n/a           ; n/a             ; n/a         ;
; GPIO[0]             ; 3.3-V LVTTL  ; 0 in              ; 0 H/in                  ; 0 F/in                  ; short         ; -                   ; open           ; open             ; open   ; 0 in             ; 0 H/in                 ; 0 F/in                 ; short        ; open          ; open            ; open  ; 0 V                 ; -                  ; n/a           ; n/a             ; n/a         ;
; GPIO[1]             ; 3.3-V LVTTL  ; 0 in              ; 0 H/in                  ; 0 F/in                  ; short         ; -                   ; open           ; open             ; open   ; 0 in             ; 0 H/in                 ; 0 F/in                 ; short        ; open          ; open            ; open  ; 0 V                 ; -                  ; n/a           ; n/a             ; n/a         ;
; GPIO[2]             ; 3.3-V LVTTL  ; 0 in              ; 0 H/in                  ; 0 F/in                  ; short         ; -                   ; open           ; open             ; open   ; 0 in             ; 0 H/in                 ; 0 F/in                 ; short        ; open          ; open            ; open  ; 0 V                 ; -                  ; n/a           ; n/a             ; n/a         ;
; GPIO[3]             ; 3.3-V LVTTL  ; 0 in              ; 0 H/in                  ; 0 F/in                  ; short         ; -                   ; open           ; open             ; open   ; 0 in             ; 0 H/in                 ; 0 F/in                 ; short        ; open          ; open            ; open  ; 0 V                 ; -                  ; n/a           ; n/a             ; n/a         ;
; GPIO[32]            ; 3.3-V LVTTL  ; 0 in              ; 0 H/in                  ; 0 F/in                  ; short         ; -                   ; open           ; open             ; open   ; 0 in             ; 0 H/in                 ; 0 F/in                 ; short        ; open          ; open            ; open  ; 0 V                 ; -                  ; n/a           ; n/a             ; n/a         ;
; GPIO[33]            ; 3.3-V LVTTL  ; 0 in              ; 0 H/in                  ; 0 F/in                  ; short         ; -                   ; open           ; open             ; open   ; 0 in             ; 0 H/in                 ; 0 F/in                 ; short        ; open          ; open            ; open  ; 0 V                 ; -                  ; n/a           ; n/a             ; n/a         ;
; GPIO[34]            ; 3.3-V LVTTL  ; 0 in              ; 0 H/in                  ; 0 F/in                  ; short         ; -                   ; open           ; open             ; open   ; 0 in             ; 0 H/in                 ; 0 F/in                 ; short        ; open          ; open            ; open  ; 0 V                 ; -                  ; n/a           ; n/a             ; n/a         ;
; GPIO[35]            ; 3.3-V LVTTL  ; 0 in              ; 0 H/in                  ; 0 F/in                  ; short         ; -                   ; open           ; open             ; open   ; 0 in             ; 0 H/in                 ; 0 F/in                 ; short        ; open          ; open            ; open  ; 0 V                 ; -                  ; n/a           ; n/a             ; n/a         ;
; GPIO[4]             ; 3.3-V LVTTL  ; 0 in              ; 0 H/in                  ; 0 F/in                  ; short         ; -                   ; open           ; open             ; open   ; 0 in             ; 0 H/in                 ; 0 F/in                 ; short        ; open          ; open            ; open  ; 0 V                 ; -                  ; n/a           ; n/a             ; n/a         ;
; GPIO[5]             ; 3.3-V LVTTL  ; 0 in              ; 0 H/in                  ; 0 F/in                  ; short         ; -                   ; open           ; open             ; open   ; 0 in             ; 0 H/in                 ; 0 F/in                 ; short        ; open          ; open            ; open  ; 0 V                 ; -                  ; n/a           ; n/a             ; n/a         ;
; GPIO[6]             ; 3.3-V LVTTL  ; 0 in              ; 0 H/in                  ; 0 F/in                  ; short         ; -                   ; open           ; open             ; open   ; 0 in             ; 0 H/in                 ; 0 F/in                 ; short        ; open          ; open            ; open  ; 0 V                 ; -                  ; n/a           ; n/a             ; n/a         ;
; GPIO[7]             ; 3.3-V LVTTL  ; 0 in              ; 0 H/in                  ; 0 F/in                  ; short         ; -                   ; open           ; open             ; open   ; 0 in             ; 0 H/in                 ; 0 F/in                 ; short        ; open          ; open            ; open  ; 0 V                 ; -                  ; n/a           ; n/a             ; n/a         ;
; GPIO[8]             ; 3.3-V LVTTL  ; 0 in              ; 0 H/in                  ; 0 F/in                  ; short         ; -                   ; open           ; open             ; open   ; 0 in             ; 0 H/in                 ; 0 F/in                 ; short        ; open          ; open            ; open  ; 0 V                 ; -                  ; n/a           ; n/a             ; n/a         ;
; GPIO[9]             ; 3.3-V LVTTL  ; 0 in              ; 0 H/in                  ; 0 F/in                  ; short         ; -                   ; open           ; open             ; open   ; 0 in             ; 0 H/in                 ; 0 F/in                 ; short        ; open          ; open            ; open  ; 0 V                 ; -                  ; n/a           ; n/a             ; n/a         ;
; GPIO[10]            ; 3.3-V LVTTL  ; 0 in              ; 0 H/in                  ; 0 F/in                  ; short         ; -                   ; open           ; open             ; open   ; 0 in             ; 0 H/in                 ; 0 F/in                 ; short        ; open          ; open            ; open  ; 0 V                 ; -                  ; n/a           ; n/a             ; n/a         ;
; GPIO[11]            ; 3.3-V LVTTL  ; 0 in              ; 0 H/in                  ; 0 F/in                  ; short         ; -                   ; open           ; open             ; open   ; 0 in             ; 0 H/in                 ; 0 F/in                 ; short        ; open          ; open            ; open  ; 0 V                 ; -                  ; n/a           ; n/a             ; n/a         ;
; GPIO[12]            ; 3.3-V LVTTL  ; 0 in              ; 0 H/in                  ; 0 F/in                  ; short         ; -                   ; open           ; open             ; open   ; 0 in             ; 0 H/in                 ; 0 F/in                 ; short        ; open          ; open            ; open  ; 0 V                 ; -                  ; n/a           ; n/a             ; n/a         ;
; GPIO[13]            ; 3.3-V LVTTL  ; 0 in              ; 0 H/in                  ; 0 F/in                  ; short         ; -                   ; open           ; open             ; open   ; 0 in             ; 0 H/in                 ; 0 F/in                 ; short        ; open          ; open            ; open  ; 0 V                 ; -                  ; n/a           ; n/a             ; n/a         ;
; GPIO[14]            ; 3.3-V LVTTL  ; 0 in              ; 0 H/in                  ; 0 F/in                  ; short         ; -                   ; open           ; open             ; open   ; 0 in             ; 0 H/in                 ; 0 F/in                 ; short        ; open          ; open            ; open  ; 0 V                 ; -                  ; n/a           ; n/a             ; n/a         ;
; GPIO[15]            ; 3.3-V LVTTL  ; 0 in              ; 0 H/in                  ; 0 F/in                  ; short         ; -                   ; open           ; open             ; open   ; 0 in             ; 0 H/in                 ; 0 F/in                 ; short        ; open          ; open            ; open  ; 0 V                 ; -                  ; n/a           ; n/a             ; n/a         ;
; GPIO[16]            ; 3.3-V LVTTL  ; 0 in              ; 0 H/in                  ; 0 F/in                  ; short         ; -                   ; open           ; open             ; open   ; 0 in             ; 0 H/in                 ; 0 F/in                 ; short        ; open          ; open            ; open  ; 0 V                 ; -                  ; n/a           ; n/a             ; n/a         ;
; GPIO[17]            ; 3.3-V LVTTL  ; 0 in              ; 0 H/in                  ; 0 F/in                  ; short         ; -                   ; open           ; open             ; open   ; 0 in             ; 0 H/in                 ; 0 F/in                 ; short        ; open          ; open            ; open  ; 0 V                 ; -                  ; n/a           ; n/a             ; n/a         ;
; GPIO[18]            ; 3.3-V LVTTL  ; 0 in              ; 0 H/in                  ; 0 F/in                  ; short         ; -                   ; open           ; open             ; open   ; 0 in             ; 0 H/in                 ; 0 F/in                 ; short        ; open          ; open            ; open  ; 0 V                 ; -                  ; n/a           ; n/a             ; n/a         ;
; GPIO[19]            ; 3.3-V LVTTL  ; 0 in              ; 0 H/in                  ; 0 F/in                  ; short         ; -                   ; open           ; open             ; open   ; 0 in             ; 0 H/in                 ; 0 F/in                 ; short        ; open          ; open            ; open  ; 0 V                 ; -                  ; n/a           ; n/a             ; n/a         ;
; GPIO[20]            ; 3.3-V LVTTL  ; 0 in              ; 0 H/in                  ; 0 F/in                  ; short         ; -                   ; open           ; open             ; open   ; 0 in             ; 0 H/in                 ; 0 F/in                 ; short        ; open          ; open            ; open  ; 0 V                 ; -                  ; n/a           ; n/a             ; n/a         ;
; GPIO[21]            ; 3.3-V LVTTL  ; 0 in              ; 0 H/in                  ; 0 F/in                  ; short         ; -                   ; open           ; open             ; open   ; 0 in             ; 0 H/in                 ; 0 F/in                 ; short        ; open          ; open            ; open  ; 0 V                 ; -                  ; n/a           ; n/a             ; n/a         ;
; GPIO[22]            ; 3.3-V LVTTL  ; 0 in              ; 0 H/in                  ; 0 F/in                  ; short         ; -                   ; open           ; open             ; open   ; 0 in             ; 0 H/in                 ; 0 F/in                 ; short        ; open          ; open            ; open  ; 0 V                 ; -                  ; n/a           ; n/a             ; n/a         ;
; GPIO[23]            ; 3.3-V LVTTL  ; 0 in              ; 0 H/in                  ; 0 F/in                  ; short         ; -                   ; open           ; open             ; open   ; 0 in             ; 0 H/in                 ; 0 F/in                 ; short        ; open          ; open            ; open  ; 0 V                 ; -                  ; n/a           ; n/a             ; n/a         ;
; GPIO[24]            ; 3.3-V LVTTL  ; 0 in              ; 0 H/in                  ; 0 F/in                  ; short         ; -                   ; open           ; open             ; open   ; 0 in             ; 0 H/in                 ; 0 F/in                 ; short        ; open          ; open            ; open  ; 0 V                 ; -                  ; n/a           ; n/a             ; n/a         ;
; GPIO[25]            ; 3.3-V LVTTL  ; 0 in              ; 0 H/in                  ; 0 F/in                  ; short         ; -                   ; open           ; open             ; open   ; 0 in             ; 0 H/in                 ; 0 F/in                 ; short        ; open          ; open            ; open  ; 0 V                 ; -                  ; n/a           ; n/a             ; n/a         ;
; GPIO[26]            ; 3.3-V LVTTL  ; 0 in              ; 0 H/in                  ; 0 F/in                  ; short         ; -                   ; open           ; open             ; open   ; 0 in             ; 0 H/in                 ; 0 F/in                 ; short        ; open          ; open            ; open  ; 0 V                 ; -                  ; n/a           ; n/a             ; n/a         ;
; GPIO[27]            ; 3.3-V LVTTL  ; 0 in              ; 0 H/in                  ; 0 F/in                  ; short         ; -                   ; open           ; open             ; open   ; 0 in             ; 0 H/in                 ; 0 F/in                 ; short        ; open          ; open            ; open  ; 0 V                 ; -                  ; n/a           ; n/a             ; n/a         ;
; GPIO[28]            ; 3.3-V LVTTL  ; 0 in              ; 0 H/in                  ; 0 F/in                  ; short         ; -                   ; open           ; open             ; open   ; 0 in             ; 0 H/in                 ; 0 F/in                 ; short        ; open          ; open            ; open  ; 0 V                 ; -                  ; n/a           ; n/a             ; n/a         ;
; GPIO[29]            ; 3.3-V LVTTL  ; 0 in              ; 0 H/in                  ; 0 F/in                  ; short         ; -                   ; open           ; open             ; open   ; 0 in             ; 0 H/in                 ; 0 F/in                 ; short        ; open          ; open            ; open  ; 0 V                 ; -                  ; n/a           ; n/a             ; n/a         ;
; GPIO[30]            ; 3.3-V LVTTL  ; 0 in              ; 0 H/in                  ; 0 F/in                  ; short         ; -                   ; open           ; open             ; open   ; 0 in             ; 0 H/in                 ; 0 F/in                 ; short        ; open          ; open            ; open  ; 0 V                 ; -                  ; n/a           ; n/a             ; n/a         ;
; GPIO[31]            ; 3.3-V LVTTL  ; 0 in              ; 0 H/in                  ; 0 F/in                  ; short         ; -                   ; open           ; open             ; open   ; 0 in             ; 0 H/in                 ; 0 F/in                 ; short        ; open          ; open            ; open  ; 0 V                 ; -                  ; n/a           ; n/a             ; n/a         ;
; altera_reserved_tdo ; 3.3-V LVTTL  ; 0 in              ; 0 H/in                  ; 0 F/in                  ; short         ; -                   ; open           ; open             ; open   ; 0 in             ; 0 H/in                 ; 0 F/in                 ; short        ; open          ; open            ; open  ; 0 V                 ; -                  ; n/a           ; n/a             ; n/a         ;
+---------------------+--------------+-------------------+-------------------------+-------------------------+---------------+---------------------+----------------+------------------+--------+------------------+------------------------+------------------------+--------------+---------------+-----------------+-------+---------------------+--------------------+---------------+-----------------+-------------+


+------------------------------------------------------------------------+
; Input Transition Times                                                 ;
+---------------------+--------------+-----------------+-----------------+
; Pin                 ; I/O Standard ; 10-90 Rise Time ; 90-10 Fall Time ;
+---------------------+--------------+-----------------+-----------------+
; GPIO[0]             ; 3.3-V LVTTL  ; 2640 ps         ; 2640 ps         ;
; GPIO[1]             ; 3.3-V LVTTL  ; 2640 ps         ; 2640 ps         ;
; GPIO[2]             ; 3.3-V LVTTL  ; 2640 ps         ; 2640 ps         ;
; GPIO[3]             ; 3.3-V LVTTL  ; 2640 ps         ; 2640 ps         ;
; GPIO[32]            ; 3.3-V LVTTL  ; 2640 ps         ; 2640 ps         ;
; GPIO[33]            ; 3.3-V LVTTL  ; 2640 ps         ; 2640 ps         ;
; GPIO[34]            ; 3.3-V LVTTL  ; 2640 ps         ; 2640 ps         ;
; GPIO[35]            ; 3.3-V LVTTL  ; 2640 ps         ; 2640 ps         ;
; GPIO[4]             ; 3.3-V LVTTL  ; 2640 ps         ; 2640 ps         ;
; GPIO[5]             ; 3.3-V LVTTL  ; 2640 ps         ; 2640 ps         ;
; GPIO[6]             ; 3.3-V LVTTL  ; 2640 ps         ; 2640 ps         ;
; GPIO[7]             ; 3.3-V LVTTL  ; 2640 ps         ; 2640 ps         ;
; GPIO[8]             ; 3.3-V LVTTL  ; 2640 ps         ; 2640 ps         ;
; GPIO[9]             ; 3.3-V LVTTL  ; 2640 ps         ; 2640 ps         ;
; GPIO[10]            ; 3.3-V LVTTL  ; 2640 ps         ; 2640 ps         ;
; GPIO[11]            ; 3.3-V LVTTL  ; 2640 ps         ; 2640 ps         ;
; GPIO[12]            ; 3.3-V LVTTL  ; 2640 ps         ; 2640 ps         ;
; GPIO[13]            ; 3.3-V LVTTL  ; 2640 ps         ; 2640 ps         ;
; GPIO[14]            ; 3.3-V LVTTL  ; 2640 ps         ; 2640 ps         ;
; GPIO[15]            ; 3.3-V LVTTL  ; 2640 ps         ; 2640 ps         ;
; GPIO[16]            ; 3.3-V LVTTL  ; 2640 ps         ; 2640 ps         ;
; GPIO[17]            ; 3.3-V LVTTL  ; 2640 ps         ; 2640 ps         ;
; GPIO[18]            ; 3.3-V LVTTL  ; 2640 ps         ; 2640 ps         ;
; GPIO[19]            ; 3.3-V LVTTL  ; 2640 ps         ; 2640 ps         ;
; GPIO[20]            ; 3.3-V LVTTL  ; 2640 ps         ; 2640 ps         ;
; GPIO[21]            ; 3.3-V LVTTL  ; 2640 ps         ; 2640 ps         ;
; GPIO[22]            ; 3.3-V LVTTL  ; 2640 ps         ; 2640 ps         ;
; GPIO[23]            ; 3.3-V LVTTL  ; 2640 ps         ; 2640 ps         ;
; GPIO[24]            ; 3.3-V LVTTL  ; 2640 ps         ; 2640 ps         ;
; GPIO[25]            ; 3.3-V LVTTL  ; 2640 ps         ; 2640 ps         ;
; GPIO[26]            ; 3.3-V LVTTL  ; 2640 ps         ; 2640 ps         ;
; GPIO[27]            ; 3.3-V LVTTL  ; 2640 ps         ; 2640 ps         ;
; GPIO[28]            ; 3.3-V LVTTL  ; 2640 ps         ; 2640 ps         ;
; GPIO[29]            ; 3.3-V LVTTL  ; 2640 ps         ; 2640 ps         ;
; GPIO[30]            ; 3.3-V LVTTL  ; 2640 ps         ; 2640 ps         ;
; GPIO[31]            ; 3.3-V LVTTL  ; 2640 ps         ; 2640 ps         ;
; CLOCK_50            ; 3.3-V LVTTL  ; 2640 ps         ; 2640 ps         ;
; KEY[0]              ; 3.3-V LVTTL  ; 2640 ps         ; 2640 ps         ;
; KEY[1]              ; 3.3-V LVTTL  ; 2640 ps         ; 2640 ps         ;
; altera_reserved_tms ; 3.3-V LVTTL  ; 2640 ps         ; 2640 ps         ;
; altera_reserved_tck ; 3.3-V LVTTL  ; 2640 ps         ; 2640 ps         ;
; altera_reserved_tdi ; 3.3-V LVTTL  ; 2640 ps         ; 2640 ps         ;
+---------------------+--------------+-----------------+-----------------+


+--------------------------------------------------------------------------------------------------------------------------------------------------------------------------------------------------------------------------------------------------------------------------------------------------------------------------------------------------------------------------------------------------------------------------------------------------------------------------------------------------------------------------------------------------------------------------------------------------------------------------------------------------------------------------------------------------+
; Signal Integrity Metrics (Slow 1100mv 0c Model)                                                                                                                                                                                                                                                                                                                                                                                                                                                                                                                                                                                                                                                  ;
+---------------------+--------------+---------------------+---------------------+------------------------------+------------------------------+---------------------+---------------------+--------------------------------------+--------------------------------------+-----------------------------+-----------------------------+----------------------------+----------------------------+-----------------------------+-----------------------------+--------------------+--------------------+-------------------------------------+-------------------------------------+----------------------------+----------------------------+---------------------------+---------------------------+
; Pin                 ; I/O Standard ; Board Delay on Rise ; Board Delay on Fall ; Steady State Voh at FPGA Pin ; Steady State Vol at FPGA Pin ; Voh Max at FPGA Pin ; Vol Min at FPGA Pin ; Ringback Voltage on Rise at FPGA Pin ; Ringback Voltage on Fall at FPGA Pin ; 10-90 Rise Time at FPGA Pin ; 90-10 Fall Time at FPGA Pin ; Monotonic Rise at FPGA Pin ; Monotonic Fall at FPGA Pin ; Steady State Voh at Far-end ; Steady State Vol at Far-end ; Voh Max at Far-end ; Vol Min at Far-end ; Ringback Voltage on Rise at Far-end ; Ringback Voltage on Fall at Far-end ; 10-90 Rise Time at Far-end ; 90-10 Fall Time at Far-end ; Monotonic Rise at Far-end ; Monotonic Fall at Far-end ;
+---------------------+--------------+---------------------+---------------------+------------------------------+------------------------------+---------------------+---------------------+--------------------------------------+--------------------------------------+-----------------------------+-----------------------------+----------------------------+----------------------------+-----------------------------+-----------------------------+--------------------+--------------------+-------------------------------------+-------------------------------------+----------------------------+----------------------------+---------------------------+---------------------------+
; LEDR[0]             ; 3.3-V LVTTL  ; 0 s                 ; 0 s                 ; 3.08 V                       ; 3.5e-07 V                    ; 3.14 V              ; -0.195 V            ; 0.158 V                              ; 0.394 V                              ; 4.46e-10 s                  ; 1.64e-10 s                  ; Yes                        ; No                         ; 3.08 V                      ; 3.5e-07 V                   ; 3.14 V             ; -0.195 V           ; 0.158 V                             ; 0.394 V                             ; 4.46e-10 s                 ; 1.64e-10 s                 ; Yes                       ; No                        ;
; LEDR[1]             ; 3.3-V LVTTL  ; 0 s                 ; 0 s                 ; 3.08 V                       ; 2.62e-07 V                   ; 3.1 V               ; -0.153 V            ; 0.035 V                              ; 0.31 V                               ; 4.23e-10 s                  ; 1.59e-10 s                  ; Yes                        ; No                         ; 3.08 V                      ; 2.62e-07 V                  ; 3.1 V              ; -0.153 V           ; 0.035 V                             ; 0.31 V                              ; 4.23e-10 s                 ; 1.59e-10 s                 ; Yes                       ; No                        ;
; LEDR[2]             ; 3.3-V LVTTL  ; 0 s                 ; 0 s                 ; 3.08 V                       ; 2.62e-07 V                   ; 3.1 V               ; -0.153 V            ; 0.035 V                              ; 0.31 V                               ; 4.23e-10 s                  ; 1.59e-10 s                  ; Yes                        ; No                         ; 3.08 V                      ; 2.62e-07 V                  ; 3.1 V              ; -0.153 V           ; 0.035 V                             ; 0.31 V                              ; 4.23e-10 s                 ; 1.59e-10 s                 ; Yes                       ; No                        ;
; LEDR[3]             ; 3.3-V LVTTL  ; 0 s                 ; 0 s                 ; 3.08 V                       ; 3.35e-07 V                   ; 3.14 V              ; -0.258 V            ; 0.13 V                               ; 0.399 V                              ; 4.27e-10 s                  ; 1.5e-10 s                   ; Yes                        ; No                         ; 3.08 V                      ; 3.35e-07 V                  ; 3.14 V             ; -0.258 V           ; 0.13 V                              ; 0.399 V                             ; 4.27e-10 s                 ; 1.5e-10 s                  ; Yes                       ; No                        ;
; LEDR[4]             ; 3.3-V LVTTL  ; 0 s                 ; 0 s                 ; 3.08 V                       ; 3.35e-07 V                   ; 3.14 V              ; -0.258 V            ; 0.13 V                               ; 0.399 V                              ; 4.27e-10 s                  ; 1.5e-10 s                   ; Yes                        ; No                         ; 3.08 V                      ; 3.35e-07 V                  ; 3.14 V             ; -0.258 V           ; 0.13 V                              ; 0.399 V                             ; 4.27e-10 s                 ; 1.5e-10 s                  ; Yes                       ; No                        ;
; LEDR[9]             ; 3.3-V LVTTL  ; 0 s                 ; 0 s                 ; 3.08 V                       ; 3.5e-07 V                    ; 3.14 V              ; -0.195 V            ; 0.158 V                              ; 0.394 V                              ; 4.46e-10 s                  ; 1.64e-10 s                  ; Yes                        ; No                         ; 3.08 V                      ; 3.5e-07 V                   ; 3.14 V             ; -0.195 V           ; 0.158 V                             ; 0.394 V                             ; 4.46e-10 s                 ; 1.64e-10 s                 ; Yes                       ; No                        ;
; LEDR[5]             ; 3.3-V LVTTL  ; 0 s                 ; 0 s                 ; 3.08 V                       ; 3.35e-07 V                   ; 3.14 V              ; -0.258 V            ; 0.13 V                               ; 0.399 V                              ; 4.27e-10 s                  ; 1.5e-10 s                   ; Yes                        ; No                         ; 3.08 V                      ; 3.35e-07 V                  ; 3.14 V             ; -0.258 V           ; 0.13 V                              ; 0.399 V                             ; 4.27e-10 s                 ; 1.5e-10 s                  ; Yes                       ; No                        ;
; LEDR[6]             ; 3.3-V LVTTL  ; 0 s                 ; 0 s                 ; 3.08 V                       ; 3.35e-07 V                   ; 3.14 V              ; -0.257 V            ; 0.13 V                               ; 0.399 V                              ; 4.27e-10 s                  ; 1.5e-10 s                   ; Yes                        ; No                         ; 3.08 V                      ; 3.35e-07 V                  ; 3.14 V             ; -0.257 V           ; 0.13 V                              ; 0.399 V                             ; 4.27e-10 s                 ; 1.5e-10 s                  ; Yes                       ; No                        ;
; LEDR[7]             ; 3.3-V LVTTL  ; 0 s                 ; 0 s                 ; 3.08 V                       ; 2.62e-07 V                   ; 3.1 V               ; -0.153 V            ; 0.035 V                              ; 0.31 V                               ; 4.23e-10 s                  ; 1.59e-10 s                  ; Yes                        ; No                         ; 3.08 V                      ; 2.62e-07 V                  ; 3.1 V              ; -0.153 V           ; 0.035 V                             ; 0.31 V                              ; 4.23e-10 s                 ; 1.59e-10 s                 ; Yes                       ; No                        ;
; LEDR[8]             ; 3.3-V LVTTL  ; 0 s                 ; 0 s                 ; 3.08 V                       ; 3.5e-07 V                    ; 3.14 V              ; -0.195 V            ; 0.158 V                              ; 0.394 V                              ; 4.46e-10 s                  ; 1.64e-10 s                  ; Yes                        ; No                         ; 3.08 V                      ; 3.5e-07 V                   ; 3.14 V             ; -0.195 V           ; 0.158 V                             ; 0.394 V                             ; 4.46e-10 s                 ; 1.64e-10 s                 ; Yes                       ; No                        ;
; GPIO[0]             ; 3.3-V LVTTL  ; 0 s                 ; 0 s                 ; 3.08 V                       ; 3.5e-07 V                    ; 3.14 V              ; -0.195 V            ; 0.158 V                              ; 0.394 V                              ; 4.46e-10 s                  ; 1.64e-10 s                  ; Yes                        ; No                         ; 3.08 V                      ; 3.5e-07 V                   ; 3.14 V             ; -0.195 V           ; 0.158 V                             ; 0.394 V                             ; 4.46e-10 s                 ; 1.64e-10 s                 ; Yes                       ; No                        ;
; GPIO[1]             ; 3.3-V LVTTL  ; 0 s                 ; 0 s                 ; 3.08 V                       ; 3.35e-07 V                   ; 3.14 V              ; -0.258 V            ; 0.13 V                               ; 0.399 V                              ; 4.27e-10 s                  ; 1.5e-10 s                   ; Yes                        ; No                         ; 3.08 V                      ; 3.35e-07 V                  ; 3.14 V             ; -0.258 V           ; 0.13 V                              ; 0.399 V                             ; 4.27e-10 s                 ; 1.5e-10 s                  ; Yes                       ; No                        ;
; GPIO[2]             ; 3.3-V LVTTL  ; 0 s                 ; 0 s                 ; 3.08 V                       ; 2.62e-07 V                   ; 3.1 V               ; -0.153 V            ; 0.035 V                              ; 0.31 V                               ; 4.23e-10 s                  ; 1.59e-10 s                  ; Yes                        ; No                         ; 3.08 V                      ; 2.62e-07 V                  ; 3.1 V              ; -0.153 V           ; 0.035 V                             ; 0.31 V                              ; 4.23e-10 s                 ; 1.59e-10 s                 ; Yes                       ; No                        ;
; GPIO[3]             ; 3.3-V LVTTL  ; 0 s                 ; 0 s                 ; 3.08 V                       ; 3.35e-07 V                   ; 3.14 V              ; -0.257 V            ; 0.13 V                               ; 0.399 V                              ; 4.27e-10 s                  ; 1.5e-10 s                   ; Yes                        ; No                         ; 3.08 V                      ; 3.35e-07 V                  ; 3.14 V             ; -0.257 V           ; 0.13 V                              ; 0.399 V                             ; 4.27e-10 s                 ; 1.5e-10 s                  ; Yes                       ; No                        ;
; GPIO[32]            ; 3.3-V LVTTL  ; 0 s                 ; 0 s                 ; 3.08 V                       ; 3.5e-07 V                    ; 3.14 V              ; -0.195 V            ; 0.158 V                              ; 0.394 V                              ; 4.46e-10 s                  ; 1.64e-10 s                  ; Yes                        ; No                         ; 3.08 V                      ; 3.5e-07 V                   ; 3.14 V             ; -0.195 V           ; 0.158 V                             ; 0.394 V                             ; 4.46e-10 s                 ; 1.64e-10 s                 ; Yes                       ; No                        ;
; GPIO[33]            ; 3.3-V LVTTL  ; 0 s                 ; 0 s                 ; 3.08 V                       ; 3.5e-07 V                    ; 3.14 V              ; -0.195 V            ; 0.158 V                              ; 0.394 V                              ; 4.46e-10 s                  ; 1.64e-10 s                  ; Yes                        ; No                         ; 3.08 V                      ; 3.5e-07 V                   ; 3.14 V             ; -0.195 V           ; 0.158 V                             ; 0.394 V                             ; 4.46e-10 s                 ; 1.64e-10 s                 ; Yes                       ; No                        ;
; GPIO[34]            ; 3.3-V LVTTL  ; 0 s                 ; 0 s                 ; 3.08 V                       ; 2.62e-07 V                   ; 3.1 V               ; -0.153 V            ; 0.035 V                              ; 0.31 V                               ; 4.23e-10 s                  ; 1.59e-10 s                  ; Yes                        ; No                         ; 3.08 V                      ; 2.62e-07 V                  ; 3.1 V              ; -0.153 V           ; 0.035 V                             ; 0.31 V                              ; 4.23e-10 s                 ; 1.59e-10 s                 ; Yes                       ; No                        ;
; GPIO[35]            ; 3.3-V LVTTL  ; 0 s                 ; 0 s                 ; 3.08 V                       ; 3.5e-07 V                    ; 3.14 V              ; -0.195 V            ; 0.158 V                              ; 0.394 V                              ; 4.46e-10 s                  ; 1.64e-10 s                  ; Yes                        ; No                         ; 3.08 V                      ; 3.5e-07 V                   ; 3.14 V             ; -0.195 V           ; 0.158 V                             ; 0.394 V                             ; 4.46e-10 s                 ; 1.64e-10 s                 ; Yes                       ; No                        ;
; GPIO[4]             ; 3.3-V LVTTL  ; 0 s                 ; 0 s                 ; 3.08 V                       ; 3.5e-07 V                    ; 3.14 V              ; -0.195 V            ; 0.158 V                              ; 0.394 V                              ; 4.46e-10 s                  ; 1.64e-10 s                  ; Yes                        ; No                         ; 3.08 V                      ; 3.5e-07 V                   ; 3.14 V             ; -0.195 V           ; 0.158 V                             ; 0.394 V                             ; 4.46e-10 s                 ; 1.64e-10 s                 ; Yes                       ; No                        ;
; GPIO[5]             ; 3.3-V LVTTL  ; 0 s                 ; 0 s                 ; 3.08 V                       ; 2.62e-07 V                   ; 3.1 V               ; -0.153 V            ; 0.035 V                              ; 0.31 V                               ; 4.23e-10 s                  ; 1.59e-10 s                  ; Yes                        ; No                         ; 3.08 V                      ; 2.62e-07 V                  ; 3.1 V              ; -0.153 V           ; 0.035 V                             ; 0.31 V                              ; 4.23e-10 s                 ; 1.59e-10 s                 ; Yes                       ; No                        ;
; GPIO[6]             ; 3.3-V LVTTL  ; 0 s                 ; 0 s                 ; 3.08 V                       ; 2.62e-07 V                   ; 3.1 V               ; -0.153 V            ; 0.035 V                              ; 0.31 V                               ; 4.23e-10 s                  ; 1.59e-10 s                  ; Yes                        ; No                         ; 3.08 V                      ; 2.62e-07 V                  ; 3.1 V              ; -0.153 V           ; 0.035 V                             ; 0.31 V                              ; 4.23e-10 s                 ; 1.59e-10 s                 ; Yes                       ; No                        ;
; GPIO[7]             ; 3.3-V LVTTL  ; 0 s                 ; 0 s                 ; 3.08 V                       ; 3.35e-07 V                   ; 3.14 V              ; -0.257 V            ; 0.13 V                               ; 0.399 V                              ; 4.27e-10 s                  ; 1.5e-10 s                   ; Yes                        ; No                         ; 3.08 V                      ; 3.35e-07 V                  ; 3.14 V             ; -0.257 V           ; 0.13 V                              ; 0.399 V                             ; 4.27e-10 s                 ; 1.5e-10 s                  ; Yes                       ; No                        ;
; GPIO[8]             ; 3.3-V LVTTL  ; 0 s                 ; 0 s                 ; 3.08 V                       ; 3.35e-07 V                   ; 3.14 V              ; -0.257 V            ; 0.13 V                               ; 0.399 V                              ; 4.27e-10 s                  ; 1.5e-10 s                   ; Yes                        ; No                         ; 3.08 V                      ; 3.35e-07 V                  ; 3.14 V             ; -0.257 V           ; 0.13 V                              ; 0.399 V                             ; 4.27e-10 s                 ; 1.5e-10 s                  ; Yes                       ; No                        ;
; GPIO[9]             ; 3.3-V LVTTL  ; 0 s                 ; 0 s                 ; 3.08 V                       ; 3.35e-07 V                   ; 3.14 V              ; -0.257 V            ; 0.13 V                               ; 0.399 V                              ; 4.27e-10 s                  ; 1.5e-10 s                   ; Yes                        ; No                         ; 3.08 V                      ; 3.35e-07 V                  ; 3.14 V             ; -0.257 V           ; 0.13 V                              ; 0.399 V                             ; 4.27e-10 s                 ; 1.5e-10 s                  ; Yes                       ; No                        ;
; GPIO[10]            ; 3.3-V LVTTL  ; 0 s                 ; 0 s                 ; 3.08 V                       ; 3.5e-07 V                    ; 3.14 V              ; -0.195 V            ; 0.158 V                              ; 0.394 V                              ; 4.46e-10 s                  ; 1.64e-10 s                  ; Yes                        ; No                         ; 3.08 V                      ; 3.5e-07 V                   ; 3.14 V             ; -0.195 V           ; 0.158 V                             ; 0.394 V                             ; 4.46e-10 s                 ; 1.64e-10 s                 ; Yes                       ; No                        ;
; GPIO[11]            ; 3.3-V LVTTL  ; 0 s                 ; 0 s                 ; 3.08 V                       ; 3.35e-07 V                   ; 3.14 V              ; -0.258 V            ; 0.13 V                               ; 0.399 V                              ; 4.27e-10 s                  ; 1.5e-10 s                   ; Yes                        ; No                         ; 3.08 V                      ; 3.35e-07 V                  ; 3.14 V             ; -0.258 V           ; 0.13 V                              ; 0.399 V                             ; 4.27e-10 s                 ; 1.5e-10 s                  ; Yes                       ; No                        ;
; GPIO[12]            ; 3.3-V LVTTL  ; 0 s                 ; 0 s                 ; 3.08 V                       ; 3.35e-07 V                   ; 3.14 V              ; -0.258 V            ; 0.13 V                               ; 0.399 V                              ; 4.27e-10 s                  ; 1.5e-10 s                   ; Yes                        ; No                         ; 3.08 V                      ; 3.35e-07 V                  ; 3.14 V             ; -0.258 V           ; 0.13 V                              ; 0.399 V                             ; 4.27e-10 s                 ; 1.5e-10 s                  ; Yes                       ; No                        ;
; GPIO[13]            ; 3.3-V LVTTL  ; 0 s                 ; 0 s                 ; 3.08 V                       ; 3.35e-07 V                   ; 3.14 V              ; -0.258 V            ; 0.13 V                               ; 0.399 V                              ; 4.27e-10 s                  ; 1.5e-10 s                   ; Yes                        ; No                         ; 3.08 V                      ; 3.35e-07 V                  ; 3.14 V             ; -0.258 V           ; 0.13 V                              ; 0.399 V                             ; 4.27e-10 s                 ; 1.5e-10 s                  ; Yes                       ; No                        ;
; GPIO[14]            ; 3.3-V LVTTL  ; 0 s                 ; 0 s                 ; 3.08 V                       ; 3.35e-07 V                   ; 3.14 V              ; -0.257 V            ; 0.13 V                               ; 0.399 V                              ; 4.27e-10 s                  ; 1.5e-10 s                   ; Yes                        ; No                         ; 3.08 V                      ; 3.35e-07 V                  ; 3.14 V             ; -0.257 V           ; 0.13 V                              ; 0.399 V                             ; 4.27e-10 s                 ; 1.5e-10 s                  ; Yes                       ; No                        ;
; GPIO[15]            ; 3.3-V LVTTL  ; 0 s                 ; 0 s                 ; 3.08 V                       ; 3.35e-07 V                   ; 3.14 V              ; -0.257 V            ; 0.13 V                               ; 0.399 V                              ; 4.27e-10 s                  ; 1.5e-10 s                   ; Yes                        ; No                         ; 3.08 V                      ; 3.35e-07 V                  ; 3.14 V             ; -0.257 V           ; 0.13 V                              ; 0.399 V                             ; 4.27e-10 s                 ; 1.5e-10 s                  ; Yes                       ; No                        ;
; GPIO[16]            ; 3.3-V LVTTL  ; 0 s                 ; 0 s                 ; 3.08 V                       ; 3.35e-07 V                   ; 3.14 V              ; -0.257 V            ; 0.13 V                               ; 0.399 V                              ; 4.27e-10 s                  ; 1.5e-10 s                   ; Yes                        ; No                         ; 3.08 V                      ; 3.35e-07 V                  ; 3.14 V             ; -0.257 V           ; 0.13 V                              ; 0.399 V                             ; 4.27e-10 s                 ; 1.5e-10 s                  ; Yes                       ; No                        ;
; GPIO[17]            ; 3.3-V LVTTL  ; 0 s                 ; 0 s                 ; 3.08 V                       ; 3.5e-07 V                    ; 3.14 V              ; -0.195 V            ; 0.158 V                              ; 0.394 V                              ; 4.46e-10 s                  ; 1.64e-10 s                  ; Yes                        ; No                         ; 3.08 V                      ; 3.5e-07 V                   ; 3.14 V             ; -0.195 V           ; 0.158 V                             ; 0.394 V                             ; 4.46e-10 s                 ; 1.64e-10 s                 ; Yes                       ; No                        ;
; GPIO[18]            ; 3.3-V LVTTL  ; 0 s                 ; 0 s                 ; 3.08 V                       ; 2.62e-07 V                   ; 3.1 V               ; -0.153 V            ; 0.035 V                              ; 0.31 V                               ; 4.23e-10 s                  ; 1.59e-10 s                  ; Yes                        ; No                         ; 3.08 V                      ; 2.62e-07 V                  ; 3.1 V              ; -0.153 V           ; 0.035 V                             ; 0.31 V                              ; 4.23e-10 s                 ; 1.59e-10 s                 ; Yes                       ; No                        ;
; GPIO[19]            ; 3.3-V LVTTL  ; 0 s                 ; 0 s                 ; 3.08 V                       ; 3.35e-07 V                   ; 3.14 V              ; -0.258 V            ; 0.13 V                               ; 0.399 V                              ; 4.27e-10 s                  ; 1.5e-10 s                   ; Yes                        ; No                         ; 3.08 V                      ; 3.35e-07 V                  ; 3.14 V             ; -0.258 V           ; 0.13 V                              ; 0.399 V                             ; 4.27e-10 s                 ; 1.5e-10 s                  ; Yes                       ; No                        ;
; GPIO[20]            ; 3.3-V LVTTL  ; 0 s                 ; 0 s                 ; 3.08 V                       ; 3.35e-07 V                   ; 3.14 V              ; -0.258 V            ; 0.13 V                               ; 0.399 V                              ; 4.27e-10 s                  ; 1.5e-10 s                   ; Yes                        ; No                         ; 3.08 V                      ; 3.35e-07 V                  ; 3.14 V             ; -0.258 V           ; 0.13 V                              ; 0.399 V                             ; 4.27e-10 s                 ; 1.5e-10 s                  ; Yes                       ; No                        ;
; GPIO[21]            ; 3.3-V LVTTL  ; 0 s                 ; 0 s                 ; 3.08 V                       ; 3.35e-07 V                   ; 3.14 V              ; -0.258 V            ; 0.13 V                               ; 0.399 V                              ; 4.27e-10 s                  ; 1.5e-10 s                   ; Yes                        ; No                         ; 3.08 V                      ; 3.35e-07 V                  ; 3.14 V             ; -0.258 V           ; 0.13 V                              ; 0.399 V                             ; 4.27e-10 s                 ; 1.5e-10 s                  ; Yes                       ; No                        ;
; GPIO[22]            ; 3.3-V LVTTL  ; 0 s                 ; 0 s                 ; 3.08 V                       ; 3.35e-07 V                   ; 3.14 V              ; -0.257 V            ; 0.13 V                               ; 0.399 V                              ; 4.27e-10 s                  ; 1.5e-10 s                   ; Yes                        ; No                         ; 3.08 V                      ; 3.35e-07 V                  ; 3.14 V             ; -0.257 V           ; 0.13 V                              ; 0.399 V                             ; 4.27e-10 s                 ; 1.5e-10 s                  ; Yes                       ; No                        ;
; GPIO[23]            ; 3.3-V LVTTL  ; 0 s                 ; 0 s                 ; 3.08 V                       ; 2.62e-07 V                   ; 3.1 V               ; -0.153 V            ; 0.035 V                              ; 0.31 V                               ; 4.23e-10 s                  ; 1.59e-10 s                  ; Yes                        ; No                         ; 3.08 V                      ; 2.62e-07 V                  ; 3.1 V              ; -0.153 V           ; 0.035 V                             ; 0.31 V                              ; 4.23e-10 s                 ; 1.59e-10 s                 ; Yes                       ; No                        ;
; GPIO[24]            ; 3.3-V LVTTL  ; 0 s                 ; 0 s                 ; 3.08 V                       ; 3.35e-07 V                   ; 3.14 V              ; -0.257 V            ; 0.13 V                               ; 0.399 V                              ; 4.27e-10 s                  ; 1.5e-10 s                   ; Yes                        ; No                         ; 3.08 V                      ; 3.35e-07 V                  ; 3.14 V             ; -0.257 V           ; 0.13 V                              ; 0.399 V                             ; 4.27e-10 s                 ; 1.5e-10 s                  ; Yes                       ; No                        ;
; GPIO[25]            ; 3.3-V LVTTL  ; 0 s                 ; 0 s                 ; 3.08 V                       ; 3.35e-07 V                   ; 3.14 V              ; -0.258 V            ; 0.13 V                               ; 0.399 V                              ; 4.27e-10 s                  ; 1.5e-10 s                   ; Yes                        ; No                         ; 3.08 V                      ; 3.35e-07 V                  ; 3.14 V             ; -0.258 V           ; 0.13 V                              ; 0.399 V                             ; 4.27e-10 s                 ; 1.5e-10 s                  ; Yes                       ; No                        ;
; GPIO[26]            ; 3.3-V LVTTL  ; 0 s                 ; 0 s                 ; 3.08 V                       ; 2.62e-07 V                   ; 3.1 V               ; -0.153 V            ; 0.035 V                              ; 0.31 V                               ; 4.23e-10 s                  ; 1.59e-10 s                  ; Yes                        ; No                         ; 3.08 V                      ; 2.62e-07 V                  ; 3.1 V              ; -0.153 V           ; 0.035 V                             ; 0.31 V                              ; 4.23e-10 s                 ; 1.59e-10 s                 ; Yes                       ; No                        ;
; GPIO[27]            ; 3.3-V LVTTL  ; 0 s                 ; 0 s                 ; 3.08 V                       ; 3.5e-07 V                    ; 3.14 V              ; -0.195 V            ; 0.158 V                              ; 0.394 V                              ; 4.46e-10 s                  ; 1.64e-10 s                  ; Yes                        ; No                         ; 3.08 V                      ; 3.5e-07 V                   ; 3.14 V             ; -0.195 V           ; 0.158 V                             ; 0.394 V                             ; 4.46e-10 s                 ; 1.64e-10 s                 ; Yes                       ; No                        ;
; GPIO[28]            ; 3.3-V LVTTL  ; 0 s                 ; 0 s                 ; 3.08 V                       ; 3.35e-07 V                   ; 3.14 V              ; -0.258 V            ; 0.13 V                               ; 0.399 V                              ; 4.27e-10 s                  ; 1.5e-10 s                   ; Yes                        ; No                         ; 3.08 V                      ; 3.35e-07 V                  ; 3.14 V             ; -0.258 V           ; 0.13 V                              ; 0.399 V                             ; 4.27e-10 s                 ; 1.5e-10 s                  ; Yes                       ; No                        ;
; GPIO[29]            ; 3.3-V LVTTL  ; 0 s                 ; 0 s                 ; 3.08 V                       ; 2.62e-07 V                   ; 3.1 V               ; -0.153 V            ; 0.035 V                              ; 0.31 V                               ; 4.23e-10 s                  ; 1.59e-10 s                  ; Yes                        ; No                         ; 3.08 V                      ; 2.62e-07 V                  ; 3.1 V              ; -0.153 V           ; 0.035 V                             ; 0.31 V                              ; 4.23e-10 s                 ; 1.59e-10 s                 ; Yes                       ; No                        ;
; GPIO[30]            ; 3.3-V LVTTL  ; 0 s                 ; 0 s                 ; 3.08 V                       ; 3.5e-07 V                    ; 3.14 V              ; -0.195 V            ; 0.158 V                              ; 0.394 V                              ; 4.46e-10 s                  ; 1.64e-10 s                  ; Yes                        ; No                         ; 3.08 V                      ; 3.5e-07 V                   ; 3.14 V             ; -0.195 V           ; 0.158 V                             ; 0.394 V                             ; 4.46e-10 s                 ; 1.64e-10 s                 ; Yes                       ; No                        ;
; GPIO[31]            ; 3.3-V LVTTL  ; 0 s                 ; 0 s                 ; 3.08 V                       ; 2.62e-07 V                   ; 3.1 V               ; -0.153 V            ; 0.035 V                              ; 0.31 V                               ; 4.23e-10 s                  ; 1.59e-10 s                  ; Yes                        ; No                         ; 3.08 V                      ; 2.62e-07 V                  ; 3.1 V              ; -0.153 V           ; 0.035 V                             ; 0.31 V                              ; 4.23e-10 s                 ; 1.59e-10 s                 ; Yes                       ; No                        ;
; altera_reserved_tdo ; 3.3-V LVTTL  ; 0 s                 ; 0 s                 ; 3.08 V                       ; 4.54e-07 V                   ; 3.11 V              ; -0.0675 V           ; 0.176 V                              ; 0.182 V                              ; 5.82e-10 s                  ; 2.68e-10 s                  ; Yes                        ; Yes                        ; 3.08 V                      ; 4.54e-07 V                  ; 3.11 V             ; -0.0675 V          ; 0.176 V                             ; 0.182 V                             ; 5.82e-10 s                 ; 2.68e-10 s                 ; Yes                       ; Yes                       ;
+---------------------+--------------+---------------------+---------------------+------------------------------+------------------------------+---------------------+---------------------+--------------------------------------+--------------------------------------+-----------------------------+-----------------------------+----------------------------+----------------------------+-----------------------------+-----------------------------+--------------------+--------------------+-------------------------------------+-------------------------------------+----------------------------+----------------------------+---------------------------+---------------------------+


+--------------------------------------------------------------------------------------------------------------------------------------------------------------------------------------------------------------------------------------------------------------------------------------------------------------------------------------------------------------------------------------------------------------------------------------------------------------------------------------------------------------------------------------------------------------------------------------------------------------------------------------------------------------------------------------------------+
; Signal Integrity Metrics (Slow 1100mv 85c Model)                                                                                                                                                                                                                                                                                                                                                                                                                                                                                                                                                                                                                                                 ;
+---------------------+--------------+---------------------+---------------------+------------------------------+------------------------------+---------------------+---------------------+--------------------------------------+--------------------------------------+-----------------------------+-----------------------------+----------------------------+----------------------------+-----------------------------+-----------------------------+--------------------+--------------------+-------------------------------------+-------------------------------------+----------------------------+----------------------------+---------------------------+---------------------------+
; Pin                 ; I/O Standard ; Board Delay on Rise ; Board Delay on Fall ; Steady State Voh at FPGA Pin ; Steady State Vol at FPGA Pin ; Voh Max at FPGA Pin ; Vol Min at FPGA Pin ; Ringback Voltage on Rise at FPGA Pin ; Ringback Voltage on Fall at FPGA Pin ; 10-90 Rise Time at FPGA Pin ; 90-10 Fall Time at FPGA Pin ; Monotonic Rise at FPGA Pin ; Monotonic Fall at FPGA Pin ; Steady State Voh at Far-end ; Steady State Vol at Far-end ; Voh Max at Far-end ; Vol Min at Far-end ; Ringback Voltage on Rise at Far-end ; Ringback Voltage on Fall at Far-end ; 10-90 Rise Time at Far-end ; 90-10 Fall Time at Far-end ; Monotonic Rise at Far-end ; Monotonic Fall at Far-end ;
+---------------------+--------------+---------------------+---------------------+------------------------------+------------------------------+---------------------+---------------------+--------------------------------------+--------------------------------------+-----------------------------+-----------------------------+----------------------------+----------------------------+-----------------------------+-----------------------------+--------------------+--------------------+-------------------------------------+-------------------------------------+----------------------------+----------------------------+---------------------------+---------------------------+
; LEDR[0]             ; 3.3-V LVTTL  ; 0 s                 ; 0 s                 ; 3.08 V                       ; 3.32e-05 V                   ; 3.09 V              ; -0.11 V             ; 0.031 V                              ; 0.155 V                              ; 5.43e-10 s                  ; 3.14e-10 s                  ; Yes                        ; Yes                        ; 3.08 V                      ; 3.32e-05 V                  ; 3.09 V             ; -0.11 V            ; 0.031 V                             ; 0.155 V                             ; 5.43e-10 s                 ; 3.14e-10 s                 ; Yes                       ; Yes                       ;
; LEDR[1]             ; 3.3-V LVTTL  ; 0 s                 ; 0 s                 ; 3.08 V                       ; 2.61e-05 V                   ; 3.09 V              ; -0.0638 V           ; 0.034 V                              ; 0.099 V                              ; 5.12e-10 s                  ; 2.97e-10 s                  ; Yes                        ; Yes                        ; 3.08 V                      ; 2.61e-05 V                  ; 3.09 V             ; -0.0638 V          ; 0.034 V                             ; 0.099 V                             ; 5.12e-10 s                 ; 2.97e-10 s                 ; Yes                       ; Yes                       ;
; LEDR[2]             ; 3.3-V LVTTL  ; 0 s                 ; 0 s                 ; 3.08 V                       ; 2.61e-05 V                   ; 3.09 V              ; -0.0638 V           ; 0.034 V                              ; 0.099 V                              ; 5.12e-10 s                  ; 2.97e-10 s                  ; Yes                        ; Yes                        ; 3.08 V                      ; 2.61e-05 V                  ; 3.09 V             ; -0.0638 V          ; 0.034 V                             ; 0.099 V                             ; 5.12e-10 s                 ; 2.97e-10 s                 ; Yes                       ; Yes                       ;
; LEDR[3]             ; 3.3-V LVTTL  ; 0 s                 ; 0 s                 ; 3.08 V                       ; 3.19e-05 V                   ; 3.1 V               ; -0.133 V            ; 0.025 V                              ; 0.169 V                              ; 4.92e-10 s                  ; 3.13e-10 s                  ; Yes                        ; No                         ; 3.08 V                      ; 3.19e-05 V                  ; 3.1 V              ; -0.133 V           ; 0.025 V                             ; 0.169 V                             ; 4.92e-10 s                 ; 3.13e-10 s                 ; Yes                       ; No                        ;
; LEDR[4]             ; 3.3-V LVTTL  ; 0 s                 ; 0 s                 ; 3.08 V                       ; 3.19e-05 V                   ; 3.1 V               ; -0.133 V            ; 0.025 V                              ; 0.169 V                              ; 4.92e-10 s                  ; 3.13e-10 s                  ; Yes                        ; No                         ; 3.08 V                      ; 3.19e-05 V                  ; 3.1 V              ; -0.133 V           ; 0.025 V                             ; 0.169 V                             ; 4.92e-10 s                 ; 3.13e-10 s                 ; Yes                       ; No                        ;
; LEDR[9]             ; 3.3-V LVTTL  ; 0 s                 ; 0 s                 ; 3.08 V                       ; 3.32e-05 V                   ; 3.09 V              ; -0.11 V             ; 0.031 V                              ; 0.155 V                              ; 5.43e-10 s                  ; 3.14e-10 s                  ; Yes                        ; Yes                        ; 3.08 V                      ; 3.32e-05 V                  ; 3.09 V             ; -0.11 V            ; 0.031 V                             ; 0.155 V                             ; 5.43e-10 s                 ; 3.14e-10 s                 ; Yes                       ; Yes                       ;
; LEDR[5]             ; 3.3-V LVTTL  ; 0 s                 ; 0 s                 ; 3.08 V                       ; 3.19e-05 V                   ; 3.1 V               ; -0.133 V            ; 0.025 V                              ; 0.169 V                              ; 4.92e-10 s                  ; 3.13e-10 s                  ; Yes                        ; No                         ; 3.08 V                      ; 3.19e-05 V                  ; 3.1 V              ; -0.133 V           ; 0.025 V                             ; 0.169 V                             ; 4.92e-10 s                 ; 3.13e-10 s                 ; Yes                       ; No                        ;
; LEDR[6]             ; 3.3-V LVTTL  ; 0 s                 ; 0 s                 ; 3.08 V                       ; 3.19e-05 V                   ; 3.1 V               ; -0.136 V            ; 0.025 V                              ; 0.167 V                              ; 4.92e-10 s                  ; 3.12e-10 s                  ; Yes                        ; No                         ; 3.08 V                      ; 3.19e-05 V                  ; 3.1 V              ; -0.136 V           ; 0.025 V                             ; 0.167 V                             ; 4.92e-10 s                 ; 3.12e-10 s                 ; Yes                       ; No                        ;
; LEDR[7]             ; 3.3-V LVTTL  ; 0 s                 ; 0 s                 ; 3.08 V                       ; 2.61e-05 V                   ; 3.09 V              ; -0.0638 V           ; 0.034 V                              ; 0.099 V                              ; 5.12e-10 s                  ; 2.97e-10 s                  ; Yes                        ; Yes                        ; 3.08 V                      ; 2.61e-05 V                  ; 3.09 V             ; -0.0638 V          ; 0.034 V                             ; 0.099 V                             ; 5.12e-10 s                 ; 2.97e-10 s                 ; Yes                       ; Yes                       ;
; LEDR[8]             ; 3.3-V LVTTL  ; 0 s                 ; 0 s                 ; 3.08 V                       ; 3.32e-05 V                   ; 3.09 V              ; -0.11 V             ; 0.031 V                              ; 0.155 V                              ; 5.43e-10 s                  ; 3.14e-10 s                  ; Yes                        ; Yes                        ; 3.08 V                      ; 3.32e-05 V                  ; 3.09 V             ; -0.11 V            ; 0.031 V                             ; 0.155 V                             ; 5.43e-10 s                 ; 3.14e-10 s                 ; Yes                       ; Yes                       ;
; GPIO[0]             ; 3.3-V LVTTL  ; 0 s                 ; 0 s                 ; 3.08 V                       ; 3.32e-05 V                   ; 3.09 V              ; -0.11 V             ; 0.031 V                              ; 0.155 V                              ; 5.43e-10 s                  ; 3.14e-10 s                  ; Yes                        ; Yes                        ; 3.08 V                      ; 3.32e-05 V                  ; 3.09 V             ; -0.11 V            ; 0.031 V                             ; 0.155 V                             ; 5.43e-10 s                 ; 3.14e-10 s                 ; Yes                       ; Yes                       ;
; GPIO[1]             ; 3.3-V LVTTL  ; 0 s                 ; 0 s                 ; 3.08 V                       ; 3.19e-05 V                   ; 3.1 V               ; -0.133 V            ; 0.025 V                              ; 0.169 V                              ; 4.92e-10 s                  ; 3.13e-10 s                  ; Yes                        ; No                         ; 3.08 V                      ; 3.19e-05 V                  ; 3.1 V              ; -0.133 V           ; 0.025 V                             ; 0.169 V                             ; 4.92e-10 s                 ; 3.13e-10 s                 ; Yes                       ; No                        ;
; GPIO[2]             ; 3.3-V LVTTL  ; 0 s                 ; 0 s                 ; 3.08 V                       ; 2.61e-05 V                   ; 3.09 V              ; -0.0638 V           ; 0.034 V                              ; 0.099 V                              ; 5.12e-10 s                  ; 2.97e-10 s                  ; Yes                        ; Yes                        ; 3.08 V                      ; 2.61e-05 V                  ; 3.09 V             ; -0.0638 V          ; 0.034 V                             ; 0.099 V                             ; 5.12e-10 s                 ; 2.97e-10 s                 ; Yes                       ; Yes                       ;
; GPIO[3]             ; 3.3-V LVTTL  ; 0 s                 ; 0 s                 ; 3.08 V                       ; 3.19e-05 V                   ; 3.1 V               ; -0.136 V            ; 0.025 V                              ; 0.167 V                              ; 4.92e-10 s                  ; 3.12e-10 s                  ; Yes                        ; No                         ; 3.08 V                      ; 3.19e-05 V                  ; 3.1 V              ; -0.136 V           ; 0.025 V                             ; 0.167 V                             ; 4.92e-10 s                 ; 3.12e-10 s                 ; Yes                       ; No                        ;
; GPIO[32]            ; 3.3-V LVTTL  ; 0 s                 ; 0 s                 ; 3.08 V                       ; 3.32e-05 V                   ; 3.09 V              ; -0.11 V             ; 0.031 V                              ; 0.155 V                              ; 5.43e-10 s                  ; 3.14e-10 s                  ; Yes                        ; Yes                        ; 3.08 V                      ; 3.32e-05 V                  ; 3.09 V             ; -0.11 V            ; 0.031 V                             ; 0.155 V                             ; 5.43e-10 s                 ; 3.14e-10 s                 ; Yes                       ; Yes                       ;
; GPIO[33]            ; 3.3-V LVTTL  ; 0 s                 ; 0 s                 ; 3.08 V                       ; 3.32e-05 V                   ; 3.09 V              ; -0.11 V             ; 0.031 V                              ; 0.155 V                              ; 5.43e-10 s                  ; 3.14e-10 s                  ; Yes                        ; Yes                        ; 3.08 V                      ; 3.32e-05 V                  ; 3.09 V             ; -0.11 V            ; 0.031 V                             ; 0.155 V                             ; 5.43e-10 s                 ; 3.14e-10 s                 ; Yes                       ; Yes                       ;
; GPIO[34]            ; 3.3-V LVTTL  ; 0 s                 ; 0 s                 ; 3.08 V                       ; 2.61e-05 V                   ; 3.09 V              ; -0.0638 V           ; 0.034 V                              ; 0.099 V                              ; 5.12e-10 s                  ; 2.97e-10 s                  ; Yes                        ; Yes                        ; 3.08 V                      ; 2.61e-05 V                  ; 3.09 V             ; -0.0638 V          ; 0.034 V                             ; 0.099 V                             ; 5.12e-10 s                 ; 2.97e-10 s                 ; Yes                       ; Yes                       ;
; GPIO[35]            ; 3.3-V LVTTL  ; 0 s                 ; 0 s                 ; 3.08 V                       ; 3.32e-05 V                   ; 3.09 V              ; -0.11 V             ; 0.031 V                              ; 0.155 V                              ; 5.43e-10 s                  ; 3.14e-10 s                  ; Yes                        ; Yes                        ; 3.08 V                      ; 3.32e-05 V                  ; 3.09 V             ; -0.11 V            ; 0.031 V                             ; 0.155 V                             ; 5.43e-10 s                 ; 3.14e-10 s                 ; Yes                       ; Yes                       ;
; GPIO[4]             ; 3.3-V LVTTL  ; 0 s                 ; 0 s                 ; 3.08 V                       ; 3.32e-05 V                   ; 3.09 V              ; -0.11 V             ; 0.031 V                              ; 0.155 V                              ; 5.43e-10 s                  ; 3.14e-10 s                  ; Yes                        ; Yes                        ; 3.08 V                      ; 3.32e-05 V                  ; 3.09 V             ; -0.11 V            ; 0.031 V                             ; 0.155 V                             ; 5.43e-10 s                 ; 3.14e-10 s                 ; Yes                       ; Yes                       ;
; GPIO[5]             ; 3.3-V LVTTL  ; 0 s                 ; 0 s                 ; 3.08 V                       ; 2.61e-05 V                   ; 3.09 V              ; -0.0638 V           ; 0.034 V                              ; 0.099 V                              ; 5.12e-10 s                  ; 2.97e-10 s                  ; Yes                        ; Yes                        ; 3.08 V                      ; 2.61e-05 V                  ; 3.09 V             ; -0.0638 V          ; 0.034 V                             ; 0.099 V                             ; 5.12e-10 s                 ; 2.97e-10 s                 ; Yes                       ; Yes                       ;
; GPIO[6]             ; 3.3-V LVTTL  ; 0 s                 ; 0 s                 ; 3.08 V                       ; 2.61e-05 V                   ; 3.09 V              ; -0.0638 V           ; 0.034 V                              ; 0.099 V                              ; 5.12e-10 s                  ; 2.97e-10 s                  ; Yes                        ; Yes                        ; 3.08 V                      ; 2.61e-05 V                  ; 3.09 V             ; -0.0638 V          ; 0.034 V                             ; 0.099 V                             ; 5.12e-10 s                 ; 2.97e-10 s                 ; Yes                       ; Yes                       ;
; GPIO[7]             ; 3.3-V LVTTL  ; 0 s                 ; 0 s                 ; 3.08 V                       ; 3.19e-05 V                   ; 3.1 V               ; -0.136 V            ; 0.025 V                              ; 0.167 V                              ; 4.92e-10 s                  ; 3.12e-10 s                  ; Yes                        ; No                         ; 3.08 V                      ; 3.19e-05 V                  ; 3.1 V              ; -0.136 V           ; 0.025 V                             ; 0.167 V                             ; 4.92e-10 s                 ; 3.12e-10 s                 ; Yes                       ; No                        ;
; GPIO[8]             ; 3.3-V LVTTL  ; 0 s                 ; 0 s                 ; 3.08 V                       ; 3.19e-05 V                   ; 3.1 V               ; -0.136 V            ; 0.025 V                              ; 0.167 V                              ; 4.92e-10 s                  ; 3.12e-10 s                  ; Yes                        ; No                         ; 3.08 V                      ; 3.19e-05 V                  ; 3.1 V              ; -0.136 V           ; 0.025 V                             ; 0.167 V                             ; 4.92e-10 s                 ; 3.12e-10 s                 ; Yes                       ; No                        ;
; GPIO[9]             ; 3.3-V LVTTL  ; 0 s                 ; 0 s                 ; 3.08 V                       ; 3.19e-05 V                   ; 3.1 V               ; -0.136 V            ; 0.025 V                              ; 0.167 V                              ; 4.92e-10 s                  ; 3.12e-10 s                  ; Yes                        ; No                         ; 3.08 V                      ; 3.19e-05 V                  ; 3.1 V              ; -0.136 V           ; 0.025 V                             ; 0.167 V                             ; 4.92e-10 s                 ; 3.12e-10 s                 ; Yes                       ; No                        ;
; GPIO[10]            ; 3.3-V LVTTL  ; 0 s                 ; 0 s                 ; 3.08 V                       ; 3.32e-05 V                   ; 3.09 V              ; -0.11 V             ; 0.031 V                              ; 0.155 V                              ; 5.43e-10 s                  ; 3.14e-10 s                  ; Yes                        ; Yes                        ; 3.08 V                      ; 3.32e-05 V                  ; 3.09 V             ; -0.11 V            ; 0.031 V                             ; 0.155 V                             ; 5.43e-10 s                 ; 3.14e-10 s                 ; Yes                       ; Yes                       ;
; GPIO[11]            ; 3.3-V LVTTL  ; 0 s                 ; 0 s                 ; 3.08 V                       ; 3.19e-05 V                   ; 3.1 V               ; -0.133 V            ; 0.025 V                              ; 0.169 V                              ; 4.92e-10 s                  ; 3.13e-10 s                  ; Yes                        ; No                         ; 3.08 V                      ; 3.19e-05 V                  ; 3.1 V              ; -0.133 V           ; 0.025 V                             ; 0.169 V                             ; 4.92e-10 s                 ; 3.13e-10 s                 ; Yes                       ; No                        ;
; GPIO[12]            ; 3.3-V LVTTL  ; 0 s                 ; 0 s                 ; 3.08 V                       ; 3.19e-05 V                   ; 3.1 V               ; -0.133 V            ; 0.025 V                              ; 0.169 V                              ; 4.92e-10 s                  ; 3.13e-10 s                  ; Yes                        ; No                         ; 3.08 V                      ; 3.19e-05 V                  ; 3.1 V              ; -0.133 V           ; 0.025 V                             ; 0.169 V                             ; 4.92e-10 s                 ; 3.13e-10 s                 ; Yes                       ; No                        ;
; GPIO[13]            ; 3.3-V LVTTL  ; 0 s                 ; 0 s                 ; 3.08 V                       ; 3.19e-05 V                   ; 3.1 V               ; -0.133 V            ; 0.025 V                              ; 0.169 V                              ; 4.92e-10 s                  ; 3.13e-10 s                  ; Yes                        ; No                         ; 3.08 V                      ; 3.19e-05 V                  ; 3.1 V              ; -0.133 V           ; 0.025 V                             ; 0.169 V                             ; 4.92e-10 s                 ; 3.13e-10 s                 ; Yes                       ; No                        ;
; GPIO[14]            ; 3.3-V LVTTL  ; 0 s                 ; 0 s                 ; 3.08 V                       ; 3.19e-05 V                   ; 3.1 V               ; -0.136 V            ; 0.025 V                              ; 0.167 V                              ; 4.92e-10 s                  ; 3.12e-10 s                  ; Yes                        ; No                         ; 3.08 V                      ; 3.19e-05 V                  ; 3.1 V              ; -0.136 V           ; 0.025 V                             ; 0.167 V                             ; 4.92e-10 s                 ; 3.12e-10 s                 ; Yes                       ; No                        ;
; GPIO[15]            ; 3.3-V LVTTL  ; 0 s                 ; 0 s                 ; 3.08 V                       ; 3.19e-05 V                   ; 3.1 V               ; -0.136 V            ; 0.025 V                              ; 0.167 V                              ; 4.92e-10 s                  ; 3.12e-10 s                  ; Yes                        ; No                         ; 3.08 V                      ; 3.19e-05 V                  ; 3.1 V              ; -0.136 V           ; 0.025 V                             ; 0.167 V                             ; 4.92e-10 s                 ; 3.12e-10 s                 ; Yes                       ; No                        ;
; GPIO[16]            ; 3.3-V LVTTL  ; 0 s                 ; 0 s                 ; 3.08 V                       ; 3.19e-05 V                   ; 3.1 V               ; -0.136 V            ; 0.025 V                              ; 0.167 V                              ; 4.92e-10 s                  ; 3.12e-10 s                  ; Yes                        ; No                         ; 3.08 V                      ; 3.19e-05 V                  ; 3.1 V              ; -0.136 V           ; 0.025 V                             ; 0.167 V                             ; 4.92e-10 s                 ; 3.12e-10 s                 ; Yes                       ; No                        ;
; GPIO[17]            ; 3.3-V LVTTL  ; 0 s                 ; 0 s                 ; 3.08 V                       ; 3.32e-05 V                   ; 3.09 V              ; -0.11 V             ; 0.031 V                              ; 0.155 V                              ; 5.43e-10 s                  ; 3.14e-10 s                  ; Yes                        ; Yes                        ; 3.08 V                      ; 3.32e-05 V                  ; 3.09 V             ; -0.11 V            ; 0.031 V                             ; 0.155 V                             ; 5.43e-10 s                 ; 3.14e-10 s                 ; Yes                       ; Yes                       ;
; GPIO[18]            ; 3.3-V LVTTL  ; 0 s                 ; 0 s                 ; 3.08 V                       ; 2.61e-05 V                   ; 3.09 V              ; -0.0638 V           ; 0.034 V                              ; 0.099 V                              ; 5.12e-10 s                  ; 2.97e-10 s                  ; Yes                        ; Yes                        ; 3.08 V                      ; 2.61e-05 V                  ; 3.09 V             ; -0.0638 V          ; 0.034 V                             ; 0.099 V                             ; 5.12e-10 s                 ; 2.97e-10 s                 ; Yes                       ; Yes                       ;
; GPIO[19]            ; 3.3-V LVTTL  ; 0 s                 ; 0 s                 ; 3.08 V                       ; 3.19e-05 V                   ; 3.1 V               ; -0.133 V            ; 0.025 V                              ; 0.169 V                              ; 4.92e-10 s                  ; 3.13e-10 s                  ; Yes                        ; No                         ; 3.08 V                      ; 3.19e-05 V                  ; 3.1 V              ; -0.133 V           ; 0.025 V                             ; 0.169 V                             ; 4.92e-10 s                 ; 3.13e-10 s                 ; Yes                       ; No                        ;
; GPIO[20]            ; 3.3-V LVTTL  ; 0 s                 ; 0 s                 ; 3.08 V                       ; 3.19e-05 V                   ; 3.1 V               ; -0.133 V            ; 0.025 V                              ; 0.169 V                              ; 4.92e-10 s                  ; 3.13e-10 s                  ; Yes                        ; No                         ; 3.08 V                      ; 3.19e-05 V                  ; 3.1 V              ; -0.133 V           ; 0.025 V                             ; 0.169 V                             ; 4.92e-10 s                 ; 3.13e-10 s                 ; Yes                       ; No                        ;
; GPIO[21]            ; 3.3-V LVTTL  ; 0 s                 ; 0 s                 ; 3.08 V                       ; 3.19e-05 V                   ; 3.1 V               ; -0.133 V            ; 0.025 V                              ; 0.169 V                              ; 4.92e-10 s                  ; 3.13e-10 s                  ; Yes                        ; No                         ; 3.08 V                      ; 3.19e-05 V                  ; 3.1 V              ; -0.133 V           ; 0.025 V                             ; 0.169 V                             ; 4.92e-10 s                 ; 3.13e-10 s                 ; Yes                       ; No                        ;
; GPIO[22]            ; 3.3-V LVTTL  ; 0 s                 ; 0 s                 ; 3.08 V                       ; 3.19e-05 V                   ; 3.1 V               ; -0.136 V            ; 0.025 V                              ; 0.167 V                              ; 4.92e-10 s                  ; 3.12e-10 s                  ; Yes                        ; No                         ; 3.08 V                      ; 3.19e-05 V                  ; 3.1 V              ; -0.136 V           ; 0.025 V                             ; 0.167 V                             ; 4.92e-10 s                 ; 3.12e-10 s                 ; Yes                       ; No                        ;
; GPIO[23]            ; 3.3-V LVTTL  ; 0 s                 ; 0 s                 ; 3.08 V                       ; 2.61e-05 V                   ; 3.09 V              ; -0.0638 V           ; 0.034 V                              ; 0.099 V                              ; 5.12e-10 s                  ; 2.97e-10 s                  ; Yes                        ; Yes                        ; 3.08 V                      ; 2.61e-05 V                  ; 3.09 V             ; -0.0638 V          ; 0.034 V                             ; 0.099 V                             ; 5.12e-10 s                 ; 2.97e-10 s                 ; Yes                       ; Yes                       ;
; GPIO[24]            ; 3.3-V LVTTL  ; 0 s                 ; 0 s                 ; 3.08 V                       ; 3.19e-05 V                   ; 3.1 V               ; -0.136 V            ; 0.025 V                              ; 0.167 V                              ; 4.92e-10 s                  ; 3.12e-10 s                  ; Yes                        ; No                         ; 3.08 V                      ; 3.19e-05 V                  ; 3.1 V              ; -0.136 V           ; 0.025 V                             ; 0.167 V                             ; 4.92e-10 s                 ; 3.12e-10 s                 ; Yes                       ; No                        ;
; GPIO[25]            ; 3.3-V LVTTL  ; 0 s                 ; 0 s                 ; 3.08 V                       ; 3.19e-05 V                   ; 3.1 V               ; -0.133 V            ; 0.025 V                              ; 0.169 V                              ; 4.92e-10 s                  ; 3.13e-10 s                  ; Yes                        ; No                         ; 3.08 V                      ; 3.19e-05 V                  ; 3.1 V              ; -0.133 V           ; 0.025 V                             ; 0.169 V                             ; 4.92e-10 s                 ; 3.13e-10 s                 ; Yes                       ; No                        ;
; GPIO[26]            ; 3.3-V LVTTL  ; 0 s                 ; 0 s                 ; 3.08 V                       ; 2.61e-05 V                   ; 3.09 V              ; -0.0638 V           ; 0.034 V                              ; 0.099 V                              ; 5.12e-10 s                  ; 2.97e-10 s                  ; Yes                        ; Yes                        ; 3.08 V                      ; 2.61e-05 V                  ; 3.09 V             ; -0.0638 V          ; 0.034 V                             ; 0.099 V                             ; 5.12e-10 s                 ; 2.97e-10 s                 ; Yes                       ; Yes                       ;
; GPIO[27]            ; 3.3-V LVTTL  ; 0 s                 ; 0 s                 ; 3.08 V                       ; 3.32e-05 V                   ; 3.09 V              ; -0.11 V             ; 0.031 V                              ; 0.155 V                              ; 5.43e-10 s                  ; 3.14e-10 s                  ; Yes                        ; Yes                        ; 3.08 V                      ; 3.32e-05 V                  ; 3.09 V             ; -0.11 V            ; 0.031 V                             ; 0.155 V                             ; 5.43e-10 s                 ; 3.14e-10 s                 ; Yes                       ; Yes                       ;
; GPIO[28]            ; 3.3-V LVTTL  ; 0 s                 ; 0 s                 ; 3.08 V                       ; 3.19e-05 V                   ; 3.1 V               ; -0.133 V            ; 0.025 V                              ; 0.169 V                              ; 4.92e-10 s                  ; 3.13e-10 s                  ; Yes                        ; No                         ; 3.08 V                      ; 3.19e-05 V                  ; 3.1 V              ; -0.133 V           ; 0.025 V                             ; 0.169 V                             ; 4.92e-10 s                 ; 3.13e-10 s                 ; Yes                       ; No                        ;
; GPIO[29]            ; 3.3-V LVTTL  ; 0 s                 ; 0 s                 ; 3.08 V                       ; 2.61e-05 V                   ; 3.09 V              ; -0.0638 V           ; 0.034 V                              ; 0.099 V                              ; 5.12e-10 s                  ; 2.97e-10 s                  ; Yes                        ; Yes                        ; 3.08 V                      ; 2.61e-05 V                  ; 3.09 V             ; -0.0638 V          ; 0.034 V                             ; 0.099 V                             ; 5.12e-10 s                 ; 2.97e-10 s                 ; Yes                       ; Yes                       ;
; GPIO[30]            ; 3.3-V LVTTL  ; 0 s                 ; 0 s                 ; 3.08 V                       ; 3.32e-05 V                   ; 3.09 V              ; -0.11 V             ; 0.031 V                              ; 0.155 V                              ; 5.43e-10 s                  ; 3.14e-10 s                  ; Yes                        ; Yes                        ; 3.08 V                      ; 3.32e-05 V                  ; 3.09 V             ; -0.11 V            ; 0.031 V                             ; 0.155 V                             ; 5.43e-10 s                 ; 3.14e-10 s                 ; Yes                       ; Yes                       ;
; GPIO[31]            ; 3.3-V LVTTL  ; 0 s                 ; 0 s                 ; 3.08 V                       ; 2.61e-05 V                   ; 3.09 V              ; -0.0638 V           ; 0.034 V                              ; 0.099 V                              ; 5.12e-10 s                  ; 2.97e-10 s                  ; Yes                        ; Yes                        ; 3.08 V                      ; 2.61e-05 V                  ; 3.09 V             ; -0.0638 V          ; 0.034 V                             ; 0.099 V                             ; 5.12e-10 s                 ; 2.97e-10 s                 ; Yes                       ; Yes                       ;
; altera_reserved_tdo ; 3.3-V LVTTL  ; 0 s                 ; 0 s                 ; 3.08 V                       ; 4.39e-05 V                   ; 3.12 V              ; -0.0432 V           ; 0.292 V                              ; 0.097 V                              ; 6.42e-10 s                  ; 3.87e-10 s                  ; Yes                        ; Yes                        ; 3.08 V                      ; 4.39e-05 V                  ; 3.12 V             ; -0.0432 V          ; 0.292 V                             ; 0.097 V                             ; 6.42e-10 s                 ; 3.87e-10 s                 ; Yes                       ; Yes                       ;
+---------------------+--------------+---------------------+---------------------+------------------------------+------------------------------+---------------------+---------------------+--------------------------------------+--------------------------------------+-----------------------------+-----------------------------+----------------------------+----------------------------+-----------------------------+-----------------------------+--------------------+--------------------+-------------------------------------+-------------------------------------+----------------------------+----------------------------+---------------------------+---------------------------+


+--------------------------------------------------------------------------------------------------------------------------------------------------------------------------------------------------------------------------------------------------------------------------------------------------------------------------------------------------------------------------------------------------------------------------------------------------------------------------------------------------------------------------------------------------------------------------------------------------------------------------------------------------------------------------------------------------+
; Signal Integrity Metrics (Fast 1100mv 0c Model)                                                                                                                                                                                                                                                                                                                                                                                                                                                                                                                                                                                                                                                  ;
+---------------------+--------------+---------------------+---------------------+------------------------------+------------------------------+---------------------+---------------------+--------------------------------------+--------------------------------------+-----------------------------+-----------------------------+----------------------------+----------------------------+-----------------------------+-----------------------------+--------------------+--------------------+-------------------------------------+-------------------------------------+----------------------------+----------------------------+---------------------------+---------------------------+
; Pin                 ; I/O Standard ; Board Delay on Rise ; Board Delay on Fall ; Steady State Voh at FPGA Pin ; Steady State Vol at FPGA Pin ; Voh Max at FPGA Pin ; Vol Min at FPGA Pin ; Ringback Voltage on Rise at FPGA Pin ; Ringback Voltage on Fall at FPGA Pin ; 10-90 Rise Time at FPGA Pin ; 90-10 Fall Time at FPGA Pin ; Monotonic Rise at FPGA Pin ; Monotonic Fall at FPGA Pin ; Steady State Voh at Far-end ; Steady State Vol at Far-end ; Voh Max at Far-end ; Vol Min at Far-end ; Ringback Voltage on Rise at Far-end ; Ringback Voltage on Fall at Far-end ; 10-90 Rise Time at Far-end ; 90-10 Fall Time at Far-end ; Monotonic Rise at Far-end ; Monotonic Fall at Far-end ;
+---------------------+--------------+---------------------+---------------------+------------------------------+------------------------------+---------------------+---------------------+--------------------------------------+--------------------------------------+-----------------------------+-----------------------------+----------------------------+----------------------------+-----------------------------+-----------------------------+--------------------+--------------------+-------------------------------------+-------------------------------------+----------------------------+----------------------------+---------------------------+---------------------------+
; LEDR[0]             ; 3.3-V LVTTL  ; 0 s                 ; 0 s                 ; 3.63 V                       ; 4.94e-06 V                   ; 3.69 V              ; -0.414 V            ; 0.134 V                              ; 0.585 V                              ; 4.19e-10 s                  ; 1.53e-10 s                  ; Yes                        ; No                         ; 3.63 V                      ; 4.94e-06 V                  ; 3.69 V             ; -0.414 V           ; 0.134 V                             ; 0.585 V                             ; 4.19e-10 s                 ; 1.53e-10 s                 ; Yes                       ; No                        ;
; LEDR[1]             ; 3.3-V LVTTL  ; 0 s                 ; 0 s                 ; 3.63 V                       ; 3.63e-06 V                   ; 3.64 V              ; -0.326 V            ; 0.091 V                              ; 0.479 V                              ; 3.83e-10 s                  ; 1.5e-10 s                   ; Yes                        ; No                         ; 3.63 V                      ; 3.63e-06 V                  ; 3.64 V             ; -0.326 V           ; 0.091 V                             ; 0.479 V                             ; 3.83e-10 s                 ; 1.5e-10 s                  ; Yes                       ; No                        ;
; LEDR[2]             ; 3.3-V LVTTL  ; 0 s                 ; 0 s                 ; 3.63 V                       ; 3.63e-06 V                   ; 3.64 V              ; -0.326 V            ; 0.091 V                              ; 0.479 V                              ; 3.83e-10 s                  ; 1.5e-10 s                   ; Yes                        ; No                         ; 3.63 V                      ; 3.63e-06 V                  ; 3.64 V             ; -0.326 V           ; 0.091 V                             ; 0.479 V                             ; 3.83e-10 s                 ; 1.5e-10 s                  ; Yes                       ; No                        ;
; LEDR[3]             ; 3.3-V LVTTL  ; 0 s                 ; 0 s                 ; 3.63 V                       ; 4.72e-06 V                   ; 3.7 V               ; -0.49 V             ; 0.117 V                              ; 0.622 V                              ; 3.84e-10 s                  ; 1.48e-10 s                  ; Yes                        ; No                         ; 3.63 V                      ; 4.72e-06 V                  ; 3.7 V              ; -0.49 V            ; 0.117 V                             ; 0.622 V                             ; 3.84e-10 s                 ; 1.48e-10 s                 ; Yes                       ; No                        ;
; LEDR[4]             ; 3.3-V LVTTL  ; 0 s                 ; 0 s                 ; 3.63 V                       ; 4.72e-06 V                   ; 3.7 V               ; -0.49 V             ; 0.117 V                              ; 0.622 V                              ; 3.84e-10 s                  ; 1.48e-10 s                  ; Yes                        ; No                         ; 3.63 V                      ; 4.72e-06 V                  ; 3.7 V              ; -0.49 V            ; 0.117 V                             ; 0.622 V                             ; 3.84e-10 s                 ; 1.48e-10 s                 ; Yes                       ; No                        ;
; LEDR[9]             ; 3.3-V LVTTL  ; 0 s                 ; 0 s                 ; 3.63 V                       ; 4.94e-06 V                   ; 3.69 V              ; -0.414 V            ; 0.134 V                              ; 0.585 V                              ; 4.19e-10 s                  ; 1.53e-10 s                  ; Yes                        ; No                         ; 3.63 V                      ; 4.94e-06 V                  ; 3.69 V             ; -0.414 V           ; 0.134 V                             ; 0.585 V                             ; 4.19e-10 s                 ; 1.53e-10 s                 ; Yes                       ; No                        ;
; LEDR[5]             ; 3.3-V LVTTL  ; 0 s                 ; 0 s                 ; 3.63 V                       ; 4.72e-06 V                   ; 3.7 V               ; -0.49 V             ; 0.117 V                              ; 0.622 V                              ; 3.84e-10 s                  ; 1.48e-10 s                  ; Yes                        ; No                         ; 3.63 V                      ; 4.72e-06 V                  ; 3.7 V              ; -0.49 V            ; 0.117 V                             ; 0.622 V                             ; 3.84e-10 s                 ; 1.48e-10 s                 ; Yes                       ; No                        ;
; LEDR[6]             ; 3.3-V LVTTL  ; 0 s                 ; 0 s                 ; 3.63 V                       ; 4.72e-06 V                   ; 3.7 V               ; -0.49 V             ; 0.117 V                              ; 0.621 V                              ; 3.84e-10 s                  ; 1.48e-10 s                  ; Yes                        ; No                         ; 3.63 V                      ; 4.72e-06 V                  ; 3.7 V              ; -0.49 V            ; 0.117 V                             ; 0.621 V                             ; 3.84e-10 s                 ; 1.48e-10 s                 ; Yes                       ; No                        ;
; LEDR[7]             ; 3.3-V LVTTL  ; 0 s                 ; 0 s                 ; 3.63 V                       ; 3.63e-06 V                   ; 3.64 V              ; -0.326 V            ; 0.091 V                              ; 0.479 V                              ; 3.83e-10 s                  ; 1.5e-10 s                   ; Yes                        ; No                         ; 3.63 V                      ; 3.63e-06 V                  ; 3.64 V             ; -0.326 V           ; 0.091 V                             ; 0.479 V                             ; 3.83e-10 s                 ; 1.5e-10 s                  ; Yes                       ; No                        ;
; LEDR[8]             ; 3.3-V LVTTL  ; 0 s                 ; 0 s                 ; 3.63 V                       ; 4.94e-06 V                   ; 3.69 V              ; -0.414 V            ; 0.134 V                              ; 0.585 V                              ; 4.19e-10 s                  ; 1.53e-10 s                  ; Yes                        ; No                         ; 3.63 V                      ; 4.94e-06 V                  ; 3.69 V             ; -0.414 V           ; 0.134 V                             ; 0.585 V                             ; 4.19e-10 s                 ; 1.53e-10 s                 ; Yes                       ; No                        ;
; GPIO[0]             ; 3.3-V LVTTL  ; 0 s                 ; 0 s                 ; 3.63 V                       ; 4.94e-06 V                   ; 3.69 V              ; -0.414 V            ; 0.134 V                              ; 0.585 V                              ; 4.19e-10 s                  ; 1.53e-10 s                  ; Yes                        ; No                         ; 3.63 V                      ; 4.94e-06 V                  ; 3.69 V             ; -0.414 V           ; 0.134 V                             ; 0.585 V                             ; 4.19e-10 s                 ; 1.53e-10 s                 ; Yes                       ; No                        ;
; GPIO[1]             ; 3.3-V LVTTL  ; 0 s                 ; 0 s                 ; 3.63 V                       ; 4.72e-06 V                   ; 3.7 V               ; -0.49 V             ; 0.117 V                              ; 0.622 V                              ; 3.84e-10 s                  ; 1.48e-10 s                  ; Yes                        ; No                         ; 3.63 V                      ; 4.72e-06 V                  ; 3.7 V              ; -0.49 V            ; 0.117 V                             ; 0.622 V                             ; 3.84e-10 s                 ; 1.48e-10 s                 ; Yes                       ; No                        ;
; GPIO[2]             ; 3.3-V LVTTL  ; 0 s                 ; 0 s                 ; 3.63 V                       ; 3.63e-06 V                   ; 3.64 V              ; -0.326 V            ; 0.091 V                              ; 0.479 V                              ; 3.83e-10 s                  ; 1.5e-10 s                   ; Yes                        ; No                         ; 3.63 V                      ; 3.63e-06 V                  ; 3.64 V             ; -0.326 V           ; 0.091 V                             ; 0.479 V                             ; 3.83e-10 s                 ; 1.5e-10 s                  ; Yes                       ; No                        ;
; GPIO[3]             ; 3.3-V LVTTL  ; 0 s                 ; 0 s                 ; 3.63 V                       ; 4.72e-06 V                   ; 3.7 V               ; -0.49 V             ; 0.117 V                              ; 0.621 V                              ; 3.84e-10 s                  ; 1.48e-10 s                  ; Yes                        ; No                         ; 3.63 V                      ; 4.72e-06 V                  ; 3.7 V              ; -0.49 V            ; 0.117 V                             ; 0.621 V                             ; 3.84e-10 s                 ; 1.48e-10 s                 ; Yes                       ; No                        ;
; GPIO[32]            ; 3.3-V LVTTL  ; 0 s                 ; 0 s                 ; 3.63 V                       ; 4.94e-06 V                   ; 3.69 V              ; -0.414 V            ; 0.134 V                              ; 0.585 V                              ; 4.19e-10 s                  ; 1.53e-10 s                  ; Yes                        ; No                         ; 3.63 V                      ; 4.94e-06 V                  ; 3.69 V             ; -0.414 V           ; 0.134 V                             ; 0.585 V                             ; 4.19e-10 s                 ; 1.53e-10 s                 ; Yes                       ; No                        ;
; GPIO[33]            ; 3.3-V LVTTL  ; 0 s                 ; 0 s                 ; 3.63 V                       ; 4.94e-06 V                   ; 3.69 V              ; -0.414 V            ; 0.134 V                              ; 0.585 V                              ; 4.19e-10 s                  ; 1.53e-10 s                  ; Yes                        ; No                         ; 3.63 V                      ; 4.94e-06 V                  ; 3.69 V             ; -0.414 V           ; 0.134 V                             ; 0.585 V                             ; 4.19e-10 s                 ; 1.53e-10 s                 ; Yes                       ; No                        ;
; GPIO[34]            ; 3.3-V LVTTL  ; 0 s                 ; 0 s                 ; 3.63 V                       ; 3.63e-06 V                   ; 3.64 V              ; -0.326 V            ; 0.091 V                              ; 0.479 V                              ; 3.83e-10 s                  ; 1.5e-10 s                   ; Yes                        ; No                         ; 3.63 V                      ; 3.63e-06 V                  ; 3.64 V             ; -0.326 V           ; 0.091 V                             ; 0.479 V                             ; 3.83e-10 s                 ; 1.5e-10 s                  ; Yes                       ; No                        ;
; GPIO[35]            ; 3.3-V LVTTL  ; 0 s                 ; 0 s                 ; 3.63 V                       ; 4.94e-06 V                   ; 3.69 V              ; -0.414 V            ; 0.134 V                              ; 0.585 V                              ; 4.19e-10 s                  ; 1.53e-10 s                  ; Yes                        ; No                         ; 3.63 V                      ; 4.94e-06 V                  ; 3.69 V             ; -0.414 V           ; 0.134 V                             ; 0.585 V                             ; 4.19e-10 s                 ; 1.53e-10 s                 ; Yes                       ; No                        ;
; GPIO[4]             ; 3.3-V LVTTL  ; 0 s                 ; 0 s                 ; 3.63 V                       ; 4.94e-06 V                   ; 3.69 V              ; -0.414 V            ; 0.134 V                              ; 0.585 V                              ; 4.19e-10 s                  ; 1.53e-10 s                  ; Yes                        ; No                         ; 3.63 V                      ; 4.94e-06 V                  ; 3.69 V             ; -0.414 V           ; 0.134 V                             ; 0.585 V                             ; 4.19e-10 s                 ; 1.53e-10 s                 ; Yes                       ; No                        ;
; GPIO[5]             ; 3.3-V LVTTL  ; 0 s                 ; 0 s                 ; 3.63 V                       ; 3.63e-06 V                   ; 3.64 V              ; -0.326 V            ; 0.091 V                              ; 0.479 V                              ; 3.83e-10 s                  ; 1.5e-10 s                   ; Yes                        ; No                         ; 3.63 V                      ; 3.63e-06 V                  ; 3.64 V             ; -0.326 V           ; 0.091 V                             ; 0.479 V                             ; 3.83e-10 s                 ; 1.5e-10 s                  ; Yes                       ; No                        ;
; GPIO[6]             ; 3.3-V LVTTL  ; 0 s                 ; 0 s                 ; 3.63 V                       ; 3.63e-06 V                   ; 3.64 V              ; -0.326 V            ; 0.091 V                              ; 0.479 V                              ; 3.83e-10 s                  ; 1.5e-10 s                   ; Yes                        ; No                         ; 3.63 V                      ; 3.63e-06 V                  ; 3.64 V             ; -0.326 V           ; 0.091 V                             ; 0.479 V                             ; 3.83e-10 s                 ; 1.5e-10 s                  ; Yes                       ; No                        ;
; GPIO[7]             ; 3.3-V LVTTL  ; 0 s                 ; 0 s                 ; 3.63 V                       ; 4.72e-06 V                   ; 3.7 V               ; -0.49 V             ; 0.117 V                              ; 0.621 V                              ; 3.84e-10 s                  ; 1.48e-10 s                  ; Yes                        ; No                         ; 3.63 V                      ; 4.72e-06 V                  ; 3.7 V              ; -0.49 V            ; 0.117 V                             ; 0.621 V                             ; 3.84e-10 s                 ; 1.48e-10 s                 ; Yes                       ; No                        ;
; GPIO[8]             ; 3.3-V LVTTL  ; 0 s                 ; 0 s                 ; 3.63 V                       ; 4.72e-06 V                   ; 3.7 V               ; -0.49 V             ; 0.117 V                              ; 0.621 V                              ; 3.84e-10 s                  ; 1.48e-10 s                  ; Yes                        ; No                         ; 3.63 V                      ; 4.72e-06 V                  ; 3.7 V              ; -0.49 V            ; 0.117 V                             ; 0.621 V                             ; 3.84e-10 s                 ; 1.48e-10 s                 ; Yes                       ; No                        ;
; GPIO[9]             ; 3.3-V LVTTL  ; 0 s                 ; 0 s                 ; 3.63 V                       ; 4.72e-06 V                   ; 3.7 V               ; -0.49 V             ; 0.117 V                              ; 0.621 V                              ; 3.84e-10 s                  ; 1.48e-10 s                  ; Yes                        ; No                         ; 3.63 V                      ; 4.72e-06 V                  ; 3.7 V              ; -0.49 V            ; 0.117 V                             ; 0.621 V                             ; 3.84e-10 s                 ; 1.48e-10 s                 ; Yes                       ; No                        ;
; GPIO[10]            ; 3.3-V LVTTL  ; 0 s                 ; 0 s                 ; 3.63 V                       ; 4.94e-06 V                   ; 3.69 V              ; -0.414 V            ; 0.134 V                              ; 0.585 V                              ; 4.19e-10 s                  ; 1.53e-10 s                  ; Yes                        ; No                         ; 3.63 V                      ; 4.94e-06 V                  ; 3.69 V             ; -0.414 V           ; 0.134 V                             ; 0.585 V                             ; 4.19e-10 s                 ; 1.53e-10 s                 ; Yes                       ; No                        ;
; GPIO[11]            ; 3.3-V LVTTL  ; 0 s                 ; 0 s                 ; 3.63 V                       ; 4.72e-06 V                   ; 3.7 V               ; -0.49 V             ; 0.117 V                              ; 0.622 V                              ; 3.84e-10 s                  ; 1.48e-10 s                  ; Yes                        ; No                         ; 3.63 V                      ; 4.72e-06 V                  ; 3.7 V              ; -0.49 V            ; 0.117 V                             ; 0.622 V                             ; 3.84e-10 s                 ; 1.48e-10 s                 ; Yes                       ; No                        ;
; GPIO[12]            ; 3.3-V LVTTL  ; 0 s                 ; 0 s                 ; 3.63 V                       ; 4.72e-06 V                   ; 3.7 V               ; -0.49 V             ; 0.117 V                              ; 0.622 V                              ; 3.84e-10 s                  ; 1.48e-10 s                  ; Yes                        ; No                         ; 3.63 V                      ; 4.72e-06 V                  ; 3.7 V              ; -0.49 V            ; 0.117 V                             ; 0.622 V                             ; 3.84e-10 s                 ; 1.48e-10 s                 ; Yes                       ; No                        ;
; GPIO[13]            ; 3.3-V LVTTL  ; 0 s                 ; 0 s                 ; 3.63 V                       ; 4.72e-06 V                   ; 3.7 V               ; -0.49 V             ; 0.117 V                              ; 0.622 V                              ; 3.84e-10 s                  ; 1.48e-10 s                  ; Yes                        ; No                         ; 3.63 V                      ; 4.72e-06 V                  ; 3.7 V              ; -0.49 V            ; 0.117 V                             ; 0.622 V                             ; 3.84e-10 s                 ; 1.48e-10 s                 ; Yes                       ; No                        ;
; GPIO[14]            ; 3.3-V LVTTL  ; 0 s                 ; 0 s                 ; 3.63 V                       ; 4.72e-06 V                   ; 3.7 V               ; -0.49 V             ; 0.117 V                              ; 0.621 V                              ; 3.84e-10 s                  ; 1.48e-10 s                  ; Yes                        ; No                         ; 3.63 V                      ; 4.72e-06 V                  ; 3.7 V              ; -0.49 V            ; 0.117 V                             ; 0.621 V                             ; 3.84e-10 s                 ; 1.48e-10 s                 ; Yes                       ; No                        ;
; GPIO[15]            ; 3.3-V LVTTL  ; 0 s                 ; 0 s                 ; 3.63 V                       ; 4.72e-06 V                   ; 3.7 V               ; -0.49 V             ; 0.117 V                              ; 0.621 V                              ; 3.84e-10 s                  ; 1.48e-10 s                  ; Yes                        ; No                         ; 3.63 V                      ; 4.72e-06 V                  ; 3.7 V              ; -0.49 V            ; 0.117 V                             ; 0.621 V                             ; 3.84e-10 s                 ; 1.48e-10 s                 ; Yes                       ; No                        ;
; GPIO[16]            ; 3.3-V LVTTL  ; 0 s                 ; 0 s                 ; 3.63 V                       ; 4.72e-06 V                   ; 3.7 V               ; -0.49 V             ; 0.117 V                              ; 0.621 V                              ; 3.84e-10 s                  ; 1.48e-10 s                  ; Yes                        ; No                         ; 3.63 V                      ; 4.72e-06 V                  ; 3.7 V              ; -0.49 V            ; 0.117 V                             ; 0.621 V                             ; 3.84e-10 s                 ; 1.48e-10 s                 ; Yes                       ; No                        ;
; GPIO[17]            ; 3.3-V LVTTL  ; 0 s                 ; 0 s                 ; 3.63 V                       ; 4.94e-06 V                   ; 3.69 V              ; -0.414 V            ; 0.134 V                              ; 0.585 V                              ; 4.19e-10 s                  ; 1.53e-10 s                  ; Yes                        ; No                         ; 3.63 V                      ; 4.94e-06 V                  ; 3.69 V             ; -0.414 V           ; 0.134 V                             ; 0.585 V                             ; 4.19e-10 s                 ; 1.53e-10 s                 ; Yes                       ; No                        ;
; GPIO[18]            ; 3.3-V LVTTL  ; 0 s                 ; 0 s                 ; 3.63 V                       ; 3.63e-06 V                   ; 3.64 V              ; -0.326 V            ; 0.091 V                              ; 0.479 V                              ; 3.83e-10 s                  ; 1.5e-10 s                   ; Yes                        ; No                         ; 3.63 V                      ; 3.63e-06 V                  ; 3.64 V             ; -0.326 V           ; 0.091 V                             ; 0.479 V                             ; 3.83e-10 s                 ; 1.5e-10 s                  ; Yes                       ; No                        ;
; GPIO[19]            ; 3.3-V LVTTL  ; 0 s                 ; 0 s                 ; 3.63 V                       ; 4.72e-06 V                   ; 3.7 V               ; -0.49 V             ; 0.117 V                              ; 0.622 V                              ; 3.84e-10 s                  ; 1.48e-10 s                  ; Yes                        ; No                         ; 3.63 V                      ; 4.72e-06 V                  ; 3.7 V              ; -0.49 V            ; 0.117 V                             ; 0.622 V                             ; 3.84e-10 s                 ; 1.48e-10 s                 ; Yes                       ; No                        ;
; GPIO[20]            ; 3.3-V LVTTL  ; 0 s                 ; 0 s                 ; 3.63 V                       ; 4.72e-06 V                   ; 3.7 V               ; -0.49 V             ; 0.117 V                              ; 0.622 V                              ; 3.84e-10 s                  ; 1.48e-10 s                  ; Yes                        ; No                         ; 3.63 V                      ; 4.72e-06 V                  ; 3.7 V              ; -0.49 V            ; 0.117 V                             ; 0.622 V                             ; 3.84e-10 s                 ; 1.48e-10 s                 ; Yes                       ; No                        ;
; GPIO[21]            ; 3.3-V LVTTL  ; 0 s                 ; 0 s                 ; 3.63 V                       ; 4.72e-06 V                   ; 3.7 V               ; -0.49 V             ; 0.117 V                              ; 0.622 V                              ; 3.84e-10 s                  ; 1.48e-10 s                  ; Yes                        ; No                         ; 3.63 V                      ; 4.72e-06 V                  ; 3.7 V              ; -0.49 V            ; 0.117 V                             ; 0.622 V                             ; 3.84e-10 s                 ; 1.48e-10 s                 ; Yes                       ; No                        ;
; GPIO[22]            ; 3.3-V LVTTL  ; 0 s                 ; 0 s                 ; 3.63 V                       ; 4.72e-06 V                   ; 3.7 V               ; -0.49 V             ; 0.117 V                              ; 0.621 V                              ; 3.84e-10 s                  ; 1.48e-10 s                  ; Yes                        ; No                         ; 3.63 V                      ; 4.72e-06 V                  ; 3.7 V              ; -0.49 V            ; 0.117 V                             ; 0.621 V                             ; 3.84e-10 s                 ; 1.48e-10 s                 ; Yes                       ; No                        ;
; GPIO[23]            ; 3.3-V LVTTL  ; 0 s                 ; 0 s                 ; 3.63 V                       ; 3.63e-06 V                   ; 3.64 V              ; -0.326 V            ; 0.091 V                              ; 0.479 V                              ; 3.83e-10 s                  ; 1.5e-10 s                   ; Yes                        ; No                         ; 3.63 V                      ; 3.63e-06 V                  ; 3.64 V             ; -0.326 V           ; 0.091 V                             ; 0.479 V                             ; 3.83e-10 s                 ; 1.5e-10 s                  ; Yes                       ; No                        ;
; GPIO[24]            ; 3.3-V LVTTL  ; 0 s                 ; 0 s                 ; 3.63 V                       ; 4.72e-06 V                   ; 3.7 V               ; -0.49 V             ; 0.117 V                              ; 0.621 V                              ; 3.84e-10 s                  ; 1.48e-10 s                  ; Yes                        ; No                         ; 3.63 V                      ; 4.72e-06 V                  ; 3.7 V              ; -0.49 V            ; 0.117 V                             ; 0.621 V                             ; 3.84e-10 s                 ; 1.48e-10 s                 ; Yes                       ; No                        ;
; GPIO[25]            ; 3.3-V LVTTL  ; 0 s                 ; 0 s                 ; 3.63 V                       ; 4.72e-06 V                   ; 3.7 V               ; -0.49 V             ; 0.117 V                              ; 0.622 V                              ; 3.84e-10 s                  ; 1.48e-10 s                  ; Yes                        ; No                         ; 3.63 V                      ; 4.72e-06 V                  ; 3.7 V              ; -0.49 V            ; 0.117 V                             ; 0.622 V                             ; 3.84e-10 s                 ; 1.48e-10 s                 ; Yes                       ; No                        ;
; GPIO[26]            ; 3.3-V LVTTL  ; 0 s                 ; 0 s                 ; 3.63 V                       ; 3.63e-06 V                   ; 3.64 V              ; -0.326 V            ; 0.091 V                              ; 0.479 V                              ; 3.83e-10 s                  ; 1.5e-10 s                   ; Yes                        ; No                         ; 3.63 V                      ; 3.63e-06 V                  ; 3.64 V             ; -0.326 V           ; 0.091 V                             ; 0.479 V                             ; 3.83e-10 s                 ; 1.5e-10 s                  ; Yes                       ; No                        ;
; GPIO[27]            ; 3.3-V LVTTL  ; 0 s                 ; 0 s                 ; 3.63 V                       ; 4.94e-06 V                   ; 3.69 V              ; -0.414 V            ; 0.134 V                              ; 0.585 V                              ; 4.19e-10 s                  ; 1.53e-10 s                  ; Yes                        ; No                         ; 3.63 V                      ; 4.94e-06 V                  ; 3.69 V             ; -0.414 V           ; 0.134 V                             ; 0.585 V                             ; 4.19e-10 s                 ; 1.53e-10 s                 ; Yes                       ; No                        ;
; GPIO[28]            ; 3.3-V LVTTL  ; 0 s                 ; 0 s                 ; 3.63 V                       ; 4.72e-06 V                   ; 3.7 V               ; -0.49 V             ; 0.117 V                              ; 0.622 V                              ; 3.84e-10 s                  ; 1.48e-10 s                  ; Yes                        ; No                         ; 3.63 V                      ; 4.72e-06 V                  ; 3.7 V              ; -0.49 V            ; 0.117 V                             ; 0.622 V                             ; 3.84e-10 s                 ; 1.48e-10 s                 ; Yes                       ; No                        ;
; GPIO[29]            ; 3.3-V LVTTL  ; 0 s                 ; 0 s                 ; 3.63 V                       ; 3.63e-06 V                   ; 3.64 V              ; -0.326 V            ; 0.091 V                              ; 0.479 V                              ; 3.83e-10 s                  ; 1.5e-10 s                   ; Yes                        ; No                         ; 3.63 V                      ; 3.63e-06 V                  ; 3.64 V             ; -0.326 V           ; 0.091 V                             ; 0.479 V                             ; 3.83e-10 s                 ; 1.5e-10 s                  ; Yes                       ; No                        ;
; GPIO[30]            ; 3.3-V LVTTL  ; 0 s                 ; 0 s                 ; 3.63 V                       ; 4.94e-06 V                   ; 3.69 V              ; -0.414 V            ; 0.134 V                              ; 0.585 V                              ; 4.19e-10 s                  ; 1.53e-10 s                  ; Yes                        ; No                         ; 3.63 V                      ; 4.94e-06 V                  ; 3.69 V             ; -0.414 V           ; 0.134 V                             ; 0.585 V                             ; 4.19e-10 s                 ; 1.53e-10 s                 ; Yes                       ; No                        ;
; GPIO[31]            ; 3.3-V LVTTL  ; 0 s                 ; 0 s                 ; 3.63 V                       ; 3.63e-06 V                   ; 3.64 V              ; -0.326 V            ; 0.091 V                              ; 0.479 V                              ; 3.83e-10 s                  ; 1.5e-10 s                   ; Yes                        ; No                         ; 3.63 V                      ; 3.63e-06 V                  ; 3.64 V             ; -0.326 V           ; 0.091 V                             ; 0.479 V                             ; 3.83e-10 s                 ; 1.5e-10 s                  ; Yes                       ; No                        ;
; altera_reserved_tdo ; 3.3-V LVTTL  ; 0 s                 ; 0 s                 ; 3.63 V                       ; 6.35e-06 V                   ; 3.69 V              ; -0.125 V            ; 0.384 V                              ; 0.202 V                              ; 4.63e-10 s                  ; 2.66e-10 s                  ; No                         ; Yes                        ; 3.63 V                      ; 6.35e-06 V                  ; 3.69 V             ; -0.125 V           ; 0.384 V                             ; 0.202 V                             ; 4.63e-10 s                 ; 2.66e-10 s                 ; No                        ; Yes                       ;
+---------------------+--------------+---------------------+---------------------+------------------------------+------------------------------+---------------------+---------------------+--------------------------------------+--------------------------------------+-----------------------------+-----------------------------+----------------------------+----------------------------+-----------------------------+-----------------------------+--------------------+--------------------+-------------------------------------+-------------------------------------+----------------------------+----------------------------+---------------------------+---------------------------+


+--------------------------------------------------------------------------------------------------------------------------------------------------------------------------------------------------------------------------------------------------------------------------------------------------------------------------------------------------------------------------------------------------------------------------------------------------------------------------------------------------------------------------------------------------------------------------------------------------------------------------------------------------------------------------------------------------+
; Signal Integrity Metrics (Fast 1100mv 85c Model)                                                                                                                                                                                                                                                                                                                                                                                                                                                                                                                                                                                                                                                 ;
+---------------------+--------------+---------------------+---------------------+------------------------------+------------------------------+---------------------+---------------------+--------------------------------------+--------------------------------------+-----------------------------+-----------------------------+----------------------------+----------------------------+-----------------------------+-----------------------------+--------------------+--------------------+-------------------------------------+-------------------------------------+----------------------------+----------------------------+---------------------------+---------------------------+
; Pin                 ; I/O Standard ; Board Delay on Rise ; Board Delay on Fall ; Steady State Voh at FPGA Pin ; Steady State Vol at FPGA Pin ; Voh Max at FPGA Pin ; Vol Min at FPGA Pin ; Ringback Voltage on Rise at FPGA Pin ; Ringback Voltage on Fall at FPGA Pin ; 10-90 Rise Time at FPGA Pin ; 90-10 Fall Time at FPGA Pin ; Monotonic Rise at FPGA Pin ; Monotonic Fall at FPGA Pin ; Steady State Voh at Far-end ; Steady State Vol at Far-end ; Voh Max at Far-end ; Vol Min at Far-end ; Ringback Voltage on Rise at Far-end ; Ringback Voltage on Fall at Far-end ; 10-90 Rise Time at Far-end ; 90-10 Fall Time at Far-end ; Monotonic Rise at Far-end ; Monotonic Fall at Far-end ;
+---------------------+--------------+---------------------+---------------------+------------------------------+------------------------------+---------------------+---------------------+--------------------------------------+--------------------------------------+-----------------------------+-----------------------------+----------------------------+----------------------------+-----------------------------+-----------------------------+--------------------+--------------------+-------------------------------------+-------------------------------------+----------------------------+----------------------------+---------------------------+---------------------------+
; LEDR[0]             ; 3.3-V LVTTL  ; 0 s                 ; 0 s                 ; 3.63 V                       ; 0.000238 V                   ; 3.64 V              ; -0.254 V            ; 0.052 V                              ; 0.543 V                              ; 4.59e-10 s                  ; 1.96e-10 s                  ; Yes                        ; No                         ; 3.63 V                      ; 0.000238 V                  ; 3.64 V             ; -0.254 V           ; 0.052 V                             ; 0.543 V                             ; 4.59e-10 s                 ; 1.96e-10 s                 ; Yes                       ; No                        ;
; LEDR[1]             ; 3.3-V LVTTL  ; 0 s                 ; 0 s                 ; 3.63 V                       ; 0.000184 V                   ; 3.64 V              ; -0.19 V             ; 0.019 V                              ; 0.425 V                              ; 4.44e-10 s                  ; 1.91e-10 s                  ; Yes                        ; No                         ; 3.63 V                      ; 0.000184 V                  ; 3.64 V             ; -0.19 V            ; 0.019 V                             ; 0.425 V                             ; 4.44e-10 s                 ; 1.91e-10 s                 ; Yes                       ; No                        ;
; LEDR[2]             ; 3.3-V LVTTL  ; 0 s                 ; 0 s                 ; 3.63 V                       ; 0.000184 V                   ; 3.64 V              ; -0.19 V             ; 0.019 V                              ; 0.425 V                              ; 4.44e-10 s                  ; 1.91e-10 s                  ; Yes                        ; No                         ; 3.63 V                      ; 0.000184 V                  ; 3.64 V             ; -0.19 V            ; 0.019 V                             ; 0.425 V                             ; 4.44e-10 s                 ; 1.91e-10 s                 ; Yes                       ; No                        ;
; LEDR[3]             ; 3.3-V LVTTL  ; 0 s                 ; 0 s                 ; 3.63 V                       ; 0.000229 V                   ; 3.65 V              ; -0.316 V            ; 0.041 V                              ; 0.53 V                               ; 4.29e-10 s                  ; 1.87e-10 s                  ; Yes                        ; No                         ; 3.63 V                      ; 0.000229 V                  ; 3.65 V             ; -0.316 V           ; 0.041 V                             ; 0.53 V                              ; 4.29e-10 s                 ; 1.87e-10 s                 ; Yes                       ; No                        ;
; LEDR[4]             ; 3.3-V LVTTL  ; 0 s                 ; 0 s                 ; 3.63 V                       ; 0.000229 V                   ; 3.65 V              ; -0.316 V            ; 0.041 V                              ; 0.53 V                               ; 4.29e-10 s                  ; 1.87e-10 s                  ; Yes                        ; No                         ; 3.63 V                      ; 0.000229 V                  ; 3.65 V             ; -0.316 V           ; 0.041 V                             ; 0.53 V                              ; 4.29e-10 s                 ; 1.87e-10 s                 ; Yes                       ; No                        ;
; LEDR[9]             ; 3.3-V LVTTL  ; 0 s                 ; 0 s                 ; 3.63 V                       ; 0.000238 V                   ; 3.64 V              ; -0.254 V            ; 0.052 V                              ; 0.543 V                              ; 4.59e-10 s                  ; 1.96e-10 s                  ; Yes                        ; No                         ; 3.63 V                      ; 0.000238 V                  ; 3.64 V             ; -0.254 V           ; 0.052 V                             ; 0.543 V                             ; 4.59e-10 s                 ; 1.96e-10 s                 ; Yes                       ; No                        ;
; LEDR[5]             ; 3.3-V LVTTL  ; 0 s                 ; 0 s                 ; 3.63 V                       ; 0.000229 V                   ; 3.65 V              ; -0.316 V            ; 0.041 V                              ; 0.53 V                               ; 4.29e-10 s                  ; 1.87e-10 s                  ; Yes                        ; No                         ; 3.63 V                      ; 0.000229 V                  ; 3.65 V             ; -0.316 V           ; 0.041 V                             ; 0.53 V                              ; 4.29e-10 s                 ; 1.87e-10 s                 ; Yes                       ; No                        ;
; LEDR[6]             ; 3.3-V LVTTL  ; 0 s                 ; 0 s                 ; 3.63 V                       ; 0.000229 V                   ; 3.65 V              ; -0.319 V            ; 0.041 V                              ; 0.528 V                              ; 4.29e-10 s                  ; 1.87e-10 s                  ; Yes                        ; No                         ; 3.63 V                      ; 0.000229 V                  ; 3.65 V             ; -0.319 V           ; 0.041 V                             ; 0.528 V                             ; 4.29e-10 s                 ; 1.87e-10 s                 ; Yes                       ; No                        ;
; LEDR[7]             ; 3.3-V LVTTL  ; 0 s                 ; 0 s                 ; 3.63 V                       ; 0.000184 V                   ; 3.64 V              ; -0.19 V             ; 0.019 V                              ; 0.425 V                              ; 4.44e-10 s                  ; 1.91e-10 s                  ; Yes                        ; No                         ; 3.63 V                      ; 0.000184 V                  ; 3.64 V             ; -0.19 V            ; 0.019 V                             ; 0.425 V                             ; 4.44e-10 s                 ; 1.91e-10 s                 ; Yes                       ; No                        ;
; LEDR[8]             ; 3.3-V LVTTL  ; 0 s                 ; 0 s                 ; 3.63 V                       ; 0.000238 V                   ; 3.64 V              ; -0.254 V            ; 0.052 V                              ; 0.543 V                              ; 4.59e-10 s                  ; 1.96e-10 s                  ; Yes                        ; No                         ; 3.63 V                      ; 0.000238 V                  ; 3.64 V             ; -0.254 V           ; 0.052 V                             ; 0.543 V                             ; 4.59e-10 s                 ; 1.96e-10 s                 ; Yes                       ; No                        ;
; GPIO[0]             ; 3.3-V LVTTL  ; 0 s                 ; 0 s                 ; 3.63 V                       ; 0.000238 V                   ; 3.64 V              ; -0.254 V            ; 0.052 V                              ; 0.543 V                              ; 4.59e-10 s                  ; 1.96e-10 s                  ; Yes                        ; No                         ; 3.63 V                      ; 0.000238 V                  ; 3.64 V             ; -0.254 V           ; 0.052 V                             ; 0.543 V                             ; 4.59e-10 s                 ; 1.96e-10 s                 ; Yes                       ; No                        ;
; GPIO[1]             ; 3.3-V LVTTL  ; 0 s                 ; 0 s                 ; 3.63 V                       ; 0.000229 V                   ; 3.65 V              ; -0.316 V            ; 0.041 V                              ; 0.53 V                               ; 4.29e-10 s                  ; 1.87e-10 s                  ; Yes                        ; No                         ; 3.63 V                      ; 0.000229 V                  ; 3.65 V             ; -0.316 V           ; 0.041 V                             ; 0.53 V                              ; 4.29e-10 s                 ; 1.87e-10 s                 ; Yes                       ; No                        ;
; GPIO[2]             ; 3.3-V LVTTL  ; 0 s                 ; 0 s                 ; 3.63 V                       ; 0.000184 V                   ; 3.64 V              ; -0.19 V             ; 0.019 V                              ; 0.425 V                              ; 4.44e-10 s                  ; 1.91e-10 s                  ; Yes                        ; No                         ; 3.63 V                      ; 0.000184 V                  ; 3.64 V             ; -0.19 V            ; 0.019 V                             ; 0.425 V                             ; 4.44e-10 s                 ; 1.91e-10 s                 ; Yes                       ; No                        ;
; GPIO[3]             ; 3.3-V LVTTL  ; 0 s                 ; 0 s                 ; 3.63 V                       ; 0.000229 V                   ; 3.65 V              ; -0.319 V            ; 0.041 V                              ; 0.528 V                              ; 4.29e-10 s                  ; 1.87e-10 s                  ; Yes                        ; No                         ; 3.63 V                      ; 0.000229 V                  ; 3.65 V             ; -0.319 V           ; 0.041 V                             ; 0.528 V                             ; 4.29e-10 s                 ; 1.87e-10 s                 ; Yes                       ; No                        ;
; GPIO[32]            ; 3.3-V LVTTL  ; 0 s                 ; 0 s                 ; 3.63 V                       ; 0.000238 V                   ; 3.64 V              ; -0.254 V            ; 0.052 V                              ; 0.543 V                              ; 4.59e-10 s                  ; 1.96e-10 s                  ; Yes                        ; No                         ; 3.63 V                      ; 0.000238 V                  ; 3.64 V             ; -0.254 V           ; 0.052 V                             ; 0.543 V                             ; 4.59e-10 s                 ; 1.96e-10 s                 ; Yes                       ; No                        ;
; GPIO[33]            ; 3.3-V LVTTL  ; 0 s                 ; 0 s                 ; 3.63 V                       ; 0.000238 V                   ; 3.64 V              ; -0.254 V            ; 0.052 V                              ; 0.543 V                              ; 4.59e-10 s                  ; 1.96e-10 s                  ; Yes                        ; No                         ; 3.63 V                      ; 0.000238 V                  ; 3.64 V             ; -0.254 V           ; 0.052 V                             ; 0.543 V                             ; 4.59e-10 s                 ; 1.96e-10 s                 ; Yes                       ; No                        ;
; GPIO[34]            ; 3.3-V LVTTL  ; 0 s                 ; 0 s                 ; 3.63 V                       ; 0.000184 V                   ; 3.64 V              ; -0.19 V             ; 0.019 V                              ; 0.425 V                              ; 4.44e-10 s                  ; 1.91e-10 s                  ; Yes                        ; No                         ; 3.63 V                      ; 0.000184 V                  ; 3.64 V             ; -0.19 V            ; 0.019 V                             ; 0.425 V                             ; 4.44e-10 s                 ; 1.91e-10 s                 ; Yes                       ; No                        ;
; GPIO[35]            ; 3.3-V LVTTL  ; 0 s                 ; 0 s                 ; 3.63 V                       ; 0.000238 V                   ; 3.64 V              ; -0.254 V            ; 0.052 V                              ; 0.543 V                              ; 4.59e-10 s                  ; 1.96e-10 s                  ; Yes                        ; No                         ; 3.63 V                      ; 0.000238 V                  ; 3.64 V             ; -0.254 V           ; 0.052 V                             ; 0.543 V                             ; 4.59e-10 s                 ; 1.96e-10 s                 ; Yes                       ; No                        ;
; GPIO[4]             ; 3.3-V LVTTL  ; 0 s                 ; 0 s                 ; 3.63 V                       ; 0.000238 V                   ; 3.64 V              ; -0.254 V            ; 0.052 V                              ; 0.543 V                              ; 4.59e-10 s                  ; 1.96e-10 s                  ; Yes                        ; No                         ; 3.63 V                      ; 0.000238 V                  ; 3.64 V             ; -0.254 V           ; 0.052 V                             ; 0.543 V                             ; 4.59e-10 s                 ; 1.96e-10 s                 ; Yes                       ; No                        ;
; GPIO[5]             ; 3.3-V LVTTL  ; 0 s                 ; 0 s                 ; 3.63 V                       ; 0.000184 V                   ; 3.64 V              ; -0.19 V             ; 0.019 V                              ; 0.425 V                              ; 4.44e-10 s                  ; 1.91e-10 s                  ; Yes                        ; No                         ; 3.63 V                      ; 0.000184 V                  ; 3.64 V             ; -0.19 V            ; 0.019 V                             ; 0.425 V                             ; 4.44e-10 s                 ; 1.91e-10 s                 ; Yes                       ; No                        ;
; GPIO[6]             ; 3.3-V LVTTL  ; 0 s                 ; 0 s                 ; 3.63 V                       ; 0.000184 V                   ; 3.64 V              ; -0.19 V             ; 0.019 V                              ; 0.425 V                              ; 4.44e-10 s                  ; 1.91e-10 s                  ; Yes                        ; No                         ; 3.63 V                      ; 0.000184 V                  ; 3.64 V             ; -0.19 V            ; 0.019 V                             ; 0.425 V                             ; 4.44e-10 s                 ; 1.91e-10 s                 ; Yes                       ; No                        ;
; GPIO[7]             ; 3.3-V LVTTL  ; 0 s                 ; 0 s                 ; 3.63 V                       ; 0.000229 V                   ; 3.65 V              ; -0.319 V            ; 0.041 V                              ; 0.528 V                              ; 4.29e-10 s                  ; 1.87e-10 s                  ; Yes                        ; No                         ; 3.63 V                      ; 0.000229 V                  ; 3.65 V             ; -0.319 V           ; 0.041 V                             ; 0.528 V                             ; 4.29e-10 s                 ; 1.87e-10 s                 ; Yes                       ; No                        ;
; GPIO[8]             ; 3.3-V LVTTL  ; 0 s                 ; 0 s                 ; 3.63 V                       ; 0.000229 V                   ; 3.65 V              ; -0.319 V            ; 0.041 V                              ; 0.528 V                              ; 4.29e-10 s                  ; 1.87e-10 s                  ; Yes                        ; No                         ; 3.63 V                      ; 0.000229 V                  ; 3.65 V             ; -0.319 V           ; 0.041 V                             ; 0.528 V                             ; 4.29e-10 s                 ; 1.87e-10 s                 ; Yes                       ; No                        ;
; GPIO[9]             ; 3.3-V LVTTL  ; 0 s                 ; 0 s                 ; 3.63 V                       ; 0.000229 V                   ; 3.65 V              ; -0.319 V            ; 0.041 V                              ; 0.528 V                              ; 4.29e-10 s                  ; 1.87e-10 s                  ; Yes                        ; No                         ; 3.63 V                      ; 0.000229 V                  ; 3.65 V             ; -0.319 V           ; 0.041 V                             ; 0.528 V                             ; 4.29e-10 s                 ; 1.87e-10 s                 ; Yes                       ; No                        ;
; GPIO[10]            ; 3.3-V LVTTL  ; 0 s                 ; 0 s                 ; 3.63 V                       ; 0.000238 V                   ; 3.64 V              ; -0.254 V            ; 0.052 V                              ; 0.543 V                              ; 4.59e-10 s                  ; 1.96e-10 s                  ; Yes                        ; No                         ; 3.63 V                      ; 0.000238 V                  ; 3.64 V             ; -0.254 V           ; 0.052 V                             ; 0.543 V                             ; 4.59e-10 s                 ; 1.96e-10 s                 ; Yes                       ; No                        ;
; GPIO[11]            ; 3.3-V LVTTL  ; 0 s                 ; 0 s                 ; 3.63 V                       ; 0.000229 V                   ; 3.65 V              ; -0.316 V            ; 0.041 V                              ; 0.53 V                               ; 4.29e-10 s                  ; 1.87e-10 s                  ; Yes                        ; No                         ; 3.63 V                      ; 0.000229 V                  ; 3.65 V             ; -0.316 V           ; 0.041 V                             ; 0.53 V                              ; 4.29e-10 s                 ; 1.87e-10 s                 ; Yes                       ; No                        ;
; GPIO[12]            ; 3.3-V LVTTL  ; 0 s                 ; 0 s                 ; 3.63 V                       ; 0.000229 V                   ; 3.65 V              ; -0.316 V            ; 0.041 V                              ; 0.53 V                               ; 4.29e-10 s                  ; 1.87e-10 s                  ; Yes                        ; No                         ; 3.63 V                      ; 0.000229 V                  ; 3.65 V             ; -0.316 V           ; 0.041 V                             ; 0.53 V                              ; 4.29e-10 s                 ; 1.87e-10 s                 ; Yes                       ; No                        ;
; GPIO[13]            ; 3.3-V LVTTL  ; 0 s                 ; 0 s                 ; 3.63 V                       ; 0.000229 V                   ; 3.65 V              ; -0.316 V            ; 0.041 V                              ; 0.53 V                               ; 4.29e-10 s                  ; 1.87e-10 s                  ; Yes                        ; No                         ; 3.63 V                      ; 0.000229 V                  ; 3.65 V             ; -0.316 V           ; 0.041 V                             ; 0.53 V                              ; 4.29e-10 s                 ; 1.87e-10 s                 ; Yes                       ; No                        ;
; GPIO[14]            ; 3.3-V LVTTL  ; 0 s                 ; 0 s                 ; 3.63 V                       ; 0.000229 V                   ; 3.65 V              ; -0.319 V            ; 0.041 V                              ; 0.528 V                              ; 4.29e-10 s                  ; 1.87e-10 s                  ; Yes                        ; No                         ; 3.63 V                      ; 0.000229 V                  ; 3.65 V             ; -0.319 V           ; 0.041 V                             ; 0.528 V                             ; 4.29e-10 s                 ; 1.87e-10 s                 ; Yes                       ; No                        ;
; GPIO[15]            ; 3.3-V LVTTL  ; 0 s                 ; 0 s                 ; 3.63 V                       ; 0.000229 V                   ; 3.65 V              ; -0.319 V            ; 0.041 V                              ; 0.528 V                              ; 4.29e-10 s                  ; 1.87e-10 s                  ; Yes                        ; No                         ; 3.63 V                      ; 0.000229 V                  ; 3.65 V             ; -0.319 V           ; 0.041 V                             ; 0.528 V                             ; 4.29e-10 s                 ; 1.87e-10 s                 ; Yes                       ; No                        ;
; GPIO[16]            ; 3.3-V LVTTL  ; 0 s                 ; 0 s                 ; 3.63 V                       ; 0.000229 V                   ; 3.65 V              ; -0.319 V            ; 0.041 V                              ; 0.528 V                              ; 4.29e-10 s                  ; 1.87e-10 s                  ; Yes                        ; No                         ; 3.63 V                      ; 0.000229 V                  ; 3.65 V             ; -0.319 V           ; 0.041 V                             ; 0.528 V                             ; 4.29e-10 s                 ; 1.87e-10 s                 ; Yes                       ; No                        ;
; GPIO[17]            ; 3.3-V LVTTL  ; 0 s                 ; 0 s                 ; 3.63 V                       ; 0.000238 V                   ; 3.64 V              ; -0.254 V            ; 0.052 V                              ; 0.543 V                              ; 4.59e-10 s                  ; 1.96e-10 s                  ; Yes                        ; No                         ; 3.63 V                      ; 0.000238 V                  ; 3.64 V             ; -0.254 V           ; 0.052 V                             ; 0.543 V                             ; 4.59e-10 s                 ; 1.96e-10 s                 ; Yes                       ; No                        ;
; GPIO[18]            ; 3.3-V LVTTL  ; 0 s                 ; 0 s                 ; 3.63 V                       ; 0.000184 V                   ; 3.64 V              ; -0.19 V             ; 0.019 V                              ; 0.425 V                              ; 4.44e-10 s                  ; 1.91e-10 s                  ; Yes                        ; No                         ; 3.63 V                      ; 0.000184 V                  ; 3.64 V             ; -0.19 V            ; 0.019 V                             ; 0.425 V                             ; 4.44e-10 s                 ; 1.91e-10 s                 ; Yes                       ; No                        ;
; GPIO[19]            ; 3.3-V LVTTL  ; 0 s                 ; 0 s                 ; 3.63 V                       ; 0.000229 V                   ; 3.65 V              ; -0.316 V            ; 0.041 V                              ; 0.53 V                               ; 4.29e-10 s                  ; 1.87e-10 s                  ; Yes                        ; No                         ; 3.63 V                      ; 0.000229 V                  ; 3.65 V             ; -0.316 V           ; 0.041 V                             ; 0.53 V                              ; 4.29e-10 s                 ; 1.87e-10 s                 ; Yes                       ; No                        ;
; GPIO[20]            ; 3.3-V LVTTL  ; 0 s                 ; 0 s                 ; 3.63 V                       ; 0.000229 V                   ; 3.65 V              ; -0.316 V            ; 0.041 V                              ; 0.53 V                               ; 4.29e-10 s                  ; 1.87e-10 s                  ; Yes                        ; No                         ; 3.63 V                      ; 0.000229 V                  ; 3.65 V             ; -0.316 V           ; 0.041 V                             ; 0.53 V                              ; 4.29e-10 s                 ; 1.87e-10 s                 ; Yes                       ; No                        ;
; GPIO[21]            ; 3.3-V LVTTL  ; 0 s                 ; 0 s                 ; 3.63 V                       ; 0.000229 V                   ; 3.65 V              ; -0.316 V            ; 0.041 V                              ; 0.53 V                               ; 4.29e-10 s                  ; 1.87e-10 s                  ; Yes                        ; No                         ; 3.63 V                      ; 0.000229 V                  ; 3.65 V             ; -0.316 V           ; 0.041 V                             ; 0.53 V                              ; 4.29e-10 s                 ; 1.87e-10 s                 ; Yes                       ; No                        ;
; GPIO[22]            ; 3.3-V LVTTL  ; 0 s                 ; 0 s                 ; 3.63 V                       ; 0.000229 V                   ; 3.65 V              ; -0.319 V            ; 0.041 V                              ; 0.528 V                              ; 4.29e-10 s                  ; 1.87e-10 s                  ; Yes                        ; No                         ; 3.63 V                      ; 0.000229 V                  ; 3.65 V             ; -0.319 V           ; 0.041 V                             ; 0.528 V                             ; 4.29e-10 s                 ; 1.87e-10 s                 ; Yes                       ; No                        ;
; GPIO[23]            ; 3.3-V LVTTL  ; 0 s                 ; 0 s                 ; 3.63 V                       ; 0.000184 V                   ; 3.64 V              ; -0.19 V             ; 0.019 V                              ; 0.425 V                              ; 4.44e-10 s                  ; 1.91e-10 s                  ; Yes                        ; No                         ; 3.63 V                      ; 0.000184 V                  ; 3.64 V             ; -0.19 V            ; 0.019 V                             ; 0.425 V                             ; 4.44e-10 s                 ; 1.91e-10 s                 ; Yes                       ; No                        ;
; GPIO[24]            ; 3.3-V LVTTL  ; 0 s                 ; 0 s                 ; 3.63 V                       ; 0.000229 V                   ; 3.65 V              ; -0.319 V            ; 0.041 V                              ; 0.528 V                              ; 4.29e-10 s                  ; 1.87e-10 s                  ; Yes                        ; No                         ; 3.63 V                      ; 0.000229 V                  ; 3.65 V             ; -0.319 V           ; 0.041 V                             ; 0.528 V                             ; 4.29e-10 s                 ; 1.87e-10 s                 ; Yes                       ; No                        ;
; GPIO[25]            ; 3.3-V LVTTL  ; 0 s                 ; 0 s                 ; 3.63 V                       ; 0.000229 V                   ; 3.65 V              ; -0.316 V            ; 0.041 V                              ; 0.53 V                               ; 4.29e-10 s                  ; 1.87e-10 s                  ; Yes                        ; No                         ; 3.63 V                      ; 0.000229 V                  ; 3.65 V             ; -0.316 V           ; 0.041 V                             ; 0.53 V                              ; 4.29e-10 s                 ; 1.87e-10 s                 ; Yes                       ; No                        ;
; GPIO[26]            ; 3.3-V LVTTL  ; 0 s                 ; 0 s                 ; 3.63 V                       ; 0.000184 V                   ; 3.64 V              ; -0.19 V             ; 0.019 V                              ; 0.425 V                              ; 4.44e-10 s                  ; 1.91e-10 s                  ; Yes                        ; No                         ; 3.63 V                      ; 0.000184 V                  ; 3.64 V             ; -0.19 V            ; 0.019 V                             ; 0.425 V                             ; 4.44e-10 s                 ; 1.91e-10 s                 ; Yes                       ; No                        ;
; GPIO[27]            ; 3.3-V LVTTL  ; 0 s                 ; 0 s                 ; 3.63 V                       ; 0.000238 V                   ; 3.64 V              ; -0.254 V            ; 0.052 V                              ; 0.543 V                              ; 4.59e-10 s                  ; 1.96e-10 s                  ; Yes                        ; No                         ; 3.63 V                      ; 0.000238 V                  ; 3.64 V             ; -0.254 V           ; 0.052 V                             ; 0.543 V                             ; 4.59e-10 s                 ; 1.96e-10 s                 ; Yes                       ; No                        ;
; GPIO[28]            ; 3.3-V LVTTL  ; 0 s                 ; 0 s                 ; 3.63 V                       ; 0.000229 V                   ; 3.65 V              ; -0.316 V            ; 0.041 V                              ; 0.53 V                               ; 4.29e-10 s                  ; 1.87e-10 s                  ; Yes                        ; No                         ; 3.63 V                      ; 0.000229 V                  ; 3.65 V             ; -0.316 V           ; 0.041 V                             ; 0.53 V                              ; 4.29e-10 s                 ; 1.87e-10 s                 ; Yes                       ; No                        ;
; GPIO[29]            ; 3.3-V LVTTL  ; 0 s                 ; 0 s                 ; 3.63 V                       ; 0.000184 V                   ; 3.64 V              ; -0.19 V             ; 0.019 V                              ; 0.425 V                              ; 4.44e-10 s                  ; 1.91e-10 s                  ; Yes                        ; No                         ; 3.63 V                      ; 0.000184 V                  ; 3.64 V             ; -0.19 V            ; 0.019 V                             ; 0.425 V                             ; 4.44e-10 s                 ; 1.91e-10 s                 ; Yes                       ; No                        ;
; GPIO[30]            ; 3.3-V LVTTL  ; 0 s                 ; 0 s                 ; 3.63 V                       ; 0.000238 V                   ; 3.64 V              ; -0.254 V            ; 0.052 V                              ; 0.543 V                              ; 4.59e-10 s                  ; 1.96e-10 s                  ; Yes                        ; No                         ; 3.63 V                      ; 0.000238 V                  ; 3.64 V             ; -0.254 V           ; 0.052 V                             ; 0.543 V                             ; 4.59e-10 s                 ; 1.96e-10 s                 ; Yes                       ; No                        ;
; GPIO[31]            ; 3.3-V LVTTL  ; 0 s                 ; 0 s                 ; 3.63 V                       ; 0.000184 V                   ; 3.64 V              ; -0.19 V             ; 0.019 V                              ; 0.425 V                              ; 4.44e-10 s                  ; 1.91e-10 s                  ; Yes                        ; No                         ; 3.63 V                      ; 0.000184 V                  ; 3.64 V             ; -0.19 V            ; 0.019 V                             ; 0.425 V                             ; 4.44e-10 s                 ; 1.91e-10 s                 ; Yes                       ; No                        ;
; altera_reserved_tdo ; 3.3-V LVTTL  ; 0 s                 ; 0 s                 ; 3.63 V                       ; 0.000312 V                   ; 3.68 V              ; -0.0512 V           ; 0.226 V                              ; 0.205 V                              ; 5.93e-10 s                  ; 2.92e-10 s                  ; No                         ; Yes                        ; 3.63 V                      ; 0.000312 V                  ; 3.68 V             ; -0.0512 V          ; 0.226 V                             ; 0.205 V                             ; 5.93e-10 s                 ; 2.92e-10 s                 ; No                        ; Yes                       ;
+---------------------+--------------+---------------------+---------------------+------------------------------+------------------------------+---------------------+---------------------+--------------------------------------+--------------------------------------+-----------------------------+-----------------------------+----------------------------+----------------------------+-----------------------------+-----------------------------+--------------------+--------------------+-------------------------------------+-------------------------------------+----------------------------+----------------------------+---------------------------+---------------------------+


+---------------------------------------------------------------------------------------------+
; Setup Transfers                                                                             ;
+---------------------+---------------------+------------+------------+------------+----------+
; From Clock          ; To Clock            ; RR Paths   ; FR Paths   ; RF Paths   ; FF Paths ;
+---------------------+---------------------+------------+------------+------------+----------+
; altera_reserved_tck ; altera_reserved_tck ; 13117      ; 0          ; 55         ; 0        ;
; CLOCK_50            ; altera_reserved_tck ; false path ; 0          ; 0          ; 0        ;
; altera_reserved_tck ; CLOCK_50            ; false path ; 0          ; 0          ; 0        ;
; CLOCK_50            ; CLOCK_50            ; 19108658   ; 0          ; 0          ; 0        ;
; ro_enable_vclk      ; CLOCK_50            ; false path ; false path ; 0          ; 0        ;
; CLOCK_50            ; ro_enable_vclk      ; false path ; 0          ; false path ; 0        ;
; ro_enable_vclk      ; ro_enable_vclk      ; 0          ; 0          ; 0          ; 76800    ;
+---------------------+---------------------+------------+------------+------------+----------+
Entries labeled "false path" only account for clock-to-clock false paths and not path-based false paths. As a result, actual path counts may be lower than reported.


+---------------------------------------------------------------------------------------------+
; Hold Transfers                                                                              ;
+---------------------+---------------------+------------+------------+------------+----------+
; From Clock          ; To Clock            ; RR Paths   ; FR Paths   ; RF Paths   ; FF Paths ;
+---------------------+---------------------+------------+------------+------------+----------+
; altera_reserved_tck ; altera_reserved_tck ; 13117      ; 0          ; 55         ; 0        ;
; CLOCK_50            ; altera_reserved_tck ; false path ; 0          ; 0          ; 0        ;
; altera_reserved_tck ; CLOCK_50            ; false path ; 0          ; 0          ; 0        ;
; CLOCK_50            ; CLOCK_50            ; 19108658   ; 0          ; 0          ; 0        ;
; ro_enable_vclk      ; CLOCK_50            ; false path ; false path ; 0          ; 0        ;
; CLOCK_50            ; ro_enable_vclk      ; false path ; 0          ; false path ; 0        ;
; ro_enable_vclk      ; ro_enable_vclk      ; 0          ; 0          ; 0          ; 76800    ;
+---------------------+---------------------+------------+------------+------------+----------+
Entries labeled "false path" only account for clock-to-clock false paths and not path-based false paths. As a result, actual path counts may be lower than reported.


+-------------------------------------------------------------------------------------------+
; Recovery Transfers                                                                        ;
+---------------------+---------------------+------------+----------+------------+----------+
; From Clock          ; To Clock            ; RR Paths   ; FR Paths ; RF Paths   ; FF Paths ;
+---------------------+---------------------+------------+----------+------------+----------+
; altera_reserved_tck ; altera_reserved_tck ; 1203       ; 0        ; 0          ; 0        ;
; altera_reserved_tck ; CLOCK_50            ; false path ; 0        ; 0          ; 0        ;
; CLOCK_50            ; ro_enable_vclk      ; 0          ; 0        ; false path ; 0        ;
+---------------------+---------------------+------------+----------+------------+----------+
Entries labeled "false path" only account for clock-to-clock false paths and not path-based false paths. As a result, actual path counts may be lower than reported.


+-------------------------------------------------------------------------------------------+
; Removal Transfers                                                                         ;
+---------------------+---------------------+------------+----------+------------+----------+
; From Clock          ; To Clock            ; RR Paths   ; FR Paths ; RF Paths   ; FF Paths ;
+---------------------+---------------------+------------+----------+------------+----------+
; altera_reserved_tck ; altera_reserved_tck ; 1203       ; 0        ; 0          ; 0        ;
; altera_reserved_tck ; CLOCK_50            ; false path ; 0        ; 0          ; 0        ;
; CLOCK_50            ; ro_enable_vclk      ; 0          ; 0        ; false path ; 0        ;
+---------------------+---------------------+------------+----------+------------+----------+
Entries labeled "false path" only account for clock-to-clock false paths and not path-based false paths. As a result, actual path counts may be lower than reported.


---------------
; Report TCCS ;
---------------
No dedicated SERDES Transmitter circuitry present in device or used in design


---------------
; Report RSKM ;
---------------
No non-DPA dedicated SERDES Receiver circuitry present in device or used in design


+------------------------------------------------+
; Unconstrained Paths Summary                    ;
+---------------------------------+-------+------+
; Property                        ; Setup ; Hold ;
+---------------------------------+-------+------+
; Illegal Clocks                  ; 0     ; 0    ;
; Unconstrained Clocks            ; 0     ; 0    ;
; Unconstrained Input Ports       ; 2     ; 2    ;
; Unconstrained Input Port Paths  ; 53    ; 53   ;
; Unconstrained Output Ports      ; 1     ; 1    ;
; Unconstrained Output Port Paths ; 5     ; 5    ;
+---------------------------------+-------+------+


+----------------------------------------------------------------------+
; Clock Status Summary                                                 ;
+---------------------------+---------------------+------+-------------+
; Target                    ; Clock               ; Type ; Status      ;
+---------------------------+---------------------+------+-------------+
; CLOCK_50                  ; CLOCK_50            ; Base ; Constrained ;
; altera_reserved_tck       ; altera_reserved_tck ; Base ; Constrained ;
; ro_puf:u_ro_puf|ro_enable ; ro_enable_vclk      ; Base ; Constrained ;
+---------------------------+---------------------+------+-------------+


+------------------------------------------------------------------------------------------------------------+
; Unconstrained Input Ports                                                                                  ;
+---------------------+--------------------------------------------------------------------------------------+
; Input Port          ; Comment                                                                              ;
+---------------------+--------------------------------------------------------------------------------------+
; altera_reserved_tdi ; No input delay, min/max delays, false-path exceptions, or max skew assignments found ;
; altera_reserved_tms ; No input delay, min/max delays, false-path exceptions, or max skew assignments found ;
+---------------------+--------------------------------------------------------------------------------------+


+-------------------------------------------------------------------------------------------------------------+
; Unconstrained Output Ports                                                                                  ;
+---------------------+---------------------------------------------------------------------------------------+
; Output Port         ; Comment                                                                               ;
+---------------------+---------------------------------------------------------------------------------------+
; altera_reserved_tdo ; No output delay, min/max delays, false-path exceptions, or max skew assignments found ;
+---------------------+---------------------------------------------------------------------------------------+


+------------------------------------------------------------------------------------------------------------+
; Unconstrained Input Ports                                                                                  ;
+---------------------+--------------------------------------------------------------------------------------+
; Input Port          ; Comment                                                                              ;
+---------------------+--------------------------------------------------------------------------------------+
; altera_reserved_tdi ; No input delay, min/max delays, false-path exceptions, or max skew assignments found ;
; altera_reserved_tms ; No input delay, min/max delays, false-path exceptions, or max skew assignments found ;
+---------------------+--------------------------------------------------------------------------------------+


+-------------------------------------------------------------------------------------------------------------+
; Unconstrained Output Ports                                                                                  ;
+---------------------+---------------------------------------------------------------------------------------+
; Output Port         ; Comment                                                                               ;
+---------------------+---------------------------------------------------------------------------------------+
; altera_reserved_tdo ; No output delay, min/max delays, false-path exceptions, or max skew assignments found ;
+---------------------+---------------------------------------------------------------------------------------+


+--------------------------+
; Timing Analyzer Messages ;
+--------------------------+
Info: *******************************************************************
Info: Running Quartus Prime Timing Analyzer
    Info: Version 25.1std.0 Build 1129 10/21/2025 SC Lite Edition
    Info: Processing started: Sun Aug 30 11:45:50 2026
Info: Command: quartus_sta TrueChip -c TrueChip
Info: qsta_default_script.tcl version: #1
Warning (18236): Number of processors has not been specified which may cause overloading on shared machines.  Set the global assignment NUM_PARALLEL_PROCESSORS in your QSF to an appropriate value for best performance.
Info (20030): Parallel compilation is enabled and will use 5 of the 5 processors detected
Info (21077): Low junction temperature is 0 degrees C
Info (21077): High junction temperature is 85 degrees C
Info (332164): Evaluating HDL-embedded SDC commands
    Info (332165): Entity sld_hub
        Info (332166): create_clock -name altera_reserved_tck [get_ports {altera_reserved_tck}] -period 30MHz   
        Info (332166): if { [string equal quartus_fit $::TimeQuestInfo(nameofexecutable)] } { set_max_delay -to [get_ports { altera_reserved_tdo } ] 0 }
        Info (332166): set_clock_groups -asynchronous -group {altera_reserved_tck}
Info (332104): Reading SDC File: 'TrueChip.sdc'
Info (332151): Clock uncertainty is not calculated until you update the timing netlist.
Warning (332125): Found combinational loop of 2 nodes
    Warning (332126): Node "u_ro_puf|n0~638|combout"
    Warning (332126): Node "u_ro_puf|n0~638|datac"
Warning (332125): Found combinational loop of 2 nodes
    Warning (332126): Node "u_ro_puf|n0~639|combout"
    Warning (332126): Node "u_ro_puf|n0~639|datac"
Warning (332125): Found combinational loop of 2 nodes
    Warning (332126): Node "u_ro_puf|n0~523|combout"
    Warning (332126): Node "u_ro_puf|n0~523|dataf"
Warning (332125): Found combinational loop of 2 nodes
    Warning (332126): Node "u_ro_puf|n0~522|combout"
    Warning (332126): Node "u_ro_puf|n0~522|datad"
Warning (332125): Found combinational loop of 2 nodes
    Warning (332126): Node "u_ro_puf|n0~734|combout"
    Warning (332126): Node "u_ro_puf|n0~734|datad"
Warning (332125): Found combinational loop of 2 nodes
    Warning (332126): Node "u_ro_puf|n0~735|combout"
    Warning (332126): Node "u_ro_puf|n0~735|datac"
Warning (332125): Found combinational loop of 2 nodes
    Warning (332126): Node "u_ro_puf|n0~662|combout"
    Warning (332126): Node "u_ro_puf|n0~662|datae"
Warning (332125): Found combinational loop of 2 nodes
    Warning (332126): Node "u_ro_puf|n0~663|combout"
    Warning (332126): Node "u_ro_puf|n0~663|datae"
Warning (332125): Found combinational loop of 2 nodes
    Warning (332126): Node "u_ro_puf|n0~598|combout"
    Warning (332126): Node "u_ro_puf|n0~598|datac"
Warning (332125): Found combinational loop of 2 nodes
    Warning (332126): Node "u_ro_puf|n0~599|combout"
    Warning (332126): Node "u_ro_puf|n0~599|datac"
Warning (332125): Found combinational loop of 2 nodes
    Warning (332126): Node "u_ro_puf|n0~711|combout"
    Warning (332126): Node "u_ro_puf|n0~711|datad"
Warning (332125): Found combinational loop of 2 nodes
    Warning (332126): Node "u_ro_puf|n0~710|combout"
    Warning (332126): Node "u_ro_puf|n0~710|datac"
Warning (332125): Found combinational loop of 2 nodes
    Warning (332126): Node "u_ro_puf|n0~764|combout"
    Warning (332126): Node "u_ro_puf|n0~764|datab"
Warning (332125): Found combinational loop of 2 nodes
    Warning (332126): Node "u_ro_puf|n0~765|combout"
    Warning (332126): Node "u_ro_puf|n0~765|datab"
Warning (332125): Found combinational loop of 2 nodes
    Warning (332126): Node "u_ro_puf|n0~561|combout"
    Warning (332126): Node "u_ro_puf|n0~561|datae"
Warning (332125): Found combinational loop of 2 nodes
    Warning (332126): Node "u_ro_puf|n0~560|combout"
    Warning (332126): Node "u_ro_puf|n0~560|dataf"
Warning (332125): Found combinational loop of 2 nodes
    Warning (332126): Node "u_ro_puf|n0~640|combout"
    Warning (332126): Node "u_ro_puf|n0~640|datab"
Warning (332125): Found combinational loop of 2 nodes
    Warning (332126): Node "u_ro_puf|n0~641|combout"
    Warning (332126): Node "u_ro_puf|n0~641|datab"
Warning (332125): Found combinational loop of 2 nodes
    Warning (332126): Node "u_ro_puf|n0~527|combout"
    Warning (332126): Node "u_ro_puf|n0~527|datac"
Warning (332125): Found combinational loop of 2 nodes
    Warning (332126): Node "u_ro_puf|n0~526|combout"
    Warning (332126): Node "u_ro_puf|n0~526|datac"
Warning (332125): Found combinational loop of 2 nodes
    Warning (332126): Node "u_ro_puf|n0~656|combout"
    Warning (332126): Node "u_ro_puf|n0~656|datac"
Warning (332125): Found combinational loop of 2 nodes
    Warning (332126): Node "u_ro_puf|n0~657|combout"
    Warning (332126): Node "u_ro_puf|n0~657|datac"
Warning (332125): Found combinational loop of 2 nodes
    Warning (332126): Node "u_ro_puf|n0~542|combout"
    Warning (332126): Node "u_ro_puf|n0~542|datac"
Warning (332125): Found combinational loop of 2 nodes
    Warning (332126): Node "u_ro_puf|n0~543|combout"
    Warning (332126): Node "u_ro_puf|n0~543|datad"
Warning (332125): Found combinational loop of 2 nodes
    Warning (332126): Node "u_ro_puf|n0~559|combout"
    Warning (332126): Node "u_ro_puf|n0~559|datae"
Warning (332125): Found combinational loop of 2 nodes
    Warning (332126): Node "u_ro_puf|n0~558|combout"
    Warning (332126): Node "u_ro_puf|n0~558|datac"
Warning (332125): Found combinational loop of 2 nodes
    Warning (332126): Node "u_ro_puf|n0~679|combout"
    Warning (332126): Node "u_ro_puf|n0~679|dataf"
Warning (332125): Found combinational loop of 2 nodes
    Warning (332126): Node "u_ro_puf|n0~678|combout"
    Warning (332126): Node "u_ro_puf|n0~678|datab"
Warning (332125): Found combinational loop of 2 nodes
    Warning (332126): Node "u_ro_puf|n0~714|combout"
    Warning (332126): Node "u_ro_puf|n0~714|datac"
Warning (332125): Found combinational loop of 2 nodes
    Warning (332126): Node "u_ro_puf|n0~715|combout"
    Warning (332126): Node "u_ro_puf|n0~715|datae"
Warning (332125): Found combinational loop of 2 nodes
    Warning (332126): Node "u_ro_puf|n0~577|combout"
    Warning (332126): Node "u_ro_puf|n0~577|datad"
Warning (332125): Found combinational loop of 2 nodes
    Warning (332126): Node "u_ro_puf|n0~576|combout"
    Warning (332126): Node "u_ro_puf|n0~576|datab"
Warning (332125): Found combinational loop of 2 nodes
    Warning (332126): Node "u_ro_puf|n0~622|combout"
    Warning (332126): Node "u_ro_puf|n0~622|datab"
Warning (332125): Found combinational loop of 2 nodes
    Warning (332126): Node "u_ro_puf|n0~623|combout"
    Warning (332126): Node "u_ro_puf|n0~623|datad"
Warning (332125): Found combinational loop of 2 nodes
    Warning (332126): Node "u_ro_puf|n0~699|combout"
    Warning (332126): Node "u_ro_puf|n0~699|datae"
Warning (332125): Found combinational loop of 2 nodes
    Warning (332126): Node "u_ro_puf|n0~698|combout"
    Warning (332126): Node "u_ro_puf|n0~698|datac"
Warning (332125): Found combinational loop of 2 nodes
    Warning (332126): Node "u_ro_puf|n0~515|combout"
    Warning (332126): Node "u_ro_puf|n0~515|datab"
Warning (332125): Found combinational loop of 2 nodes
    Warning (332126): Node "u_ro_puf|n0~514|combout"
    Warning (332126): Node "u_ro_puf|n0~514|datad"
Warning (332125): Found combinational loop of 2 nodes
    Warning (332126): Node "u_ro_puf|n0~612|combout"
    Warning (332126): Node "u_ro_puf|n0~612|datac"
Warning (332125): Found combinational loop of 2 nodes
    Warning (332126): Node "u_ro_puf|n0~613|combout"
    Warning (332126): Node "u_ro_puf|n0~613|datac"
Warning (332125): Found combinational loop of 2 nodes
    Warning (332126): Node "u_ro_puf|n0~611|combout"
    Warning (332126): Node "u_ro_puf|n0~611|datac"
Warning (332125): Found combinational loop of 2 nodes
    Warning (332126): Node "u_ro_puf|n0~610|combout"
    Warning (332126): Node "u_ro_puf|n0~610|datab"
Warning (332125): Found combinational loop of 2 nodes
    Warning (332126): Node "u_ro_puf|n0~602|combout"
    Warning (332126): Node "u_ro_puf|n0~602|datac"
Warning (332125): Found combinational loop of 2 nodes
    Warning (332126): Node "u_ro_puf|n0~603|combout"
    Warning (332126): Node "u_ro_puf|n0~603|datac"
Warning (332125): Found combinational loop of 2 nodes
    Warning (332126): Node "u_ro_puf|n0~547|combout"
    Warning (332126): Node "u_ro_puf|n0~547|datab"
Warning (332125): Found combinational loop of 2 nodes
    Warning (332126): Node "u_ro_puf|n0~546|combout"
    Warning (332126): Node "u_ro_puf|n0~546|datac"
Warning (332125): Found combinational loop of 2 nodes
    Warning (332126): Node "u_ro_puf|n0~650|combout"
    Warning (332126): Node "u_ro_puf|n0~650|datae"
Warning (332125): Found combinational loop of 2 nodes
    Warning (332126): Node "u_ro_puf|n0~651|combout"
    Warning (332126): Node "u_ro_puf|n0~651|datac"
Warning (332125): Found combinational loop of 2 nodes
    Warning (332126): Node "u_ro_puf|n0~539|combout"
    Warning (332126): Node "u_ro_puf|n0~539|datac"
Warning (332125): Found combinational loop of 2 nodes
    Warning (332126): Node "u_ro_puf|n0~538|combout"
    Warning (332126): Node "u_ro_puf|n0~538|dataf"
Warning (332125): Found combinational loop of 2 nodes
    Warning (332126): Node "u_ro_puf|n0~700|combout"
    Warning (332126): Node "u_ro_puf|n0~700|datad"
Warning (332125): Found combinational loop of 2 nodes
    Warning (332126): Node "u_ro_puf|n0~701|combout"
    Warning (332126): Node "u_ro_puf|n0~701|datac"
Warning (332125): Found combinational loop of 2 nodes
    Warning (332126): Node "u_ro_puf|n0~545|combout"
    Warning (332126): Node "u_ro_puf|n0~545|datae"
Warning (332125): Found combinational loop of 2 nodes
    Warning (332126): Node "u_ro_puf|n0~544|combout"
    Warning (332126): Node "u_ro_puf|n0~544|datae"
Warning (332125): Found combinational loop of 2 nodes
    Warning (332126): Node "u_ro_puf|n0~732|combout"
    Warning (332126): Node "u_ro_puf|n0~732|datac"
Warning (332125): Found combinational loop of 2 nodes
    Warning (332126): Node "u_ro_puf|n0~733|combout"
    Warning (332126): Node "u_ro_puf|n0~733|datae"
Warning (332125): Found combinational loop of 2 nodes
    Warning (332126): Node "u_ro_puf|n0~655|combout"
    Warning (332126): Node "u_ro_puf|n0~655|datae"
Warning (332125): Found combinational loop of 2 nodes
    Warning (332126): Node "u_ro_puf|n0~654|combout"
    Warning (332126): Node "u_ro_puf|n0~654|datac"
Warning (332125): Found combinational loop of 2 nodes
    Warning (332126): Node "u_ro_puf|n0~597|combout"
    Warning (332126): Node "u_ro_puf|n0~597|datac"
Warning (332125): Found combinational loop of 2 nodes
    Warning (332126): Node "u_ro_puf|n0~596|combout"
    Warning (332126): Node "u_ro_puf|n0~596|datac"
Warning (332125): Found combinational loop of 2 nodes
    Warning (332126): Node "u_ro_puf|n0~629|combout"
    Warning (332126): Node "u_ro_puf|n0~629|datac"
Warning (332125): Found combinational loop of 2 nodes
    Warning (332126): Node "u_ro_puf|n0~628|combout"
    Warning (332126): Node "u_ro_puf|n0~628|datab"
Warning (332125): Found combinational loop of 2 nodes
    Warning (332126): Node "u_ro_puf|n0~676|combout"
    Warning (332126): Node "u_ro_puf|n0~676|datae"
Warning (332125): Found combinational loop of 2 nodes
    Warning (332126): Node "u_ro_puf|n0~677|combout"
    Warning (332126): Node "u_ro_puf|n0~677|datac"
Warning (332125): Found combinational loop of 2 nodes
    Warning (332126): Node "u_ro_puf|n0~563|combout"
    Warning (332126): Node "u_ro_puf|n0~563|datac"
Warning (332125): Found combinational loop of 2 nodes
    Warning (332126): Node "u_ro_puf|n0~562|combout"
    Warning (332126): Node "u_ro_puf|n0~562|datac"
Warning (332125): Found combinational loop of 2 nodes
    Warning (332126): Node "u_ro_puf|n0~731|combout"
    Warning (332126): Node "u_ro_puf|n0~731|datab"
Warning (332125): Found combinational loop of 2 nodes
    Warning (332126): Node "u_ro_puf|n0~730|combout"
    Warning (332126): Node "u_ro_puf|n0~730|datad"
Warning (332125): Found combinational loop of 2 nodes
    Warning (332126): Node "u_ro_puf|n0~575|combout"
    Warning (332126): Node "u_ro_puf|n0~575|datad"
Warning (332125): Found combinational loop of 2 nodes
    Warning (332126): Node "u_ro_puf|n0~574|combout"
    Warning (332126): Node "u_ro_puf|n0~574|datac"
Warning (332125): Found combinational loop of 2 nodes
    Warning (332126): Node "u_ro_puf|n0~631|combout"
    Warning (332126): Node "u_ro_puf|n0~631|datad"
Warning (332125): Found combinational loop of 2 nodes
    Warning (332126): Node "u_ro_puf|n0~630|combout"
    Warning (332126): Node "u_ro_puf|n0~630|datac"
Warning (332125): Found combinational loop of 2 nodes
    Warning (332126): Node "u_ro_puf|n0~696|combout"
    Warning (332126): Node "u_ro_puf|n0~696|datac"
Warning (332125): Found combinational loop of 2 nodes
    Warning (332126): Node "u_ro_puf|n0~697|combout"
    Warning (332126): Node "u_ro_puf|n0~697|datac"
Warning (332125): Found combinational loop of 2 nodes
    Warning (332126): Node "u_ro_puf|n0~758|combout"
    Warning (332126): Node "u_ro_puf|n0~758|datac"
Warning (332125): Found combinational loop of 2 nodes
    Warning (332126): Node "u_ro_puf|n0~759|combout"
    Warning (332126): Node "u_ro_puf|n0~759|datab"
Warning (332125): Found combinational loop of 2 nodes
    Warning (332126): Node "u_ro_puf|n0~644|combout"
    Warning (332126): Node "u_ro_puf|n0~644|datad"
Warning (332125): Found combinational loop of 2 nodes
    Warning (332126): Node "u_ro_puf|n0~645|combout"
    Warning (332126): Node "u_ro_puf|n0~645|datae"
Warning (332125): Found combinational loop of 2 nodes
    Warning (332126): Node "u_ro_puf|n0~532|combout"
    Warning (332126): Node "u_ro_puf|n0~532|datac"
Warning (332125): Found combinational loop of 2 nodes
    Warning (332126): Node "u_ro_puf|n0~533|combout"
    Warning (332126): Node "u_ro_puf|n0~533|datad"
Warning (332125): Found combinational loop of 2 nodes
    Warning (332126): Node "u_ro_puf|n0~723|combout"
    Warning (332126): Node "u_ro_puf|n0~723|dataf"
Warning (332125): Found combinational loop of 2 nodes
    Warning (332126): Node "u_ro_puf|n0~722|combout"
    Warning (332126): Node "u_ro_puf|n0~722|datad"
Warning (332125): Found combinational loop of 2 nodes
    Warning (332126): Node "u_ro_puf|n0~606|combout"
    Warning (332126): Node "u_ro_puf|n0~606|datac"
Warning (332125): Found combinational loop of 2 nodes
    Warning (332126): Node "u_ro_puf|n0~607|combout"
    Warning (332126): Node "u_ro_puf|n0~607|datad"
Warning (332125): Found combinational loop of 2 nodes
    Warning (332126): Node "u_ro_puf|n0~540|combout"
    Warning (332126): Node "u_ro_puf|n0~540|dataf"
Warning (332125): Found combinational loop of 2 nodes
    Warning (332126): Node "u_ro_puf|n0~541|combout"
    Warning (332126): Node "u_ro_puf|n0~541|datae"
Warning (332125): Found combinational loop of 2 nodes
    Warning (332126): Node "u_ro_puf|n0~739|combout"
    Warning (332126): Node "u_ro_puf|n0~739|datad"
Warning (332125): Found combinational loop of 2 nodes
    Warning (332126): Node "u_ro_puf|n0~738|combout"
    Warning (332126): Node "u_ro_puf|n0~738|datae"
Warning (332125): Found combinational loop of 2 nodes
    Warning (332126): Node "u_ro_puf|n0~653|combout"
    Warning (332126): Node "u_ro_puf|n0~653|datac"
Warning (332125): Found combinational loop of 2 nodes
    Warning (332126): Node "u_ro_puf|n0~652|combout"
    Warning (332126): Node "u_ro_puf|n0~652|datac"
Warning (332125): Found combinational loop of 2 nodes
    Warning (332126): Node "u_ro_puf|n0~674|combout"
    Warning (332126): Node "u_ro_puf|n0~674|datae"
Warning (332125): Found combinational loop of 2 nodes
    Warning (332126): Node "u_ro_puf|n0~675|combout"
    Warning (332126): Node "u_ro_puf|n0~675|datab"
Warning (332125): Found combinational loop of 2 nodes
    Warning (332126): Node "u_ro_puf|n0~680|combout"
    Warning (332126): Node "u_ro_puf|n0~680|datad"
Warning (332125): Found combinational loop of 2 nodes
    Warning (332126): Node "u_ro_puf|n0~681|combout"
    Warning (332126): Node "u_ro_puf|n0~681|datac"
Warning (332125): Found combinational loop of 2 nodes
    Warning (332126): Node "u_ro_puf|n0~572|combout"
    Warning (332126): Node "u_ro_puf|n0~572|datac"
Warning (332125): Found combinational loop of 2 nodes
    Warning (332126): Node "u_ro_puf|n0~573|combout"
    Warning (332126): Node "u_ro_puf|n0~573|datac"
Warning (332125): Found combinational loop of 2 nodes
    Warning (332126): Node "u_ro_puf|n0~724|combout"
    Warning (332126): Node "u_ro_puf|n0~724|datac"
Warning (332125): Found combinational loop of 2 nodes
    Warning (332126): Node "u_ro_puf|n0~725|combout"
    Warning (332126): Node "u_ro_puf|n0~725|datac"
Warning (332125): Found combinational loop of 2 nodes
    Warning (332126): Node "u_ro_puf|n0~661|combout"
    Warning (332126): Node "u_ro_puf|n0~661|datad"
Warning (332125): Found combinational loop of 2 nodes
    Warning (332126): Node "u_ro_puf|n0~660|combout"
    Warning (332126): Node "u_ro_puf|n0~660|datab"
Warning (332125): Found combinational loop of 2 nodes
    Warning (332126): Node "u_ro_puf|n0~589|combout"
    Warning (332126): Node "u_ro_puf|n0~589|datae"
Warning (332125): Found combinational loop of 2 nodes
    Warning (332126): Node "u_ro_puf|n0~588|combout"
    Warning (332126): Node "u_ro_puf|n0~588|dataa"
Warning (332125): Found combinational loop of 2 nodes
    Warning (332126): Node "u_ro_puf|n0~604|combout"
    Warning (332126): Node "u_ro_puf|n0~604|datab"
Warning (332125): Found combinational loop of 2 nodes
    Warning (332126): Node "u_ro_puf|n0~605|combout"
    Warning (332126): Node "u_ro_puf|n0~605|datad"
Warning (332125): Found combinational loop of 2 nodes
    Warning (332126): Node "u_ro_puf|n0~548|combout"
    Warning (332126): Node "u_ro_puf|n0~548|datad"
Warning (332125): Found combinational loop of 2 nodes
    Warning (332126): Node "u_ro_puf|n0~549|combout"
    Warning (332126): Node "u_ro_puf|n0~549|datad"
Warning (332125): Found combinational loop of 2 nodes
    Warning (332126): Node "u_ro_puf|n0~728|combout"
    Warning (332126): Node "u_ro_puf|n0~728|datae"
Warning (332125): Found combinational loop of 2 nodes
    Warning (332126): Node "u_ro_puf|n0~729|combout"
    Warning (332126): Node "u_ro_puf|n0~729|datae"
Warning (332125): Found combinational loop of 2 nodes
    Warning (332126): Node "u_ro_puf|n0~659|combout"
    Warning (332126): Node "u_ro_puf|n0~659|dataf"
Warning (332125): Found combinational loop of 2 nodes
    Warning (332126): Node "u_ro_puf|n0~658|combout"
    Warning (332126): Node "u_ro_puf|n0~658|datad"
Warning (332125): Found combinational loop of 2 nodes
    Warning (332126): Node "u_ro_puf|n0~583|combout"
    Warning (332126): Node "u_ro_puf|n0~583|datae"
Warning (332125): Found combinational loop of 2 nodes
    Warning (332126): Node "u_ro_puf|n0~582|combout"
    Warning (332126): Node "u_ro_puf|n0~582|dataf"
Warning (332125): Found combinational loop of 2 nodes
    Warning (332126): Node "u_ro_puf|n0~614|combout"
    Warning (332126): Node "u_ro_puf|n0~614|datac"
Warning (332125): Found combinational loop of 2 nodes
    Warning (332126): Node "u_ro_puf|n0~615|combout"
    Warning (332126): Node "u_ro_puf|n0~615|datac"
Warning (332125): Found combinational loop of 2 nodes
    Warning (332126): Node "u_ro_puf|n0~553|combout"
    Warning (332126): Node "u_ro_puf|n0~553|datad"
Warning (332125): Found combinational loop of 2 nodes
    Warning (332126): Node "u_ro_puf|n0~552|combout"
    Warning (332126): Node "u_ro_puf|n0~552|datad"
Warning (332125): Found combinational loop of 2 nodes
    Warning (332126): Node "u_ro_puf|n0~646|combout"
    Warning (332126): Node "u_ro_puf|n0~646|datab"
Warning (332125): Found combinational loop of 2 nodes
    Warning (332126): Node "u_ro_puf|n0~647|combout"
    Warning (332126): Node "u_ro_puf|n0~647|datac"
Warning (332125): Found combinational loop of 2 nodes
    Warning (332126): Node "u_ro_puf|n0~682|combout"
    Warning (332126): Node "u_ro_puf|n0~682|datac"
Warning (332125): Found combinational loop of 2 nodes
    Warning (332126): Node "u_ro_puf|n0~683|combout"
    Warning (332126): Node "u_ro_puf|n0~683|datad"
Warning (332125): Found combinational loop of 2 nodes
    Warning (332126): Node "u_ro_puf|n0~524|combout"
    Warning (332126): Node "u_ro_puf|n0~524|datae"
Warning (332125): Found combinational loop of 2 nodes
    Warning (332126): Node "u_ro_puf|n0~525|combout"
    Warning (332126): Node "u_ro_puf|n0~525|datae"
Warning (332125): Found combinational loop of 2 nodes
    Warning (332126): Node "u_ro_puf|n0~513|combout"
    Warning (332126): Node "u_ro_puf|n0~513|datae"
Warning (332125): Found combinational loop of 2 nodes
    Warning (332126): Node "u_ro_puf|n0~512|combout"
    Warning (332126): Node "u_ro_puf|n0~512|datae"
Warning (332125): Found combinational loop of 2 nodes
    Warning (332126): Node "u_ro_puf|n0~708|combout"
    Warning (332126): Node "u_ro_puf|n0~708|datab"
Warning (332125): Found combinational loop of 2 nodes
    Warning (332126): Node "u_ro_puf|n0~709|combout"
    Warning (332126): Node "u_ro_puf|n0~709|datad"
Warning (332125): Found combinational loop of 2 nodes
    Warning (332126): Node "u_ro_puf|n0~519|combout"
    Warning (332126): Node "u_ro_puf|n0~519|datae"
Warning (332125): Found combinational loop of 2 nodes
    Warning (332126): Node "u_ro_puf|n0~518|combout"
    Warning (332126): Node "u_ro_puf|n0~518|datae"
Warning (332125): Found combinational loop of 2 nodes
    Warning (332126): Node "u_ro_puf|n0~567|combout"
    Warning (332126): Node "u_ro_puf|n0~567|datad"
Warning (332125): Found combinational loop of 2 nodes
    Warning (332126): Node "u_ro_puf|n0~566|combout"
    Warning (332126): Node "u_ro_puf|n0~566|datab"
Warning (332125): Found combinational loop of 2 nodes
    Warning (332126): Node "u_ro_puf|n0~648|combout"
    Warning (332126): Node "u_ro_puf|n0~648|datae"
Warning (332125): Found combinational loop of 2 nodes
    Warning (332126): Node "u_ro_puf|n0~649|combout"
    Warning (332126): Node "u_ro_puf|n0~649|datae"
Warning (332125): Found combinational loop of 2 nodes
    Warning (332126): Node "u_ro_puf|n0~529|combout"
    Warning (332126): Node "u_ro_puf|n0~529|datad"
Warning (332125): Found combinational loop of 2 nodes
    Warning (332126): Node "u_ro_puf|n0~528|combout"
    Warning (332126): Node "u_ro_puf|n0~528|datab"
Warning (332125): Found combinational loop of 2 nodes
    Warning (332126): Node "u_ro_puf|n0~590|combout"
    Warning (332126): Node "u_ro_puf|n0~590|datac"
Warning (332125): Found combinational loop of 2 nodes
    Warning (332126): Node "u_ro_puf|n0~591|combout"
    Warning (332126): Node "u_ro_puf|n0~591|datad"
Warning (332125): Found combinational loop of 2 nodes
    Warning (332126): Node "u_ro_puf|n0~624|combout"
    Warning (332126): Node "u_ro_puf|n0~624|datad"
Warning (332125): Found combinational loop of 2 nodes
    Warning (332126): Node "u_ro_puf|n0~625|combout"
    Warning (332126): Node "u_ro_puf|n0~625|datac"
Warning (332125): Found combinational loop of 2 nodes
    Warning (332126): Node "u_ro_puf|n0~672|combout"
    Warning (332126): Node "u_ro_puf|n0~672|datab"
Warning (332125): Found combinational loop of 2 nodes
    Warning (332126): Node "u_ro_puf|n0~673|combout"
    Warning (332126): Node "u_ro_puf|n0~673|dataf"
Warning (332125): Found combinational loop of 2 nodes
    Warning (332126): Node "u_ro_puf|n0~695|combout"
    Warning (332126): Node "u_ro_puf|n0~695|datad"
Warning (332125): Found combinational loop of 2 nodes
    Warning (332126): Node "u_ro_puf|n0~694|combout"
    Warning (332126): Node "u_ro_puf|n0~694|datac"
Warning (332125): Found combinational loop of 2 nodes
    Warning (332126): Node "u_ro_puf|n0~763|combout"
    Warning (332126): Node "u_ro_puf|n0~763|datac"
Warning (332125): Found combinational loop of 2 nodes
    Warning (332126): Node "u_ro_puf|n0~762|combout"
    Warning (332126): Node "u_ro_puf|n0~762|datac"
Warning (332125): Found combinational loop of 2 nodes
    Warning (332126): Node "u_ro_puf|n0~564|combout"
    Warning (332126): Node "u_ro_puf|n0~564|datac"
Warning (332125): Found combinational loop of 2 nodes
    Warning (332126): Node "u_ro_puf|n0~565|combout"
    Warning (332126): Node "u_ro_puf|n0~565|datad"
Warning (332125): Found combinational loop of 2 nodes
    Warning (332126): Node "u_ro_puf|n0~642|combout"
    Warning (332126): Node "u_ro_puf|n0~642|datad"
Warning (332125): Found combinational loop of 2 nodes
    Warning (332126): Node "u_ro_puf|n0~643|combout"
    Warning (332126): Node "u_ro_puf|n0~643|dataf"
Warning (332125): Found combinational loop of 2 nodes
    Warning (332126): Node "u_ro_puf|n0~531|combout"
    Warning (332126): Node "u_ro_puf|n0~531|datae"
Warning (332125): Found combinational loop of 2 nodes
    Warning (332126): Node "u_ro_puf|n0~530|combout"
    Warning (332126): Node "u_ro_puf|n0~530|datad"
Warning (332125): Found combinational loop of 2 nodes
    Warning (332126): Node "u_ro_puf|n0~637|combout"
    Warning (332126): Node "u_ro_puf|n0~637|datab"
Warning (332125): Found combinational loop of 2 nodes
    Warning (332126): Node "u_ro_puf|n0~636|combout"
    Warning (332126): Node "u_ro_puf|n0~636|datab"
Warning (332125): Found combinational loop of 2 nodes
    Warning (332126): Node "u_ro_puf|n0~705|combout"
    Warning (332126): Node "u_ro_puf|n0~705|datad"
Warning (332125): Found combinational loop of 2 nodes
    Warning (332126): Node "u_ro_puf|n0~704|combout"
    Warning (332126): Node "u_ro_puf|n0~704|datad"
Warning (332125): Found combinational loop of 2 nodes
    Warning (332126): Node "u_ro_puf|n0~521|combout"
    Warning (332126): Node "u_ro_puf|n0~521|datac"
Warning (332125): Found combinational loop of 2 nodes
    Warning (332126): Node "u_ro_puf|n0~520|combout"
    Warning (332126): Node "u_ro_puf|n0~520|datab"
Warning (332125): Found combinational loop of 2 nodes
    Warning (332126): Node "u_ro_puf|n0~634|combout"
    Warning (332126): Node "u_ro_puf|n0~634|datab"
Warning (332125): Found combinational loop of 2 nodes
    Warning (332126): Node "u_ro_puf|n0~635|combout"
    Warning (332126): Node "u_ro_puf|n0~635|datae"
Warning (332125): Found combinational loop of 2 nodes
    Warning (332126): Node "u_ro_puf|n0~626|combout"
    Warning (332126): Node "u_ro_puf|n0~626|datae"
Warning (332125): Found combinational loop of 2 nodes
    Warning (332126): Node "u_ro_puf|n0~627|combout"
    Warning (332126): Node "u_ro_puf|n0~627|datad"
Warning (332125): Found combinational loop of 2 nodes
    Warning (332126): Node "u_ro_puf|n0~691|combout"
    Warning (332126): Node "u_ro_puf|n0~691|datac"
Warning (332125): Found combinational loop of 2 nodes
    Warning (332126): Node "u_ro_puf|n0~690|combout"
    Warning (332126): Node "u_ro_puf|n0~690|dataf"
Warning (332125): Found combinational loop of 2 nodes
    Warning (332126): Node "u_ro_puf|n0~693|combout"
    Warning (332126): Node "u_ro_puf|n0~693|datad"
Warning (332125): Found combinational loop of 2 nodes
    Warning (332126): Node "u_ro_puf|n0~692|combout"
    Warning (332126): Node "u_ro_puf|n0~692|datac"
Warning (332125): Found combinational loop of 2 nodes
    Warning (332126): Node "u_ro_puf|n0~703|combout"
    Warning (332126): Node "u_ro_puf|n0~703|dataf"
Warning (332125): Found combinational loop of 2 nodes
    Warning (332126): Node "u_ro_puf|n0~702|combout"
    Warning (332126): Node "u_ro_puf|n0~702|dataf"
Warning (332125): Found combinational loop of 2 nodes
    Warning (332126): Node "u_ro_puf|n0~689|combout"
    Warning (332126): Node "u_ro_puf|n0~689|dataf"
Warning (332125): Found combinational loop of 2 nodes
    Warning (332126): Node "u_ro_puf|n0~688|combout"
    Warning (332126): Node "u_ro_puf|n0~688|datac"
Warning (332125): Found combinational loop of 2 nodes
    Warning (332126): Node "u_ro_puf|n0~761|combout"
    Warning (332126): Node "u_ro_puf|n0~761|datae"
Warning (332125): Found combinational loop of 2 nodes
    Warning (332126): Node "u_ro_puf|n0~760|combout"
    Warning (332126): Node "u_ro_puf|n0~760|datae"
Warning (332125): Found combinational loop of 2 nodes
    Warning (332126): Node "u_ro_puf|n0~571|combout"
    Warning (332126): Node "u_ro_puf|n0~571|datac"
Warning (332125): Found combinational loop of 2 nodes
    Warning (332126): Node "u_ro_puf|n0~570|combout"
    Warning (332126): Node "u_ro_puf|n0~570|datab"
Warning (332125): Found combinational loop of 2 nodes
    Warning (332126): Node "u_ro_puf|n0~737|combout"
    Warning (332126): Node "u_ro_puf|n0~737|dataf"
Warning (332125): Found combinational loop of 2 nodes
    Warning (332126): Node "u_ro_puf|n0~736|combout"
    Warning (332126): Node "u_ro_puf|n0~736|datad"
Warning (332125): Found combinational loop of 2 nodes
    Warning (332126): Node "u_ro_puf|n0~667|combout"
    Warning (332126): Node "u_ro_puf|n0~667|dataf"
Warning (332125): Found combinational loop of 2 nodes
    Warning (332126): Node "u_ro_puf|n0~666|combout"
    Warning (332126): Node "u_ro_puf|n0~666|dataf"
Warning (332125): Found combinational loop of 2 nodes
    Warning (332126): Node "u_ro_puf|n0~586|combout"
    Warning (332126): Node "u_ro_puf|n0~586|datac"
Warning (332125): Found combinational loop of 2 nodes
    Warning (332126): Node "u_ro_puf|n0~587|combout"
    Warning (332126): Node "u_ro_puf|n0~587|datad"
Warning (332125): Found combinational loop of 2 nodes
    Warning (332126): Node "u_ro_puf|n0~712|combout"
    Warning (332126): Node "u_ro_puf|n0~712|datab"
Warning (332125): Found combinational loop of 2 nodes
    Warning (332126): Node "u_ro_puf|n0~713|combout"
    Warning (332126): Node "u_ro_puf|n0~713|datac"
Warning (332125): Found combinational loop of 2 nodes
    Warning (332126): Node "u_ro_puf|n0~580|combout"
    Warning (332126): Node "u_ro_puf|n0~580|datac"
Warning (332125): Found combinational loop of 2 nodes
    Warning (332126): Node "u_ro_puf|n0~581|combout"
    Warning (332126): Node "u_ro_puf|n0~581|datab"
Warning (332125): Found combinational loop of 2 nodes
    Warning (332126): Node "u_ro_puf|n0~617|combout"
    Warning (332126): Node "u_ro_puf|n0~617|datac"
Warning (332125): Found combinational loop of 2 nodes
    Warning (332126): Node "u_ro_puf|n0~616|combout"
    Warning (332126): Node "u_ro_puf|n0~616|datab"
Warning (332125): Found combinational loop of 2 nodes
    Warning (332126): Node "u_ro_puf|n0~749|combout"
    Warning (332126): Node "u_ro_puf|n0~749|datac"
Warning (332125): Found combinational loop of 2 nodes
    Warning (332126): Node "u_ro_puf|n0~748|combout"
    Warning (332126): Node "u_ro_puf|n0~748|datac"
Warning (332125): Found combinational loop of 2 nodes
    Warning (332126): Node "u_ro_puf|n0~665|combout"
    Warning (332126): Node "u_ro_puf|n0~665|datad"
Warning (332125): Found combinational loop of 2 nodes
    Warning (332126): Node "u_ro_puf|n0~664|combout"
    Warning (332126): Node "u_ro_puf|n0~664|datac"
Warning (332125): Found combinational loop of 2 nodes
    Warning (332126): Node "u_ro_puf|n0~593|combout"
    Warning (332126): Node "u_ro_puf|n0~593|datac"
Warning (332125): Found combinational loop of 2 nodes
    Warning (332126): Node "u_ro_puf|n0~592|combout"
    Warning (332126): Node "u_ro_puf|n0~592|datac"
Warning (332125): Found combinational loop of 2 nodes
    Warning (332126): Node "u_ro_puf|n0~718|combout"
    Warning (332126): Node "u_ro_puf|n0~718|datab"
Warning (332125): Found combinational loop of 2 nodes
    Warning (332126): Node "u_ro_puf|n0~719|combout"
    Warning (332126): Node "u_ro_puf|n0~719|datad"
Warning (332125): Found combinational loop of 2 nodes
    Warning (332126): Node "u_ro_puf|n0~747|combout"
    Warning (332126): Node "u_ro_puf|n0~747|datac"
Warning (332125): Found combinational loop of 2 nodes
    Warning (332126): Node "u_ro_puf|n0~746|combout"
    Warning (332126): Node "u_ro_puf|n0~746|datab"
Warning (332125): Found combinational loop of 2 nodes
    Warning (332126): Node "u_ro_puf|n0~669|combout"
    Warning (332126): Node "u_ro_puf|n0~669|datad"
Warning (332125): Found combinational loop of 2 nodes
    Warning (332126): Node "u_ro_puf|n0~668|combout"
    Warning (332126): Node "u_ro_puf|n0~668|datac"
Warning (332125): Found combinational loop of 2 nodes
    Warning (332126): Node "u_ro_puf|n0~752|combout"
    Warning (332126): Node "u_ro_puf|n0~752|datae"
Warning (332125): Found combinational loop of 2 nodes
    Warning (332126): Node "u_ro_puf|n0~753|combout"
    Warning (332126): Node "u_ro_puf|n0~753|datae"
Warning (332125): Found combinational loop of 2 nodes
    Warning (332126): Node "u_ro_puf|n0~751|combout"
    Warning (332126): Node "u_ro_puf|n0~751|datae"
Warning (332125): Found combinational loop of 2 nodes
    Warning (332126): Node "u_ro_puf|n0~750|combout"
    Warning (332126): Node "u_ro_puf|n0~750|datab"
Warning (332125): Found combinational loop of 2 nodes
    Warning (332126): Node "u_ro_puf|n0~740|combout"
    Warning (332126): Node "u_ro_puf|n0~740|dataf"
Warning (332125): Found combinational loop of 2 nodes
    Warning (332126): Node "u_ro_puf|n0~741|combout"
    Warning (332126): Node "u_ro_puf|n0~741|datae"
Warning (332125): Found combinational loop of 2 nodes
    Warning (332126): Node "u_ro_puf|n0~534|combout"
    Warning (332126): Node "u_ro_puf|n0~534|datae"
Warning (332125): Found combinational loop of 2 nodes
    Warning (332126): Node "u_ro_puf|n0~535|combout"
    Warning (332126): Node "u_ro_puf|n0~535|datae"
Warning (332125): Found combinational loop of 2 nodes
    Warning (332126): Node "u_ro_puf|n0~707|combout"
    Warning (332126): Node "u_ro_puf|n0~707|datae"
Warning (332125): Found combinational loop of 2 nodes
    Warning (332126): Node "u_ro_puf|n0~706|combout"
    Warning (332126): Node "u_ro_puf|n0~706|dataf"
Warning (332125): Found combinational loop of 2 nodes
    Warning (332126): Node "u_ro_puf|n0~742|combout"
    Warning (332126): Node "u_ro_puf|n0~742|datac"
Warning (332125): Found combinational loop of 2 nodes
    Warning (332126): Node "u_ro_puf|n0~743|combout"
    Warning (332126): Node "u_ro_puf|n0~743|datac"
Warning (332125): Found combinational loop of 2 nodes
    Warning (332126): Node "u_ro_puf|n0~716|combout"
    Warning (332126): Node "u_ro_puf|n0~716|datac"
Warning (332125): Found combinational loop of 2 nodes
    Warning (332126): Node "u_ro_puf|n0~717|combout"
    Warning (332126): Node "u_ro_puf|n0~717|datae"
Warning (332125): Found combinational loop of 2 nodes
    Warning (332126): Node "u_ro_puf|n0~578|combout"
    Warning (332126): Node "u_ro_puf|n0~578|datac"
Warning (332125): Found combinational loop of 2 nodes
    Warning (332126): Node "u_ro_puf|n0~579|combout"
    Warning (332126): Node "u_ro_puf|n0~579|datac"
Warning (332125): Found combinational loop of 2 nodes
    Warning (332126): Node "u_ro_puf|n0~721|combout"
    Warning (332126): Node "u_ro_puf|n0~721|datae"
Warning (332125): Found combinational loop of 2 nodes
    Warning (332126): Node "u_ro_puf|n0~720|combout"
    Warning (332126): Node "u_ro_puf|n0~720|datac"
Warning (332125): Found combinational loop of 2 nodes
    Warning (332126): Node "u_ro_puf|n0~766|combout"
    Warning (332126): Node "u_ro_puf|n0~766|datae"
Warning (332125): Found combinational loop of 2 nodes
    Warning (332126): Node "u_ro_puf|n0~767|combout"
    Warning (332126): Node "u_ro_puf|n0~767|dataf"
Warning (332125): Found combinational loop of 2 nodes
    Warning (332126): Node "u_ro_puf|n0~744|combout"
    Warning (332126): Node "u_ro_puf|n0~744|dataf"
Warning (332125): Found combinational loop of 2 nodes
    Warning (332126): Node "u_ro_puf|n0~745|combout"
    Warning (332126): Node "u_ro_puf|n0~745|datae"
Warning (332125): Found combinational loop of 2 nodes
    Warning (332126): Node "u_ro_puf|n0~557|combout"
    Warning (332126): Node "u_ro_puf|n0~557|datad"
Warning (332125): Found combinational loop of 2 nodes
    Warning (332126): Node "u_ro_puf|n0~556|combout"
    Warning (332126): Node "u_ro_puf|n0~556|datab"
Warning (332125): Found combinational loop of 2 nodes
    Warning (332126): Node "u_ro_puf|n0~633|combout"
    Warning (332126): Node "u_ro_puf|n0~633|datac"
Warning (332125): Found combinational loop of 2 nodes
    Warning (332126): Node "u_ro_puf|n0~632|combout"
    Warning (332126): Node "u_ro_puf|n0~632|dataa"
Warning (332125): Found combinational loop of 2 nodes
    Warning (332126): Node "u_ro_puf|n0~584|combout"
    Warning (332126): Node "u_ro_puf|n0~584|datab"
Warning (332125): Found combinational loop of 2 nodes
    Warning (332126): Node "u_ro_puf|n0~585|combout"
    Warning (332126): Node "u_ro_puf|n0~585|dataf"
Warning (332125): Found combinational loop of 2 nodes
    Warning (332126): Node "u_ro_puf|n0~618|combout"
    Warning (332126): Node "u_ro_puf|n0~618|datae"
Warning (332125): Found combinational loop of 2 nodes
    Warning (332126): Node "u_ro_puf|n0~619|combout"
    Warning (332126): Node "u_ro_puf|n0~619|datad"
Warning (332125): Found combinational loop of 2 nodes
    Warning (332126): Node "u_ro_puf|n0~594|combout"
    Warning (332126): Node "u_ro_puf|n0~594|datad"
Warning (332125): Found combinational loop of 2 nodes
    Warning (332126): Node "u_ro_puf|n0~595|combout"
    Warning (332126): Node "u_ro_puf|n0~595|datac"
Warning (332125): Found combinational loop of 2 nodes
    Warning (332126): Node "u_ro_puf|n0~600|combout"
    Warning (332126): Node "u_ro_puf|n0~600|datad"
Warning (332125): Found combinational loop of 2 nodes
    Warning (332126): Node "u_ro_puf|n0~601|combout"
    Warning (332126): Node "u_ro_puf|n0~601|datae"
Warning (332125): Found combinational loop of 2 nodes
    Warning (332126): Node "u_ro_puf|n0~620|combout"
    Warning (332126): Node "u_ro_puf|n0~620|datac"
Warning (332125): Found combinational loop of 2 nodes
    Warning (332126): Node "u_ro_puf|n0~621|combout"
    Warning (332126): Node "u_ro_puf|n0~621|datae"
Warning (332125): Found combinational loop of 2 nodes
    Warning (332126): Node "u_ro_puf|n0~685|combout"
    Warning (332126): Node "u_ro_puf|n0~685|datab"
Warning (332125): Found combinational loop of 2 nodes
    Warning (332126): Node "u_ro_puf|n0~684|combout"
    Warning (332126): Node "u_ro_puf|n0~684|dataf"
Warning (332125): Found combinational loop of 2 nodes
    Warning (332126): Node "u_ro_puf|n0~686|combout"
    Warning (332126): Node "u_ro_puf|n0~686|datac"
Warning (332125): Found combinational loop of 2 nodes
    Warning (332126): Node "u_ro_puf|n0~687|combout"
    Warning (332126): Node "u_ro_puf|n0~687|datae"
Warning (332125): Found combinational loop of 2 nodes
    Warning (332126): Node "u_ro_puf|n0~670|combout"
    Warning (332126): Node "u_ro_puf|n0~670|datac"
Warning (332125): Found combinational loop of 2 nodes
    Warning (332126): Node "u_ro_puf|n0~671|combout"
    Warning (332126): Node "u_ro_puf|n0~671|datac"
Warning (332125): Found combinational loop of 2 nodes
    Warning (332126): Node "u_ro_puf|n0~536|combout"
    Warning (332126): Node "u_ro_puf|n0~536|datab"
Warning (332125): Found combinational loop of 2 nodes
    Warning (332126): Node "u_ro_puf|n0~537|combout"
    Warning (332126): Node "u_ro_puf|n0~537|datad"
Warning (332125): Found combinational loop of 2 nodes
    Warning (332126): Node "u_ro_puf|n0~554|combout"
    Warning (332126): Node "u_ro_puf|n0~554|datad"
Warning (332125): Found combinational loop of 2 nodes
    Warning (332126): Node "u_ro_puf|n0~555|combout"
    Warning (332126): Node "u_ro_puf|n0~555|datae"
Warning (332125): Found combinational loop of 2 nodes
    Warning (332126): Node "u_ro_puf|n0~551|combout"
    Warning (332126): Node "u_ro_puf|n0~551|datad"
Warning (332125): Found combinational loop of 2 nodes
    Warning (332126): Node "u_ro_puf|n0~550|combout"
    Warning (332126): Node "u_ro_puf|n0~550|datac"
Warning (332125): Found combinational loop of 2 nodes
    Warning (332126): Node "u_ro_puf|n0~727|combout"
    Warning (332126): Node "u_ro_puf|n0~727|datae"
Warning (332125): Found combinational loop of 2 nodes
    Warning (332126): Node "u_ro_puf|n0~726|combout"
    Warning (332126): Node "u_ro_puf|n0~726|datae"
Warning (332125): Found combinational loop of 2 nodes
    Warning (332126): Node "u_ro_puf|n0~754|combout"
    Warning (332126): Node "u_ro_puf|n0~754|datad"
Warning (332125): Found combinational loop of 2 nodes
    Warning (332126): Node "u_ro_puf|n0~755|combout"
    Warning (332126): Node "u_ro_puf|n0~755|datac"
Warning (332125): Found combinational loop of 2 nodes
    Warning (332126): Node "u_ro_puf|n0~569|combout"
    Warning (332126): Node "u_ro_puf|n0~569|datae"
Warning (332125): Found combinational loop of 2 nodes
    Warning (332126): Node "u_ro_puf|n0~568|combout"
    Warning (332126): Node "u_ro_puf|n0~568|datac"
Warning (332125): Found combinational loop of 2 nodes
    Warning (332126): Node "u_ro_puf|n0~756|combout"
    Warning (332126): Node "u_ro_puf|n0~756|datac"
Warning (332125): Found combinational loop of 2 nodes
    Warning (332126): Node "u_ro_puf|n0~757|combout"
    Warning (332126): Node "u_ro_puf|n0~757|datad"
Warning (332125): Found combinational loop of 2 nodes
    Warning (332126): Node "u_ro_puf|n0~517|combout"
    Warning (332126): Node "u_ro_puf|n0~517|datac"
Warning (332125): Found combinational loop of 2 nodes
    Warning (332126): Node "u_ro_puf|n0~516|combout"
    Warning (332126): Node "u_ro_puf|n0~516|datad"
Warning (332125): Found combinational loop of 2 nodes
    Warning (332126): Node "u_ro_puf|n0~609|combout"
    Warning (332126): Node "u_ro_puf|n0~609|datac"
Warning (332125): Found combinational loop of 2 nodes
    Warning (332126): Node "u_ro_puf|n0~608|combout"
    Warning (332126): Node "u_ro_puf|n0~608|datad"
Info (332123): Deriving Clock Uncertainty. Please refer to report_sdc in the Timing Analyzer to see clock uncertainties.
Info: Found TIMING_ANALYZER_REPORT_SCRIPT_INCLUDE_DEFAULT_ANALYSIS = ON
Info: Analyzing Slow 1100mV 85C Model
Info (332146): Worst-case setup slack is 7.986
    Info (332119):     Slack       End Point TNS Clock 
    Info (332119): ========= =================== =====================
    Info (332119):     7.986               0.000 CLOCK_50 
    Info (332119):     8.750               0.000 altera_reserved_tck 
Info (332146): Worst-case hold slack is 0.144
    Info (332119):     Slack       End Point TNS Clock 
    Info (332119): ========= =================== =====================
    Info (332119):     0.144               0.000 altera_reserved_tck 
    Info (332119):     0.298               0.000 CLOCK_50 
Info (332146): Worst-case recovery slack is 27.907
    Info (332119):     Slack       End Point TNS Clock 
    Info (332119): ========= =================== =====================
    Info (332119):    27.907               0.000 altera_reserved_tck 
Info (332146): Worst-case removal slack is 0.890
    Info (332119):     Slack       End Point TNS Clock 
    Info (332119): ========= =================== =====================
    Info (332119):     0.890               0.000 altera_reserved_tck 
Info (332146): Worst-case minimum pulse width slack is 8.884
    Info (332119):     Slack       End Point TNS Clock 
    Info (332119): ========= =================== =====================
    Info (332119):     8.884               0.000 CLOCK_50 
    Info (332119):    15.121               0.000 altera_reserved_tck 
    Info (332119):    19.016               0.000 ro_enable_vclk 
Info (332114): Report Metastability: Found 21 synchronizer chains.
    Info (332114): Worst-Case MTBF of Design is 1e+09 years or 3.15e+16 seconds.
    Info (332114): Typical MTBF of Design is 1e+09 years or 3.15e+16 seconds.

    Info (332114): Number of Synchronizer Chains Found: 21
    Info (332114): Shortest Synchronizer Chain: 1 Registers
    Info (332114): Fraction of Chains for which MTBFs Could Not be Calculated: 0.810
    Info (332114): Worst Case Available Settling Time: 17.721 ns
    Info (332114): 
    Info (332114): Worst-Case MTBF values are calculated based on the worst-case silicon characteristics, with worst-case operating conditions.
    Info (332114):   - Under worst-case conditions, an increase of 100ps in available settling time will increase MTBF values by a factor of 79.4
    Info (332114): Typical MTBF values are calculated based on the nominal silicon characteristics, at nominal operating conditions.
    Info (332114):   - Under typical conditions, an increase of 100ps in available settling time will increase MTBF values by a factor of 17.8
Info: Analyzing Slow 1100mV 0C Model
Info (334003): Started post-fitting delay annotation
Info (334004): Delay annotation completed successfully
Info (332123): Deriving Clock Uncertainty. Please refer to report_sdc in the Timing Analyzer to see clock uncertainties.
Info (332146): Worst-case setup slack is 8.246
    Info (332119):     Slack       End Point TNS Clock 
    Info (332119): ========= =================== =====================
    Info (332119):     8.246               0.000 CLOCK_50 
    Info (332119):     8.868               0.000 altera_reserved_tck 
Info (332146): Worst-case hold slack is 0.131
    Info (332119):     Slack       End Point TNS Clock 
    Info (332119): ========= =================== =====================
    Info (332119):     0.131               0.000 altera_reserved_tck 
    Info (332119):     0.278               0.000 CLOCK_50 
Info (332146): Worst-case recovery slack is 28.185
    Info (332119):     Slack       End Point TNS Clock 
    Info (332119): ========= =================== =====================
    Info (332119):    28.185               0.000 altera_reserved_tck 
Info (332146): Worst-case removal slack is 0.822
    Info (332119):     Slack       End Point TNS Clock 
    Info (332119): ========= =================== =====================
    Info (332119):     0.822               0.000 altera_reserved_tck 
Info (332146): Worst-case minimum pulse width slack is 8.919
    Info (332119):     Slack       End Point TNS Clock 
    Info (332119): ========= =================== =====================
    Info (332119):     8.919               0.000 CLOCK_50 
    Info (332119):    15.102               0.000 altera_reserved_tck 
    Info (332119):    19.025               0.000 ro_enable_vclk 
Info (332114): Report Metastability: Found 21 synchronizer chains.
    Info (332114): Worst-Case MTBF of Design is 1e+09 years or 3.15e+16 seconds.
    Info (332114): Typical MTBF of Design is 1e+09 years or 3.15e+16 seconds.

    Info (332114): Number of Synchronizer Chains Found: 21
    Info (332114): Shortest Synchronizer Chain: 1 Registers
    Info (332114): Fraction of Chains for which MTBFs Could Not be Calculated: 0.810
    Info (332114): Worst Case Available Settling Time: 17.888 ns
    Info (332114): 
    Info (332114): Worst-Case MTBF values are calculated based on the worst-case silicon characteristics, with worst-case operating conditions.
    Info (332114):   - Under worst-case conditions, an increase of 100ps in available settling time will increase MTBF values by a factor of 5.2
    Info (332114): Typical MTBF values are calculated based on the nominal silicon characteristics, at nominal operating conditions.
    Info (332114):   - Under typical conditions, an increase of 100ps in available settling time will increase MTBF values by a factor of 17.8
Info: Analyzing Fast 1100mV 85C Model
Info (334003): Started post-fitting delay annotation
Info (334004): Delay annotation completed successfully
Info (332123): Deriving Clock Uncertainty. Please refer to report_sdc in the Timing Analyzer to see clock uncertainties.
Info (332146): Worst-case setup slack is 12.107
    Info (332119):     Slack       End Point TNS Clock 
    Info (332119): ========= =================== =====================
    Info (332119):    12.107               0.000 altera_reserved_tck 
    Info (332119):    12.667               0.000 CLOCK_50 
Info (332146): Worst-case hold slack is 0.034
    Info (332119):     Slack       End Point TNS Clock 
    Info (332119): ========= =================== =====================
    Info (332119):     0.034               0.000 altera_reserved_tck 
    Info (332119):     0.175               0.000 CLOCK_50 
Info (332146): Worst-case recovery slack is 29.418
    Info (332119):     Slack       End Point TNS Clock 
    Info (332119): ========= =================== =====================
    Info (332119):    29.418               0.000 altera_reserved_tck 
Info (332146): Worst-case removal slack is 0.407
    Info (332119):     Slack       End Point TNS Clock 
    Info (332119): ========= =================== =====================
    Info (332119):     0.407               0.000 altera_reserved_tck 
Info (332146): Worst-case minimum pulse width slack is 8.483
    Info (332119):     Slack       End Point TNS Clock 
    Info (332119): ========= =================== =====================
    Info (332119):     8.483               0.000 CLOCK_50 
    Info (332119):    14.772               0.000 altera_reserved_tck 
    Info (332119):    19.305               0.000 ro_enable_vclk 
Info (332114): Report Metastability: Found 21 synchronizer chains.
    Info (332114): Worst-Case MTBF of Design is 1e+09 years or 3.15e+16 seconds.
    Info (332114): Typical MTBF of Design is 1e+09 years or 3.15e+16 seconds.

    Info (332114): Number of Synchronizer Chains Found: 21
    Info (332114): Shortest Synchronizer Chain: 1 Registers
    Info (332114): Fraction of Chains for which MTBFs Could Not be Calculated: 0.810
    Info (332114): Worst Case Available Settling Time: 18.669 ns
    Info (332114): 
    Info (332114): Worst-Case MTBF values are calculated based on the worst-case silicon characteristics, with worst-case operating conditions.
    Info (332114):   - Under worst-case conditions, an increase of 100ps in available settling time will increase MTBF values by a factor of 79.4
    Info (332114): Typical MTBF values are calculated based on the nominal silicon characteristics, at nominal operating conditions.
    Info (332114):   - Under typical conditions, an increase of 100ps in available settling time will increase MTBF values by a factor of 17.8
Info: Analyzing Fast 1100mV 0C Model
Info (332123): Deriving Clock Uncertainty. Please refer to report_sdc in the Timing Analyzer to see clock uncertainties.
Info (332146): Worst-case setup slack is 12.689
    Info (332119):     Slack       End Point TNS Clock 
    Info (332119): ========= =================== =====================
    Info (332119):    12.689               0.000 altera_reserved_tck 
    Info (332119):    13.406               0.000 CLOCK_50 
Info (332146): Worst-case hold slack is 0.022
    Info (332119):     Slack       End Point TNS Clock 
    Info (332119): ========= =================== =====================
    Info (332119):     0.022               0.000 altera_reserved_tck 
    Info (332119):     0.153               0.000 CLOCK_50 
Info (332146): Worst-case recovery slack is 29.903
    Info (332119):     Slack       End Point TNS Clock 
    Info (332119): ========= =================== =====================
    Info (332119):    29.903               0.000 altera_reserved_tck 
Info (332146): Worst-case removal slack is 0.355
    Info (332119):     Slack       End Point TNS Clock 
    Info (332119): ========= =================== =====================
    Info (332119):     0.355               0.000 altera_reserved_tck 
Info (332146): Worst-case minimum pulse width slack is 8.438
    Info (332119):     Slack       End Point TNS Clock 
    Info (332119): ========= =================== =====================
    Info (332119):     8.438               0.000 CLOCK_50 
    Info (332119):    14.758               0.000 altera_reserved_tck 
    Info (332119):    19.367               0.000 ro_enable_vclk 
Info (332114): Report Metastability: Found 21 synchronizer chains.
    Info (332114): Worst-Case MTBF of Design is 1e+09 years or 3.15e+16 seconds.
    Info (332114): Typical MTBF of Design is 1e+09 years or 3.15e+16 seconds.

    Info (332114): Number of Synchronizer Chains Found: 21
    Info (332114): Shortest Synchronizer Chain: 1 Registers
    Info (332114): Fraction of Chains for which MTBFs Could Not be Calculated: 0.810
    Info (332114): Worst Case Available Settling Time: 18.805 ns
    Info (332114): 
    Info (332114): Worst-Case MTBF values are calculated based on the worst-case silicon characteristics, with worst-case operating conditions.
    Info (332114):   - Under worst-case conditions, an increase of 100ps in available settling time will increase MTBF values by a factor of 5.2
    Info (332114): Typical MTBF values are calculated based on the nominal silicon characteristics, at nominal operating conditions.
    Info (332114):   - Under typical conditions, an increase of 100ps in available settling time will increase MTBF values by a factor of 17.8
Info (332102): Design is not fully constrained for setup requirements
Info (332102): Design is not fully constrained for hold requirements
Info: Quartus Prime Timing Analyzer was successful. 0 errors, 769 warnings
    Info: Peak virtual memory: 14708 megabytes
    Info: Processing ended: Sun Aug 30 11:49:42 2026
    Info: Elapsed time: 00:03:52
    Info: Total CPU time (on all processors): 00:04:36


