Analysis & Synthesis report for TrueChip
Fri Aug 28 11:49:00 2026
Quartus Prime Version 25.1std.0 Build 1129 10/21/2025 SC Lite Edition


---------------------
; Table of Contents ;
---------------------
  1. Legal Notice
  2. Analysis & Synthesis Summary
  3. Analysis & Synthesis Settings
  4. Parallel Compilation
  5. Analysis & Synthesis Source Files Read
  6. Analysis & Synthesis Resource Usage Summary
  7. Analysis & Synthesis Resource Utilization by Entity
  8. Analysis & Synthesis RAM Summary
  9. Analysis & Synthesis IP Cores Summary
 10. State Machine - |secure_soc_top|auth_fsm:u_auth_fsm|state
 11. State Machine - |secure_soc_top|cmd_parser:u_cmd_parser|state
 12. State Machine - |secure_soc_top|kdf_state
 13. State Machine - |secure_soc_top|uart_tx:u_uart_tx|state
 14. State Machine - |secure_soc_top|uart_rx:u_uart_rx|state
 15. State Machine - |secure_soc_top|ro_puf:u_ro_puf|state
 16. Logic Cells Representing Combinational Loops
 17. Registers Removed During Synthesis
 18. Removed Registers Triggering Further Register Optimizations
 19. General Register Statistics
 20. Inverted Register Statistics
 21. Multiplexer Restructuring Statistics (Restructuring Performed)
 22. Source assignments for Top-level Entity: |secure_soc_top
 23. Source assignments for uart_rx:u_uart_rx
 24. Source assignments for sld_signaltap:auto_signaltap_0
 25. Parameter Settings for User Entity Instance: Top-level Entity: |secure_soc_top
 26. Parameter Settings for User Entity Instance: uart_rx:u_uart_rx
 27. Parameter Settings for User Entity Instance: uart_tx:u_uart_tx
 28. Parameter Settings for User Entity Instance: ro_puf:u_ro_puf
 29. Parameter Settings for User Entity Instance: auth_fsm:u_auth_fsm
 30. Parameter Settings for Inferred Entity Instance: sld_signaltap:auto_signaltap_0
 31. Port Connectivity Checks: "cmd_parser:u_cmd_parser"
 32. Signal Tap Logic Analyzer Settings
 33. Post-Synthesis Netlist Statistics for Top Partition
 34. Post-Synthesis Netlist Statistics for Partition sld_signaltap:auto_signaltap_0
 35. Post-Synthesis Netlist Statistics for Partition sld_hub:auto_hub
 36. Elapsed Time Per Partition
 37. Connections to In-System Debugging Instance "auto_signaltap_0"
 38. Analysis & Synthesis Messages



----------------
; Legal Notice ;
----------------
Copyright (C) 2025  Altera Corporation. All rights reserved.
Your use of Altera Corporation's design tools, logic functions 
and other software and tools, and any partner logic 
functions, and any output files from any of the foregoing 
(including device programming or simulation files), and any 
associated documentation or information are expressly subject 
to the terms and conditions of the Altera Program License 
Subscription Agreement, the Altera Quartus Prime License Agreement,
the Altera IP License Agreement, or other applicable license
agreement, including, without limitation, that your use is for
the sole purpose of programming logic devices manufactured by
Altera and sold by Altera or its authorized distributors.  Please
refer to the Altera Software License Subscription Agreements 
on the Quartus Prime software download page.



+-----------------------------------------------------------------------------------+
; Analysis & Synthesis Summary                                                      ;
+---------------------------------+-------------------------------------------------+
; Analysis & Synthesis Status     ; Successful - Fri Aug 28 11:48:59 2026           ;
; Quartus Prime Version           ; 25.1std.0 Build 1129 10/21/2025 SC Lite Edition ;
; Revision Name                   ; TrueChip                                        ;
; Top-level Entity Name           ; secure_soc_top                                  ;
; Family                          ; Cyclone V                                       ;
; Logic utilization (in ALMs)     ; N/A                                             ;
; Total registers                 ; 13880                                           ;
; Total pins                      ; 49                                              ;
; Total virtual pins              ; 0                                               ;
; Total block memory bits         ; 33,280                                          ;
; Total DSP Blocks                ; 0                                               ;
; Total HSSI RX PCSs              ; 0                                               ;
; Total HSSI PMA RX Deserializers ; 0                                               ;
; Total HSSI TX PCSs              ; 0                                               ;
; Total HSSI PMA TX Serializers   ; 0                                               ;
; Total PLLs                      ; 0                                               ;
; Total DLLs                      ; 0                                               ;
+---------------------------------+-------------------------------------------------+


+---------------------------------------------------------------------------------------------------------------------------+
; Analysis & Synthesis Settings                                                                                             ;
+---------------------------------------------------------------------------------+--------------------+--------------------+
; Option                                                                          ; Setting            ; Default Value      ;
+---------------------------------------------------------------------------------+--------------------+--------------------+
; Device                                                                          ; 5CSXFC6D6F31C6     ;                    ;
; Top-level entity name                                                           ; secure_soc_top     ; TrueChip           ;
; Family name                                                                     ; Cyclone V          ; Cyclone V          ;
; Use smart compilation                                                           ; Off                ; Off                ;
; Enable parallel Assembler and Timing Analyzer during compilation                ; On                 ; On                 ;
; Enable compact report table                                                     ; Off                ; Off                ;
; Restructure Multiplexers                                                        ; Auto               ; Auto               ;
; MLAB Add Timing Constraints For Mixed-Port Feed-Through Mode Setting Don't Care ; Off                ; Off                ;
; Create Debugging Nodes for IP Cores                                             ; Off                ; Off                ;
; Preserve fewer node names                                                       ; On                 ; On                 ;
; Intel FPGA IP Evaluation Mode                                                   ; Enable             ; Enable             ;
; Verilog Version                                                                 ; Verilog_2001       ; Verilog_2001       ;
; VHDL Version                                                                    ; VHDL_1993          ; VHDL_1993          ;
; State Machine Processing                                                        ; Auto               ; Auto               ;
; Safe State Machine                                                              ; Off                ; Off                ;
; Extract Verilog State Machines                                                  ; On                 ; On                 ;
; Extract VHDL State Machines                                                     ; On                 ; On                 ;
; Ignore Verilog initial constructs                                               ; Off                ; Off                ;
; Iteration limit for constant Verilog loops                                      ; 5000               ; 5000               ;
; Iteration limit for non-constant Verilog loops                                  ; 250                ; 250                ;
; Add Pass-Through Logic to Inferred RAMs                                         ; On                 ; On                 ;
; Infer RAMs from Raw Logic                                                       ; On                 ; On                 ;
; Parallel Synthesis                                                              ; On                 ; On                 ;
; DSP Block Balancing                                                             ; Auto               ; Auto               ;
; NOT Gate Push-Back                                                              ; On                 ; On                 ;
; Power-Up Don't Care                                                             ; On                 ; On                 ;
; Remove Redundant Logic Cells                                                    ; Off                ; Off                ;
; Remove Duplicate Registers                                                      ; On                 ; On                 ;
; Ignore CARRY Buffers                                                            ; Off                ; Off                ;
; Ignore CASCADE Buffers                                                          ; Off                ; Off                ;
; Ignore GLOBAL Buffers                                                           ; Off                ; Off                ;
; Ignore ROW GLOBAL Buffers                                                       ; Off                ; Off                ;
; Ignore LCELL Buffers                                                            ; Off                ; Off                ;
; Ignore SOFT Buffers                                                             ; On                 ; On                 ;
; Limit AHDL Integers to 32 Bits                                                  ; Off                ; Off                ;
; Optimization Technique                                                          ; Balanced           ; Balanced           ;
; Carry Chain Length                                                              ; 70                 ; 70                 ;
; Auto Carry Chains                                                               ; On                 ; On                 ;
; Auto Open-Drain Pins                                                            ; On                 ; On                 ;
; Perform WYSIWYG Primitive Resynthesis                                           ; Off                ; Off                ;
; Auto ROM Replacement                                                            ; On                 ; On                 ;
; Auto RAM Replacement                                                            ; On                 ; On                 ;
; Auto DSP Block Replacement                                                      ; On                 ; On                 ;
; Auto Shift Register Replacement                                                 ; Auto               ; Auto               ;
; Allow Shift Register Merging across Hierarchies                                 ; Auto               ; Auto               ;
; Auto Clock Enable Replacement                                                   ; On                 ; On                 ;
; Strict RAM Replacement                                                          ; Off                ; Off                ;
; Allow Synchronous Control Signals                                               ; On                 ; On                 ;
; Force Use of Synchronous Clear Signals                                          ; Off                ; Off                ;
; Auto Resource Sharing                                                           ; Off                ; Off                ;
; Allow Any RAM Size For Recognition                                              ; Off                ; Off                ;
; Allow Any ROM Size For Recognition                                              ; Off                ; Off                ;
; Allow Any Shift Register Size For Recognition                                   ; Off                ; Off                ;
; Use LogicLock Constraints during Resource Balancing                             ; On                 ; On                 ;
; Ignore translate_off and synthesis_off directives                               ; Off                ; Off                ;
; Timing-Driven Synthesis                                                         ; On                 ; On                 ;
; Report Parameter Settings                                                       ; On                 ; On                 ;
; Report Source Assignments                                                       ; On                 ; On                 ;
; Report Connectivity Checks                                                      ; On                 ; On                 ;
; Ignore Maximum Fan-Out Assignments                                              ; Off                ; Off                ;
; Synchronization Register Chain Length                                           ; 3                  ; 3                  ;
; Power Optimization During Synthesis                                             ; Normal compilation ; Normal compilation ;
; HDL message level                                                               ; Level2             ; Level2             ;
; Suppress Register Optimization Related Messages                                 ; Off                ; Off                ;
; Number of Removed Registers Reported in Synthesis Report                        ; 5000               ; 5000               ;
; Number of Swept Nodes Reported in Synthesis Report                              ; 5000               ; 5000               ;
; Number of Inverted Registers Reported in Synthesis Report                       ; 100                ; 100                ;
; Clock MUX Protection                                                            ; On                 ; On                 ;
; Auto Gated Clock Conversion                                                     ; Off                ; Off                ;
; Block Design Naming                                                             ; Auto               ; Auto               ;
; SDC constraint protection                                                       ; Off                ; Off                ;
; Synthesis Effort                                                                ; Auto               ; Auto               ;
; Shift Register Replacement - Allow Asynchronous Clear Signal                    ; On                 ; On                 ;
; Pre-Mapping Resynthesis Optimization                                            ; Off                ; Off                ;
; Analysis & Synthesis Message Level                                              ; Medium             ; Medium             ;
; Disable Register Merging Across Hierarchies                                     ; Auto               ; Auto               ;
; Resource Aware Inference For Block RAM                                          ; On                 ; On                 ;
; Automatic Parallel Synthesis                                                    ; On                 ; On                 ;
; Partial Reconfiguration Bitstream ID                                            ; Off                ; Off                ;
+---------------------------------------------------------------------------------+--------------------+--------------------+


+------------------------------------------+
; Parallel Compilation                     ;
+----------------------------+-------------+
; Processors                 ; Number      ;
+----------------------------+-------------+
; Number detected on machine ; 5           ;
; Maximum allowed            ; 5           ;
;                            ;             ;
; Average used               ; 1.34        ;
; Maximum used               ; 5           ;
;                            ;             ;
; Usage by Processor         ; % Time Used ;
;     Processor 1            ; 100.0%      ;
;     Processor 2            ;   8.5%      ;
;     Processor 3            ;   8.5%      ;
;     Processor 4            ;   8.5%      ;
;     Processor 5            ;   8.4%      ;
+----------------------------+-------------+


+-----------------------------------------------------------------------------------------------------------------------------------------------------------------------------------------------------------------------------------------------------------------------------+
; Analysis & Synthesis Source Files Read                                                                                                                                                                                                                                      ;
+--------------------------------------------------------------------+-----------------+----------------------------------------------+-------------------------------------------------------------------------------------------------------------------------+-------------+
; File Name with User-Entered Path                                   ; Used in Netlist ; File Type                                    ; File Name with Absolute Path                                                                                            ; Library     ;
+--------------------------------------------------------------------+-----------------+----------------------------------------------+-------------------------------------------------------------------------------------------------------------------------+-------------+
; ../RTL/uart_tx.v                                                   ; yes             ; User Verilog HDL File                        ; C:/Users/huyle/Desktop/rtl/TrueChip/TrueChip/RTL/uart_tx.v                                                              ;             ;
; ../RTL/uart_rx.v                                                   ; yes             ; User Verilog HDL File                        ; C:/Users/huyle/Desktop/rtl/TrueChip/TrueChip/RTL/uart_rx.v                                                              ;             ;
; ../RTL/secure_soc_top.v                                            ; yes             ; User Verilog HDL File                        ; C:/Users/huyle/Desktop/rtl/TrueChip/TrueChip/RTL/secure_soc_top.v                                                       ;             ;
; ../RTL/cmd_parser.v                                                ; yes             ; User Verilog HDL File                        ; C:/Users/huyle/Desktop/rtl/TrueChip/TrueChip/RTL/cmd_parser.v                                                           ;             ;
; ../RTL/chip_rom.v                                                  ; yes             ; User Verilog HDL File                        ; C:/Users/huyle/Desktop/rtl/TrueChip/TrueChip/RTL/chip_rom.v                                                             ;             ;
; ../RTL/auth_fsm.v                                                  ; yes             ; User Verilog HDL File                        ; C:/Users/huyle/Desktop/rtl/TrueChip/TrueChip/RTL/auth_fsm.v                                                             ;             ;
; ../RTL/aes128.v                                                    ; yes             ; User Verilog HDL File                        ; C:/Users/huyle/Desktop/rtl/TrueChip/TrueChip/RTL/aes128.v                                                               ;             ;
; ../RTL/aes_sbox.v                                                  ; yes             ; User Verilog HDL File                        ; C:/Users/huyle/Desktop/rtl/TrueChip/TrueChip/RTL/aes_sbox.v                                                             ;             ;
; ../RTL/ro_puf.v                                                    ; yes             ; User Verilog HDL File                        ; C:/Users/huyle/Desktop/rtl/TrueChip/TrueChip/RTL/ro_puf.v                                                               ;             ;
; sld_signaltap.vhd                                                  ; yes             ; Megafunction                                 ; c:/altera_lite/25.1std/quartus/libraries/megafunctions/sld_signaltap.vhd                                                ;             ;
; sld_signaltap_impl.vhd                                             ; yes             ; Encrypted Megafunction                       ; c:/altera_lite/25.1std/quartus/libraries/megafunctions/sld_signaltap_impl.vhd                                           ;             ;
; sld_ela_control.vhd                                                ; yes             ; Encrypted Megafunction                       ; c:/altera_lite/25.1std/quartus/libraries/megafunctions/sld_ela_control.vhd                                              ;             ;
; lpm_shiftreg.tdf                                                   ; yes             ; Megafunction                                 ; c:/altera_lite/25.1std/quartus/libraries/megafunctions/lpm_shiftreg.tdf                                                 ;             ;
; lpm_constant.inc                                                   ; yes             ; Megafunction                                 ; c:/altera_lite/25.1std/quartus/libraries/megafunctions/lpm_constant.inc                                                 ;             ;
; dffeea.inc                                                         ; yes             ; Megafunction                                 ; c:/altera_lite/25.1std/quartus/libraries/megafunctions/dffeea.inc                                                       ;             ;
; aglobal251.inc                                                     ; yes             ; Megafunction                                 ; c:/altera_lite/25.1std/quartus/libraries/megafunctions/aglobal251.inc                                                   ;             ;
; sld_mbpmg.vhd                                                      ; yes             ; Encrypted Megafunction                       ; c:/altera_lite/25.1std/quartus/libraries/megafunctions/sld_mbpmg.vhd                                                    ;             ;
; sld_ela_trigger_flow_mgr.vhd                                       ; yes             ; Encrypted Megafunction                       ; c:/altera_lite/25.1std/quartus/libraries/megafunctions/sld_ela_trigger_flow_mgr.vhd                                     ;             ;
; sld_buffer_manager.vhd                                             ; yes             ; Encrypted Megafunction                       ; c:/altera_lite/25.1std/quartus/libraries/megafunctions/sld_buffer_manager.vhd                                           ;             ;
; altsyncram.tdf                                                     ; yes             ; Megafunction                                 ; c:/altera_lite/25.1std/quartus/libraries/megafunctions/altsyncram.tdf                                                   ;             ;
; stratix_ram_block.inc                                              ; yes             ; Megafunction                                 ; c:/altera_lite/25.1std/quartus/libraries/megafunctions/stratix_ram_block.inc                                            ;             ;
; lpm_mux.inc                                                        ; yes             ; Megafunction                                 ; c:/altera_lite/25.1std/quartus/libraries/megafunctions/lpm_mux.inc                                                      ;             ;
; lpm_decode.inc                                                     ; yes             ; Megafunction                                 ; c:/altera_lite/25.1std/quartus/libraries/megafunctions/lpm_decode.inc                                                   ;             ;
; a_rdenreg.inc                                                      ; yes             ; Megafunction                                 ; c:/altera_lite/25.1std/quartus/libraries/megafunctions/a_rdenreg.inc                                                    ;             ;
; altrom.inc                                                         ; yes             ; Megafunction                                 ; c:/altera_lite/25.1std/quartus/libraries/megafunctions/altrom.inc                                                       ;             ;
; altram.inc                                                         ; yes             ; Megafunction                                 ; c:/altera_lite/25.1std/quartus/libraries/megafunctions/altram.inc                                                       ;             ;
; altdpram.inc                                                       ; yes             ; Megafunction                                 ; c:/altera_lite/25.1std/quartus/libraries/megafunctions/altdpram.inc                                                     ;             ;
; db/altsyncram_me84.tdf                                             ; yes             ; Auto-Generated Megafunction                  ; C:/Users/huyle/Desktop/rtl/TrueChip/TrueChip/Quartus/db/altsyncram_me84.tdf                                             ;             ;
; altdpram.tdf                                                       ; yes             ; Megafunction                                 ; c:/altera_lite/25.1std/quartus/libraries/megafunctions/altdpram.tdf                                                     ;             ;
; memmodes.inc                                                       ; yes             ; Megafunction                                 ; c:/altera_lite/25.1std/quartus/libraries/others/maxplus2/memmodes.inc                                                   ;             ;
; a_hdffe.inc                                                        ; yes             ; Megafunction                                 ; c:/altera_lite/25.1std/quartus/libraries/megafunctions/a_hdffe.inc                                                      ;             ;
; alt_le_rden_reg.inc                                                ; yes             ; Megafunction                                 ; c:/altera_lite/25.1std/quartus/libraries/megafunctions/alt_le_rden_reg.inc                                              ;             ;
; altsyncram.inc                                                     ; yes             ; Megafunction                                 ; c:/altera_lite/25.1std/quartus/libraries/megafunctions/altsyncram.inc                                                   ;             ;
; lpm_mux.tdf                                                        ; yes             ; Megafunction                                 ; c:/altera_lite/25.1std/quartus/libraries/megafunctions/lpm_mux.tdf                                                      ;             ;
; muxlut.inc                                                         ; yes             ; Megafunction                                 ; c:/altera_lite/25.1std/quartus/libraries/megafunctions/muxlut.inc                                                       ;             ;
; bypassff.inc                                                       ; yes             ; Megafunction                                 ; c:/altera_lite/25.1std/quartus/libraries/megafunctions/bypassff.inc                                                     ;             ;
; altshift.inc                                                       ; yes             ; Megafunction                                 ; c:/altera_lite/25.1std/quartus/libraries/megafunctions/altshift.inc                                                     ;             ;
; db/mux_elc.tdf                                                     ; yes             ; Auto-Generated Megafunction                  ; C:/Users/huyle/Desktop/rtl/TrueChip/TrueChip/Quartus/db/mux_elc.tdf                                                     ;             ;
; lpm_decode.tdf                                                     ; yes             ; Megafunction                                 ; c:/altera_lite/25.1std/quartus/libraries/megafunctions/lpm_decode.tdf                                                   ;             ;
; declut.inc                                                         ; yes             ; Megafunction                                 ; c:/altera_lite/25.1std/quartus/libraries/megafunctions/declut.inc                                                       ;             ;
; lpm_compare.inc                                                    ; yes             ; Megafunction                                 ; c:/altera_lite/25.1std/quartus/libraries/megafunctions/lpm_compare.inc                                                  ;             ;
; db/decode_vnf.tdf                                                  ; yes             ; Auto-Generated Megafunction                  ; C:/Users/huyle/Desktop/rtl/TrueChip/TrueChip/Quartus/db/decode_vnf.tdf                                                  ;             ;
; lpm_counter.tdf                                                    ; yes             ; Megafunction                                 ; c:/altera_lite/25.1std/quartus/libraries/megafunctions/lpm_counter.tdf                                                  ;             ;
; lpm_add_sub.inc                                                    ; yes             ; Megafunction                                 ; c:/altera_lite/25.1std/quartus/libraries/megafunctions/lpm_add_sub.inc                                                  ;             ;
; cmpconst.inc                                                       ; yes             ; Megafunction                                 ; c:/altera_lite/25.1std/quartus/libraries/megafunctions/cmpconst.inc                                                     ;             ;
; lpm_counter.inc                                                    ; yes             ; Megafunction                                 ; c:/altera_lite/25.1std/quartus/libraries/megafunctions/lpm_counter.inc                                                  ;             ;
; alt_counter_stratix.inc                                            ; yes             ; Megafunction                                 ; c:/altera_lite/25.1std/quartus/libraries/megafunctions/alt_counter_stratix.inc                                          ;             ;
; db/cntr_oai.tdf                                                    ; yes             ; Auto-Generated Megafunction                  ; C:/Users/huyle/Desktop/rtl/TrueChip/TrueChip/Quartus/db/cntr_oai.tdf                                                    ;             ;
; db/cmpr_h9c.tdf                                                    ; yes             ; Auto-Generated Megafunction                  ; C:/Users/huyle/Desktop/rtl/TrueChip/TrueChip/Quartus/db/cmpr_h9c.tdf                                                    ;             ;
; db/cntr_4vi.tdf                                                    ; yes             ; Auto-Generated Megafunction                  ; C:/Users/huyle/Desktop/rtl/TrueChip/TrueChip/Quartus/db/cntr_4vi.tdf                                                    ;             ;
; db/cntr_09i.tdf                                                    ; yes             ; Auto-Generated Megafunction                  ; C:/Users/huyle/Desktop/rtl/TrueChip/TrueChip/Quartus/db/cntr_09i.tdf                                                    ;             ;
; db/cmpr_c9c.tdf                                                    ; yes             ; Auto-Generated Megafunction                  ; C:/Users/huyle/Desktop/rtl/TrueChip/TrueChip/Quartus/db/cmpr_c9c.tdf                                                    ;             ;
; db/cntr_kri.tdf                                                    ; yes             ; Auto-Generated Megafunction                  ; C:/Users/huyle/Desktop/rtl/TrueChip/TrueChip/Quartus/db/cntr_kri.tdf                                                    ;             ;
; db/cmpr_99c.tdf                                                    ; yes             ; Auto-Generated Megafunction                  ; C:/Users/huyle/Desktop/rtl/TrueChip/TrueChip/Quartus/db/cmpr_99c.tdf                                                    ;             ;
; sld_rom_sr.vhd                                                     ; yes             ; Encrypted Megafunction                       ; c:/altera_lite/25.1std/quartus/libraries/megafunctions/sld_rom_sr.vhd                                                   ;             ;
; sld_jtag_endpoint_adapter.vhd                                      ; yes             ; Encrypted Megafunction                       ; c:/altera_lite/25.1std/quartus/libraries/megafunctions/sld_jtag_endpoint_adapter.vhd                                    ;             ;
; sld_jtag_endpoint_adapter_impl.sv                                  ; yes             ; Encrypted Megafunction                       ; c:/altera_lite/25.1std/quartus/libraries/megafunctions/sld_jtag_endpoint_adapter_impl.sv                                ;             ;
; sld_hub.vhd                                                        ; yes             ; Encrypted Megafunction                       ; c:/altera_lite/25.1std/quartus/libraries/megafunctions/sld_hub.vhd                                                      ; altera_sld  ;
; db/ip/sld195eee1e/alt_sld_fab.v                                    ; yes             ; Encrypted Auto-Found Verilog HDL File        ; C:/Users/huyle/Desktop/rtl/TrueChip/TrueChip/Quartus/db/ip/sld195eee1e/alt_sld_fab.v                                    ; alt_sld_fab ;
; db/ip/sld195eee1e/submodules/alt_sld_fab_alt_sld_fab.v             ; yes             ; Encrypted Auto-Found Verilog HDL File        ; C:/Users/huyle/Desktop/rtl/TrueChip/TrueChip/Quartus/db/ip/sld195eee1e/submodules/alt_sld_fab_alt_sld_fab.v             ; alt_sld_fab ;
; db/ip/sld195eee1e/submodules/alt_sld_fab_alt_sld_fab_ident.sv      ; yes             ; Auto-Found SystemVerilog HDL File            ; C:/Users/huyle/Desktop/rtl/TrueChip/TrueChip/Quartus/db/ip/sld195eee1e/submodules/alt_sld_fab_alt_sld_fab_ident.sv      ; alt_sld_fab ;
; db/ip/sld195eee1e/submodules/alt_sld_fab_alt_sld_fab_presplit.sv   ; yes             ; Encrypted Auto-Found SystemVerilog HDL File  ; C:/Users/huyle/Desktop/rtl/TrueChip/TrueChip/Quartus/db/ip/sld195eee1e/submodules/alt_sld_fab_alt_sld_fab_presplit.sv   ; alt_sld_fab ;
; db/ip/sld195eee1e/submodules/alt_sld_fab_alt_sld_fab_sldfabric.vhd ; yes             ; Encrypted Auto-Found VHDL File               ; C:/Users/huyle/Desktop/rtl/TrueChip/TrueChip/Quartus/db/ip/sld195eee1e/submodules/alt_sld_fab_alt_sld_fab_sldfabric.vhd ; alt_sld_fab ;
; db/ip/sld195eee1e/submodules/alt_sld_fab_alt_sld_fab_splitter.sv   ; yes             ; Encrypted Auto-Found SystemVerilog HDL File  ; C:/Users/huyle/Desktop/rtl/TrueChip/TrueChip/Quartus/db/ip/sld195eee1e/submodules/alt_sld_fab_alt_sld_fab_splitter.sv   ; alt_sld_fab ;
; sld_jtag_hub.vhd                                                   ; yes             ; Encrypted Megafunction                       ; c:/altera_lite/25.1std/quartus/libraries/megafunctions/sld_jtag_hub.vhd                                                 ;             ;
+--------------------------------------------------------------------+-----------------+----------------------------------------------+-------------------------------------------------------------------------------------------------------------------------+-------------+


+--------------------------------------------------------------+
; Analysis & Synthesis Resource Usage Summary                  ;
+---------------------------------------------+----------------+
; Resource                                    ; Usage          ;
+---------------------------------------------+----------------+
; Estimate of Logic utilization (ALMs needed) ; 9211           ;
;                                             ;                ;
; Combinational ALUT usage for logic          ; 13624          ;
;     -- 7 input functions                    ; 268            ;
;     -- 6 input functions                    ; 3180           ;
;     -- 5 input functions                    ; 1093           ;
;     -- 4 input functions                    ; 1249           ;
;     -- <=3 input functions                  ; 7834           ;
;                                             ;                ;
; Dedicated logic registers                   ; 13880          ;
;                                             ;                ;
; I/O pins                                    ; 49             ;
; Total MLAB memory bits                      ; 0              ;
; Total block memory bits                     ; 33280          ;
;                                             ;                ;
; Total DSP Blocks                            ; 0              ;
;                                             ;                ;
; Maximum fan-out node                        ; CLOCK_50~input ;
; Maximum fan-out                             ; 6690           ;
; Total fan-out                               ; 96738          ;
; Average fan-out                             ; 3.47           ;
+---------------------------------------------+----------------+


+------------------------------------------------------------------------------------------------------------------------------------------------------------------------------------------------------------------------------------------------------------------------------------------------------------------------------------------------------------------------------------------------------------------------------------------------------------------------------------------------------------------------------------------------------------------------------------------------------------------------------------------------------------------+
; Analysis & Synthesis Resource Utilization by Entity                                                                                                                                                                                                                                                                                                                                                                                                                                                                                                                                                                                                              ;
+-----------------------------------------------------------------------------------------------------------------------------------------+---------------------+---------------------------+-------------------+------------+------+--------------+------------------------------------------------------------------------------------------------------------------------------------------------------------------------------------------------------------------------------------------------------------------------------------------------------------------------------------------------------------+-----------------------------------+--------------+
; Compilation Hierarchy Node                                                                                                              ; Combinational ALUTs ; Dedicated Logic Registers ; Block Memory Bits ; DSP Blocks ; Pins ; Virtual Pins ; Full Hierarchy Name                                                                                                                                                                                                                                                                                                                                        ; Entity Name                       ; Library Name ;
+-----------------------------------------------------------------------------------------------------------------------------------------+---------------------+---------------------------+-------------------+------------+------+--------------+------------------------------------------------------------------------------------------------------------------------------------------------------------------------------------------------------------------------------------------------------------------------------------------------------------------------------------------------------------+-----------------------------------+--------------+
; |secure_soc_top                                                                                                                         ; 13624 (417)         ; 13880 (1178)              ; 33280             ; 0          ; 49   ; 0            ; |secure_soc_top                                                                                                                                                                                                                                                                                                                                            ; secure_soc_top                    ; work         ;
;    |aes128:u_aes128|                                                                                                                    ; 1390 (590)          ; 390 (390)                 ; 0                 ; 0          ; 0    ; 0            ; |secure_soc_top|aes128:u_aes128                                                                                                                                                                                                                                                                                                                            ; aes128                            ; work         ;
;       |aes_sbox:gen_key_sbox[0].sb_key|                                                                                                 ; 40 (40)             ; 0 (0)                     ; 0                 ; 0          ; 0    ; 0            ; |secure_soc_top|aes128:u_aes128|aes_sbox:gen_key_sbox[0].sb_key                                                                                                                                                                                                                                                                                            ; aes_sbox                          ; work         ;
;       |aes_sbox:gen_key_sbox[1].sb_key|                                                                                                 ; 40 (40)             ; 0 (0)                     ; 0                 ; 0          ; 0    ; 0            ; |secure_soc_top|aes128:u_aes128|aes_sbox:gen_key_sbox[1].sb_key                                                                                                                                                                                                                                                                                            ; aes_sbox                          ; work         ;
;       |aes_sbox:gen_key_sbox[2].sb_key|                                                                                                 ; 40 (40)             ; 0 (0)                     ; 0                 ; 0          ; 0    ; 0            ; |secure_soc_top|aes128:u_aes128|aes_sbox:gen_key_sbox[2].sb_key                                                                                                                                                                                                                                                                                            ; aes_sbox                          ; work         ;
;       |aes_sbox:gen_key_sbox[3].sb_key|                                                                                                 ; 40 (40)             ; 0 (0)                     ; 0                 ; 0          ; 0    ; 0            ; |secure_soc_top|aes128:u_aes128|aes_sbox:gen_key_sbox[3].sb_key                                                                                                                                                                                                                                                                                            ; aes_sbox                          ; work         ;
;       |aes_sbox:gen_state_sbox[0].sb_state|                                                                                             ; 40 (40)             ; 0 (0)                     ; 0                 ; 0          ; 0    ; 0            ; |secure_soc_top|aes128:u_aes128|aes_sbox:gen_state_sbox[0].sb_state                                                                                                                                                                                                                                                                                        ; aes_sbox                          ; work         ;
;       |aes_sbox:gen_state_sbox[10].sb_state|                                                                                            ; 40 (40)             ; 0 (0)                     ; 0                 ; 0          ; 0    ; 0            ; |secure_soc_top|aes128:u_aes128|aes_sbox:gen_state_sbox[10].sb_state                                                                                                                                                                                                                                                                                       ; aes_sbox                          ; work         ;
;       |aes_sbox:gen_state_sbox[11].sb_state|                                                                                            ; 40 (40)             ; 0 (0)                     ; 0                 ; 0          ; 0    ; 0            ; |secure_soc_top|aes128:u_aes128|aes_sbox:gen_state_sbox[11].sb_state                                                                                                                                                                                                                                                                                       ; aes_sbox                          ; work         ;
;       |aes_sbox:gen_state_sbox[12].sb_state|                                                                                            ; 40 (40)             ; 0 (0)                     ; 0                 ; 0          ; 0    ; 0            ; |secure_soc_top|aes128:u_aes128|aes_sbox:gen_state_sbox[12].sb_state                                                                                                                                                                                                                                                                                       ; aes_sbox                          ; work         ;
;       |aes_sbox:gen_state_sbox[13].sb_state|                                                                                            ; 40 (40)             ; 0 (0)                     ; 0                 ; 0          ; 0    ; 0            ; |secure_soc_top|aes128:u_aes128|aes_sbox:gen_state_sbox[13].sb_state                                                                                                                                                                                                                                                                                       ; aes_sbox                          ; work         ;
;       |aes_sbox:gen_state_sbox[14].sb_state|                                                                                            ; 40 (40)             ; 0 (0)                     ; 0                 ; 0          ; 0    ; 0            ; |secure_soc_top|aes128:u_aes128|aes_sbox:gen_state_sbox[14].sb_state                                                                                                                                                                                                                                                                                       ; aes_sbox                          ; work         ;
;       |aes_sbox:gen_state_sbox[15].sb_state|                                                                                            ; 40 (40)             ; 0 (0)                     ; 0                 ; 0          ; 0    ; 0            ; |secure_soc_top|aes128:u_aes128|aes_sbox:gen_state_sbox[15].sb_state                                                                                                                                                                                                                                                                                       ; aes_sbox                          ; work         ;
;       |aes_sbox:gen_state_sbox[1].sb_state|                                                                                             ; 40 (40)             ; 0 (0)                     ; 0                 ; 0          ; 0    ; 0            ; |secure_soc_top|aes128:u_aes128|aes_sbox:gen_state_sbox[1].sb_state                                                                                                                                                                                                                                                                                        ; aes_sbox                          ; work         ;
;       |aes_sbox:gen_state_sbox[2].sb_state|                                                                                             ; 40 (40)             ; 0 (0)                     ; 0                 ; 0          ; 0    ; 0            ; |secure_soc_top|aes128:u_aes128|aes_sbox:gen_state_sbox[2].sb_state                                                                                                                                                                                                                                                                                        ; aes_sbox                          ; work         ;
;       |aes_sbox:gen_state_sbox[3].sb_state|                                                                                             ; 40 (40)             ; 0 (0)                     ; 0                 ; 0          ; 0    ; 0            ; |secure_soc_top|aes128:u_aes128|aes_sbox:gen_state_sbox[3].sb_state                                                                                                                                                                                                                                                                                        ; aes_sbox                          ; work         ;
;       |aes_sbox:gen_state_sbox[4].sb_state|                                                                                             ; 40 (40)             ; 0 (0)                     ; 0                 ; 0          ; 0    ; 0            ; |secure_soc_top|aes128:u_aes128|aes_sbox:gen_state_sbox[4].sb_state                                                                                                                                                                                                                                                                                        ; aes_sbox                          ; work         ;
;       |aes_sbox:gen_state_sbox[5].sb_state|                                                                                             ; 40 (40)             ; 0 (0)                     ; 0                 ; 0          ; 0    ; 0            ; |secure_soc_top|aes128:u_aes128|aes_sbox:gen_state_sbox[5].sb_state                                                                                                                                                                                                                                                                                        ; aes_sbox                          ; work         ;
;       |aes_sbox:gen_state_sbox[6].sb_state|                                                                                             ; 40 (40)             ; 0 (0)                     ; 0                 ; 0          ; 0    ; 0            ; |secure_soc_top|aes128:u_aes128|aes_sbox:gen_state_sbox[6].sb_state                                                                                                                                                                                                                                                                                        ; aes_sbox                          ; work         ;
;       |aes_sbox:gen_state_sbox[7].sb_state|                                                                                             ; 40 (40)             ; 0 (0)                     ; 0                 ; 0          ; 0    ; 0            ; |secure_soc_top|aes128:u_aes128|aes_sbox:gen_state_sbox[7].sb_state                                                                                                                                                                                                                                                                                        ; aes_sbox                          ; work         ;
;       |aes_sbox:gen_state_sbox[8].sb_state|                                                                                             ; 40 (40)             ; 0 (0)                     ; 0                 ; 0          ; 0    ; 0            ; |secure_soc_top|aes128:u_aes128|aes_sbox:gen_state_sbox[8].sb_state                                                                                                                                                                                                                                                                                        ; aes_sbox                          ; work         ;
;       |aes_sbox:gen_state_sbox[9].sb_state|                                                                                             ; 40 (40)             ; 0 (0)                     ; 0                 ; 0          ; 0    ; 0            ; |secure_soc_top|aes128:u_aes128|aes_sbox:gen_state_sbox[9].sb_state                                                                                                                                                                                                                                                                                        ; aes_sbox                          ; work         ;
;    |auth_fsm:u_auth_fsm|                                                                                                                ; 783 (783)           ; 1622 (1622)               ; 0                 ; 0          ; 0    ; 0            ; |secure_soc_top|auth_fsm:u_auth_fsm                                                                                                                                                                                                                                                                                                                        ; auth_fsm                          ; work         ;
;    |cmd_parser:u_cmd_parser|                                                                                                            ; 178 (178)           ; 314 (314)                 ; 0                 ; 0          ; 0    ; 0            ; |secure_soc_top|cmd_parser:u_cmd_parser                                                                                                                                                                                                                                                                                                                    ; cmd_parser                        ; work         ;
;    |ro_puf:u_ro_puf|                                                                                                                    ; 10158 (10158)       ; 6821 (6821)               ; 0                 ; 0          ; 0    ; 0            ; |secure_soc_top|ro_puf:u_ro_puf                                                                                                                                                                                                                                                                                                                            ; ro_puf                            ; work         ;
;    |sld_hub:auto_hub|                                                                                                                   ; 91 (1)              ; 90 (0)                    ; 0                 ; 0          ; 0    ; 0            ; |secure_soc_top|sld_hub:auto_hub                                                                                                                                                                                                                                                                                                                           ; sld_hub                           ; altera_sld   ;
;       |alt_sld_fab_with_jtag_input:\instrumentation_fabric_with_node_gen:fabric_gen_new_way:with_jtag_input_gen:instrumentation_fabric| ; 90 (0)              ; 90 (0)                    ; 0                 ; 0          ; 0    ; 0            ; |secure_soc_top|sld_hub:auto_hub|alt_sld_fab_with_jtag_input:\instrumentation_fabric_with_node_gen:fabric_gen_new_way:with_jtag_input_gen:instrumentation_fabric                                                                                                                                                                                           ; alt_sld_fab_with_jtag_input       ; altera_sld   ;
;          |alt_sld_fab:instrumentation_fabric|                                                                                           ; 90 (0)              ; 90 (0)                    ; 0                 ; 0          ; 0    ; 0            ; |secure_soc_top|sld_hub:auto_hub|alt_sld_fab_with_jtag_input:\instrumentation_fabric_with_node_gen:fabric_gen_new_way:with_jtag_input_gen:instrumentation_fabric|alt_sld_fab:instrumentation_fabric                                                                                                                                                        ; alt_sld_fab                       ; alt_sld_fab  ;
;             |alt_sld_fab_alt_sld_fab:alt_sld_fab|                                                                                       ; 90 (1)              ; 90 (5)                    ; 0                 ; 0          ; 0    ; 0            ; |secure_soc_top|sld_hub:auto_hub|alt_sld_fab_with_jtag_input:\instrumentation_fabric_with_node_gen:fabric_gen_new_way:with_jtag_input_gen:instrumentation_fabric|alt_sld_fab:instrumentation_fabric|alt_sld_fab_alt_sld_fab:alt_sld_fab                                                                                                                    ; alt_sld_fab_alt_sld_fab           ; alt_sld_fab  ;
;                |alt_sld_fab_alt_sld_fab_sldfabric:sldfabric|                                                                            ; 89 (0)              ; 85 (0)                    ; 0                 ; 0          ; 0    ; 0            ; |secure_soc_top|sld_hub:auto_hub|alt_sld_fab_with_jtag_input:\instrumentation_fabric_with_node_gen:fabric_gen_new_way:with_jtag_input_gen:instrumentation_fabric|alt_sld_fab:instrumentation_fabric|alt_sld_fab_alt_sld_fab:alt_sld_fab|alt_sld_fab_alt_sld_fab_sldfabric:sldfabric                                                                        ; alt_sld_fab_alt_sld_fab_sldfabric ; alt_sld_fab  ;
;                   |sld_jtag_hub:\jtag_hub_gen:real_sld_jtag_hub|                                                                        ; 89 (56)             ; 85 (57)                   ; 0                 ; 0          ; 0    ; 0            ; |secure_soc_top|sld_hub:auto_hub|alt_sld_fab_with_jtag_input:\instrumentation_fabric_with_node_gen:fabric_gen_new_way:with_jtag_input_gen:instrumentation_fabric|alt_sld_fab:instrumentation_fabric|alt_sld_fab_alt_sld_fab:alt_sld_fab|alt_sld_fab_alt_sld_fab_sldfabric:sldfabric|sld_jtag_hub:\jtag_hub_gen:real_sld_jtag_hub                           ; sld_jtag_hub                      ; work         ;
;                      |sld_rom_sr:hub_info_reg|                                                                                          ; 15 (15)             ; 9 (9)                     ; 0                 ; 0          ; 0    ; 0            ; |secure_soc_top|sld_hub:auto_hub|alt_sld_fab_with_jtag_input:\instrumentation_fabric_with_node_gen:fabric_gen_new_way:with_jtag_input_gen:instrumentation_fabric|alt_sld_fab:instrumentation_fabric|alt_sld_fab_alt_sld_fab:alt_sld_fab|alt_sld_fab_alt_sld_fab_sldfabric:sldfabric|sld_jtag_hub:\jtag_hub_gen:real_sld_jtag_hub|sld_rom_sr:hub_info_reg   ; sld_rom_sr                        ; work         ;
;                      |sld_shadow_jsm:shadow_jsm|                                                                                        ; 18 (18)             ; 19 (19)                   ; 0                 ; 0          ; 0    ; 0            ; |secure_soc_top|sld_hub:auto_hub|alt_sld_fab_with_jtag_input:\instrumentation_fabric_with_node_gen:fabric_gen_new_way:with_jtag_input_gen:instrumentation_fabric|alt_sld_fab:instrumentation_fabric|alt_sld_fab_alt_sld_fab:alt_sld_fab|alt_sld_fab_alt_sld_fab_sldfabric:sldfabric|sld_jtag_hub:\jtag_hub_gen:real_sld_jtag_hub|sld_shadow_jsm:shadow_jsm ; sld_shadow_jsm                    ; altera_sld   ;
;    |sld_signaltap:auto_signaltap_0|                                                                                                     ; 528 (2)             ; 3396 (520)                ; 33280             ; 0          ; 0    ; 0            ; |secure_soc_top|sld_signaltap:auto_signaltap_0                                                                                                                                                                                                                                                                                                             ; sld_signaltap                     ; work         ;
;       |sld_signaltap_impl:sld_signaltap_body|                                                                                           ; 526 (0)             ; 2876 (0)                  ; 33280             ; 0          ; 0    ; 0            ; |secure_soc_top|sld_signaltap:auto_signaltap_0|sld_signaltap_impl:sld_signaltap_body                                                                                                                                                                                                                                                                       ; sld_signaltap_impl                ; work         ;
;          |sld_signaltap_implb:sld_signaltap_body|                                                                                       ; 526 (67)            ; 2876 (1114)               ; 33280             ; 0          ; 0    ; 0            ; |secure_soc_top|sld_signaltap:auto_signaltap_0|sld_signaltap_impl:sld_signaltap_body|sld_signaltap_implb:sld_signaltap_body                                                                                                                                                                                                                                ; sld_signaltap_implb               ; work         ;
;             |altdpram:\stp_non_zero_ram_gen:attribute_mem_gen:attribute_mem|                                                            ; 2 (0)               ; 46 (46)                   ; 0                 ; 0          ; 0    ; 0            ; |secure_soc_top|sld_signaltap:auto_signaltap_0|sld_signaltap_impl:sld_signaltap_body|sld_signaltap_implb:sld_signaltap_body|altdpram:\stp_non_zero_ram_gen:attribute_mem_gen:attribute_mem                                                                                                                                                                 ; altdpram                          ; work         ;
;                |lpm_decode:wdecoder|                                                                                                    ; 2 (0)               ; 0 (0)                     ; 0                 ; 0          ; 0    ; 0            ; |secure_soc_top|sld_signaltap:auto_signaltap_0|sld_signaltap_impl:sld_signaltap_body|sld_signaltap_implb:sld_signaltap_body|altdpram:\stp_non_zero_ram_gen:attribute_mem_gen:attribute_mem|lpm_decode:wdecoder                                                                                                                                             ; lpm_decode                        ; work         ;
;                   |decode_vnf:auto_generated|                                                                                           ; 2 (2)               ; 0 (0)                     ; 0                 ; 0          ; 0    ; 0            ; |secure_soc_top|sld_signaltap:auto_signaltap_0|sld_signaltap_impl:sld_signaltap_body|sld_signaltap_implb:sld_signaltap_body|altdpram:\stp_non_zero_ram_gen:attribute_mem_gen:attribute_mem|lpm_decode:wdecoder|decode_vnf:auto_generated                                                                                                                   ; decode_vnf                        ; work         ;
;             |altsyncram:\stp_non_zero_ram_gen:stp_buffer_ram|                                                                           ; 0 (0)               ; 0 (0)                     ; 33280             ; 0          ; 0    ; 0            ; |secure_soc_top|sld_signaltap:auto_signaltap_0|sld_signaltap_impl:sld_signaltap_body|sld_signaltap_implb:sld_signaltap_body|altsyncram:\stp_non_zero_ram_gen:stp_buffer_ram                                                                                                                                                                                ; altsyncram                        ; work         ;
;                |altsyncram_me84:auto_generated|                                                                                         ; 0 (0)               ; 0 (0)                     ; 33280             ; 0          ; 0    ; 0            ; |secure_soc_top|sld_signaltap:auto_signaltap_0|sld_signaltap_impl:sld_signaltap_body|sld_signaltap_implb:sld_signaltap_body|altsyncram:\stp_non_zero_ram_gen:stp_buffer_ram|altsyncram_me84:auto_generated                                                                                                                                                 ; altsyncram_me84                   ; work         ;
;             |lpm_shiftreg:segment_offset_config_deserialize|                                                                            ; 0 (0)               ; 7 (7)                     ; 0                 ; 0          ; 0    ; 0            ; |secure_soc_top|sld_signaltap:auto_signaltap_0|sld_signaltap_impl:sld_signaltap_body|sld_signaltap_implb:sld_signaltap_body|lpm_shiftreg:segment_offset_config_deserialize                                                                                                                                                                                 ; lpm_shiftreg                      ; work         ;
;             |lpm_shiftreg:status_register|                                                                                              ; 17 (17)             ; 17 (17)                   ; 0                 ; 0          ; 0    ; 0            ; |secure_soc_top|sld_signaltap:auto_signaltap_0|sld_signaltap_impl:sld_signaltap_body|sld_signaltap_implb:sld_signaltap_body|lpm_shiftreg:status_register                                                                                                                                                                                                   ; lpm_shiftreg                      ; work         ;
;             |serial_crc_16:\tdo_crc_gen:tdo_crc_calc|                                                                                   ; 4 (4)               ; 13 (13)                   ; 0                 ; 0          ; 0    ; 0            ; |secure_soc_top|sld_signaltap:auto_signaltap_0|sld_signaltap_impl:sld_signaltap_body|sld_signaltap_implb:sld_signaltap_body|serial_crc_16:\tdo_crc_gen:tdo_crc_calc                                                                                                                                                                                        ; serial_crc_16                     ; work         ;
;             |sld_buffer_manager:sld_buffer_manager_inst|                                                                                ; 58 (58)             ; 44 (44)                   ; 0                 ; 0          ; 0    ; 0            ; |secure_soc_top|sld_signaltap:auto_signaltap_0|sld_signaltap_impl:sld_signaltap_body|sld_signaltap_implb:sld_signaltap_body|sld_buffer_manager:sld_buffer_manager_inst                                                                                                                                                                                     ; sld_buffer_manager                ; work         ;
;             |sld_ela_control:ela_control|                                                                                               ; 317 (1)             ; 1316 (1)                  ; 0                 ; 0          ; 0    ; 0            ; |secure_soc_top|sld_signaltap:auto_signaltap_0|sld_signaltap_impl:sld_signaltap_body|sld_signaltap_implb:sld_signaltap_body|sld_ela_control:ela_control                                                                                                                                                                                                    ; sld_ela_control                   ; work         ;
;                |lpm_shiftreg:trigger_config_deserialize|                                                                                ; 0 (0)               ; 4 (4)                     ; 0                 ; 0          ; 0    ; 0            ; |secure_soc_top|sld_signaltap:auto_signaltap_0|sld_signaltap_impl:sld_signaltap_body|sld_signaltap_implb:sld_signaltap_body|sld_ela_control:ela_control|lpm_shiftreg:trigger_config_deserialize                                                                                                                                                            ; lpm_shiftreg                      ; work         ;
;                |sld_ela_basic_multi_level_trigger:\basic_multi_level_mbpm_trigger_gen:multi_level_mbpm|                                 ; 260 (0)             ; 1300 (0)                  ; 0                 ; 0          ; 0    ; 0            ; |secure_soc_top|sld_signaltap:auto_signaltap_0|sld_signaltap_impl:sld_signaltap_body|sld_signaltap_implb:sld_signaltap_body|sld_ela_control:ela_control|sld_ela_basic_multi_level_trigger:\basic_multi_level_mbpm_trigger_gen:multi_level_mbpm                                                                                                             ; sld_ela_basic_multi_level_trigger ; work         ;
;                   |lpm_shiftreg:trigger_condition_deserialize|                                                                          ; 0 (0)               ; 780 (780)                 ; 0                 ; 0          ; 0    ; 0            ; |secure_soc_top|sld_signaltap:auto_signaltap_0|sld_signaltap_impl:sld_signaltap_body|sld_signaltap_implb:sld_signaltap_body|sld_ela_control:ela_control|sld_ela_basic_multi_level_trigger:\basic_multi_level_mbpm_trigger_gen:multi_level_mbpm|lpm_shiftreg:trigger_condition_deserialize                                                                  ; lpm_shiftreg                      ; work         ;
;                   |sld_mbpmg:\trigger_modules_gen:0:trigger_match|                                                                      ; 260 (0)             ; 520 (0)                   ; 0                 ; 0          ; 0    ; 0            ; |secure_soc_top|sld_signaltap:auto_signaltap_0|sld_signaltap_impl:sld_signaltap_body|sld_signaltap_implb:sld_signaltap_body|sld_ela_control:ela_control|sld_ela_basic_multi_level_trigger:\basic_multi_level_mbpm_trigger_gen:multi_level_mbpm|sld_mbpmg:\trigger_modules_gen:0:trigger_match                                                              ; sld_mbpmg                         ; work         ;
;                      |sld_sbpmg:\gen_sbpmg_pipeline_less_than_two:sm0:0:sm1|                                                            ; 1 (1)               ; 2 (2)                     ; 0                 ; 0          ; 0    ; 0            ; |secure_soc_top|sld_signaltap:auto_signaltap_0|sld_signaltap_impl:sld_signaltap_body|sld_signaltap_implb:sld_signaltap_body|sld_ela_control:ela_control|sld_ela_basic_multi_level_trigger:\basic_multi_level_mbpm_trigger_gen:multi_level_mbpm|sld_mbpmg:\trigger_modules_gen:0:trigger_match|sld_sbpmg:\gen_sbpmg_pipeline_less_than_two:sm0:0:sm1        ; sld_sbpmg                         ; work         ;
;                      |sld_sbpmg:\gen_sbpmg_pipeline_less_than_two:sm0:100:sm1|                                                          ; 1 (1)               ; 2 (2)                     ; 0                 ; 0          ; 0    ; 0            ; |secure_soc_top|sld_signaltap:auto_signaltap_0|sld_signaltap_impl:sld_signaltap_body|sld_signaltap_implb:sld_signaltap_body|sld_ela_control:ela_control|sld_ela_basic_multi_level_trigger:\basic_multi_level_mbpm_trigger_gen:multi_level_mbpm|sld_mbpmg:\trigger_modules_gen:0:trigger_match|sld_sbpmg:\gen_sbpmg_pipeline_less_than_two:sm0:100:sm1      ; sld_sbpmg                         ; work         ;
;                      |sld_sbpmg:\gen_sbpmg_pipeline_less_than_two:sm0:101:sm1|                                                          ; 1 (1)               ; 2 (2)                     ; 0                 ; 0          ; 0    ; 0            ; |secure_soc_top|sld_signaltap:auto_signaltap_0|sld_signaltap_impl:sld_signaltap_body|sld_signaltap_implb:sld_signaltap_body|sld_ela_control:ela_control|sld_ela_basic_multi_level_trigger:\basic_multi_level_mbpm_trigger_gen:multi_level_mbpm|sld_mbpmg:\trigger_modules_gen:0:trigger_match|sld_sbpmg:\gen_sbpmg_pipeline_less_than_two:sm0:101:sm1      ; sld_sbpmg                         ; work         ;
;                      |sld_sbpmg:\gen_sbpmg_pipeline_less_than_two:sm0:102:sm1|                                                          ; 1 (1)               ; 2 (2)                     ; 0                 ; 0          ; 0    ; 0            ; |secure_soc_top|sld_signaltap:auto_signaltap_0|sld_signaltap_impl:sld_signaltap_body|sld_signaltap_implb:sld_signaltap_body|sld_ela_control:ela_control|sld_ela_basic_multi_level_trigger:\basic_multi_level_mbpm_trigger_gen:multi_level_mbpm|sld_mbpmg:\trigger_modules_gen:0:trigger_match|sld_sbpmg:\gen_sbpmg_pipeline_less_than_two:sm0:102:sm1      ; sld_sbpmg                         ; work         ;
;                      |sld_sbpmg:\gen_sbpmg_pipeline_less_than_two:sm0:103:sm1|                                                          ; 1 (1)               ; 2 (2)                     ; 0                 ; 0          ; 0    ; 0            ; |secure_soc_top|sld_signaltap:auto_signaltap_0|sld_signaltap_impl:sld_signaltap_body|sld_signaltap_implb:sld_signaltap_body|sld_ela_control:ela_control|sld_ela_basic_multi_level_trigger:\basic_multi_level_mbpm_trigger_gen:multi_level_mbpm|sld_mbpmg:\trigger_modules_gen:0:trigger_match|sld_sbpmg:\gen_sbpmg_pipeline_less_than_two:sm0:103:sm1      ; sld_sbpmg                         ; work         ;
;                      |sld_sbpmg:\gen_sbpmg_pipeline_less_than_two:sm0:104:sm1|                                                          ; 1 (1)               ; 2 (2)                     ; 0                 ; 0          ; 0    ; 0            ; |secure_soc_top|sld_signaltap:auto_signaltap_0|sld_signaltap_impl:sld_signaltap_body|sld_signaltap_implb:sld_signaltap_body|sld_ela_control:ela_control|sld_ela_basic_multi_level_trigger:\basic_multi_level_mbpm_trigger_gen:multi_level_mbpm|sld_mbpmg:\trigger_modules_gen:0:trigger_match|sld_sbpmg:\gen_sbpmg_pipeline_less_than_two:sm0:104:sm1      ; sld_sbpmg                         ; work         ;
;                      |sld_sbpmg:\gen_sbpmg_pipeline_less_than_two:sm0:105:sm1|                                                          ; 1 (1)               ; 2 (2)                     ; 0                 ; 0          ; 0    ; 0            ; |secure_soc_top|sld_signaltap:auto_signaltap_0|sld_signaltap_impl:sld_signaltap_body|sld_signaltap_implb:sld_signaltap_body|sld_ela_control:ela_control|sld_ela_basic_multi_level_trigger:\basic_multi_level_mbpm_trigger_gen:multi_level_mbpm|sld_mbpmg:\trigger_modules_gen:0:trigger_match|sld_sbpmg:\gen_sbpmg_pipeline_less_than_two:sm0:105:sm1      ; sld_sbpmg                         ; work         ;
;                      |sld_sbpmg:\gen_sbpmg_pipeline_less_than_two:sm0:106:sm1|                                                          ; 1 (1)               ; 2 (2)                     ; 0                 ; 0          ; 0    ; 0            ; |secure_soc_top|sld_signaltap:auto_signaltap_0|sld_signaltap_impl:sld_signaltap_body|sld_signaltap_implb:sld_signaltap_body|sld_ela_control:ela_control|sld_ela_basic_multi_level_trigger:\basic_multi_level_mbpm_trigger_gen:multi_level_mbpm|sld_mbpmg:\trigger_modules_gen:0:trigger_match|sld_sbpmg:\gen_sbpmg_pipeline_less_than_two:sm0:106:sm1      ; sld_sbpmg                         ; work         ;
;                      |sld_sbpmg:\gen_sbpmg_pipeline_less_than_two:sm0:107:sm1|                                                          ; 1 (1)               ; 2 (2)                     ; 0                 ; 0          ; 0    ; 0            ; |secure_soc_top|sld_signaltap:auto_signaltap_0|sld_signaltap_impl:sld_signaltap_body|sld_signaltap_implb:sld_signaltap_body|sld_ela_control:ela_control|sld_ela_basic_multi_level_trigger:\basic_multi_level_mbpm_trigger_gen:multi_level_mbpm|sld_mbpmg:\trigger_modules_gen:0:trigger_match|sld_sbpmg:\gen_sbpmg_pipeline_less_than_two:sm0:107:sm1      ; sld_sbpmg                         ; work         ;
;                      |sld_sbpmg:\gen_sbpmg_pipeline_less_than_two:sm0:108:sm1|                                                          ; 1 (1)               ; 2 (2)                     ; 0                 ; 0          ; 0    ; 0            ; |secure_soc_top|sld_signaltap:auto_signaltap_0|sld_signaltap_impl:sld_signaltap_body|sld_signaltap_implb:sld_signaltap_body|sld_ela_control:ela_control|sld_ela_basic_multi_level_trigger:\basic_multi_level_mbpm_trigger_gen:multi_level_mbpm|sld_mbpmg:\trigger_modules_gen:0:trigger_match|sld_sbpmg:\gen_sbpmg_pipeline_less_than_two:sm0:108:sm1      ; sld_sbpmg                         ; work         ;
;                      |sld_sbpmg:\gen_sbpmg_pipeline_less_than_two:sm0:109:sm1|                                                          ; 1 (1)               ; 2 (2)                     ; 0                 ; 0          ; 0    ; 0            ; |secure_soc_top|sld_signaltap:auto_signaltap_0|sld_signaltap_impl:sld_signaltap_body|sld_signaltap_implb:sld_signaltap_body|sld_ela_control:ela_control|sld_ela_basic_multi_level_trigger:\basic_multi_level_mbpm_trigger_gen:multi_level_mbpm|sld_mbpmg:\trigger_modules_gen:0:trigger_match|sld_sbpmg:\gen_sbpmg_pipeline_less_than_two:sm0:109:sm1      ; sld_sbpmg                         ; work         ;
;                      |sld_sbpmg:\gen_sbpmg_pipeline_less_than_two:sm0:10:sm1|                                                           ; 1 (1)               ; 2 (2)                     ; 0                 ; 0          ; 0    ; 0            ; |secure_soc_top|sld_signaltap:auto_signaltap_0|sld_signaltap_impl:sld_signaltap_body|sld_signaltap_implb:sld_signaltap_body|sld_ela_control:ela_control|sld_ela_basic_multi_level_trigger:\basic_multi_level_mbpm_trigger_gen:multi_level_mbpm|sld_mbpmg:\trigger_modules_gen:0:trigger_match|sld_sbpmg:\gen_sbpmg_pipeline_less_than_two:sm0:10:sm1       ; sld_sbpmg                         ; work         ;
;                      |sld_sbpmg:\gen_sbpmg_pipeline_less_than_two:sm0:110:sm1|                                                          ; 1 (1)               ; 2 (2)                     ; 0                 ; 0          ; 0    ; 0            ; |secure_soc_top|sld_signaltap:auto_signaltap_0|sld_signaltap_impl:sld_signaltap_body|sld_signaltap_implb:sld_signaltap_body|sld_ela_control:ela_control|sld_ela_basic_multi_level_trigger:\basic_multi_level_mbpm_trigger_gen:multi_level_mbpm|sld_mbpmg:\trigger_modules_gen:0:trigger_match|sld_sbpmg:\gen_sbpmg_pipeline_less_than_two:sm0:110:sm1      ; sld_sbpmg                         ; work         ;
;                      |sld_sbpmg:\gen_sbpmg_pipeline_less_than_two:sm0:111:sm1|                                                          ; 1 (1)               ; 2 (2)                     ; 0                 ; 0          ; 0    ; 0            ; |secure_soc_top|sld_signaltap:auto_signaltap_0|sld_signaltap_impl:sld_signaltap_body|sld_signaltap_implb:sld_signaltap_body|sld_ela_control:ela_control|sld_ela_basic_multi_level_trigger:\basic_multi_level_mbpm_trigger_gen:multi_level_mbpm|sld_mbpmg:\trigger_modules_gen:0:trigger_match|sld_sbpmg:\gen_sbpmg_pipeline_less_than_two:sm0:111:sm1      ; sld_sbpmg                         ; work         ;
;                      |sld_sbpmg:\gen_sbpmg_pipeline_less_than_two:sm0:112:sm1|                                                          ; 1 (1)               ; 2 (2)                     ; 0                 ; 0          ; 0    ; 0            ; |secure_soc_top|sld_signaltap:auto_signaltap_0|sld_signaltap_impl:sld_signaltap_body|sld_signaltap_implb:sld_signaltap_body|sld_ela_control:ela_control|sld_ela_basic_multi_level_trigger:\basic_multi_level_mbpm_trigger_gen:multi_level_mbpm|sld_mbpmg:\trigger_modules_gen:0:trigger_match|sld_sbpmg:\gen_sbpmg_pipeline_less_than_two:sm0:112:sm1      ; sld_sbpmg                         ; work         ;
;                      |sld_sbpmg:\gen_sbpmg_pipeline_less_than_two:sm0:113:sm1|                                                          ; 1 (1)               ; 2 (2)                     ; 0                 ; 0          ; 0    ; 0            ; |secure_soc_top|sld_signaltap:auto_signaltap_0|sld_signaltap_impl:sld_signaltap_body|sld_signaltap_implb:sld_signaltap_body|sld_ela_control:ela_control|sld_ela_basic_multi_level_trigger:\basic_multi_level_mbpm_trigger_gen:multi_level_mbpm|sld_mbpmg:\trigger_modules_gen:0:trigger_match|sld_sbpmg:\gen_sbpmg_pipeline_less_than_two:sm0:113:sm1      ; sld_sbpmg                         ; work         ;
;                      |sld_sbpmg:\gen_sbpmg_pipeline_less_than_two:sm0:114:sm1|                                                          ; 1 (1)               ; 2 (2)                     ; 0                 ; 0          ; 0    ; 0            ; |secure_soc_top|sld_signaltap:auto_signaltap_0|sld_signaltap_impl:sld_signaltap_body|sld_signaltap_implb:sld_signaltap_body|sld_ela_control:ela_control|sld_ela_basic_multi_level_trigger:\basic_multi_level_mbpm_trigger_gen:multi_level_mbpm|sld_mbpmg:\trigger_modules_gen:0:trigger_match|sld_sbpmg:\gen_sbpmg_pipeline_less_than_two:sm0:114:sm1      ; sld_sbpmg                         ; work         ;
;                      |sld_sbpmg:\gen_sbpmg_pipeline_less_than_two:sm0:115:sm1|                                                          ; 1 (1)               ; 2 (2)                     ; 0                 ; 0          ; 0    ; 0            ; |secure_soc_top|sld_signaltap:auto_signaltap_0|sld_signaltap_impl:sld_signaltap_body|sld_signaltap_implb:sld_signaltap_body|sld_ela_control:ela_control|sld_ela_basic_multi_level_trigger:\basic_multi_level_mbpm_trigger_gen:multi_level_mbpm|sld_mbpmg:\trigger_modules_gen:0:trigger_match|sld_sbpmg:\gen_sbpmg_pipeline_less_than_two:sm0:115:sm1      ; sld_sbpmg                         ; work         ;
;                      |sld_sbpmg:\gen_sbpmg_pipeline_less_than_two:sm0:116:sm1|                                                          ; 1 (1)               ; 2 (2)                     ; 0                 ; 0          ; 0    ; 0            ; |secure_soc_top|sld_signaltap:auto_signaltap_0|sld_signaltap_impl:sld_signaltap_body|sld_signaltap_implb:sld_signaltap_body|sld_ela_control:ela_control|sld_ela_basic_multi_level_trigger:\basic_multi_level_mbpm_trigger_gen:multi_level_mbpm|sld_mbpmg:\trigger_modules_gen:0:trigger_match|sld_sbpmg:\gen_sbpmg_pipeline_less_than_two:sm0:116:sm1      ; sld_sbpmg                         ; work         ;
;                      |sld_sbpmg:\gen_sbpmg_pipeline_less_than_two:sm0:117:sm1|                                                          ; 1 (1)               ; 2 (2)                     ; 0                 ; 0          ; 0    ; 0            ; |secure_soc_top|sld_signaltap:auto_signaltap_0|sld_signaltap_impl:sld_signaltap_body|sld_signaltap_implb:sld_signaltap_body|sld_ela_control:ela_control|sld_ela_basic_multi_level_trigger:\basic_multi_level_mbpm_trigger_gen:multi_level_mbpm|sld_mbpmg:\trigger_modules_gen:0:trigger_match|sld_sbpmg:\gen_sbpmg_pipeline_less_than_two:sm0:117:sm1      ; sld_sbpmg                         ; work         ;
;                      |sld_sbpmg:\gen_sbpmg_pipeline_less_than_two:sm0:118:sm1|                                                          ; 1 (1)               ; 2 (2)                     ; 0                 ; 0          ; 0    ; 0            ; |secure_soc_top|sld_signaltap:auto_signaltap_0|sld_signaltap_impl:sld_signaltap_body|sld_signaltap_implb:sld_signaltap_body|sld_ela_control:ela_control|sld_ela_basic_multi_level_trigger:\basic_multi_level_mbpm_trigger_gen:multi_level_mbpm|sld_mbpmg:\trigger_modules_gen:0:trigger_match|sld_sbpmg:\gen_sbpmg_pipeline_less_than_two:sm0:118:sm1      ; sld_sbpmg                         ; work         ;
;                      |sld_sbpmg:\gen_sbpmg_pipeline_less_than_two:sm0:119:sm1|                                                          ; 1 (1)               ; 2 (2)                     ; 0                 ; 0          ; 0    ; 0            ; |secure_soc_top|sld_signaltap:auto_signaltap_0|sld_signaltap_impl:sld_signaltap_body|sld_signaltap_implb:sld_signaltap_body|sld_ela_control:ela_control|sld_ela_basic_multi_level_trigger:\basic_multi_level_mbpm_trigger_gen:multi_level_mbpm|sld_mbpmg:\trigger_modules_gen:0:trigger_match|sld_sbpmg:\gen_sbpmg_pipeline_less_than_two:sm0:119:sm1      ; sld_sbpmg                         ; work         ;
;                      |sld_sbpmg:\gen_sbpmg_pipeline_less_than_two:sm0:11:sm1|                                                           ; 1 (1)               ; 2 (2)                     ; 0                 ; 0          ; 0    ; 0            ; |secure_soc_top|sld_signaltap:auto_signaltap_0|sld_signaltap_impl:sld_signaltap_body|sld_signaltap_implb:sld_signaltap_body|sld_ela_control:ela_control|sld_ela_basic_multi_level_trigger:\basic_multi_level_mbpm_trigger_gen:multi_level_mbpm|sld_mbpmg:\trigger_modules_gen:0:trigger_match|sld_sbpmg:\gen_sbpmg_pipeline_less_than_two:sm0:11:sm1       ; sld_sbpmg                         ; work         ;
;                      |sld_sbpmg:\gen_sbpmg_pipeline_less_than_two:sm0:120:sm1|                                                          ; 1 (1)               ; 2 (2)                     ; 0                 ; 0          ; 0    ; 0            ; |secure_soc_top|sld_signaltap:auto_signaltap_0|sld_signaltap_impl:sld_signaltap_body|sld_signaltap_implb:sld_signaltap_body|sld_ela_control:ela_control|sld_ela_basic_multi_level_trigger:\basic_multi_level_mbpm_trigger_gen:multi_level_mbpm|sld_mbpmg:\trigger_modules_gen:0:trigger_match|sld_sbpmg:\gen_sbpmg_pipeline_less_than_two:sm0:120:sm1      ; sld_sbpmg                         ; work         ;
;                      |sld_sbpmg:\gen_sbpmg_pipeline_less_than_two:sm0:121:sm1|                                                          ; 1 (1)               ; 2 (2)                     ; 0                 ; 0          ; 0    ; 0            ; |secure_soc_top|sld_signaltap:auto_signaltap_0|sld_signaltap_impl:sld_signaltap_body|sld_signaltap_implb:sld_signaltap_body|sld_ela_control:ela_control|sld_ela_basic_multi_level_trigger:\basic_multi_level_mbpm_trigger_gen:multi_level_mbpm|sld_mbpmg:\trigger_modules_gen:0:trigger_match|sld_sbpmg:\gen_sbpmg_pipeline_less_than_two:sm0:121:sm1      ; sld_sbpmg                         ; work         ;
;                      |sld_sbpmg:\gen_sbpmg_pipeline_less_than_two:sm0:122:sm1|                                                          ; 1 (1)               ; 2 (2)                     ; 0                 ; 0          ; 0    ; 0            ; |secure_soc_top|sld_signaltap:auto_signaltap_0|sld_signaltap_impl:sld_signaltap_body|sld_signaltap_implb:sld_signaltap_body|sld_ela_control:ela_control|sld_ela_basic_multi_level_trigger:\basic_multi_level_mbpm_trigger_gen:multi_level_mbpm|sld_mbpmg:\trigger_modules_gen:0:trigger_match|sld_sbpmg:\gen_sbpmg_pipeline_less_than_two:sm0:122:sm1      ; sld_sbpmg                         ; work         ;
;                      |sld_sbpmg:\gen_sbpmg_pipeline_less_than_two:sm0:123:sm1|                                                          ; 1 (1)               ; 2 (2)                     ; 0                 ; 0          ; 0    ; 0            ; |secure_soc_top|sld_signaltap:auto_signaltap_0|sld_signaltap_impl:sld_signaltap_body|sld_signaltap_implb:sld_signaltap_body|sld_ela_control:ela_control|sld_ela_basic_multi_level_trigger:\basic_multi_level_mbpm_trigger_gen:multi_level_mbpm|sld_mbpmg:\trigger_modules_gen:0:trigger_match|sld_sbpmg:\gen_sbpmg_pipeline_less_than_two:sm0:123:sm1      ; sld_sbpmg                         ; work         ;
;                      |sld_sbpmg:\gen_sbpmg_pipeline_less_than_two:sm0:124:sm1|                                                          ; 1 (1)               ; 2 (2)                     ; 0                 ; 0          ; 0    ; 0            ; |secure_soc_top|sld_signaltap:auto_signaltap_0|sld_signaltap_impl:sld_signaltap_body|sld_signaltap_implb:sld_signaltap_body|sld_ela_control:ela_control|sld_ela_basic_multi_level_trigger:\basic_multi_level_mbpm_trigger_gen:multi_level_mbpm|sld_mbpmg:\trigger_modules_gen:0:trigger_match|sld_sbpmg:\gen_sbpmg_pipeline_less_than_two:sm0:124:sm1      ; sld_sbpmg                         ; work         ;
;                      |sld_sbpmg:\gen_sbpmg_pipeline_less_than_two:sm0:125:sm1|                                                          ; 1 (1)               ; 2 (2)                     ; 0                 ; 0          ; 0    ; 0            ; |secure_soc_top|sld_signaltap:auto_signaltap_0|sld_signaltap_impl:sld_signaltap_body|sld_signaltap_implb:sld_signaltap_body|sld_ela_control:ela_control|sld_ela_basic_multi_level_trigger:\basic_multi_level_mbpm_trigger_gen:multi_level_mbpm|sld_mbpmg:\trigger_modules_gen:0:trigger_match|sld_sbpmg:\gen_sbpmg_pipeline_less_than_two:sm0:125:sm1      ; sld_sbpmg                         ; work         ;
;                      |sld_sbpmg:\gen_sbpmg_pipeline_less_than_two:sm0:126:sm1|                                                          ; 1 (1)               ; 2 (2)                     ; 0                 ; 0          ; 0    ; 0            ; |secure_soc_top|sld_signaltap:auto_signaltap_0|sld_signaltap_impl:sld_signaltap_body|sld_signaltap_implb:sld_signaltap_body|sld_ela_control:ela_control|sld_ela_basic_multi_level_trigger:\basic_multi_level_mbpm_trigger_gen:multi_level_mbpm|sld_mbpmg:\trigger_modules_gen:0:trigger_match|sld_sbpmg:\gen_sbpmg_pipeline_less_than_two:sm0:126:sm1      ; sld_sbpmg                         ; work         ;
;                      |sld_sbpmg:\gen_sbpmg_pipeline_less_than_two:sm0:127:sm1|                                                          ; 1 (1)               ; 2 (2)                     ; 0                 ; 0          ; 0    ; 0            ; |secure_soc_top|sld_signaltap:auto_signaltap_0|sld_signaltap_impl:sld_signaltap_body|sld_signaltap_implb:sld_signaltap_body|sld_ela_control:ela_control|sld_ela_basic_multi_level_trigger:\basic_multi_level_mbpm_trigger_gen:multi_level_mbpm|sld_mbpmg:\trigger_modules_gen:0:trigger_match|sld_sbpmg:\gen_sbpmg_pipeline_less_than_two:sm0:127:sm1      ; sld_sbpmg                         ; work         ;
;                      |sld_sbpmg:\gen_sbpmg_pipeline_less_than_two:sm0:128:sm1|                                                          ; 1 (1)               ; 2 (2)                     ; 0                 ; 0          ; 0    ; 0            ; |secure_soc_top|sld_signaltap:auto_signaltap_0|sld_signaltap_impl:sld_signaltap_body|sld_signaltap_implb:sld_signaltap_body|sld_ela_control:ela_control|sld_ela_basic_multi_level_trigger:\basic_multi_level_mbpm_trigger_gen:multi_level_mbpm|sld_mbpmg:\trigger_modules_gen:0:trigger_match|sld_sbpmg:\gen_sbpmg_pipeline_less_than_two:sm0:128:sm1      ; sld_sbpmg                         ; work         ;
;                      |sld_sbpmg:\gen_sbpmg_pipeline_less_than_two:sm0:129:sm1|                                                          ; 1 (1)               ; 2 (2)                     ; 0                 ; 0          ; 0    ; 0            ; |secure_soc_top|sld_signaltap:auto_signaltap_0|sld_signaltap_impl:sld_signaltap_body|sld_signaltap_implb:sld_signaltap_body|sld_ela_control:ela_control|sld_ela_basic_multi_level_trigger:\basic_multi_level_mbpm_trigger_gen:multi_level_mbpm|sld_mbpmg:\trigger_modules_gen:0:trigger_match|sld_sbpmg:\gen_sbpmg_pipeline_less_than_two:sm0:129:sm1      ; sld_sbpmg                         ; work         ;
;                      |sld_sbpmg:\gen_sbpmg_pipeline_less_than_two:sm0:12:sm1|                                                           ; 1 (1)               ; 2 (2)                     ; 0                 ; 0          ; 0    ; 0            ; |secure_soc_top|sld_signaltap:auto_signaltap_0|sld_signaltap_impl:sld_signaltap_body|sld_signaltap_implb:sld_signaltap_body|sld_ela_control:ela_control|sld_ela_basic_multi_level_trigger:\basic_multi_level_mbpm_trigger_gen:multi_level_mbpm|sld_mbpmg:\trigger_modules_gen:0:trigger_match|sld_sbpmg:\gen_sbpmg_pipeline_less_than_two:sm0:12:sm1       ; sld_sbpmg                         ; work         ;
;                      |sld_sbpmg:\gen_sbpmg_pipeline_less_than_two:sm0:130:sm1|                                                          ; 1 (1)               ; 2 (2)                     ; 0                 ; 0          ; 0    ; 0            ; |secure_soc_top|sld_signaltap:auto_signaltap_0|sld_signaltap_impl:sld_signaltap_body|sld_signaltap_implb:sld_signaltap_body|sld_ela_control:ela_control|sld_ela_basic_multi_level_trigger:\basic_multi_level_mbpm_trigger_gen:multi_level_mbpm|sld_mbpmg:\trigger_modules_gen:0:trigger_match|sld_sbpmg:\gen_sbpmg_pipeline_less_than_two:sm0:130:sm1      ; sld_sbpmg                         ; work         ;
;                      |sld_sbpmg:\gen_sbpmg_pipeline_less_than_two:sm0:131:sm1|                                                          ; 1 (1)               ; 2 (2)                     ; 0                 ; 0          ; 0    ; 0            ; |secure_soc_top|sld_signaltap:auto_signaltap_0|sld_signaltap_impl:sld_signaltap_body|sld_signaltap_implb:sld_signaltap_body|sld_ela_control:ela_control|sld_ela_basic_multi_level_trigger:\basic_multi_level_mbpm_trigger_gen:multi_level_mbpm|sld_mbpmg:\trigger_modules_gen:0:trigger_match|sld_sbpmg:\gen_sbpmg_pipeline_less_than_two:sm0:131:sm1      ; sld_sbpmg                         ; work         ;
;                      |sld_sbpmg:\gen_sbpmg_pipeline_less_than_two:sm0:132:sm1|                                                          ; 1 (1)               ; 2 (2)                     ; 0                 ; 0          ; 0    ; 0            ; |secure_soc_top|sld_signaltap:auto_signaltap_0|sld_signaltap_impl:sld_signaltap_body|sld_signaltap_implb:sld_signaltap_body|sld_ela_control:ela_control|sld_ela_basic_multi_level_trigger:\basic_multi_level_mbpm_trigger_gen:multi_level_mbpm|sld_mbpmg:\trigger_modules_gen:0:trigger_match|sld_sbpmg:\gen_sbpmg_pipeline_less_than_two:sm0:132:sm1      ; sld_sbpmg                         ; work         ;
;                      |sld_sbpmg:\gen_sbpmg_pipeline_less_than_two:sm0:133:sm1|                                                          ; 1 (1)               ; 2 (2)                     ; 0                 ; 0          ; 0    ; 0            ; |secure_soc_top|sld_signaltap:auto_signaltap_0|sld_signaltap_impl:sld_signaltap_body|sld_signaltap_implb:sld_signaltap_body|sld_ela_control:ela_control|sld_ela_basic_multi_level_trigger:\basic_multi_level_mbpm_trigger_gen:multi_level_mbpm|sld_mbpmg:\trigger_modules_gen:0:trigger_match|sld_sbpmg:\gen_sbpmg_pipeline_less_than_two:sm0:133:sm1      ; sld_sbpmg                         ; work         ;
;                      |sld_sbpmg:\gen_sbpmg_pipeline_less_than_two:sm0:134:sm1|                                                          ; 1 (1)               ; 2 (2)                     ; 0                 ; 0          ; 0    ; 0            ; |secure_soc_top|sld_signaltap:auto_signaltap_0|sld_signaltap_impl:sld_signaltap_body|sld_signaltap_implb:sld_signaltap_body|sld_ela_control:ela_control|sld_ela_basic_multi_level_trigger:\basic_multi_level_mbpm_trigger_gen:multi_level_mbpm|sld_mbpmg:\trigger_modules_gen:0:trigger_match|sld_sbpmg:\gen_sbpmg_pipeline_less_than_two:sm0:134:sm1      ; sld_sbpmg                         ; work         ;
;                      |sld_sbpmg:\gen_sbpmg_pipeline_less_than_two:sm0:135:sm1|                                                          ; 1 (1)               ; 2 (2)                     ; 0                 ; 0          ; 0    ; 0            ; |secure_soc_top|sld_signaltap:auto_signaltap_0|sld_signaltap_impl:sld_signaltap_body|sld_signaltap_implb:sld_signaltap_body|sld_ela_control:ela_control|sld_ela_basic_multi_level_trigger:\basic_multi_level_mbpm_trigger_gen:multi_level_mbpm|sld_mbpmg:\trigger_modules_gen:0:trigger_match|sld_sbpmg:\gen_sbpmg_pipeline_less_than_two:sm0:135:sm1      ; sld_sbpmg                         ; work         ;
;                      |sld_sbpmg:\gen_sbpmg_pipeline_less_than_two:sm0:136:sm1|                                                          ; 1 (1)               ; 2 (2)                     ; 0                 ; 0          ; 0    ; 0            ; |secure_soc_top|sld_signaltap:auto_signaltap_0|sld_signaltap_impl:sld_signaltap_body|sld_signaltap_implb:sld_signaltap_body|sld_ela_control:ela_control|sld_ela_basic_multi_level_trigger:\basic_multi_level_mbpm_trigger_gen:multi_level_mbpm|sld_mbpmg:\trigger_modules_gen:0:trigger_match|sld_sbpmg:\gen_sbpmg_pipeline_less_than_two:sm0:136:sm1      ; sld_sbpmg                         ; work         ;
;                      |sld_sbpmg:\gen_sbpmg_pipeline_less_than_two:sm0:137:sm1|                                                          ; 1 (1)               ; 2 (2)                     ; 0                 ; 0          ; 0    ; 0            ; |secure_soc_top|sld_signaltap:auto_signaltap_0|sld_signaltap_impl:sld_signaltap_body|sld_signaltap_implb:sld_signaltap_body|sld_ela_control:ela_control|sld_ela_basic_multi_level_trigger:\basic_multi_level_mbpm_trigger_gen:multi_level_mbpm|sld_mbpmg:\trigger_modules_gen:0:trigger_match|sld_sbpmg:\gen_sbpmg_pipeline_less_than_two:sm0:137:sm1      ; sld_sbpmg                         ; work         ;
;                      |sld_sbpmg:\gen_sbpmg_pipeline_less_than_two:sm0:138:sm1|                                                          ; 1 (1)               ; 2 (2)                     ; 0                 ; 0          ; 0    ; 0            ; |secure_soc_top|sld_signaltap:auto_signaltap_0|sld_signaltap_impl:sld_signaltap_body|sld_signaltap_implb:sld_signaltap_body|sld_ela_control:ela_control|sld_ela_basic_multi_level_trigger:\basic_multi_level_mbpm_trigger_gen:multi_level_mbpm|sld_mbpmg:\trigger_modules_gen:0:trigger_match|sld_sbpmg:\gen_sbpmg_pipeline_less_than_two:sm0:138:sm1      ; sld_sbpmg                         ; work         ;
;                      |sld_sbpmg:\gen_sbpmg_pipeline_less_than_two:sm0:139:sm1|                                                          ; 1 (1)               ; 2 (2)                     ; 0                 ; 0          ; 0    ; 0            ; |secure_soc_top|sld_signaltap:auto_signaltap_0|sld_signaltap_impl:sld_signaltap_body|sld_signaltap_implb:sld_signaltap_body|sld_ela_control:ela_control|sld_ela_basic_multi_level_trigger:\basic_multi_level_mbpm_trigger_gen:multi_level_mbpm|sld_mbpmg:\trigger_modules_gen:0:trigger_match|sld_sbpmg:\gen_sbpmg_pipeline_less_than_two:sm0:139:sm1      ; sld_sbpmg                         ; work         ;
;                      |sld_sbpmg:\gen_sbpmg_pipeline_less_than_two:sm0:13:sm1|                                                           ; 1 (1)               ; 2 (2)                     ; 0                 ; 0          ; 0    ; 0            ; |secure_soc_top|sld_signaltap:auto_signaltap_0|sld_signaltap_impl:sld_signaltap_body|sld_signaltap_implb:sld_signaltap_body|sld_ela_control:ela_control|sld_ela_basic_multi_level_trigger:\basic_multi_level_mbpm_trigger_gen:multi_level_mbpm|sld_mbpmg:\trigger_modules_gen:0:trigger_match|sld_sbpmg:\gen_sbpmg_pipeline_less_than_two:sm0:13:sm1       ; sld_sbpmg                         ; work         ;
;                      |sld_sbpmg:\gen_sbpmg_pipeline_less_than_two:sm0:140:sm1|                                                          ; 1 (1)               ; 2 (2)                     ; 0                 ; 0          ; 0    ; 0            ; |secure_soc_top|sld_signaltap:auto_signaltap_0|sld_signaltap_impl:sld_signaltap_body|sld_signaltap_implb:sld_signaltap_body|sld_ela_control:ela_control|sld_ela_basic_multi_level_trigger:\basic_multi_level_mbpm_trigger_gen:multi_level_mbpm|sld_mbpmg:\trigger_modules_gen:0:trigger_match|sld_sbpmg:\gen_sbpmg_pipeline_less_than_two:sm0:140:sm1      ; sld_sbpmg                         ; work         ;
;                      |sld_sbpmg:\gen_sbpmg_pipeline_less_than_two:sm0:141:sm1|                                                          ; 1 (1)               ; 2 (2)                     ; 0                 ; 0          ; 0    ; 0            ; |secure_soc_top|sld_signaltap:auto_signaltap_0|sld_signaltap_impl:sld_signaltap_body|sld_signaltap_implb:sld_signaltap_body|sld_ela_control:ela_control|sld_ela_basic_multi_level_trigger:\basic_multi_level_mbpm_trigger_gen:multi_level_mbpm|sld_mbpmg:\trigger_modules_gen:0:trigger_match|sld_sbpmg:\gen_sbpmg_pipeline_less_than_two:sm0:141:sm1      ; sld_sbpmg                         ; work         ;
;                      |sld_sbpmg:\gen_sbpmg_pipeline_less_than_two:sm0:142:sm1|                                                          ; 1 (1)               ; 2 (2)                     ; 0                 ; 0          ; 0    ; 0            ; |secure_soc_top|sld_signaltap:auto_signaltap_0|sld_signaltap_impl:sld_signaltap_body|sld_signaltap_implb:sld_signaltap_body|sld_ela_control:ela_control|sld_ela_basic_multi_level_trigger:\basic_multi_level_mbpm_trigger_gen:multi_level_mbpm|sld_mbpmg:\trigger_modules_gen:0:trigger_match|sld_sbpmg:\gen_sbpmg_pipeline_less_than_two:sm0:142:sm1      ; sld_sbpmg                         ; work         ;
;                      |sld_sbpmg:\gen_sbpmg_pipeline_less_than_two:sm0:143:sm1|                                                          ; 1 (1)               ; 2 (2)                     ; 0                 ; 0          ; 0    ; 0            ; |secure_soc_top|sld_signaltap:auto_signaltap_0|sld_signaltap_impl:sld_signaltap_body|sld_signaltap_implb:sld_signaltap_body|sld_ela_control:ela_control|sld_ela_basic_multi_level_trigger:\basic_multi_level_mbpm_trigger_gen:multi_level_mbpm|sld_mbpmg:\trigger_modules_gen:0:trigger_match|sld_sbpmg:\gen_sbpmg_pipeline_less_than_two:sm0:143:sm1      ; sld_sbpmg                         ; work         ;
;                      |sld_sbpmg:\gen_sbpmg_pipeline_less_than_two:sm0:144:sm1|                                                          ; 1 (1)               ; 2 (2)                     ; 0                 ; 0          ; 0    ; 0            ; |secure_soc_top|sld_signaltap:auto_signaltap_0|sld_signaltap_impl:sld_signaltap_body|sld_signaltap_implb:sld_signaltap_body|sld_ela_control:ela_control|sld_ela_basic_multi_level_trigger:\basic_multi_level_mbpm_trigger_gen:multi_level_mbpm|sld_mbpmg:\trigger_modules_gen:0:trigger_match|sld_sbpmg:\gen_sbpmg_pipeline_less_than_two:sm0:144:sm1      ; sld_sbpmg                         ; work         ;
;                      |sld_sbpmg:\gen_sbpmg_pipeline_less_than_two:sm0:145:sm1|                                                          ; 1 (1)               ; 2 (2)                     ; 0                 ; 0          ; 0    ; 0            ; |secure_soc_top|sld_signaltap:auto_signaltap_0|sld_signaltap_impl:sld_signaltap_body|sld_signaltap_implb:sld_signaltap_body|sld_ela_control:ela_control|sld_ela_basic_multi_level_trigger:\basic_multi_level_mbpm_trigger_gen:multi_level_mbpm|sld_mbpmg:\trigger_modules_gen:0:trigger_match|sld_sbpmg:\gen_sbpmg_pipeline_less_than_two:sm0:145:sm1      ; sld_sbpmg                         ; work         ;
;                      |sld_sbpmg:\gen_sbpmg_pipeline_less_than_two:sm0:146:sm1|                                                          ; 1 (1)               ; 2 (2)                     ; 0                 ; 0          ; 0    ; 0            ; |secure_soc_top|sld_signaltap:auto_signaltap_0|sld_signaltap_impl:sld_signaltap_body|sld_signaltap_implb:sld_signaltap_body|sld_ela_control:ela_control|sld_ela_basic_multi_level_trigger:\basic_multi_level_mbpm_trigger_gen:multi_level_mbpm|sld_mbpmg:\trigger_modules_gen:0:trigger_match|sld_sbpmg:\gen_sbpmg_pipeline_less_than_two:sm0:146:sm1      ; sld_sbpmg                         ; work         ;
;                      |sld_sbpmg:\gen_sbpmg_pipeline_less_than_two:sm0:147:sm1|                                                          ; 1 (1)               ; 2 (2)                     ; 0                 ; 0          ; 0    ; 0            ; |secure_soc_top|sld_signaltap:auto_signaltap_0|sld_signaltap_impl:sld_signaltap_body|sld_signaltap_implb:sld_signaltap_body|sld_ela_control:ela_control|sld_ela_basic_multi_level_trigger:\basic_multi_level_mbpm_trigger_gen:multi_level_mbpm|sld_mbpmg:\trigger_modules_gen:0:trigger_match|sld_sbpmg:\gen_sbpmg_pipeline_less_than_two:sm0:147:sm1      ; sld_sbpmg                         ; work         ;
;                      |sld_sbpmg:\gen_sbpmg_pipeline_less_than_two:sm0:148:sm1|                                                          ; 1 (1)               ; 2 (2)                     ; 0                 ; 0          ; 0    ; 0            ; |secure_soc_top|sld_signaltap:auto_signaltap_0|sld_signaltap_impl:sld_signaltap_body|sld_signaltap_implb:sld_signaltap_body|sld_ela_control:ela_control|sld_ela_basic_multi_level_trigger:\basic_multi_level_mbpm_trigger_gen:multi_level_mbpm|sld_mbpmg:\trigger_modules_gen:0:trigger_match|sld_sbpmg:\gen_sbpmg_pipeline_less_than_two:sm0:148:sm1      ; sld_sbpmg                         ; work         ;
;                      |sld_sbpmg:\gen_sbpmg_pipeline_less_than_two:sm0:149:sm1|                                                          ; 1 (1)               ; 2 (2)                     ; 0                 ; 0          ; 0    ; 0            ; |secure_soc_top|sld_signaltap:auto_signaltap_0|sld_signaltap_impl:sld_signaltap_body|sld_signaltap_implb:sld_signaltap_body|sld_ela_control:ela_control|sld_ela_basic_multi_level_trigger:\basic_multi_level_mbpm_trigger_gen:multi_level_mbpm|sld_mbpmg:\trigger_modules_gen:0:trigger_match|sld_sbpmg:\gen_sbpmg_pipeline_less_than_two:sm0:149:sm1      ; sld_sbpmg                         ; work         ;
;                      |sld_sbpmg:\gen_sbpmg_pipeline_less_than_two:sm0:14:sm1|                                                           ; 1 (1)               ; 2 (2)                     ; 0                 ; 0          ; 0    ; 0            ; |secure_soc_top|sld_signaltap:auto_signaltap_0|sld_signaltap_impl:sld_signaltap_body|sld_signaltap_implb:sld_signaltap_body|sld_ela_control:ela_control|sld_ela_basic_multi_level_trigger:\basic_multi_level_mbpm_trigger_gen:multi_level_mbpm|sld_mbpmg:\trigger_modules_gen:0:trigger_match|sld_sbpmg:\gen_sbpmg_pipeline_less_than_two:sm0:14:sm1       ; sld_sbpmg                         ; work         ;
;                      |sld_sbpmg:\gen_sbpmg_pipeline_less_than_two:sm0:150:sm1|                                                          ; 1 (1)               ; 2 (2)                     ; 0                 ; 0          ; 0    ; 0            ; |secure_soc_top|sld_signaltap:auto_signaltap_0|sld_signaltap_impl:sld_signaltap_body|sld_signaltap_implb:sld_signaltap_body|sld_ela_control:ela_control|sld_ela_basic_multi_level_trigger:\basic_multi_level_mbpm_trigger_gen:multi_level_mbpm|sld_mbpmg:\trigger_modules_gen:0:trigger_match|sld_sbpmg:\gen_sbpmg_pipeline_less_than_two:sm0:150:sm1      ; sld_sbpmg                         ; work         ;
;                      |sld_sbpmg:\gen_sbpmg_pipeline_less_than_two:sm0:151:sm1|                                                          ; 1 (1)               ; 2 (2)                     ; 0                 ; 0          ; 0    ; 0            ; |secure_soc_top|sld_signaltap:auto_signaltap_0|sld_signaltap_impl:sld_signaltap_body|sld_signaltap_implb:sld_signaltap_body|sld_ela_control:ela_control|sld_ela_basic_multi_level_trigger:\basic_multi_level_mbpm_trigger_gen:multi_level_mbpm|sld_mbpmg:\trigger_modules_gen:0:trigger_match|sld_sbpmg:\gen_sbpmg_pipeline_less_than_two:sm0:151:sm1      ; sld_sbpmg                         ; work         ;
;                      |sld_sbpmg:\gen_sbpmg_pipeline_less_than_two:sm0:152:sm1|                                                          ; 1 (1)               ; 2 (2)                     ; 0                 ; 0          ; 0    ; 0            ; |secure_soc_top|sld_signaltap:auto_signaltap_0|sld_signaltap_impl:sld_signaltap_body|sld_signaltap_implb:sld_signaltap_body|sld_ela_control:ela_control|sld_ela_basic_multi_level_trigger:\basic_multi_level_mbpm_trigger_gen:multi_level_mbpm|sld_mbpmg:\trigger_modules_gen:0:trigger_match|sld_sbpmg:\gen_sbpmg_pipeline_less_than_two:sm0:152:sm1      ; sld_sbpmg                         ; work         ;
;                      |sld_sbpmg:\gen_sbpmg_pipeline_less_than_two:sm0:153:sm1|                                                          ; 1 (1)               ; 2 (2)                     ; 0                 ; 0          ; 0    ; 0            ; |secure_soc_top|sld_signaltap:auto_signaltap_0|sld_signaltap_impl:sld_signaltap_body|sld_signaltap_implb:sld_signaltap_body|sld_ela_control:ela_control|sld_ela_basic_multi_level_trigger:\basic_multi_level_mbpm_trigger_gen:multi_level_mbpm|sld_mbpmg:\trigger_modules_gen:0:trigger_match|sld_sbpmg:\gen_sbpmg_pipeline_less_than_two:sm0:153:sm1      ; sld_sbpmg                         ; work         ;
;                      |sld_sbpmg:\gen_sbpmg_pipeline_less_than_two:sm0:154:sm1|                                                          ; 1 (1)               ; 2 (2)                     ; 0                 ; 0          ; 0    ; 0            ; |secure_soc_top|sld_signaltap:auto_signaltap_0|sld_signaltap_impl:sld_signaltap_body|sld_signaltap_implb:sld_signaltap_body|sld_ela_control:ela_control|sld_ela_basic_multi_level_trigger:\basic_multi_level_mbpm_trigger_gen:multi_level_mbpm|sld_mbpmg:\trigger_modules_gen:0:trigger_match|sld_sbpmg:\gen_sbpmg_pipeline_less_than_two:sm0:154:sm1      ; sld_sbpmg                         ; work         ;
;                      |sld_sbpmg:\gen_sbpmg_pipeline_less_than_two:sm0:155:sm1|                                                          ; 1 (1)               ; 2 (2)                     ; 0                 ; 0          ; 0    ; 0            ; |secure_soc_top|sld_signaltap:auto_signaltap_0|sld_signaltap_impl:sld_signaltap_body|sld_signaltap_implb:sld_signaltap_body|sld_ela_control:ela_control|sld_ela_basic_multi_level_trigger:\basic_multi_level_mbpm_trigger_gen:multi_level_mbpm|sld_mbpmg:\trigger_modules_gen:0:trigger_match|sld_sbpmg:\gen_sbpmg_pipeline_less_than_two:sm0:155:sm1      ; sld_sbpmg                         ; work         ;
;                      |sld_sbpmg:\gen_sbpmg_pipeline_less_than_two:sm0:156:sm1|                                                          ; 1 (1)               ; 2 (2)                     ; 0                 ; 0          ; 0    ; 0            ; |secure_soc_top|sld_signaltap:auto_signaltap_0|sld_signaltap_impl:sld_signaltap_body|sld_signaltap_implb:sld_signaltap_body|sld_ela_control:ela_control|sld_ela_basic_multi_level_trigger:\basic_multi_level_mbpm_trigger_gen:multi_level_mbpm|sld_mbpmg:\trigger_modules_gen:0:trigger_match|sld_sbpmg:\gen_sbpmg_pipeline_less_than_two:sm0:156:sm1      ; sld_sbpmg                         ; work         ;
;                      |sld_sbpmg:\gen_sbpmg_pipeline_less_than_two:sm0:157:sm1|                                                          ; 1 (1)               ; 2 (2)                     ; 0                 ; 0          ; 0    ; 0            ; |secure_soc_top|sld_signaltap:auto_signaltap_0|sld_signaltap_impl:sld_signaltap_body|sld_signaltap_implb:sld_signaltap_body|sld_ela_control:ela_control|sld_ela_basic_multi_level_trigger:\basic_multi_level_mbpm_trigger_gen:multi_level_mbpm|sld_mbpmg:\trigger_modules_gen:0:trigger_match|sld_sbpmg:\gen_sbpmg_pipeline_less_than_two:sm0:157:sm1      ; sld_sbpmg                         ; work         ;
;                      |sld_sbpmg:\gen_sbpmg_pipeline_less_than_two:sm0:158:sm1|                                                          ; 1 (1)               ; 2 (2)                     ; 0                 ; 0          ; 0    ; 0            ; |secure_soc_top|sld_signaltap:auto_signaltap_0|sld_signaltap_impl:sld_signaltap_body|sld_signaltap_implb:sld_signaltap_body|sld_ela_control:ela_control|sld_ela_basic_multi_level_trigger:\basic_multi_level_mbpm_trigger_gen:multi_level_mbpm|sld_mbpmg:\trigger_modules_gen:0:trigger_match|sld_sbpmg:\gen_sbpmg_pipeline_less_than_two:sm0:158:sm1      ; sld_sbpmg                         ; work         ;
;                      |sld_sbpmg:\gen_sbpmg_pipeline_less_than_two:sm0:159:sm1|                                                          ; 1 (1)               ; 2 (2)                     ; 0                 ; 0          ; 0    ; 0            ; |secure_soc_top|sld_signaltap:auto_signaltap_0|sld_signaltap_impl:sld_signaltap_body|sld_signaltap_implb:sld_signaltap_body|sld_ela_control:ela_control|sld_ela_basic_multi_level_trigger:\basic_multi_level_mbpm_trigger_gen:multi_level_mbpm|sld_mbpmg:\trigger_modules_gen:0:trigger_match|sld_sbpmg:\gen_sbpmg_pipeline_less_than_two:sm0:159:sm1      ; sld_sbpmg                         ; work         ;
;                      |sld_sbpmg:\gen_sbpmg_pipeline_less_than_two:sm0:15:sm1|                                                           ; 1 (1)               ; 2 (2)                     ; 0                 ; 0          ; 0    ; 0            ; |secure_soc_top|sld_signaltap:auto_signaltap_0|sld_signaltap_impl:sld_signaltap_body|sld_signaltap_implb:sld_signaltap_body|sld_ela_control:ela_control|sld_ela_basic_multi_level_trigger:\basic_multi_level_mbpm_trigger_gen:multi_level_mbpm|sld_mbpmg:\trigger_modules_gen:0:trigger_match|sld_sbpmg:\gen_sbpmg_pipeline_less_than_two:sm0:15:sm1       ; sld_sbpmg                         ; work         ;
;                      |sld_sbpmg:\gen_sbpmg_pipeline_less_than_two:sm0:160:sm1|                                                          ; 1 (1)               ; 2 (2)                     ; 0                 ; 0          ; 0    ; 0            ; |secure_soc_top|sld_signaltap:auto_signaltap_0|sld_signaltap_impl:sld_signaltap_body|sld_signaltap_implb:sld_signaltap_body|sld_ela_control:ela_control|sld_ela_basic_multi_level_trigger:\basic_multi_level_mbpm_trigger_gen:multi_level_mbpm|sld_mbpmg:\trigger_modules_gen:0:trigger_match|sld_sbpmg:\gen_sbpmg_pipeline_less_than_two:sm0:160:sm1      ; sld_sbpmg                         ; work         ;
;                      |sld_sbpmg:\gen_sbpmg_pipeline_less_than_two:sm0:161:sm1|                                                          ; 1 (1)               ; 2 (2)                     ; 0                 ; 0          ; 0    ; 0            ; |secure_soc_top|sld_signaltap:auto_signaltap_0|sld_signaltap_impl:sld_signaltap_body|sld_signaltap_implb:sld_signaltap_body|sld_ela_control:ela_control|sld_ela_basic_multi_level_trigger:\basic_multi_level_mbpm_trigger_gen:multi_level_mbpm|sld_mbpmg:\trigger_modules_gen:0:trigger_match|sld_sbpmg:\gen_sbpmg_pipeline_less_than_two:sm0:161:sm1      ; sld_sbpmg                         ; work         ;
;                      |sld_sbpmg:\gen_sbpmg_pipeline_less_than_two:sm0:162:sm1|                                                          ; 1 (1)               ; 2 (2)                     ; 0                 ; 0          ; 0    ; 0            ; |secure_soc_top|sld_signaltap:auto_signaltap_0|sld_signaltap_impl:sld_signaltap_body|sld_signaltap_implb:sld_signaltap_body|sld_ela_control:ela_control|sld_ela_basic_multi_level_trigger:\basic_multi_level_mbpm_trigger_gen:multi_level_mbpm|sld_mbpmg:\trigger_modules_gen:0:trigger_match|sld_sbpmg:\gen_sbpmg_pipeline_less_than_two:sm0:162:sm1      ; sld_sbpmg                         ; work         ;
;                      |sld_sbpmg:\gen_sbpmg_pipeline_less_than_two:sm0:163:sm1|                                                          ; 1 (1)               ; 2 (2)                     ; 0                 ; 0          ; 0    ; 0            ; |secure_soc_top|sld_signaltap:auto_signaltap_0|sld_signaltap_impl:sld_signaltap_body|sld_signaltap_implb:sld_signaltap_body|sld_ela_control:ela_control|sld_ela_basic_multi_level_trigger:\basic_multi_level_mbpm_trigger_gen:multi_level_mbpm|sld_mbpmg:\trigger_modules_gen:0:trigger_match|sld_sbpmg:\gen_sbpmg_pipeline_less_than_two:sm0:163:sm1      ; sld_sbpmg                         ; work         ;
;                      |sld_sbpmg:\gen_sbpmg_pipeline_less_than_two:sm0:164:sm1|                                                          ; 1 (1)               ; 2 (2)                     ; 0                 ; 0          ; 0    ; 0            ; |secure_soc_top|sld_signaltap:auto_signaltap_0|sld_signaltap_impl:sld_signaltap_body|sld_signaltap_implb:sld_signaltap_body|sld_ela_control:ela_control|sld_ela_basic_multi_level_trigger:\basic_multi_level_mbpm_trigger_gen:multi_level_mbpm|sld_mbpmg:\trigger_modules_gen:0:trigger_match|sld_sbpmg:\gen_sbpmg_pipeline_less_than_two:sm0:164:sm1      ; sld_sbpmg                         ; work         ;
;                      |sld_sbpmg:\gen_sbpmg_pipeline_less_than_two:sm0:165:sm1|                                                          ; 1 (1)               ; 2 (2)                     ; 0                 ; 0          ; 0    ; 0            ; |secure_soc_top|sld_signaltap:auto_signaltap_0|sld_signaltap_impl:sld_signaltap_body|sld_signaltap_implb:sld_signaltap_body|sld_ela_control:ela_control|sld_ela_basic_multi_level_trigger:\basic_multi_level_mbpm_trigger_gen:multi_level_mbpm|sld_mbpmg:\trigger_modules_gen:0:trigger_match|sld_sbpmg:\gen_sbpmg_pipeline_less_than_two:sm0:165:sm1      ; sld_sbpmg                         ; work         ;
;                      |sld_sbpmg:\gen_sbpmg_pipeline_less_than_two:sm0:166:sm1|                                                          ; 1 (1)               ; 2 (2)                     ; 0                 ; 0          ; 0    ; 0            ; |secure_soc_top|sld_signaltap:auto_signaltap_0|sld_signaltap_impl:sld_signaltap_body|sld_signaltap_implb:sld_signaltap_body|sld_ela_control:ela_control|sld_ela_basic_multi_level_trigger:\basic_multi_level_mbpm_trigger_gen:multi_level_mbpm|sld_mbpmg:\trigger_modules_gen:0:trigger_match|sld_sbpmg:\gen_sbpmg_pipeline_less_than_two:sm0:166:sm1      ; sld_sbpmg                         ; work         ;
;                      |sld_sbpmg:\gen_sbpmg_pipeline_less_than_two:sm0:167:sm1|                                                          ; 1 (1)               ; 2 (2)                     ; 0                 ; 0          ; 0    ; 0            ; |secure_soc_top|sld_signaltap:auto_signaltap_0|sld_signaltap_impl:sld_signaltap_body|sld_signaltap_implb:sld_signaltap_body|sld_ela_control:ela_control|sld_ela_basic_multi_level_trigger:\basic_multi_level_mbpm_trigger_gen:multi_level_mbpm|sld_mbpmg:\trigger_modules_gen:0:trigger_match|sld_sbpmg:\gen_sbpmg_pipeline_less_than_two:sm0:167:sm1      ; sld_sbpmg                         ; work         ;
;                      |sld_sbpmg:\gen_sbpmg_pipeline_less_than_two:sm0:168:sm1|                                                          ; 1 (1)               ; 2 (2)                     ; 0                 ; 0          ; 0    ; 0            ; |secure_soc_top|sld_signaltap:auto_signaltap_0|sld_signaltap_impl:sld_signaltap_body|sld_signaltap_implb:sld_signaltap_body|sld_ela_control:ela_control|sld_ela_basic_multi_level_trigger:\basic_multi_level_mbpm_trigger_gen:multi_level_mbpm|sld_mbpmg:\trigger_modules_gen:0:trigger_match|sld_sbpmg:\gen_sbpmg_pipeline_less_than_two:sm0:168:sm1      ; sld_sbpmg                         ; work         ;
;                      |sld_sbpmg:\gen_sbpmg_pipeline_less_than_two:sm0:169:sm1|                                                          ; 1 (1)               ; 2 (2)                     ; 0                 ; 0          ; 0    ; 0            ; |secure_soc_top|sld_signaltap:auto_signaltap_0|sld_signaltap_impl:sld_signaltap_body|sld_signaltap_implb:sld_signaltap_body|sld_ela_control:ela_control|sld_ela_basic_multi_level_trigger:\basic_multi_level_mbpm_trigger_gen:multi_level_mbpm|sld_mbpmg:\trigger_modules_gen:0:trigger_match|sld_sbpmg:\gen_sbpmg_pipeline_less_than_two:sm0:169:sm1      ; sld_sbpmg                         ; work         ;
;                      |sld_sbpmg:\gen_sbpmg_pipeline_less_than_two:sm0:16:sm1|                                                           ; 1 (1)               ; 2 (2)                     ; 0                 ; 0          ; 0    ; 0            ; |secure_soc_top|sld_signaltap:auto_signaltap_0|sld_signaltap_impl:sld_signaltap_body|sld_signaltap_implb:sld_signaltap_body|sld_ela_control:ela_control|sld_ela_basic_multi_level_trigger:\basic_multi_level_mbpm_trigger_gen:multi_level_mbpm|sld_mbpmg:\trigger_modules_gen:0:trigger_match|sld_sbpmg:\gen_sbpmg_pipeline_less_than_two:sm0:16:sm1       ; sld_sbpmg                         ; work         ;
;                      |sld_sbpmg:\gen_sbpmg_pipeline_less_than_two:sm0:170:sm1|                                                          ; 1 (1)               ; 2 (2)                     ; 0                 ; 0          ; 0    ; 0            ; |secure_soc_top|sld_signaltap:auto_signaltap_0|sld_signaltap_impl:sld_signaltap_body|sld_signaltap_implb:sld_signaltap_body|sld_ela_control:ela_control|sld_ela_basic_multi_level_trigger:\basic_multi_level_mbpm_trigger_gen:multi_level_mbpm|sld_mbpmg:\trigger_modules_gen:0:trigger_match|sld_sbpmg:\gen_sbpmg_pipeline_less_than_two:sm0:170:sm1      ; sld_sbpmg                         ; work         ;
;                      |sld_sbpmg:\gen_sbpmg_pipeline_less_than_two:sm0:171:sm1|                                                          ; 1 (1)               ; 2 (2)                     ; 0                 ; 0          ; 0    ; 0            ; |secure_soc_top|sld_signaltap:auto_signaltap_0|sld_signaltap_impl:sld_signaltap_body|sld_signaltap_implb:sld_signaltap_body|sld_ela_control:ela_control|sld_ela_basic_multi_level_trigger:\basic_multi_level_mbpm_trigger_gen:multi_level_mbpm|sld_mbpmg:\trigger_modules_gen:0:trigger_match|sld_sbpmg:\gen_sbpmg_pipeline_less_than_two:sm0:171:sm1      ; sld_sbpmg                         ; work         ;
;                      |sld_sbpmg:\gen_sbpmg_pipeline_less_than_two:sm0:172:sm1|                                                          ; 1 (1)               ; 2 (2)                     ; 0                 ; 0          ; 0    ; 0            ; |secure_soc_top|sld_signaltap:auto_signaltap_0|sld_signaltap_impl:sld_signaltap_body|sld_signaltap_implb:sld_signaltap_body|sld_ela_control:ela_control|sld_ela_basic_multi_level_trigger:\basic_multi_level_mbpm_trigger_gen:multi_level_mbpm|sld_mbpmg:\trigger_modules_gen:0:trigger_match|sld_sbpmg:\gen_sbpmg_pipeline_less_than_two:sm0:172:sm1      ; sld_sbpmg                         ; work         ;
;                      |sld_sbpmg:\gen_sbpmg_pipeline_less_than_two:sm0:173:sm1|                                                          ; 1 (1)               ; 2 (2)                     ; 0                 ; 0          ; 0    ; 0            ; |secure_soc_top|sld_signaltap:auto_signaltap_0|sld_signaltap_impl:sld_signaltap_body|sld_signaltap_implb:sld_signaltap_body|sld_ela_control:ela_control|sld_ela_basic_multi_level_trigger:\basic_multi_level_mbpm_trigger_gen:multi_level_mbpm|sld_mbpmg:\trigger_modules_gen:0:trigger_match|sld_sbpmg:\gen_sbpmg_pipeline_less_than_two:sm0:173:sm1      ; sld_sbpmg                         ; work         ;
;                      |sld_sbpmg:\gen_sbpmg_pipeline_less_than_two:sm0:174:sm1|                                                          ; 1 (1)               ; 2 (2)                     ; 0                 ; 0          ; 0    ; 0            ; |secure_soc_top|sld_signaltap:auto_signaltap_0|sld_signaltap_impl:sld_signaltap_body|sld_signaltap_implb:sld_signaltap_body|sld_ela_control:ela_control|sld_ela_basic_multi_level_trigger:\basic_multi_level_mbpm_trigger_gen:multi_level_mbpm|sld_mbpmg:\trigger_modules_gen:0:trigger_match|sld_sbpmg:\gen_sbpmg_pipeline_less_than_two:sm0:174:sm1      ; sld_sbpmg                         ; work         ;
;                      |sld_sbpmg:\gen_sbpmg_pipeline_less_than_two:sm0:175:sm1|                                                          ; 1 (1)               ; 2 (2)                     ; 0                 ; 0          ; 0    ; 0            ; |secure_soc_top|sld_signaltap:auto_signaltap_0|sld_signaltap_impl:sld_signaltap_body|sld_signaltap_implb:sld_signaltap_body|sld_ela_control:ela_control|sld_ela_basic_multi_level_trigger:\basic_multi_level_mbpm_trigger_gen:multi_level_mbpm|sld_mbpmg:\trigger_modules_gen:0:trigger_match|sld_sbpmg:\gen_sbpmg_pipeline_less_than_two:sm0:175:sm1      ; sld_sbpmg                         ; work         ;
;                      |sld_sbpmg:\gen_sbpmg_pipeline_less_than_two:sm0:176:sm1|                                                          ; 1 (1)               ; 2 (2)                     ; 0                 ; 0          ; 0    ; 0            ; |secure_soc_top|sld_signaltap:auto_signaltap_0|sld_signaltap_impl:sld_signaltap_body|sld_signaltap_implb:sld_signaltap_body|sld_ela_control:ela_control|sld_ela_basic_multi_level_trigger:\basic_multi_level_mbpm_trigger_gen:multi_level_mbpm|sld_mbpmg:\trigger_modules_gen:0:trigger_match|sld_sbpmg:\gen_sbpmg_pipeline_less_than_two:sm0:176:sm1      ; sld_sbpmg                         ; work         ;
;                      |sld_sbpmg:\gen_sbpmg_pipeline_less_than_two:sm0:177:sm1|                                                          ; 1 (1)               ; 2 (2)                     ; 0                 ; 0          ; 0    ; 0            ; |secure_soc_top|sld_signaltap:auto_signaltap_0|sld_signaltap_impl:sld_signaltap_body|sld_signaltap_implb:sld_signaltap_body|sld_ela_control:ela_control|sld_ela_basic_multi_level_trigger:\basic_multi_level_mbpm_trigger_gen:multi_level_mbpm|sld_mbpmg:\trigger_modules_gen:0:trigger_match|sld_sbpmg:\gen_sbpmg_pipeline_less_than_two:sm0:177:sm1      ; sld_sbpmg                         ; work         ;
;                      |sld_sbpmg:\gen_sbpmg_pipeline_less_than_two:sm0:178:sm1|                                                          ; 1 (1)               ; 2 (2)                     ; 0                 ; 0          ; 0    ; 0            ; |secure_soc_top|sld_signaltap:auto_signaltap_0|sld_signaltap_impl:sld_signaltap_body|sld_signaltap_implb:sld_signaltap_body|sld_ela_control:ela_control|sld_ela_basic_multi_level_trigger:\basic_multi_level_mbpm_trigger_gen:multi_level_mbpm|sld_mbpmg:\trigger_modules_gen:0:trigger_match|sld_sbpmg:\gen_sbpmg_pipeline_less_than_two:sm0:178:sm1      ; sld_sbpmg                         ; work         ;
;                      |sld_sbpmg:\gen_sbpmg_pipeline_less_than_two:sm0:179:sm1|                                                          ; 1 (1)               ; 2 (2)                     ; 0                 ; 0          ; 0    ; 0            ; |secure_soc_top|sld_signaltap:auto_signaltap_0|sld_signaltap_impl:sld_signaltap_body|sld_signaltap_implb:sld_signaltap_body|sld_ela_control:ela_control|sld_ela_basic_multi_level_trigger:\basic_multi_level_mbpm_trigger_gen:multi_level_mbpm|sld_mbpmg:\trigger_modules_gen:0:trigger_match|sld_sbpmg:\gen_sbpmg_pipeline_less_than_two:sm0:179:sm1      ; sld_sbpmg                         ; work         ;
;                      |sld_sbpmg:\gen_sbpmg_pipeline_less_than_two:sm0:17:sm1|                                                           ; 1 (1)               ; 2 (2)                     ; 0                 ; 0          ; 0    ; 0            ; |secure_soc_top|sld_signaltap:auto_signaltap_0|sld_signaltap_impl:sld_signaltap_body|sld_signaltap_implb:sld_signaltap_body|sld_ela_control:ela_control|sld_ela_basic_multi_level_trigger:\basic_multi_level_mbpm_trigger_gen:multi_level_mbpm|sld_mbpmg:\trigger_modules_gen:0:trigger_match|sld_sbpmg:\gen_sbpmg_pipeline_less_than_two:sm0:17:sm1       ; sld_sbpmg                         ; work         ;
;                      |sld_sbpmg:\gen_sbpmg_pipeline_less_than_two:sm0:180:sm1|                                                          ; 1 (1)               ; 2 (2)                     ; 0                 ; 0          ; 0    ; 0            ; |secure_soc_top|sld_signaltap:auto_signaltap_0|sld_signaltap_impl:sld_signaltap_body|sld_signaltap_implb:sld_signaltap_body|sld_ela_control:ela_control|sld_ela_basic_multi_level_trigger:\basic_multi_level_mbpm_trigger_gen:multi_level_mbpm|sld_mbpmg:\trigger_modules_gen:0:trigger_match|sld_sbpmg:\gen_sbpmg_pipeline_less_than_two:sm0:180:sm1      ; sld_sbpmg                         ; work         ;
;                      |sld_sbpmg:\gen_sbpmg_pipeline_less_than_two:sm0:181:sm1|                                                          ; 1 (1)               ; 2 (2)                     ; 0                 ; 0          ; 0    ; 0            ; |secure_soc_top|sld_signaltap:auto_signaltap_0|sld_signaltap_impl:sld_signaltap_body|sld_signaltap_implb:sld_signaltap_body|sld_ela_control:ela_control|sld_ela_basic_multi_level_trigger:\basic_multi_level_mbpm_trigger_gen:multi_level_mbpm|sld_mbpmg:\trigger_modules_gen:0:trigger_match|sld_sbpmg:\gen_sbpmg_pipeline_less_than_two:sm0:181:sm1      ; sld_sbpmg                         ; work         ;
;                      |sld_sbpmg:\gen_sbpmg_pipeline_less_than_two:sm0:182:sm1|                                                          ; 1 (1)               ; 2 (2)                     ; 0                 ; 0          ; 0    ; 0            ; |secure_soc_top|sld_signaltap:auto_signaltap_0|sld_signaltap_impl:sld_signaltap_body|sld_signaltap_implb:sld_signaltap_body|sld_ela_control:ela_control|sld_ela_basic_multi_level_trigger:\basic_multi_level_mbpm_trigger_gen:multi_level_mbpm|sld_mbpmg:\trigger_modules_gen:0:trigger_match|sld_sbpmg:\gen_sbpmg_pipeline_less_than_two:sm0:182:sm1      ; sld_sbpmg                         ; work         ;
;                      |sld_sbpmg:\gen_sbpmg_pipeline_less_than_two:sm0:183:sm1|                                                          ; 1 (1)               ; 2 (2)                     ; 0                 ; 0          ; 0    ; 0            ; |secure_soc_top|sld_signaltap:auto_signaltap_0|sld_signaltap_impl:sld_signaltap_body|sld_signaltap_implb:sld_signaltap_body|sld_ela_control:ela_control|sld_ela_basic_multi_level_trigger:\basic_multi_level_mbpm_trigger_gen:multi_level_mbpm|sld_mbpmg:\trigger_modules_gen:0:trigger_match|sld_sbpmg:\gen_sbpmg_pipeline_less_than_two:sm0:183:sm1      ; sld_sbpmg                         ; work         ;
;                      |sld_sbpmg:\gen_sbpmg_pipeline_less_than_two:sm0:184:sm1|                                                          ; 1 (1)               ; 2 (2)                     ; 0                 ; 0          ; 0    ; 0            ; |secure_soc_top|sld_signaltap:auto_signaltap_0|sld_signaltap_impl:sld_signaltap_body|sld_signaltap_implb:sld_signaltap_body|sld_ela_control:ela_control|sld_ela_basic_multi_level_trigger:\basic_multi_level_mbpm_trigger_gen:multi_level_mbpm|sld_mbpmg:\trigger_modules_gen:0:trigger_match|sld_sbpmg:\gen_sbpmg_pipeline_less_than_two:sm0:184:sm1      ; sld_sbpmg                         ; work         ;
;                      |sld_sbpmg:\gen_sbpmg_pipeline_less_than_two:sm0:185:sm1|                                                          ; 1 (1)               ; 2 (2)                     ; 0                 ; 0          ; 0    ; 0            ; |secure_soc_top|sld_signaltap:auto_signaltap_0|sld_signaltap_impl:sld_signaltap_body|sld_signaltap_implb:sld_signaltap_body|sld_ela_control:ela_control|sld_ela_basic_multi_level_trigger:\basic_multi_level_mbpm_trigger_gen:multi_level_mbpm|sld_mbpmg:\trigger_modules_gen:0:trigger_match|sld_sbpmg:\gen_sbpmg_pipeline_less_than_two:sm0:185:sm1      ; sld_sbpmg                         ; work         ;
;                      |sld_sbpmg:\gen_sbpmg_pipeline_less_than_two:sm0:186:sm1|                                                          ; 1 (1)               ; 2 (2)                     ; 0                 ; 0          ; 0    ; 0            ; |secure_soc_top|sld_signaltap:auto_signaltap_0|sld_signaltap_impl:sld_signaltap_body|sld_signaltap_implb:sld_signaltap_body|sld_ela_control:ela_control|sld_ela_basic_multi_level_trigger:\basic_multi_level_mbpm_trigger_gen:multi_level_mbpm|sld_mbpmg:\trigger_modules_gen:0:trigger_match|sld_sbpmg:\gen_sbpmg_pipeline_less_than_two:sm0:186:sm1      ; sld_sbpmg                         ; work         ;
;                      |sld_sbpmg:\gen_sbpmg_pipeline_less_than_two:sm0:187:sm1|                                                          ; 1 (1)               ; 2 (2)                     ; 0                 ; 0          ; 0    ; 0            ; |secure_soc_top|sld_signaltap:auto_signaltap_0|sld_signaltap_impl:sld_signaltap_body|sld_signaltap_implb:sld_signaltap_body|sld_ela_control:ela_control|sld_ela_basic_multi_level_trigger:\basic_multi_level_mbpm_trigger_gen:multi_level_mbpm|sld_mbpmg:\trigger_modules_gen:0:trigger_match|sld_sbpmg:\gen_sbpmg_pipeline_less_than_two:sm0:187:sm1      ; sld_sbpmg                         ; work         ;
;                      |sld_sbpmg:\gen_sbpmg_pipeline_less_than_two:sm0:188:sm1|                                                          ; 1 (1)               ; 2 (2)                     ; 0                 ; 0          ; 0    ; 0            ; |secure_soc_top|sld_signaltap:auto_signaltap_0|sld_signaltap_impl:sld_signaltap_body|sld_signaltap_implb:sld_signaltap_body|sld_ela_control:ela_control|sld_ela_basic_multi_level_trigger:\basic_multi_level_mbpm_trigger_gen:multi_level_mbpm|sld_mbpmg:\trigger_modules_gen:0:trigger_match|sld_sbpmg:\gen_sbpmg_pipeline_less_than_two:sm0:188:sm1      ; sld_sbpmg                         ; work         ;
;                      |sld_sbpmg:\gen_sbpmg_pipeline_less_than_two:sm0:189:sm1|                                                          ; 1 (1)               ; 2 (2)                     ; 0                 ; 0          ; 0    ; 0            ; |secure_soc_top|sld_signaltap:auto_signaltap_0|sld_signaltap_impl:sld_signaltap_body|sld_signaltap_implb:sld_signaltap_body|sld_ela_control:ela_control|sld_ela_basic_multi_level_trigger:\basic_multi_level_mbpm_trigger_gen:multi_level_mbpm|sld_mbpmg:\trigger_modules_gen:0:trigger_match|sld_sbpmg:\gen_sbpmg_pipeline_less_than_two:sm0:189:sm1      ; sld_sbpmg                         ; work         ;
;                      |sld_sbpmg:\gen_sbpmg_pipeline_less_than_two:sm0:18:sm1|                                                           ; 1 (1)               ; 2 (2)                     ; 0                 ; 0          ; 0    ; 0            ; |secure_soc_top|sld_signaltap:auto_signaltap_0|sld_signaltap_impl:sld_signaltap_body|sld_signaltap_implb:sld_signaltap_body|sld_ela_control:ela_control|sld_ela_basic_multi_level_trigger:\basic_multi_level_mbpm_trigger_gen:multi_level_mbpm|sld_mbpmg:\trigger_modules_gen:0:trigger_match|sld_sbpmg:\gen_sbpmg_pipeline_less_than_two:sm0:18:sm1       ; sld_sbpmg                         ; work         ;
;                      |sld_sbpmg:\gen_sbpmg_pipeline_less_than_two:sm0:190:sm1|                                                          ; 1 (1)               ; 2 (2)                     ; 0                 ; 0          ; 0    ; 0            ; |secure_soc_top|sld_signaltap:auto_signaltap_0|sld_signaltap_impl:sld_signaltap_body|sld_signaltap_implb:sld_signaltap_body|sld_ela_control:ela_control|sld_ela_basic_multi_level_trigger:\basic_multi_level_mbpm_trigger_gen:multi_level_mbpm|sld_mbpmg:\trigger_modules_gen:0:trigger_match|sld_sbpmg:\gen_sbpmg_pipeline_less_than_two:sm0:190:sm1      ; sld_sbpmg                         ; work         ;
;                      |sld_sbpmg:\gen_sbpmg_pipeline_less_than_two:sm0:191:sm1|                                                          ; 1 (1)               ; 2 (2)                     ; 0                 ; 0          ; 0    ; 0            ; |secure_soc_top|sld_signaltap:auto_signaltap_0|sld_signaltap_impl:sld_signaltap_body|sld_signaltap_implb:sld_signaltap_body|sld_ela_control:ela_control|sld_ela_basic_multi_level_trigger:\basic_multi_level_mbpm_trigger_gen:multi_level_mbpm|sld_mbpmg:\trigger_modules_gen:0:trigger_match|sld_sbpmg:\gen_sbpmg_pipeline_less_than_two:sm0:191:sm1      ; sld_sbpmg                         ; work         ;
;                      |sld_sbpmg:\gen_sbpmg_pipeline_less_than_two:sm0:192:sm1|                                                          ; 1 (1)               ; 2 (2)                     ; 0                 ; 0          ; 0    ; 0            ; |secure_soc_top|sld_signaltap:auto_signaltap_0|sld_signaltap_impl:sld_signaltap_body|sld_signaltap_implb:sld_signaltap_body|sld_ela_control:ela_control|sld_ela_basic_multi_level_trigger:\basic_multi_level_mbpm_trigger_gen:multi_level_mbpm|sld_mbpmg:\trigger_modules_gen:0:trigger_match|sld_sbpmg:\gen_sbpmg_pipeline_less_than_two:sm0:192:sm1      ; sld_sbpmg                         ; work         ;
;                      |sld_sbpmg:\gen_sbpmg_pipeline_less_than_two:sm0:193:sm1|                                                          ; 1 (1)               ; 2 (2)                     ; 0                 ; 0          ; 0    ; 0            ; |secure_soc_top|sld_signaltap:auto_signaltap_0|sld_signaltap_impl:sld_signaltap_body|sld_signaltap_implb:sld_signaltap_body|sld_ela_control:ela_control|sld_ela_basic_multi_level_trigger:\basic_multi_level_mbpm_trigger_gen:multi_level_mbpm|sld_mbpmg:\trigger_modules_gen:0:trigger_match|sld_sbpmg:\gen_sbpmg_pipeline_less_than_two:sm0:193:sm1      ; sld_sbpmg                         ; work         ;
;                      |sld_sbpmg:\gen_sbpmg_pipeline_less_than_two:sm0:194:sm1|                                                          ; 1 (1)               ; 2 (2)                     ; 0                 ; 0          ; 0    ; 0            ; |secure_soc_top|sld_signaltap:auto_signaltap_0|sld_signaltap_impl:sld_signaltap_body|sld_signaltap_implb:sld_signaltap_body|sld_ela_control:ela_control|sld_ela_basic_multi_level_trigger:\basic_multi_level_mbpm_trigger_gen:multi_level_mbpm|sld_mbpmg:\trigger_modules_gen:0:trigger_match|sld_sbpmg:\gen_sbpmg_pipeline_less_than_two:sm0:194:sm1      ; sld_sbpmg                         ; work         ;
;                      |sld_sbpmg:\gen_sbpmg_pipeline_less_than_two:sm0:195:sm1|                                                          ; 1 (1)               ; 2 (2)                     ; 0                 ; 0          ; 0    ; 0            ; |secure_soc_top|sld_signaltap:auto_signaltap_0|sld_signaltap_impl:sld_signaltap_body|sld_signaltap_implb:sld_signaltap_body|sld_ela_control:ela_control|sld_ela_basic_multi_level_trigger:\basic_multi_level_mbpm_trigger_gen:multi_level_mbpm|sld_mbpmg:\trigger_modules_gen:0:trigger_match|sld_sbpmg:\gen_sbpmg_pipeline_less_than_two:sm0:195:sm1      ; sld_sbpmg                         ; work         ;
;                      |sld_sbpmg:\gen_sbpmg_pipeline_less_than_two:sm0:196:sm1|                                                          ; 1 (1)               ; 2 (2)                     ; 0                 ; 0          ; 0    ; 0            ; |secure_soc_top|sld_signaltap:auto_signaltap_0|sld_signaltap_impl:sld_signaltap_body|sld_signaltap_implb:sld_signaltap_body|sld_ela_control:ela_control|sld_ela_basic_multi_level_trigger:\basic_multi_level_mbpm_trigger_gen:multi_level_mbpm|sld_mbpmg:\trigger_modules_gen:0:trigger_match|sld_sbpmg:\gen_sbpmg_pipeline_less_than_two:sm0:196:sm1      ; sld_sbpmg                         ; work         ;
;                      |sld_sbpmg:\gen_sbpmg_pipeline_less_than_two:sm0:197:sm1|                                                          ; 1 (1)               ; 2 (2)                     ; 0                 ; 0          ; 0    ; 0            ; |secure_soc_top|sld_signaltap:auto_signaltap_0|sld_signaltap_impl:sld_signaltap_body|sld_signaltap_implb:sld_signaltap_body|sld_ela_control:ela_control|sld_ela_basic_multi_level_trigger:\basic_multi_level_mbpm_trigger_gen:multi_level_mbpm|sld_mbpmg:\trigger_modules_gen:0:trigger_match|sld_sbpmg:\gen_sbpmg_pipeline_less_than_two:sm0:197:sm1      ; sld_sbpmg                         ; work         ;
;                      |sld_sbpmg:\gen_sbpmg_pipeline_less_than_two:sm0:198:sm1|                                                          ; 1 (1)               ; 2 (2)                     ; 0                 ; 0          ; 0    ; 0            ; |secure_soc_top|sld_signaltap:auto_signaltap_0|sld_signaltap_impl:sld_signaltap_body|sld_signaltap_implb:sld_signaltap_body|sld_ela_control:ela_control|sld_ela_basic_multi_level_trigger:\basic_multi_level_mbpm_trigger_gen:multi_level_mbpm|sld_mbpmg:\trigger_modules_gen:0:trigger_match|sld_sbpmg:\gen_sbpmg_pipeline_less_than_two:sm0:198:sm1      ; sld_sbpmg                         ; work         ;
;                      |sld_sbpmg:\gen_sbpmg_pipeline_less_than_two:sm0:199:sm1|                                                          ; 1 (1)               ; 2 (2)                     ; 0                 ; 0          ; 0    ; 0            ; |secure_soc_top|sld_signaltap:auto_signaltap_0|sld_signaltap_impl:sld_signaltap_body|sld_signaltap_implb:sld_signaltap_body|sld_ela_control:ela_control|sld_ela_basic_multi_level_trigger:\basic_multi_level_mbpm_trigger_gen:multi_level_mbpm|sld_mbpmg:\trigger_modules_gen:0:trigger_match|sld_sbpmg:\gen_sbpmg_pipeline_less_than_two:sm0:199:sm1      ; sld_sbpmg                         ; work         ;
;                      |sld_sbpmg:\gen_sbpmg_pipeline_less_than_two:sm0:19:sm1|                                                           ; 1 (1)               ; 2 (2)                     ; 0                 ; 0          ; 0    ; 0            ; |secure_soc_top|sld_signaltap:auto_signaltap_0|sld_signaltap_impl:sld_signaltap_body|sld_signaltap_implb:sld_signaltap_body|sld_ela_control:ela_control|sld_ela_basic_multi_level_trigger:\basic_multi_level_mbpm_trigger_gen:multi_level_mbpm|sld_mbpmg:\trigger_modules_gen:0:trigger_match|sld_sbpmg:\gen_sbpmg_pipeline_less_than_two:sm0:19:sm1       ; sld_sbpmg                         ; work         ;
;                      |sld_sbpmg:\gen_sbpmg_pipeline_less_than_two:sm0:1:sm1|                                                            ; 1 (1)               ; 2 (2)                     ; 0                 ; 0          ; 0    ; 0            ; |secure_soc_top|sld_signaltap:auto_signaltap_0|sld_signaltap_impl:sld_signaltap_body|sld_signaltap_implb:sld_signaltap_body|sld_ela_control:ela_control|sld_ela_basic_multi_level_trigger:\basic_multi_level_mbpm_trigger_gen:multi_level_mbpm|sld_mbpmg:\trigger_modules_gen:0:trigger_match|sld_sbpmg:\gen_sbpmg_pipeline_less_than_two:sm0:1:sm1        ; sld_sbpmg                         ; work         ;
;                      |sld_sbpmg:\gen_sbpmg_pipeline_less_than_two:sm0:200:sm1|                                                          ; 1 (1)               ; 2 (2)                     ; 0                 ; 0          ; 0    ; 0            ; |secure_soc_top|sld_signaltap:auto_signaltap_0|sld_signaltap_impl:sld_signaltap_body|sld_signaltap_implb:sld_signaltap_body|sld_ela_control:ela_control|sld_ela_basic_multi_level_trigger:\basic_multi_level_mbpm_trigger_gen:multi_level_mbpm|sld_mbpmg:\trigger_modules_gen:0:trigger_match|sld_sbpmg:\gen_sbpmg_pipeline_less_than_two:sm0:200:sm1      ; sld_sbpmg                         ; work         ;
;                      |sld_sbpmg:\gen_sbpmg_pipeline_less_than_two:sm0:201:sm1|                                                          ; 1 (1)               ; 2 (2)                     ; 0                 ; 0          ; 0    ; 0            ; |secure_soc_top|sld_signaltap:auto_signaltap_0|sld_signaltap_impl:sld_signaltap_body|sld_signaltap_implb:sld_signaltap_body|sld_ela_control:ela_control|sld_ela_basic_multi_level_trigger:\basic_multi_level_mbpm_trigger_gen:multi_level_mbpm|sld_mbpmg:\trigger_modules_gen:0:trigger_match|sld_sbpmg:\gen_sbpmg_pipeline_less_than_two:sm0:201:sm1      ; sld_sbpmg                         ; work         ;
;                      |sld_sbpmg:\gen_sbpmg_pipeline_less_than_two:sm0:202:sm1|                                                          ; 1 (1)               ; 2 (2)                     ; 0                 ; 0          ; 0    ; 0            ; |secure_soc_top|sld_signaltap:auto_signaltap_0|sld_signaltap_impl:sld_signaltap_body|sld_signaltap_implb:sld_signaltap_body|sld_ela_control:ela_control|sld_ela_basic_multi_level_trigger:\basic_multi_level_mbpm_trigger_gen:multi_level_mbpm|sld_mbpmg:\trigger_modules_gen:0:trigger_match|sld_sbpmg:\gen_sbpmg_pipeline_less_than_two:sm0:202:sm1      ; sld_sbpmg                         ; work         ;
;                      |sld_sbpmg:\gen_sbpmg_pipeline_less_than_two:sm0:203:sm1|                                                          ; 1 (1)               ; 2 (2)                     ; 0                 ; 0          ; 0    ; 0            ; |secure_soc_top|sld_signaltap:auto_signaltap_0|sld_signaltap_impl:sld_signaltap_body|sld_signaltap_implb:sld_signaltap_body|sld_ela_control:ela_control|sld_ela_basic_multi_level_trigger:\basic_multi_level_mbpm_trigger_gen:multi_level_mbpm|sld_mbpmg:\trigger_modules_gen:0:trigger_match|sld_sbpmg:\gen_sbpmg_pipeline_less_than_two:sm0:203:sm1      ; sld_sbpmg                         ; work         ;
;                      |sld_sbpmg:\gen_sbpmg_pipeline_less_than_two:sm0:204:sm1|                                                          ; 1 (1)               ; 2 (2)                     ; 0                 ; 0          ; 0    ; 0            ; |secure_soc_top|sld_signaltap:auto_signaltap_0|sld_signaltap_impl:sld_signaltap_body|sld_signaltap_implb:sld_signaltap_body|sld_ela_control:ela_control|sld_ela_basic_multi_level_trigger:\basic_multi_level_mbpm_trigger_gen:multi_level_mbpm|sld_mbpmg:\trigger_modules_gen:0:trigger_match|sld_sbpmg:\gen_sbpmg_pipeline_less_than_two:sm0:204:sm1      ; sld_sbpmg                         ; work         ;
;                      |sld_sbpmg:\gen_sbpmg_pipeline_less_than_two:sm0:205:sm1|                                                          ; 1 (1)               ; 2 (2)                     ; 0                 ; 0          ; 0    ; 0            ; |secure_soc_top|sld_signaltap:auto_signaltap_0|sld_signaltap_impl:sld_signaltap_body|sld_signaltap_implb:sld_signaltap_body|sld_ela_control:ela_control|sld_ela_basic_multi_level_trigger:\basic_multi_level_mbpm_trigger_gen:multi_level_mbpm|sld_mbpmg:\trigger_modules_gen:0:trigger_match|sld_sbpmg:\gen_sbpmg_pipeline_less_than_two:sm0:205:sm1      ; sld_sbpmg                         ; work         ;
;                      |sld_sbpmg:\gen_sbpmg_pipeline_less_than_two:sm0:206:sm1|                                                          ; 1 (1)               ; 2 (2)                     ; 0                 ; 0          ; 0    ; 0            ; |secure_soc_top|sld_signaltap:auto_signaltap_0|sld_signaltap_impl:sld_signaltap_body|sld_signaltap_implb:sld_signaltap_body|sld_ela_control:ela_control|sld_ela_basic_multi_level_trigger:\basic_multi_level_mbpm_trigger_gen:multi_level_mbpm|sld_mbpmg:\trigger_modules_gen:0:trigger_match|sld_sbpmg:\gen_sbpmg_pipeline_less_than_two:sm0:206:sm1      ; sld_sbpmg                         ; work         ;
;                      |sld_sbpmg:\gen_sbpmg_pipeline_less_than_two:sm0:207:sm1|                                                          ; 1 (1)               ; 2 (2)                     ; 0                 ; 0          ; 0    ; 0            ; |secure_soc_top|sld_signaltap:auto_signaltap_0|sld_signaltap_impl:sld_signaltap_body|sld_signaltap_implb:sld_signaltap_body|sld_ela_control:ela_control|sld_ela_basic_multi_level_trigger:\basic_multi_level_mbpm_trigger_gen:multi_level_mbpm|sld_mbpmg:\trigger_modules_gen:0:trigger_match|sld_sbpmg:\gen_sbpmg_pipeline_less_than_two:sm0:207:sm1      ; sld_sbpmg                         ; work         ;
;                      |sld_sbpmg:\gen_sbpmg_pipeline_less_than_two:sm0:208:sm1|                                                          ; 1 (1)               ; 2 (2)                     ; 0                 ; 0          ; 0    ; 0            ; |secure_soc_top|sld_signaltap:auto_signaltap_0|sld_signaltap_impl:sld_signaltap_body|sld_signaltap_implb:sld_signaltap_body|sld_ela_control:ela_control|sld_ela_basic_multi_level_trigger:\basic_multi_level_mbpm_trigger_gen:multi_level_mbpm|sld_mbpmg:\trigger_modules_gen:0:trigger_match|sld_sbpmg:\gen_sbpmg_pipeline_less_than_two:sm0:208:sm1      ; sld_sbpmg                         ; work         ;
;                      |sld_sbpmg:\gen_sbpmg_pipeline_less_than_two:sm0:209:sm1|                                                          ; 1 (1)               ; 2 (2)                     ; 0                 ; 0          ; 0    ; 0            ; |secure_soc_top|sld_signaltap:auto_signaltap_0|sld_signaltap_impl:sld_signaltap_body|sld_signaltap_implb:sld_signaltap_body|sld_ela_control:ela_control|sld_ela_basic_multi_level_trigger:\basic_multi_level_mbpm_trigger_gen:multi_level_mbpm|sld_mbpmg:\trigger_modules_gen:0:trigger_match|sld_sbpmg:\gen_sbpmg_pipeline_less_than_two:sm0:209:sm1      ; sld_sbpmg                         ; work         ;
;                      |sld_sbpmg:\gen_sbpmg_pipeline_less_than_two:sm0:20:sm1|                                                           ; 1 (1)               ; 2 (2)                     ; 0                 ; 0          ; 0    ; 0            ; |secure_soc_top|sld_signaltap:auto_signaltap_0|sld_signaltap_impl:sld_signaltap_body|sld_signaltap_implb:sld_signaltap_body|sld_ela_control:ela_control|sld_ela_basic_multi_level_trigger:\basic_multi_level_mbpm_trigger_gen:multi_level_mbpm|sld_mbpmg:\trigger_modules_gen:0:trigger_match|sld_sbpmg:\gen_sbpmg_pipeline_less_than_two:sm0:20:sm1       ; sld_sbpmg                         ; work         ;
;                      |sld_sbpmg:\gen_sbpmg_pipeline_less_than_two:sm0:210:sm1|                                                          ; 1 (1)               ; 2 (2)                     ; 0                 ; 0          ; 0    ; 0            ; |secure_soc_top|sld_signaltap:auto_signaltap_0|sld_signaltap_impl:sld_signaltap_body|sld_signaltap_implb:sld_signaltap_body|sld_ela_control:ela_control|sld_ela_basic_multi_level_trigger:\basic_multi_level_mbpm_trigger_gen:multi_level_mbpm|sld_mbpmg:\trigger_modules_gen:0:trigger_match|sld_sbpmg:\gen_sbpmg_pipeline_less_than_two:sm0:210:sm1      ; sld_sbpmg                         ; work         ;
;                      |sld_sbpmg:\gen_sbpmg_pipeline_less_than_two:sm0:211:sm1|                                                          ; 1 (1)               ; 2 (2)                     ; 0                 ; 0          ; 0    ; 0            ; |secure_soc_top|sld_signaltap:auto_signaltap_0|sld_signaltap_impl:sld_signaltap_body|sld_signaltap_implb:sld_signaltap_body|sld_ela_control:ela_control|sld_ela_basic_multi_level_trigger:\basic_multi_level_mbpm_trigger_gen:multi_level_mbpm|sld_mbpmg:\trigger_modules_gen:0:trigger_match|sld_sbpmg:\gen_sbpmg_pipeline_less_than_two:sm0:211:sm1      ; sld_sbpmg                         ; work         ;
;                      |sld_sbpmg:\gen_sbpmg_pipeline_less_than_two:sm0:212:sm1|                                                          ; 1 (1)               ; 2 (2)                     ; 0                 ; 0          ; 0    ; 0            ; |secure_soc_top|sld_signaltap:auto_signaltap_0|sld_signaltap_impl:sld_signaltap_body|sld_signaltap_implb:sld_signaltap_body|sld_ela_control:ela_control|sld_ela_basic_multi_level_trigger:\basic_multi_level_mbpm_trigger_gen:multi_level_mbpm|sld_mbpmg:\trigger_modules_gen:0:trigger_match|sld_sbpmg:\gen_sbpmg_pipeline_less_than_two:sm0:212:sm1      ; sld_sbpmg                         ; work         ;
;                      |sld_sbpmg:\gen_sbpmg_pipeline_less_than_two:sm0:213:sm1|                                                          ; 1 (1)               ; 2 (2)                     ; 0                 ; 0          ; 0    ; 0            ; |secure_soc_top|sld_signaltap:auto_signaltap_0|sld_signaltap_impl:sld_signaltap_body|sld_signaltap_implb:sld_signaltap_body|sld_ela_control:ela_control|sld_ela_basic_multi_level_trigger:\basic_multi_level_mbpm_trigger_gen:multi_level_mbpm|sld_mbpmg:\trigger_modules_gen:0:trigger_match|sld_sbpmg:\gen_sbpmg_pipeline_less_than_two:sm0:213:sm1      ; sld_sbpmg                         ; work         ;
;                      |sld_sbpmg:\gen_sbpmg_pipeline_less_than_two:sm0:214:sm1|                                                          ; 1 (1)               ; 2 (2)                     ; 0                 ; 0          ; 0    ; 0            ; |secure_soc_top|sld_signaltap:auto_signaltap_0|sld_signaltap_impl:sld_signaltap_body|sld_signaltap_implb:sld_signaltap_body|sld_ela_control:ela_control|sld_ela_basic_multi_level_trigger:\basic_multi_level_mbpm_trigger_gen:multi_level_mbpm|sld_mbpmg:\trigger_modules_gen:0:trigger_match|sld_sbpmg:\gen_sbpmg_pipeline_less_than_two:sm0:214:sm1      ; sld_sbpmg                         ; work         ;
;                      |sld_sbpmg:\gen_sbpmg_pipeline_less_than_two:sm0:215:sm1|                                                          ; 1 (1)               ; 2 (2)                     ; 0                 ; 0          ; 0    ; 0            ; |secure_soc_top|sld_signaltap:auto_signaltap_0|sld_signaltap_impl:sld_signaltap_body|sld_signaltap_implb:sld_signaltap_body|sld_ela_control:ela_control|sld_ela_basic_multi_level_trigger:\basic_multi_level_mbpm_trigger_gen:multi_level_mbpm|sld_mbpmg:\trigger_modules_gen:0:trigger_match|sld_sbpmg:\gen_sbpmg_pipeline_less_than_two:sm0:215:sm1      ; sld_sbpmg                         ; work         ;
;                      |sld_sbpmg:\gen_sbpmg_pipeline_less_than_two:sm0:216:sm1|                                                          ; 1 (1)               ; 2 (2)                     ; 0                 ; 0          ; 0    ; 0            ; |secure_soc_top|sld_signaltap:auto_signaltap_0|sld_signaltap_impl:sld_signaltap_body|sld_signaltap_implb:sld_signaltap_body|sld_ela_control:ela_control|sld_ela_basic_multi_level_trigger:\basic_multi_level_mbpm_trigger_gen:multi_level_mbpm|sld_mbpmg:\trigger_modules_gen:0:trigger_match|sld_sbpmg:\gen_sbpmg_pipeline_less_than_two:sm0:216:sm1      ; sld_sbpmg                         ; work         ;
;                      |sld_sbpmg:\gen_sbpmg_pipeline_less_than_two:sm0:217:sm1|                                                          ; 1 (1)               ; 2 (2)                     ; 0                 ; 0          ; 0    ; 0            ; |secure_soc_top|sld_signaltap:auto_signaltap_0|sld_signaltap_impl:sld_signaltap_body|sld_signaltap_implb:sld_signaltap_body|sld_ela_control:ela_control|sld_ela_basic_multi_level_trigger:\basic_multi_level_mbpm_trigger_gen:multi_level_mbpm|sld_mbpmg:\trigger_modules_gen:0:trigger_match|sld_sbpmg:\gen_sbpmg_pipeline_less_than_two:sm0:217:sm1      ; sld_sbpmg                         ; work         ;
;                      |sld_sbpmg:\gen_sbpmg_pipeline_less_than_two:sm0:218:sm1|                                                          ; 1 (1)               ; 2 (2)                     ; 0                 ; 0          ; 0    ; 0            ; |secure_soc_top|sld_signaltap:auto_signaltap_0|sld_signaltap_impl:sld_signaltap_body|sld_signaltap_implb:sld_signaltap_body|sld_ela_control:ela_control|sld_ela_basic_multi_level_trigger:\basic_multi_level_mbpm_trigger_gen:multi_level_mbpm|sld_mbpmg:\trigger_modules_gen:0:trigger_match|sld_sbpmg:\gen_sbpmg_pipeline_less_than_two:sm0:218:sm1      ; sld_sbpmg                         ; work         ;
;                      |sld_sbpmg:\gen_sbpmg_pipeline_less_than_two:sm0:219:sm1|                                                          ; 1 (1)               ; 2 (2)                     ; 0                 ; 0          ; 0    ; 0            ; |secure_soc_top|sld_signaltap:auto_signaltap_0|sld_signaltap_impl:sld_signaltap_body|sld_signaltap_implb:sld_signaltap_body|sld_ela_control:ela_control|sld_ela_basic_multi_level_trigger:\basic_multi_level_mbpm_trigger_gen:multi_level_mbpm|sld_mbpmg:\trigger_modules_gen:0:trigger_match|sld_sbpmg:\gen_sbpmg_pipeline_less_than_two:sm0:219:sm1      ; sld_sbpmg                         ; work         ;
;                      |sld_sbpmg:\gen_sbpmg_pipeline_less_than_two:sm0:21:sm1|                                                           ; 1 (1)               ; 2 (2)                     ; 0                 ; 0          ; 0    ; 0            ; |secure_soc_top|sld_signaltap:auto_signaltap_0|sld_signaltap_impl:sld_signaltap_body|sld_signaltap_implb:sld_signaltap_body|sld_ela_control:ela_control|sld_ela_basic_multi_level_trigger:\basic_multi_level_mbpm_trigger_gen:multi_level_mbpm|sld_mbpmg:\trigger_modules_gen:0:trigger_match|sld_sbpmg:\gen_sbpmg_pipeline_less_than_two:sm0:21:sm1       ; sld_sbpmg                         ; work         ;
;                      |sld_sbpmg:\gen_sbpmg_pipeline_less_than_two:sm0:220:sm1|                                                          ; 1 (1)               ; 2 (2)                     ; 0                 ; 0          ; 0    ; 0            ; |secure_soc_top|sld_signaltap:auto_signaltap_0|sld_signaltap_impl:sld_signaltap_body|sld_signaltap_implb:sld_signaltap_body|sld_ela_control:ela_control|sld_ela_basic_multi_level_trigger:\basic_multi_level_mbpm_trigger_gen:multi_level_mbpm|sld_mbpmg:\trigger_modules_gen:0:trigger_match|sld_sbpmg:\gen_sbpmg_pipeline_less_than_two:sm0:220:sm1      ; sld_sbpmg                         ; work         ;
;                      |sld_sbpmg:\gen_sbpmg_pipeline_less_than_two:sm0:221:sm1|                                                          ; 1 (1)               ; 2 (2)                     ; 0                 ; 0          ; 0    ; 0            ; |secure_soc_top|sld_signaltap:auto_signaltap_0|sld_signaltap_impl:sld_signaltap_body|sld_signaltap_implb:sld_signaltap_body|sld_ela_control:ela_control|sld_ela_basic_multi_level_trigger:\basic_multi_level_mbpm_trigger_gen:multi_level_mbpm|sld_mbpmg:\trigger_modules_gen:0:trigger_match|sld_sbpmg:\gen_sbpmg_pipeline_less_than_two:sm0:221:sm1      ; sld_sbpmg                         ; work         ;
;                      |sld_sbpmg:\gen_sbpmg_pipeline_less_than_two:sm0:222:sm1|                                                          ; 1 (1)               ; 2 (2)                     ; 0                 ; 0          ; 0    ; 0            ; |secure_soc_top|sld_signaltap:auto_signaltap_0|sld_signaltap_impl:sld_signaltap_body|sld_signaltap_implb:sld_signaltap_body|sld_ela_control:ela_control|sld_ela_basic_multi_level_trigger:\basic_multi_level_mbpm_trigger_gen:multi_level_mbpm|sld_mbpmg:\trigger_modules_gen:0:trigger_match|sld_sbpmg:\gen_sbpmg_pipeline_less_than_two:sm0:222:sm1      ; sld_sbpmg                         ; work         ;
;                      |sld_sbpmg:\gen_sbpmg_pipeline_less_than_two:sm0:223:sm1|                                                          ; 1 (1)               ; 2 (2)                     ; 0                 ; 0          ; 0    ; 0            ; |secure_soc_top|sld_signaltap:auto_signaltap_0|sld_signaltap_impl:sld_signaltap_body|sld_signaltap_implb:sld_signaltap_body|sld_ela_control:ela_control|sld_ela_basic_multi_level_trigger:\basic_multi_level_mbpm_trigger_gen:multi_level_mbpm|sld_mbpmg:\trigger_modules_gen:0:trigger_match|sld_sbpmg:\gen_sbpmg_pipeline_less_than_two:sm0:223:sm1      ; sld_sbpmg                         ; work         ;
;                      |sld_sbpmg:\gen_sbpmg_pipeline_less_than_two:sm0:224:sm1|                                                          ; 1 (1)               ; 2 (2)                     ; 0                 ; 0          ; 0    ; 0            ; |secure_soc_top|sld_signaltap:auto_signaltap_0|sld_signaltap_impl:sld_signaltap_body|sld_signaltap_implb:sld_signaltap_body|sld_ela_control:ela_control|sld_ela_basic_multi_level_trigger:\basic_multi_level_mbpm_trigger_gen:multi_level_mbpm|sld_mbpmg:\trigger_modules_gen:0:trigger_match|sld_sbpmg:\gen_sbpmg_pipeline_less_than_two:sm0:224:sm1      ; sld_sbpmg                         ; work         ;
;                      |sld_sbpmg:\gen_sbpmg_pipeline_less_than_two:sm0:225:sm1|                                                          ; 1 (1)               ; 2 (2)                     ; 0                 ; 0          ; 0    ; 0            ; |secure_soc_top|sld_signaltap:auto_signaltap_0|sld_signaltap_impl:sld_signaltap_body|sld_signaltap_implb:sld_signaltap_body|sld_ela_control:ela_control|sld_ela_basic_multi_level_trigger:\basic_multi_level_mbpm_trigger_gen:multi_level_mbpm|sld_mbpmg:\trigger_modules_gen:0:trigger_match|sld_sbpmg:\gen_sbpmg_pipeline_less_than_two:sm0:225:sm1      ; sld_sbpmg                         ; work         ;
;                      |sld_sbpmg:\gen_sbpmg_pipeline_less_than_two:sm0:226:sm1|                                                          ; 1 (1)               ; 2 (2)                     ; 0                 ; 0          ; 0    ; 0            ; |secure_soc_top|sld_signaltap:auto_signaltap_0|sld_signaltap_impl:sld_signaltap_body|sld_signaltap_implb:sld_signaltap_body|sld_ela_control:ela_control|sld_ela_basic_multi_level_trigger:\basic_multi_level_mbpm_trigger_gen:multi_level_mbpm|sld_mbpmg:\trigger_modules_gen:0:trigger_match|sld_sbpmg:\gen_sbpmg_pipeline_less_than_two:sm0:226:sm1      ; sld_sbpmg                         ; work         ;
;                      |sld_sbpmg:\gen_sbpmg_pipeline_less_than_two:sm0:227:sm1|                                                          ; 1 (1)               ; 2 (2)                     ; 0                 ; 0          ; 0    ; 0            ; |secure_soc_top|sld_signaltap:auto_signaltap_0|sld_signaltap_impl:sld_signaltap_body|sld_signaltap_implb:sld_signaltap_body|sld_ela_control:ela_control|sld_ela_basic_multi_level_trigger:\basic_multi_level_mbpm_trigger_gen:multi_level_mbpm|sld_mbpmg:\trigger_modules_gen:0:trigger_match|sld_sbpmg:\gen_sbpmg_pipeline_less_than_two:sm0:227:sm1      ; sld_sbpmg                         ; work         ;
;                      |sld_sbpmg:\gen_sbpmg_pipeline_less_than_two:sm0:228:sm1|                                                          ; 1 (1)               ; 2 (2)                     ; 0                 ; 0          ; 0    ; 0            ; |secure_soc_top|sld_signaltap:auto_signaltap_0|sld_signaltap_impl:sld_signaltap_body|sld_signaltap_implb:sld_signaltap_body|sld_ela_control:ela_control|sld_ela_basic_multi_level_trigger:\basic_multi_level_mbpm_trigger_gen:multi_level_mbpm|sld_mbpmg:\trigger_modules_gen:0:trigger_match|sld_sbpmg:\gen_sbpmg_pipeline_less_than_two:sm0:228:sm1      ; sld_sbpmg                         ; work         ;
;                      |sld_sbpmg:\gen_sbpmg_pipeline_less_than_two:sm0:229:sm1|                                                          ; 1 (1)               ; 2 (2)                     ; 0                 ; 0          ; 0    ; 0            ; |secure_soc_top|sld_signaltap:auto_signaltap_0|sld_signaltap_impl:sld_signaltap_body|sld_signaltap_implb:sld_signaltap_body|sld_ela_control:ela_control|sld_ela_basic_multi_level_trigger:\basic_multi_level_mbpm_trigger_gen:multi_level_mbpm|sld_mbpmg:\trigger_modules_gen:0:trigger_match|sld_sbpmg:\gen_sbpmg_pipeline_less_than_two:sm0:229:sm1      ; sld_sbpmg                         ; work         ;
;                      |sld_sbpmg:\gen_sbpmg_pipeline_less_than_two:sm0:22:sm1|                                                           ; 1 (1)               ; 2 (2)                     ; 0                 ; 0          ; 0    ; 0            ; |secure_soc_top|sld_signaltap:auto_signaltap_0|sld_signaltap_impl:sld_signaltap_body|sld_signaltap_implb:sld_signaltap_body|sld_ela_control:ela_control|sld_ela_basic_multi_level_trigger:\basic_multi_level_mbpm_trigger_gen:multi_level_mbpm|sld_mbpmg:\trigger_modules_gen:0:trigger_match|sld_sbpmg:\gen_sbpmg_pipeline_less_than_two:sm0:22:sm1       ; sld_sbpmg                         ; work         ;
;                      |sld_sbpmg:\gen_sbpmg_pipeline_less_than_two:sm0:230:sm1|                                                          ; 1 (1)               ; 2 (2)                     ; 0                 ; 0          ; 0    ; 0            ; |secure_soc_top|sld_signaltap:auto_signaltap_0|sld_signaltap_impl:sld_signaltap_body|sld_signaltap_implb:sld_signaltap_body|sld_ela_control:ela_control|sld_ela_basic_multi_level_trigger:\basic_multi_level_mbpm_trigger_gen:multi_level_mbpm|sld_mbpmg:\trigger_modules_gen:0:trigger_match|sld_sbpmg:\gen_sbpmg_pipeline_less_than_two:sm0:230:sm1      ; sld_sbpmg                         ; work         ;
;                      |sld_sbpmg:\gen_sbpmg_pipeline_less_than_two:sm0:231:sm1|                                                          ; 1 (1)               ; 2 (2)                     ; 0                 ; 0          ; 0    ; 0            ; |secure_soc_top|sld_signaltap:auto_signaltap_0|sld_signaltap_impl:sld_signaltap_body|sld_signaltap_implb:sld_signaltap_body|sld_ela_control:ela_control|sld_ela_basic_multi_level_trigger:\basic_multi_level_mbpm_trigger_gen:multi_level_mbpm|sld_mbpmg:\trigger_modules_gen:0:trigger_match|sld_sbpmg:\gen_sbpmg_pipeline_less_than_two:sm0:231:sm1      ; sld_sbpmg                         ; work         ;
;                      |sld_sbpmg:\gen_sbpmg_pipeline_less_than_two:sm0:232:sm1|                                                          ; 1 (1)               ; 2 (2)                     ; 0                 ; 0          ; 0    ; 0            ; |secure_soc_top|sld_signaltap:auto_signaltap_0|sld_signaltap_impl:sld_signaltap_body|sld_signaltap_implb:sld_signaltap_body|sld_ela_control:ela_control|sld_ela_basic_multi_level_trigger:\basic_multi_level_mbpm_trigger_gen:multi_level_mbpm|sld_mbpmg:\trigger_modules_gen:0:trigger_match|sld_sbpmg:\gen_sbpmg_pipeline_less_than_two:sm0:232:sm1      ; sld_sbpmg                         ; work         ;
;                      |sld_sbpmg:\gen_sbpmg_pipeline_less_than_two:sm0:233:sm1|                                                          ; 1 (1)               ; 2 (2)                     ; 0                 ; 0          ; 0    ; 0            ; |secure_soc_top|sld_signaltap:auto_signaltap_0|sld_signaltap_impl:sld_signaltap_body|sld_signaltap_implb:sld_signaltap_body|sld_ela_control:ela_control|sld_ela_basic_multi_level_trigger:\basic_multi_level_mbpm_trigger_gen:multi_level_mbpm|sld_mbpmg:\trigger_modules_gen:0:trigger_match|sld_sbpmg:\gen_sbpmg_pipeline_less_than_two:sm0:233:sm1      ; sld_sbpmg                         ; work         ;
;                      |sld_sbpmg:\gen_sbpmg_pipeline_less_than_two:sm0:234:sm1|                                                          ; 1 (1)               ; 2 (2)                     ; 0                 ; 0          ; 0    ; 0            ; |secure_soc_top|sld_signaltap:auto_signaltap_0|sld_signaltap_impl:sld_signaltap_body|sld_signaltap_implb:sld_signaltap_body|sld_ela_control:ela_control|sld_ela_basic_multi_level_trigger:\basic_multi_level_mbpm_trigger_gen:multi_level_mbpm|sld_mbpmg:\trigger_modules_gen:0:trigger_match|sld_sbpmg:\gen_sbpmg_pipeline_less_than_two:sm0:234:sm1      ; sld_sbpmg                         ; work         ;
;                      |sld_sbpmg:\gen_sbpmg_pipeline_less_than_two:sm0:235:sm1|                                                          ; 1 (1)               ; 2 (2)                     ; 0                 ; 0          ; 0    ; 0            ; |secure_soc_top|sld_signaltap:auto_signaltap_0|sld_signaltap_impl:sld_signaltap_body|sld_signaltap_implb:sld_signaltap_body|sld_ela_control:ela_control|sld_ela_basic_multi_level_trigger:\basic_multi_level_mbpm_trigger_gen:multi_level_mbpm|sld_mbpmg:\trigger_modules_gen:0:trigger_match|sld_sbpmg:\gen_sbpmg_pipeline_less_than_two:sm0:235:sm1      ; sld_sbpmg                         ; work         ;
;                      |sld_sbpmg:\gen_sbpmg_pipeline_less_than_two:sm0:236:sm1|                                                          ; 1 (1)               ; 2 (2)                     ; 0                 ; 0          ; 0    ; 0            ; |secure_soc_top|sld_signaltap:auto_signaltap_0|sld_signaltap_impl:sld_signaltap_body|sld_signaltap_implb:sld_signaltap_body|sld_ela_control:ela_control|sld_ela_basic_multi_level_trigger:\basic_multi_level_mbpm_trigger_gen:multi_level_mbpm|sld_mbpmg:\trigger_modules_gen:0:trigger_match|sld_sbpmg:\gen_sbpmg_pipeline_less_than_two:sm0:236:sm1      ; sld_sbpmg                         ; work         ;
;                      |sld_sbpmg:\gen_sbpmg_pipeline_less_than_two:sm0:237:sm1|                                                          ; 1 (1)               ; 2 (2)                     ; 0                 ; 0          ; 0    ; 0            ; |secure_soc_top|sld_signaltap:auto_signaltap_0|sld_signaltap_impl:sld_signaltap_body|sld_signaltap_implb:sld_signaltap_body|sld_ela_control:ela_control|sld_ela_basic_multi_level_trigger:\basic_multi_level_mbpm_trigger_gen:multi_level_mbpm|sld_mbpmg:\trigger_modules_gen:0:trigger_match|sld_sbpmg:\gen_sbpmg_pipeline_less_than_two:sm0:237:sm1      ; sld_sbpmg                         ; work         ;
;                      |sld_sbpmg:\gen_sbpmg_pipeline_less_than_two:sm0:238:sm1|                                                          ; 1 (1)               ; 2 (2)                     ; 0                 ; 0          ; 0    ; 0            ; |secure_soc_top|sld_signaltap:auto_signaltap_0|sld_signaltap_impl:sld_signaltap_body|sld_signaltap_implb:sld_signaltap_body|sld_ela_control:ela_control|sld_ela_basic_multi_level_trigger:\basic_multi_level_mbpm_trigger_gen:multi_level_mbpm|sld_mbpmg:\trigger_modules_gen:0:trigger_match|sld_sbpmg:\gen_sbpmg_pipeline_less_than_two:sm0:238:sm1      ; sld_sbpmg                         ; work         ;
;                      |sld_sbpmg:\gen_sbpmg_pipeline_less_than_two:sm0:239:sm1|                                                          ; 1 (1)               ; 2 (2)                     ; 0                 ; 0          ; 0    ; 0            ; |secure_soc_top|sld_signaltap:auto_signaltap_0|sld_signaltap_impl:sld_signaltap_body|sld_signaltap_implb:sld_signaltap_body|sld_ela_control:ela_control|sld_ela_basic_multi_level_trigger:\basic_multi_level_mbpm_trigger_gen:multi_level_mbpm|sld_mbpmg:\trigger_modules_gen:0:trigger_match|sld_sbpmg:\gen_sbpmg_pipeline_less_than_two:sm0:239:sm1      ; sld_sbpmg                         ; work         ;
;                      |sld_sbpmg:\gen_sbpmg_pipeline_less_than_two:sm0:23:sm1|                                                           ; 1 (1)               ; 2 (2)                     ; 0                 ; 0          ; 0    ; 0            ; |secure_soc_top|sld_signaltap:auto_signaltap_0|sld_signaltap_impl:sld_signaltap_body|sld_signaltap_implb:sld_signaltap_body|sld_ela_control:ela_control|sld_ela_basic_multi_level_trigger:\basic_multi_level_mbpm_trigger_gen:multi_level_mbpm|sld_mbpmg:\trigger_modules_gen:0:trigger_match|sld_sbpmg:\gen_sbpmg_pipeline_less_than_two:sm0:23:sm1       ; sld_sbpmg                         ; work         ;
;                      |sld_sbpmg:\gen_sbpmg_pipeline_less_than_two:sm0:240:sm1|                                                          ; 1 (1)               ; 2 (2)                     ; 0                 ; 0          ; 0    ; 0            ; |secure_soc_top|sld_signaltap:auto_signaltap_0|sld_signaltap_impl:sld_signaltap_body|sld_signaltap_implb:sld_signaltap_body|sld_ela_control:ela_control|sld_ela_basic_multi_level_trigger:\basic_multi_level_mbpm_trigger_gen:multi_level_mbpm|sld_mbpmg:\trigger_modules_gen:0:trigger_match|sld_sbpmg:\gen_sbpmg_pipeline_less_than_two:sm0:240:sm1      ; sld_sbpmg                         ; work         ;
;                      |sld_sbpmg:\gen_sbpmg_pipeline_less_than_two:sm0:241:sm1|                                                          ; 1 (1)               ; 2 (2)                     ; 0                 ; 0          ; 0    ; 0            ; |secure_soc_top|sld_signaltap:auto_signaltap_0|sld_signaltap_impl:sld_signaltap_body|sld_signaltap_implb:sld_signaltap_body|sld_ela_control:ela_control|sld_ela_basic_multi_level_trigger:\basic_multi_level_mbpm_trigger_gen:multi_level_mbpm|sld_mbpmg:\trigger_modules_gen:0:trigger_match|sld_sbpmg:\gen_sbpmg_pipeline_less_than_two:sm0:241:sm1      ; sld_sbpmg                         ; work         ;
;                      |sld_sbpmg:\gen_sbpmg_pipeline_less_than_two:sm0:242:sm1|                                                          ; 1 (1)               ; 2 (2)                     ; 0                 ; 0          ; 0    ; 0            ; |secure_soc_top|sld_signaltap:auto_signaltap_0|sld_signaltap_impl:sld_signaltap_body|sld_signaltap_implb:sld_signaltap_body|sld_ela_control:ela_control|sld_ela_basic_multi_level_trigger:\basic_multi_level_mbpm_trigger_gen:multi_level_mbpm|sld_mbpmg:\trigger_modules_gen:0:trigger_match|sld_sbpmg:\gen_sbpmg_pipeline_less_than_two:sm0:242:sm1      ; sld_sbpmg                         ; work         ;
;                      |sld_sbpmg:\gen_sbpmg_pipeline_less_than_two:sm0:243:sm1|                                                          ; 1 (1)               ; 2 (2)                     ; 0                 ; 0          ; 0    ; 0            ; |secure_soc_top|sld_signaltap:auto_signaltap_0|sld_signaltap_impl:sld_signaltap_body|sld_signaltap_implb:sld_signaltap_body|sld_ela_control:ela_control|sld_ela_basic_multi_level_trigger:\basic_multi_level_mbpm_trigger_gen:multi_level_mbpm|sld_mbpmg:\trigger_modules_gen:0:trigger_match|sld_sbpmg:\gen_sbpmg_pipeline_less_than_two:sm0:243:sm1      ; sld_sbpmg                         ; work         ;
;                      |sld_sbpmg:\gen_sbpmg_pipeline_less_than_two:sm0:244:sm1|                                                          ; 1 (1)               ; 2 (2)                     ; 0                 ; 0          ; 0    ; 0            ; |secure_soc_top|sld_signaltap:auto_signaltap_0|sld_signaltap_impl:sld_signaltap_body|sld_signaltap_implb:sld_signaltap_body|sld_ela_control:ela_control|sld_ela_basic_multi_level_trigger:\basic_multi_level_mbpm_trigger_gen:multi_level_mbpm|sld_mbpmg:\trigger_modules_gen:0:trigger_match|sld_sbpmg:\gen_sbpmg_pipeline_less_than_two:sm0:244:sm1      ; sld_sbpmg                         ; work         ;
;                      |sld_sbpmg:\gen_sbpmg_pipeline_less_than_two:sm0:245:sm1|                                                          ; 1 (1)               ; 2 (2)                     ; 0                 ; 0          ; 0    ; 0            ; |secure_soc_top|sld_signaltap:auto_signaltap_0|sld_signaltap_impl:sld_signaltap_body|sld_signaltap_implb:sld_signaltap_body|sld_ela_control:ela_control|sld_ela_basic_multi_level_trigger:\basic_multi_level_mbpm_trigger_gen:multi_level_mbpm|sld_mbpmg:\trigger_modules_gen:0:trigger_match|sld_sbpmg:\gen_sbpmg_pipeline_less_than_two:sm0:245:sm1      ; sld_sbpmg                         ; work         ;
;                      |sld_sbpmg:\gen_sbpmg_pipeline_less_than_two:sm0:246:sm1|                                                          ; 1 (1)               ; 2 (2)                     ; 0                 ; 0          ; 0    ; 0            ; |secure_soc_top|sld_signaltap:auto_signaltap_0|sld_signaltap_impl:sld_signaltap_body|sld_signaltap_implb:sld_signaltap_body|sld_ela_control:ela_control|sld_ela_basic_multi_level_trigger:\basic_multi_level_mbpm_trigger_gen:multi_level_mbpm|sld_mbpmg:\trigger_modules_gen:0:trigger_match|sld_sbpmg:\gen_sbpmg_pipeline_less_than_two:sm0:246:sm1      ; sld_sbpmg                         ; work         ;
;                      |sld_sbpmg:\gen_sbpmg_pipeline_less_than_two:sm0:247:sm1|                                                          ; 1 (1)               ; 2 (2)                     ; 0                 ; 0          ; 0    ; 0            ; |secure_soc_top|sld_signaltap:auto_signaltap_0|sld_signaltap_impl:sld_signaltap_body|sld_signaltap_implb:sld_signaltap_body|sld_ela_control:ela_control|sld_ela_basic_multi_level_trigger:\basic_multi_level_mbpm_trigger_gen:multi_level_mbpm|sld_mbpmg:\trigger_modules_gen:0:trigger_match|sld_sbpmg:\gen_sbpmg_pipeline_less_than_two:sm0:247:sm1      ; sld_sbpmg                         ; work         ;
;                      |sld_sbpmg:\gen_sbpmg_pipeline_less_than_two:sm0:248:sm1|                                                          ; 1 (1)               ; 2 (2)                     ; 0                 ; 0          ; 0    ; 0            ; |secure_soc_top|sld_signaltap:auto_signaltap_0|sld_signaltap_impl:sld_signaltap_body|sld_signaltap_implb:sld_signaltap_body|sld_ela_control:ela_control|sld_ela_basic_multi_level_trigger:\basic_multi_level_mbpm_trigger_gen:multi_level_mbpm|sld_mbpmg:\trigger_modules_gen:0:trigger_match|sld_sbpmg:\gen_sbpmg_pipeline_less_than_two:sm0:248:sm1      ; sld_sbpmg                         ; work         ;
;                      |sld_sbpmg:\gen_sbpmg_pipeline_less_than_two:sm0:249:sm1|                                                          ; 1 (1)               ; 2 (2)                     ; 0                 ; 0          ; 0    ; 0            ; |secure_soc_top|sld_signaltap:auto_signaltap_0|sld_signaltap_impl:sld_signaltap_body|sld_signaltap_implb:sld_signaltap_body|sld_ela_control:ela_control|sld_ela_basic_multi_level_trigger:\basic_multi_level_mbpm_trigger_gen:multi_level_mbpm|sld_mbpmg:\trigger_modules_gen:0:trigger_match|sld_sbpmg:\gen_sbpmg_pipeline_less_than_two:sm0:249:sm1      ; sld_sbpmg                         ; work         ;
;                      |sld_sbpmg:\gen_sbpmg_pipeline_less_than_two:sm0:24:sm1|                                                           ; 1 (1)               ; 2 (2)                     ; 0                 ; 0          ; 0    ; 0            ; |secure_soc_top|sld_signaltap:auto_signaltap_0|sld_signaltap_impl:sld_signaltap_body|sld_signaltap_implb:sld_signaltap_body|sld_ela_control:ela_control|sld_ela_basic_multi_level_trigger:\basic_multi_level_mbpm_trigger_gen:multi_level_mbpm|sld_mbpmg:\trigger_modules_gen:0:trigger_match|sld_sbpmg:\gen_sbpmg_pipeline_less_than_two:sm0:24:sm1       ; sld_sbpmg                         ; work         ;
;                      |sld_sbpmg:\gen_sbpmg_pipeline_less_than_two:sm0:250:sm1|                                                          ; 1 (1)               ; 2 (2)                     ; 0                 ; 0          ; 0    ; 0            ; |secure_soc_top|sld_signaltap:auto_signaltap_0|sld_signaltap_impl:sld_signaltap_body|sld_signaltap_implb:sld_signaltap_body|sld_ela_control:ela_control|sld_ela_basic_multi_level_trigger:\basic_multi_level_mbpm_trigger_gen:multi_level_mbpm|sld_mbpmg:\trigger_modules_gen:0:trigger_match|sld_sbpmg:\gen_sbpmg_pipeline_less_than_two:sm0:250:sm1      ; sld_sbpmg                         ; work         ;
;                      |sld_sbpmg:\gen_sbpmg_pipeline_less_than_two:sm0:251:sm1|                                                          ; 1 (1)               ; 2 (2)                     ; 0                 ; 0          ; 0    ; 0            ; |secure_soc_top|sld_signaltap:auto_signaltap_0|sld_signaltap_impl:sld_signaltap_body|sld_signaltap_implb:sld_signaltap_body|sld_ela_control:ela_control|sld_ela_basic_multi_level_trigger:\basic_multi_level_mbpm_trigger_gen:multi_level_mbpm|sld_mbpmg:\trigger_modules_gen:0:trigger_match|sld_sbpmg:\gen_sbpmg_pipeline_less_than_two:sm0:251:sm1      ; sld_sbpmg                         ; work         ;
;                      |sld_sbpmg:\gen_sbpmg_pipeline_less_than_two:sm0:252:sm1|                                                          ; 1 (1)               ; 2 (2)                     ; 0                 ; 0          ; 0    ; 0            ; |secure_soc_top|sld_signaltap:auto_signaltap_0|sld_signaltap_impl:sld_signaltap_body|sld_signaltap_implb:sld_signaltap_body|sld_ela_control:ela_control|sld_ela_basic_multi_level_trigger:\basic_multi_level_mbpm_trigger_gen:multi_level_mbpm|sld_mbpmg:\trigger_modules_gen:0:trigger_match|sld_sbpmg:\gen_sbpmg_pipeline_less_than_two:sm0:252:sm1      ; sld_sbpmg                         ; work         ;
;                      |sld_sbpmg:\gen_sbpmg_pipeline_less_than_two:sm0:253:sm1|                                                          ; 1 (1)               ; 2 (2)                     ; 0                 ; 0          ; 0    ; 0            ; |secure_soc_top|sld_signaltap:auto_signaltap_0|sld_signaltap_impl:sld_signaltap_body|sld_signaltap_implb:sld_signaltap_body|sld_ela_control:ela_control|sld_ela_basic_multi_level_trigger:\basic_multi_level_mbpm_trigger_gen:multi_level_mbpm|sld_mbpmg:\trigger_modules_gen:0:trigger_match|sld_sbpmg:\gen_sbpmg_pipeline_less_than_two:sm0:253:sm1      ; sld_sbpmg                         ; work         ;
;                      |sld_sbpmg:\gen_sbpmg_pipeline_less_than_two:sm0:254:sm1|                                                          ; 1 (1)               ; 2 (2)                     ; 0                 ; 0          ; 0    ; 0            ; |secure_soc_top|sld_signaltap:auto_signaltap_0|sld_signaltap_impl:sld_signaltap_body|sld_signaltap_implb:sld_signaltap_body|sld_ela_control:ela_control|sld_ela_basic_multi_level_trigger:\basic_multi_level_mbpm_trigger_gen:multi_level_mbpm|sld_mbpmg:\trigger_modules_gen:0:trigger_match|sld_sbpmg:\gen_sbpmg_pipeline_less_than_two:sm0:254:sm1      ; sld_sbpmg                         ; work         ;
;                      |sld_sbpmg:\gen_sbpmg_pipeline_less_than_two:sm0:255:sm1|                                                          ; 1 (1)               ; 2 (2)                     ; 0                 ; 0          ; 0    ; 0            ; |secure_soc_top|sld_signaltap:auto_signaltap_0|sld_signaltap_impl:sld_signaltap_body|sld_signaltap_implb:sld_signaltap_body|sld_ela_control:ela_control|sld_ela_basic_multi_level_trigger:\basic_multi_level_mbpm_trigger_gen:multi_level_mbpm|sld_mbpmg:\trigger_modules_gen:0:trigger_match|sld_sbpmg:\gen_sbpmg_pipeline_less_than_two:sm0:255:sm1      ; sld_sbpmg                         ; work         ;
;                      |sld_sbpmg:\gen_sbpmg_pipeline_less_than_two:sm0:256:sm1|                                                          ; 1 (1)               ; 2 (2)                     ; 0                 ; 0          ; 0    ; 0            ; |secure_soc_top|sld_signaltap:auto_signaltap_0|sld_signaltap_impl:sld_signaltap_body|sld_signaltap_implb:sld_signaltap_body|sld_ela_control:ela_control|sld_ela_basic_multi_level_trigger:\basic_multi_level_mbpm_trigger_gen:multi_level_mbpm|sld_mbpmg:\trigger_modules_gen:0:trigger_match|sld_sbpmg:\gen_sbpmg_pipeline_less_than_two:sm0:256:sm1      ; sld_sbpmg                         ; work         ;
;                      |sld_sbpmg:\gen_sbpmg_pipeline_less_than_two:sm0:257:sm1|                                                          ; 1 (1)               ; 2 (2)                     ; 0                 ; 0          ; 0    ; 0            ; |secure_soc_top|sld_signaltap:auto_signaltap_0|sld_signaltap_impl:sld_signaltap_body|sld_signaltap_implb:sld_signaltap_body|sld_ela_control:ela_control|sld_ela_basic_multi_level_trigger:\basic_multi_level_mbpm_trigger_gen:multi_level_mbpm|sld_mbpmg:\trigger_modules_gen:0:trigger_match|sld_sbpmg:\gen_sbpmg_pipeline_less_than_two:sm0:257:sm1      ; sld_sbpmg                         ; work         ;
;                      |sld_sbpmg:\gen_sbpmg_pipeline_less_than_two:sm0:258:sm1|                                                          ; 1 (1)               ; 2 (2)                     ; 0                 ; 0          ; 0    ; 0            ; |secure_soc_top|sld_signaltap:auto_signaltap_0|sld_signaltap_impl:sld_signaltap_body|sld_signaltap_implb:sld_signaltap_body|sld_ela_control:ela_control|sld_ela_basic_multi_level_trigger:\basic_multi_level_mbpm_trigger_gen:multi_level_mbpm|sld_mbpmg:\trigger_modules_gen:0:trigger_match|sld_sbpmg:\gen_sbpmg_pipeline_less_than_two:sm0:258:sm1      ; sld_sbpmg                         ; work         ;
;                      |sld_sbpmg:\gen_sbpmg_pipeline_less_than_two:sm0:259:sm1|                                                          ; 1 (1)               ; 2 (2)                     ; 0                 ; 0          ; 0    ; 0            ; |secure_soc_top|sld_signaltap:auto_signaltap_0|sld_signaltap_impl:sld_signaltap_body|sld_signaltap_implb:sld_signaltap_body|sld_ela_control:ela_control|sld_ela_basic_multi_level_trigger:\basic_multi_level_mbpm_trigger_gen:multi_level_mbpm|sld_mbpmg:\trigger_modules_gen:0:trigger_match|sld_sbpmg:\gen_sbpmg_pipeline_less_than_two:sm0:259:sm1      ; sld_sbpmg                         ; work         ;
;                      |sld_sbpmg:\gen_sbpmg_pipeline_less_than_two:sm0:25:sm1|                                                           ; 1 (1)               ; 2 (2)                     ; 0                 ; 0          ; 0    ; 0            ; |secure_soc_top|sld_signaltap:auto_signaltap_0|sld_signaltap_impl:sld_signaltap_body|sld_signaltap_implb:sld_signaltap_body|sld_ela_control:ela_control|sld_ela_basic_multi_level_trigger:\basic_multi_level_mbpm_trigger_gen:multi_level_mbpm|sld_mbpmg:\trigger_modules_gen:0:trigger_match|sld_sbpmg:\gen_sbpmg_pipeline_less_than_two:sm0:25:sm1       ; sld_sbpmg                         ; work         ;
;                      |sld_sbpmg:\gen_sbpmg_pipeline_less_than_two:sm0:26:sm1|                                                           ; 1 (1)               ; 2 (2)                     ; 0                 ; 0          ; 0    ; 0            ; |secure_soc_top|sld_signaltap:auto_signaltap_0|sld_signaltap_impl:sld_signaltap_body|sld_signaltap_implb:sld_signaltap_body|sld_ela_control:ela_control|sld_ela_basic_multi_level_trigger:\basic_multi_level_mbpm_trigger_gen:multi_level_mbpm|sld_mbpmg:\trigger_modules_gen:0:trigger_match|sld_sbpmg:\gen_sbpmg_pipeline_less_than_two:sm0:26:sm1       ; sld_sbpmg                         ; work         ;
;                      |sld_sbpmg:\gen_sbpmg_pipeline_less_than_two:sm0:27:sm1|                                                           ; 1 (1)               ; 2 (2)                     ; 0                 ; 0          ; 0    ; 0            ; |secure_soc_top|sld_signaltap:auto_signaltap_0|sld_signaltap_impl:sld_signaltap_body|sld_signaltap_implb:sld_signaltap_body|sld_ela_control:ela_control|sld_ela_basic_multi_level_trigger:\basic_multi_level_mbpm_trigger_gen:multi_level_mbpm|sld_mbpmg:\trigger_modules_gen:0:trigger_match|sld_sbpmg:\gen_sbpmg_pipeline_less_than_two:sm0:27:sm1       ; sld_sbpmg                         ; work         ;
;                      |sld_sbpmg:\gen_sbpmg_pipeline_less_than_two:sm0:28:sm1|                                                           ; 1 (1)               ; 2 (2)                     ; 0                 ; 0          ; 0    ; 0            ; |secure_soc_top|sld_signaltap:auto_signaltap_0|sld_signaltap_impl:sld_signaltap_body|sld_signaltap_implb:sld_signaltap_body|sld_ela_control:ela_control|sld_ela_basic_multi_level_trigger:\basic_multi_level_mbpm_trigger_gen:multi_level_mbpm|sld_mbpmg:\trigger_modules_gen:0:trigger_match|sld_sbpmg:\gen_sbpmg_pipeline_less_than_two:sm0:28:sm1       ; sld_sbpmg                         ; work         ;
;                      |sld_sbpmg:\gen_sbpmg_pipeline_less_than_two:sm0:29:sm1|                                                           ; 1 (1)               ; 2 (2)                     ; 0                 ; 0          ; 0    ; 0            ; |secure_soc_top|sld_signaltap:auto_signaltap_0|sld_signaltap_impl:sld_signaltap_body|sld_signaltap_implb:sld_signaltap_body|sld_ela_control:ela_control|sld_ela_basic_multi_level_trigger:\basic_multi_level_mbpm_trigger_gen:multi_level_mbpm|sld_mbpmg:\trigger_modules_gen:0:trigger_match|sld_sbpmg:\gen_sbpmg_pipeline_less_than_two:sm0:29:sm1       ; sld_sbpmg                         ; work         ;
;                      |sld_sbpmg:\gen_sbpmg_pipeline_less_than_two:sm0:2:sm1|                                                            ; 1 (1)               ; 2 (2)                     ; 0                 ; 0          ; 0    ; 0            ; |secure_soc_top|sld_signaltap:auto_signaltap_0|sld_signaltap_impl:sld_signaltap_body|sld_signaltap_implb:sld_signaltap_body|sld_ela_control:ela_control|sld_ela_basic_multi_level_trigger:\basic_multi_level_mbpm_trigger_gen:multi_level_mbpm|sld_mbpmg:\trigger_modules_gen:0:trigger_match|sld_sbpmg:\gen_sbpmg_pipeline_less_than_two:sm0:2:sm1        ; sld_sbpmg                         ; work         ;
;                      |sld_sbpmg:\gen_sbpmg_pipeline_less_than_two:sm0:30:sm1|                                                           ; 1 (1)               ; 2 (2)                     ; 0                 ; 0          ; 0    ; 0            ; |secure_soc_top|sld_signaltap:auto_signaltap_0|sld_signaltap_impl:sld_signaltap_body|sld_signaltap_implb:sld_signaltap_body|sld_ela_control:ela_control|sld_ela_basic_multi_level_trigger:\basic_multi_level_mbpm_trigger_gen:multi_level_mbpm|sld_mbpmg:\trigger_modules_gen:0:trigger_match|sld_sbpmg:\gen_sbpmg_pipeline_less_than_two:sm0:30:sm1       ; sld_sbpmg                         ; work         ;
;                      |sld_sbpmg:\gen_sbpmg_pipeline_less_than_two:sm0:31:sm1|                                                           ; 1 (1)               ; 2 (2)                     ; 0                 ; 0          ; 0    ; 0            ; |secure_soc_top|sld_signaltap:auto_signaltap_0|sld_signaltap_impl:sld_signaltap_body|sld_signaltap_implb:sld_signaltap_body|sld_ela_control:ela_control|sld_ela_basic_multi_level_trigger:\basic_multi_level_mbpm_trigger_gen:multi_level_mbpm|sld_mbpmg:\trigger_modules_gen:0:trigger_match|sld_sbpmg:\gen_sbpmg_pipeline_less_than_two:sm0:31:sm1       ; sld_sbpmg                         ; work         ;
;                      |sld_sbpmg:\gen_sbpmg_pipeline_less_than_two:sm0:32:sm1|                                                           ; 1 (1)               ; 2 (2)                     ; 0                 ; 0          ; 0    ; 0            ; |secure_soc_top|sld_signaltap:auto_signaltap_0|sld_signaltap_impl:sld_signaltap_body|sld_signaltap_implb:sld_signaltap_body|sld_ela_control:ela_control|sld_ela_basic_multi_level_trigger:\basic_multi_level_mbpm_trigger_gen:multi_level_mbpm|sld_mbpmg:\trigger_modules_gen:0:trigger_match|sld_sbpmg:\gen_sbpmg_pipeline_less_than_two:sm0:32:sm1       ; sld_sbpmg                         ; work         ;
;                      |sld_sbpmg:\gen_sbpmg_pipeline_less_than_two:sm0:33:sm1|                                                           ; 1 (1)               ; 2 (2)                     ; 0                 ; 0          ; 0    ; 0            ; |secure_soc_top|sld_signaltap:auto_signaltap_0|sld_signaltap_impl:sld_signaltap_body|sld_signaltap_implb:sld_signaltap_body|sld_ela_control:ela_control|sld_ela_basic_multi_level_trigger:\basic_multi_level_mbpm_trigger_gen:multi_level_mbpm|sld_mbpmg:\trigger_modules_gen:0:trigger_match|sld_sbpmg:\gen_sbpmg_pipeline_less_than_two:sm0:33:sm1       ; sld_sbpmg                         ; work         ;
;                      |sld_sbpmg:\gen_sbpmg_pipeline_less_than_two:sm0:34:sm1|                                                           ; 1 (1)               ; 2 (2)                     ; 0                 ; 0          ; 0    ; 0            ; |secure_soc_top|sld_signaltap:auto_signaltap_0|sld_signaltap_impl:sld_signaltap_body|sld_signaltap_implb:sld_signaltap_body|sld_ela_control:ela_control|sld_ela_basic_multi_level_trigger:\basic_multi_level_mbpm_trigger_gen:multi_level_mbpm|sld_mbpmg:\trigger_modules_gen:0:trigger_match|sld_sbpmg:\gen_sbpmg_pipeline_less_than_two:sm0:34:sm1       ; sld_sbpmg                         ; work         ;
;                      |sld_sbpmg:\gen_sbpmg_pipeline_less_than_two:sm0:35:sm1|                                                           ; 1 (1)               ; 2 (2)                     ; 0                 ; 0          ; 0    ; 0            ; |secure_soc_top|sld_signaltap:auto_signaltap_0|sld_signaltap_impl:sld_signaltap_body|sld_signaltap_implb:sld_signaltap_body|sld_ela_control:ela_control|sld_ela_basic_multi_level_trigger:\basic_multi_level_mbpm_trigger_gen:multi_level_mbpm|sld_mbpmg:\trigger_modules_gen:0:trigger_match|sld_sbpmg:\gen_sbpmg_pipeline_less_than_two:sm0:35:sm1       ; sld_sbpmg                         ; work         ;
;                      |sld_sbpmg:\gen_sbpmg_pipeline_less_than_two:sm0:36:sm1|                                                           ; 1 (1)               ; 2 (2)                     ; 0                 ; 0          ; 0    ; 0            ; |secure_soc_top|sld_signaltap:auto_signaltap_0|sld_signaltap_impl:sld_signaltap_body|sld_signaltap_implb:sld_signaltap_body|sld_ela_control:ela_control|sld_ela_basic_multi_level_trigger:\basic_multi_level_mbpm_trigger_gen:multi_level_mbpm|sld_mbpmg:\trigger_modules_gen:0:trigger_match|sld_sbpmg:\gen_sbpmg_pipeline_less_than_two:sm0:36:sm1       ; sld_sbpmg                         ; work         ;
;                      |sld_sbpmg:\gen_sbpmg_pipeline_less_than_two:sm0:37:sm1|                                                           ; 1 (1)               ; 2 (2)                     ; 0                 ; 0          ; 0    ; 0            ; |secure_soc_top|sld_signaltap:auto_signaltap_0|sld_signaltap_impl:sld_signaltap_body|sld_signaltap_implb:sld_signaltap_body|sld_ela_control:ela_control|sld_ela_basic_multi_level_trigger:\basic_multi_level_mbpm_trigger_gen:multi_level_mbpm|sld_mbpmg:\trigger_modules_gen:0:trigger_match|sld_sbpmg:\gen_sbpmg_pipeline_less_than_two:sm0:37:sm1       ; sld_sbpmg                         ; work         ;
;                      |sld_sbpmg:\gen_sbpmg_pipeline_less_than_two:sm0:38:sm1|                                                           ; 1 (1)               ; 2 (2)                     ; 0                 ; 0          ; 0    ; 0            ; |secure_soc_top|sld_signaltap:auto_signaltap_0|sld_signaltap_impl:sld_signaltap_body|sld_signaltap_implb:sld_signaltap_body|sld_ela_control:ela_control|sld_ela_basic_multi_level_trigger:\basic_multi_level_mbpm_trigger_gen:multi_level_mbpm|sld_mbpmg:\trigger_modules_gen:0:trigger_match|sld_sbpmg:\gen_sbpmg_pipeline_less_than_two:sm0:38:sm1       ; sld_sbpmg                         ; work         ;
;                      |sld_sbpmg:\gen_sbpmg_pipeline_less_than_two:sm0:39:sm1|                                                           ; 1 (1)               ; 2 (2)                     ; 0                 ; 0          ; 0    ; 0            ; |secure_soc_top|sld_signaltap:auto_signaltap_0|sld_signaltap_impl:sld_signaltap_body|sld_signaltap_implb:sld_signaltap_body|sld_ela_control:ela_control|sld_ela_basic_multi_level_trigger:\basic_multi_level_mbpm_trigger_gen:multi_level_mbpm|sld_mbpmg:\trigger_modules_gen:0:trigger_match|sld_sbpmg:\gen_sbpmg_pipeline_less_than_two:sm0:39:sm1       ; sld_sbpmg                         ; work         ;
;                      |sld_sbpmg:\gen_sbpmg_pipeline_less_than_two:sm0:3:sm1|                                                            ; 1 (1)               ; 2 (2)                     ; 0                 ; 0          ; 0    ; 0            ; |secure_soc_top|sld_signaltap:auto_signaltap_0|sld_signaltap_impl:sld_signaltap_body|sld_signaltap_implb:sld_signaltap_body|sld_ela_control:ela_control|sld_ela_basic_multi_level_trigger:\basic_multi_level_mbpm_trigger_gen:multi_level_mbpm|sld_mbpmg:\trigger_modules_gen:0:trigger_match|sld_sbpmg:\gen_sbpmg_pipeline_less_than_two:sm0:3:sm1        ; sld_sbpmg                         ; work         ;
;                      |sld_sbpmg:\gen_sbpmg_pipeline_less_than_two:sm0:40:sm1|                                                           ; 1 (1)               ; 2 (2)                     ; 0                 ; 0          ; 0    ; 0            ; |secure_soc_top|sld_signaltap:auto_signaltap_0|sld_signaltap_impl:sld_signaltap_body|sld_signaltap_implb:sld_signaltap_body|sld_ela_control:ela_control|sld_ela_basic_multi_level_trigger:\basic_multi_level_mbpm_trigger_gen:multi_level_mbpm|sld_mbpmg:\trigger_modules_gen:0:trigger_match|sld_sbpmg:\gen_sbpmg_pipeline_less_than_two:sm0:40:sm1       ; sld_sbpmg                         ; work         ;
;                      |sld_sbpmg:\gen_sbpmg_pipeline_less_than_two:sm0:41:sm1|                                                           ; 1 (1)               ; 2 (2)                     ; 0                 ; 0          ; 0    ; 0            ; |secure_soc_top|sld_signaltap:auto_signaltap_0|sld_signaltap_impl:sld_signaltap_body|sld_signaltap_implb:sld_signaltap_body|sld_ela_control:ela_control|sld_ela_basic_multi_level_trigger:\basic_multi_level_mbpm_trigger_gen:multi_level_mbpm|sld_mbpmg:\trigger_modules_gen:0:trigger_match|sld_sbpmg:\gen_sbpmg_pipeline_less_than_two:sm0:41:sm1       ; sld_sbpmg                         ; work         ;
;                      |sld_sbpmg:\gen_sbpmg_pipeline_less_than_two:sm0:42:sm1|                                                           ; 1 (1)               ; 2 (2)                     ; 0                 ; 0          ; 0    ; 0            ; |secure_soc_top|sld_signaltap:auto_signaltap_0|sld_signaltap_impl:sld_signaltap_body|sld_signaltap_implb:sld_signaltap_body|sld_ela_control:ela_control|sld_ela_basic_multi_level_trigger:\basic_multi_level_mbpm_trigger_gen:multi_level_mbpm|sld_mbpmg:\trigger_modules_gen:0:trigger_match|sld_sbpmg:\gen_sbpmg_pipeline_less_than_two:sm0:42:sm1       ; sld_sbpmg                         ; work         ;
;                      |sld_sbpmg:\gen_sbpmg_pipeline_less_than_two:sm0:43:sm1|                                                           ; 1 (1)               ; 2 (2)                     ; 0                 ; 0          ; 0    ; 0            ; |secure_soc_top|sld_signaltap:auto_signaltap_0|sld_signaltap_impl:sld_signaltap_body|sld_signaltap_implb:sld_signaltap_body|sld_ela_control:ela_control|sld_ela_basic_multi_level_trigger:\basic_multi_level_mbpm_trigger_gen:multi_level_mbpm|sld_mbpmg:\trigger_modules_gen:0:trigger_match|sld_sbpmg:\gen_sbpmg_pipeline_less_than_two:sm0:43:sm1       ; sld_sbpmg                         ; work         ;
;                      |sld_sbpmg:\gen_sbpmg_pipeline_less_than_two:sm0:44:sm1|                                                           ; 1 (1)               ; 2 (2)                     ; 0                 ; 0          ; 0    ; 0            ; |secure_soc_top|sld_signaltap:auto_signaltap_0|sld_signaltap_impl:sld_signaltap_body|sld_signaltap_implb:sld_signaltap_body|sld_ela_control:ela_control|sld_ela_basic_multi_level_trigger:\basic_multi_level_mbpm_trigger_gen:multi_level_mbpm|sld_mbpmg:\trigger_modules_gen:0:trigger_match|sld_sbpmg:\gen_sbpmg_pipeline_less_than_two:sm0:44:sm1       ; sld_sbpmg                         ; work         ;
;                      |sld_sbpmg:\gen_sbpmg_pipeline_less_than_two:sm0:45:sm1|                                                           ; 1 (1)               ; 2 (2)                     ; 0                 ; 0          ; 0    ; 0            ; |secure_soc_top|sld_signaltap:auto_signaltap_0|sld_signaltap_impl:sld_signaltap_body|sld_signaltap_implb:sld_signaltap_body|sld_ela_control:ela_control|sld_ela_basic_multi_level_trigger:\basic_multi_level_mbpm_trigger_gen:multi_level_mbpm|sld_mbpmg:\trigger_modules_gen:0:trigger_match|sld_sbpmg:\gen_sbpmg_pipeline_less_than_two:sm0:45:sm1       ; sld_sbpmg                         ; work         ;
;                      |sld_sbpmg:\gen_sbpmg_pipeline_less_than_two:sm0:46:sm1|                                                           ; 1 (1)               ; 2 (2)                     ; 0                 ; 0          ; 0    ; 0            ; |secure_soc_top|sld_signaltap:auto_signaltap_0|sld_signaltap_impl:sld_signaltap_body|sld_signaltap_implb:sld_signaltap_body|sld_ela_control:ela_control|sld_ela_basic_multi_level_trigger:\basic_multi_level_mbpm_trigger_gen:multi_level_mbpm|sld_mbpmg:\trigger_modules_gen:0:trigger_match|sld_sbpmg:\gen_sbpmg_pipeline_less_than_two:sm0:46:sm1       ; sld_sbpmg                         ; work         ;
;                      |sld_sbpmg:\gen_sbpmg_pipeline_less_than_two:sm0:47:sm1|                                                           ; 1 (1)               ; 2 (2)                     ; 0                 ; 0          ; 0    ; 0            ; |secure_soc_top|sld_signaltap:auto_signaltap_0|sld_signaltap_impl:sld_signaltap_body|sld_signaltap_implb:sld_signaltap_body|sld_ela_control:ela_control|sld_ela_basic_multi_level_trigger:\basic_multi_level_mbpm_trigger_gen:multi_level_mbpm|sld_mbpmg:\trigger_modules_gen:0:trigger_match|sld_sbpmg:\gen_sbpmg_pipeline_less_than_two:sm0:47:sm1       ; sld_sbpmg                         ; work         ;
;                      |sld_sbpmg:\gen_sbpmg_pipeline_less_than_two:sm0:48:sm1|                                                           ; 1 (1)               ; 2 (2)                     ; 0                 ; 0          ; 0    ; 0            ; |secure_soc_top|sld_signaltap:auto_signaltap_0|sld_signaltap_impl:sld_signaltap_body|sld_signaltap_implb:sld_signaltap_body|sld_ela_control:ela_control|sld_ela_basic_multi_level_trigger:\basic_multi_level_mbpm_trigger_gen:multi_level_mbpm|sld_mbpmg:\trigger_modules_gen:0:trigger_match|sld_sbpmg:\gen_sbpmg_pipeline_less_than_two:sm0:48:sm1       ; sld_sbpmg                         ; work         ;
;                      |sld_sbpmg:\gen_sbpmg_pipeline_less_than_two:sm0:49:sm1|                                                           ; 1 (1)               ; 2 (2)                     ; 0                 ; 0          ; 0    ; 0            ; |secure_soc_top|sld_signaltap:auto_signaltap_0|sld_signaltap_impl:sld_signaltap_body|sld_signaltap_implb:sld_signaltap_body|sld_ela_control:ela_control|sld_ela_basic_multi_level_trigger:\basic_multi_level_mbpm_trigger_gen:multi_level_mbpm|sld_mbpmg:\trigger_modules_gen:0:trigger_match|sld_sbpmg:\gen_sbpmg_pipeline_less_than_two:sm0:49:sm1       ; sld_sbpmg                         ; work         ;
;                      |sld_sbpmg:\gen_sbpmg_pipeline_less_than_two:sm0:4:sm1|                                                            ; 1 (1)               ; 2 (2)                     ; 0                 ; 0          ; 0    ; 0            ; |secure_soc_top|sld_signaltap:auto_signaltap_0|sld_signaltap_impl:sld_signaltap_body|sld_signaltap_implb:sld_signaltap_body|sld_ela_control:ela_control|sld_ela_basic_multi_level_trigger:\basic_multi_level_mbpm_trigger_gen:multi_level_mbpm|sld_mbpmg:\trigger_modules_gen:0:trigger_match|sld_sbpmg:\gen_sbpmg_pipeline_less_than_two:sm0:4:sm1        ; sld_sbpmg                         ; work         ;
;                      |sld_sbpmg:\gen_sbpmg_pipeline_less_than_two:sm0:50:sm1|                                                           ; 1 (1)               ; 2 (2)                     ; 0                 ; 0          ; 0    ; 0            ; |secure_soc_top|sld_signaltap:auto_signaltap_0|sld_signaltap_impl:sld_signaltap_body|sld_signaltap_implb:sld_signaltap_body|sld_ela_control:ela_control|sld_ela_basic_multi_level_trigger:\basic_multi_level_mbpm_trigger_gen:multi_level_mbpm|sld_mbpmg:\trigger_modules_gen:0:trigger_match|sld_sbpmg:\gen_sbpmg_pipeline_less_than_two:sm0:50:sm1       ; sld_sbpmg                         ; work         ;
;                      |sld_sbpmg:\gen_sbpmg_pipeline_less_than_two:sm0:51:sm1|                                                           ; 1 (1)               ; 2 (2)                     ; 0                 ; 0          ; 0    ; 0            ; |secure_soc_top|sld_signaltap:auto_signaltap_0|sld_signaltap_impl:sld_signaltap_body|sld_signaltap_implb:sld_signaltap_body|sld_ela_control:ela_control|sld_ela_basic_multi_level_trigger:\basic_multi_level_mbpm_trigger_gen:multi_level_mbpm|sld_mbpmg:\trigger_modules_gen:0:trigger_match|sld_sbpmg:\gen_sbpmg_pipeline_less_than_two:sm0:51:sm1       ; sld_sbpmg                         ; work         ;
;                      |sld_sbpmg:\gen_sbpmg_pipeline_less_than_two:sm0:52:sm1|                                                           ; 1 (1)               ; 2 (2)                     ; 0                 ; 0          ; 0    ; 0            ; |secure_soc_top|sld_signaltap:auto_signaltap_0|sld_signaltap_impl:sld_signaltap_body|sld_signaltap_implb:sld_signaltap_body|sld_ela_control:ela_control|sld_ela_basic_multi_level_trigger:\basic_multi_level_mbpm_trigger_gen:multi_level_mbpm|sld_mbpmg:\trigger_modules_gen:0:trigger_match|sld_sbpmg:\gen_sbpmg_pipeline_less_than_two:sm0:52:sm1       ; sld_sbpmg                         ; work         ;
;                      |sld_sbpmg:\gen_sbpmg_pipeline_less_than_two:sm0:53:sm1|                                                           ; 1 (1)               ; 2 (2)                     ; 0                 ; 0          ; 0    ; 0            ; |secure_soc_top|sld_signaltap:auto_signaltap_0|sld_signaltap_impl:sld_signaltap_body|sld_signaltap_implb:sld_signaltap_body|sld_ela_control:ela_control|sld_ela_basic_multi_level_trigger:\basic_multi_level_mbpm_trigger_gen:multi_level_mbpm|sld_mbpmg:\trigger_modules_gen:0:trigger_match|sld_sbpmg:\gen_sbpmg_pipeline_less_than_two:sm0:53:sm1       ; sld_sbpmg                         ; work         ;
;                      |sld_sbpmg:\gen_sbpmg_pipeline_less_than_two:sm0:54:sm1|                                                           ; 1 (1)               ; 2 (2)                     ; 0                 ; 0          ; 0    ; 0            ; |secure_soc_top|sld_signaltap:auto_signaltap_0|sld_signaltap_impl:sld_signaltap_body|sld_signaltap_implb:sld_signaltap_body|sld_ela_control:ela_control|sld_ela_basic_multi_level_trigger:\basic_multi_level_mbpm_trigger_gen:multi_level_mbpm|sld_mbpmg:\trigger_modules_gen:0:trigger_match|sld_sbpmg:\gen_sbpmg_pipeline_less_than_two:sm0:54:sm1       ; sld_sbpmg                         ; work         ;
;                      |sld_sbpmg:\gen_sbpmg_pipeline_less_than_two:sm0:55:sm1|                                                           ; 1 (1)               ; 2 (2)                     ; 0                 ; 0          ; 0    ; 0            ; |secure_soc_top|sld_signaltap:auto_signaltap_0|sld_signaltap_impl:sld_signaltap_body|sld_signaltap_implb:sld_signaltap_body|sld_ela_control:ela_control|sld_ela_basic_multi_level_trigger:\basic_multi_level_mbpm_trigger_gen:multi_level_mbpm|sld_mbpmg:\trigger_modules_gen:0:trigger_match|sld_sbpmg:\gen_sbpmg_pipeline_less_than_two:sm0:55:sm1       ; sld_sbpmg                         ; work         ;
;                      |sld_sbpmg:\gen_sbpmg_pipeline_less_than_two:sm0:56:sm1|                                                           ; 1 (1)               ; 2 (2)                     ; 0                 ; 0          ; 0    ; 0            ; |secure_soc_top|sld_signaltap:auto_signaltap_0|sld_signaltap_impl:sld_signaltap_body|sld_signaltap_implb:sld_signaltap_body|sld_ela_control:ela_control|sld_ela_basic_multi_level_trigger:\basic_multi_level_mbpm_trigger_gen:multi_level_mbpm|sld_mbpmg:\trigger_modules_gen:0:trigger_match|sld_sbpmg:\gen_sbpmg_pipeline_less_than_two:sm0:56:sm1       ; sld_sbpmg                         ; work         ;
;                      |sld_sbpmg:\gen_sbpmg_pipeline_less_than_two:sm0:57:sm1|                                                           ; 1 (1)               ; 2 (2)                     ; 0                 ; 0          ; 0    ; 0            ; |secure_soc_top|sld_signaltap:auto_signaltap_0|sld_signaltap_impl:sld_signaltap_body|sld_signaltap_implb:sld_signaltap_body|sld_ela_control:ela_control|sld_ela_basic_multi_level_trigger:\basic_multi_level_mbpm_trigger_gen:multi_level_mbpm|sld_mbpmg:\trigger_modules_gen:0:trigger_match|sld_sbpmg:\gen_sbpmg_pipeline_less_than_two:sm0:57:sm1       ; sld_sbpmg                         ; work         ;
;                      |sld_sbpmg:\gen_sbpmg_pipeline_less_than_two:sm0:58:sm1|                                                           ; 1 (1)               ; 2 (2)                     ; 0                 ; 0          ; 0    ; 0            ; |secure_soc_top|sld_signaltap:auto_signaltap_0|sld_signaltap_impl:sld_signaltap_body|sld_signaltap_implb:sld_signaltap_body|sld_ela_control:ela_control|sld_ela_basic_multi_level_trigger:\basic_multi_level_mbpm_trigger_gen:multi_level_mbpm|sld_mbpmg:\trigger_modules_gen:0:trigger_match|sld_sbpmg:\gen_sbpmg_pipeline_less_than_two:sm0:58:sm1       ; sld_sbpmg                         ; work         ;
;                      |sld_sbpmg:\gen_sbpmg_pipeline_less_than_two:sm0:59:sm1|                                                           ; 1 (1)               ; 2 (2)                     ; 0                 ; 0          ; 0    ; 0            ; |secure_soc_top|sld_signaltap:auto_signaltap_0|sld_signaltap_impl:sld_signaltap_body|sld_signaltap_implb:sld_signaltap_body|sld_ela_control:ela_control|sld_ela_basic_multi_level_trigger:\basic_multi_level_mbpm_trigger_gen:multi_level_mbpm|sld_mbpmg:\trigger_modules_gen:0:trigger_match|sld_sbpmg:\gen_sbpmg_pipeline_less_than_two:sm0:59:sm1       ; sld_sbpmg                         ; work         ;
;                      |sld_sbpmg:\gen_sbpmg_pipeline_less_than_two:sm0:5:sm1|                                                            ; 1 (1)               ; 2 (2)                     ; 0                 ; 0          ; 0    ; 0            ; |secure_soc_top|sld_signaltap:auto_signaltap_0|sld_signaltap_impl:sld_signaltap_body|sld_signaltap_implb:sld_signaltap_body|sld_ela_control:ela_control|sld_ela_basic_multi_level_trigger:\basic_multi_level_mbpm_trigger_gen:multi_level_mbpm|sld_mbpmg:\trigger_modules_gen:0:trigger_match|sld_sbpmg:\gen_sbpmg_pipeline_less_than_two:sm0:5:sm1        ; sld_sbpmg                         ; work         ;
;                      |sld_sbpmg:\gen_sbpmg_pipeline_less_than_two:sm0:60:sm1|                                                           ; 1 (1)               ; 2 (2)                     ; 0                 ; 0          ; 0    ; 0            ; |secure_soc_top|sld_signaltap:auto_signaltap_0|sld_signaltap_impl:sld_signaltap_body|sld_signaltap_implb:sld_signaltap_body|sld_ela_control:ela_control|sld_ela_basic_multi_level_trigger:\basic_multi_level_mbpm_trigger_gen:multi_level_mbpm|sld_mbpmg:\trigger_modules_gen:0:trigger_match|sld_sbpmg:\gen_sbpmg_pipeline_less_than_two:sm0:60:sm1       ; sld_sbpmg                         ; work         ;
;                      |sld_sbpmg:\gen_sbpmg_pipeline_less_than_two:sm0:61:sm1|                                                           ; 1 (1)               ; 2 (2)                     ; 0                 ; 0          ; 0    ; 0            ; |secure_soc_top|sld_signaltap:auto_signaltap_0|sld_signaltap_impl:sld_signaltap_body|sld_signaltap_implb:sld_signaltap_body|sld_ela_control:ela_control|sld_ela_basic_multi_level_trigger:\basic_multi_level_mbpm_trigger_gen:multi_level_mbpm|sld_mbpmg:\trigger_modules_gen:0:trigger_match|sld_sbpmg:\gen_sbpmg_pipeline_less_than_two:sm0:61:sm1       ; sld_sbpmg                         ; work         ;
;                      |sld_sbpmg:\gen_sbpmg_pipeline_less_than_two:sm0:62:sm1|                                                           ; 1 (1)               ; 2 (2)                     ; 0                 ; 0          ; 0    ; 0            ; |secure_soc_top|sld_signaltap:auto_signaltap_0|sld_signaltap_impl:sld_signaltap_body|sld_signaltap_implb:sld_signaltap_body|sld_ela_control:ela_control|sld_ela_basic_multi_level_trigger:\basic_multi_level_mbpm_trigger_gen:multi_level_mbpm|sld_mbpmg:\trigger_modules_gen:0:trigger_match|sld_sbpmg:\gen_sbpmg_pipeline_less_than_two:sm0:62:sm1       ; sld_sbpmg                         ; work         ;
;                      |sld_sbpmg:\gen_sbpmg_pipeline_less_than_two:sm0:63:sm1|                                                           ; 1 (1)               ; 2 (2)                     ; 0                 ; 0          ; 0    ; 0            ; |secure_soc_top|sld_signaltap:auto_signaltap_0|sld_signaltap_impl:sld_signaltap_body|sld_signaltap_implb:sld_signaltap_body|sld_ela_control:ela_control|sld_ela_basic_multi_level_trigger:\basic_multi_level_mbpm_trigger_gen:multi_level_mbpm|sld_mbpmg:\trigger_modules_gen:0:trigger_match|sld_sbpmg:\gen_sbpmg_pipeline_less_than_two:sm0:63:sm1       ; sld_sbpmg                         ; work         ;
;                      |sld_sbpmg:\gen_sbpmg_pipeline_less_than_two:sm0:64:sm1|                                                           ; 1 (1)               ; 2 (2)                     ; 0                 ; 0          ; 0    ; 0            ; |secure_soc_top|sld_signaltap:auto_signaltap_0|sld_signaltap_impl:sld_signaltap_body|sld_signaltap_implb:sld_signaltap_body|sld_ela_control:ela_control|sld_ela_basic_multi_level_trigger:\basic_multi_level_mbpm_trigger_gen:multi_level_mbpm|sld_mbpmg:\trigger_modules_gen:0:trigger_match|sld_sbpmg:\gen_sbpmg_pipeline_less_than_two:sm0:64:sm1       ; sld_sbpmg                         ; work         ;
;                      |sld_sbpmg:\gen_sbpmg_pipeline_less_than_two:sm0:65:sm1|                                                           ; 1 (1)               ; 2 (2)                     ; 0                 ; 0          ; 0    ; 0            ; |secure_soc_top|sld_signaltap:auto_signaltap_0|sld_signaltap_impl:sld_signaltap_body|sld_signaltap_implb:sld_signaltap_body|sld_ela_control:ela_control|sld_ela_basic_multi_level_trigger:\basic_multi_level_mbpm_trigger_gen:multi_level_mbpm|sld_mbpmg:\trigger_modules_gen:0:trigger_match|sld_sbpmg:\gen_sbpmg_pipeline_less_than_two:sm0:65:sm1       ; sld_sbpmg                         ; work         ;
;                      |sld_sbpmg:\gen_sbpmg_pipeline_less_than_two:sm0:66:sm1|                                                           ; 1 (1)               ; 2 (2)                     ; 0                 ; 0          ; 0    ; 0            ; |secure_soc_top|sld_signaltap:auto_signaltap_0|sld_signaltap_impl:sld_signaltap_body|sld_signaltap_implb:sld_signaltap_body|sld_ela_control:ela_control|sld_ela_basic_multi_level_trigger:\basic_multi_level_mbpm_trigger_gen:multi_level_mbpm|sld_mbpmg:\trigger_modules_gen:0:trigger_match|sld_sbpmg:\gen_sbpmg_pipeline_less_than_two:sm0:66:sm1       ; sld_sbpmg                         ; work         ;
;                      |sld_sbpmg:\gen_sbpmg_pipeline_less_than_two:sm0:67:sm1|                                                           ; 1 (1)               ; 2 (2)                     ; 0                 ; 0          ; 0    ; 0            ; |secure_soc_top|sld_signaltap:auto_signaltap_0|sld_signaltap_impl:sld_signaltap_body|sld_signaltap_implb:sld_signaltap_body|sld_ela_control:ela_control|sld_ela_basic_multi_level_trigger:\basic_multi_level_mbpm_trigger_gen:multi_level_mbpm|sld_mbpmg:\trigger_modules_gen:0:trigger_match|sld_sbpmg:\gen_sbpmg_pipeline_less_than_two:sm0:67:sm1       ; sld_sbpmg                         ; work         ;
;                      |sld_sbpmg:\gen_sbpmg_pipeline_less_than_two:sm0:68:sm1|                                                           ; 1 (1)               ; 2 (2)                     ; 0                 ; 0          ; 0    ; 0            ; |secure_soc_top|sld_signaltap:auto_signaltap_0|sld_signaltap_impl:sld_signaltap_body|sld_signaltap_implb:sld_signaltap_body|sld_ela_control:ela_control|sld_ela_basic_multi_level_trigger:\basic_multi_level_mbpm_trigger_gen:multi_level_mbpm|sld_mbpmg:\trigger_modules_gen:0:trigger_match|sld_sbpmg:\gen_sbpmg_pipeline_less_than_two:sm0:68:sm1       ; sld_sbpmg                         ; work         ;
;                      |sld_sbpmg:\gen_sbpmg_pipeline_less_than_two:sm0:69:sm1|                                                           ; 1 (1)               ; 2 (2)                     ; 0                 ; 0          ; 0    ; 0            ; |secure_soc_top|sld_signaltap:auto_signaltap_0|sld_signaltap_impl:sld_signaltap_body|sld_signaltap_implb:sld_signaltap_body|sld_ela_control:ela_control|sld_ela_basic_multi_level_trigger:\basic_multi_level_mbpm_trigger_gen:multi_level_mbpm|sld_mbpmg:\trigger_modules_gen:0:trigger_match|sld_sbpmg:\gen_sbpmg_pipeline_less_than_two:sm0:69:sm1       ; sld_sbpmg                         ; work         ;
;                      |sld_sbpmg:\gen_sbpmg_pipeline_less_than_two:sm0:6:sm1|                                                            ; 1 (1)               ; 2 (2)                     ; 0                 ; 0          ; 0    ; 0            ; |secure_soc_top|sld_signaltap:auto_signaltap_0|sld_signaltap_impl:sld_signaltap_body|sld_signaltap_implb:sld_signaltap_body|sld_ela_control:ela_control|sld_ela_basic_multi_level_trigger:\basic_multi_level_mbpm_trigger_gen:multi_level_mbpm|sld_mbpmg:\trigger_modules_gen:0:trigger_match|sld_sbpmg:\gen_sbpmg_pipeline_less_than_two:sm0:6:sm1        ; sld_sbpmg                         ; work         ;
;                      |sld_sbpmg:\gen_sbpmg_pipeline_less_than_two:sm0:70:sm1|                                                           ; 1 (1)               ; 2 (2)                     ; 0                 ; 0          ; 0    ; 0            ; |secure_soc_top|sld_signaltap:auto_signaltap_0|sld_signaltap_impl:sld_signaltap_body|sld_signaltap_implb:sld_signaltap_body|sld_ela_control:ela_control|sld_ela_basic_multi_level_trigger:\basic_multi_level_mbpm_trigger_gen:multi_level_mbpm|sld_mbpmg:\trigger_modules_gen:0:trigger_match|sld_sbpmg:\gen_sbpmg_pipeline_less_than_two:sm0:70:sm1       ; sld_sbpmg                         ; work         ;
;                      |sld_sbpmg:\gen_sbpmg_pipeline_less_than_two:sm0:71:sm1|                                                           ; 1 (1)               ; 2 (2)                     ; 0                 ; 0          ; 0    ; 0            ; |secure_soc_top|sld_signaltap:auto_signaltap_0|sld_signaltap_impl:sld_signaltap_body|sld_signaltap_implb:sld_signaltap_body|sld_ela_control:ela_control|sld_ela_basic_multi_level_trigger:\basic_multi_level_mbpm_trigger_gen:multi_level_mbpm|sld_mbpmg:\trigger_modules_gen:0:trigger_match|sld_sbpmg:\gen_sbpmg_pipeline_less_than_two:sm0:71:sm1       ; sld_sbpmg                         ; work         ;
;                      |sld_sbpmg:\gen_sbpmg_pipeline_less_than_two:sm0:72:sm1|                                                           ; 1 (1)               ; 2 (2)                     ; 0                 ; 0          ; 0    ; 0            ; |secure_soc_top|sld_signaltap:auto_signaltap_0|sld_signaltap_impl:sld_signaltap_body|sld_signaltap_implb:sld_signaltap_body|sld_ela_control:ela_control|sld_ela_basic_multi_level_trigger:\basic_multi_level_mbpm_trigger_gen:multi_level_mbpm|sld_mbpmg:\trigger_modules_gen:0:trigger_match|sld_sbpmg:\gen_sbpmg_pipeline_less_than_two:sm0:72:sm1       ; sld_sbpmg                         ; work         ;
;                      |sld_sbpmg:\gen_sbpmg_pipeline_less_than_two:sm0:73:sm1|                                                           ; 1 (1)               ; 2 (2)                     ; 0                 ; 0          ; 0    ; 0            ; |secure_soc_top|sld_signaltap:auto_signaltap_0|sld_signaltap_impl:sld_signaltap_body|sld_signaltap_implb:sld_signaltap_body|sld_ela_control:ela_control|sld_ela_basic_multi_level_trigger:\basic_multi_level_mbpm_trigger_gen:multi_level_mbpm|sld_mbpmg:\trigger_modules_gen:0:trigger_match|sld_sbpmg:\gen_sbpmg_pipeline_less_than_two:sm0:73:sm1       ; sld_sbpmg                         ; work         ;
;                      |sld_sbpmg:\gen_sbpmg_pipeline_less_than_two:sm0:74:sm1|                                                           ; 1 (1)               ; 2 (2)                     ; 0                 ; 0          ; 0    ; 0            ; |secure_soc_top|sld_signaltap:auto_signaltap_0|sld_signaltap_impl:sld_signaltap_body|sld_signaltap_implb:sld_signaltap_body|sld_ela_control:ela_control|sld_ela_basic_multi_level_trigger:\basic_multi_level_mbpm_trigger_gen:multi_level_mbpm|sld_mbpmg:\trigger_modules_gen:0:trigger_match|sld_sbpmg:\gen_sbpmg_pipeline_less_than_two:sm0:74:sm1       ; sld_sbpmg                         ; work         ;
;                      |sld_sbpmg:\gen_sbpmg_pipeline_less_than_two:sm0:75:sm1|                                                           ; 1 (1)               ; 2 (2)                     ; 0                 ; 0          ; 0    ; 0            ; |secure_soc_top|sld_signaltap:auto_signaltap_0|sld_signaltap_impl:sld_signaltap_body|sld_signaltap_implb:sld_signaltap_body|sld_ela_control:ela_control|sld_ela_basic_multi_level_trigger:\basic_multi_level_mbpm_trigger_gen:multi_level_mbpm|sld_mbpmg:\trigger_modules_gen:0:trigger_match|sld_sbpmg:\gen_sbpmg_pipeline_less_than_two:sm0:75:sm1       ; sld_sbpmg                         ; work         ;
;                      |sld_sbpmg:\gen_sbpmg_pipeline_less_than_two:sm0:76:sm1|                                                           ; 1 (1)               ; 2 (2)                     ; 0                 ; 0          ; 0    ; 0            ; |secure_soc_top|sld_signaltap:auto_signaltap_0|sld_signaltap_impl:sld_signaltap_body|sld_signaltap_implb:sld_signaltap_body|sld_ela_control:ela_control|sld_ela_basic_multi_level_trigger:\basic_multi_level_mbpm_trigger_gen:multi_level_mbpm|sld_mbpmg:\trigger_modules_gen:0:trigger_match|sld_sbpmg:\gen_sbpmg_pipeline_less_than_two:sm0:76:sm1       ; sld_sbpmg                         ; work         ;
;                      |sld_sbpmg:\gen_sbpmg_pipeline_less_than_two:sm0:77:sm1|                                                           ; 1 (1)               ; 2 (2)                     ; 0                 ; 0          ; 0    ; 0            ; |secure_soc_top|sld_signaltap:auto_signaltap_0|sld_signaltap_impl:sld_signaltap_body|sld_signaltap_implb:sld_signaltap_body|sld_ela_control:ela_control|sld_ela_basic_multi_level_trigger:\basic_multi_level_mbpm_trigger_gen:multi_level_mbpm|sld_mbpmg:\trigger_modules_gen:0:trigger_match|sld_sbpmg:\gen_sbpmg_pipeline_less_than_two:sm0:77:sm1       ; sld_sbpmg                         ; work         ;
;                      |sld_sbpmg:\gen_sbpmg_pipeline_less_than_two:sm0:78:sm1|                                                           ; 1 (1)               ; 2 (2)                     ; 0                 ; 0          ; 0    ; 0            ; |secure_soc_top|sld_signaltap:auto_signaltap_0|sld_signaltap_impl:sld_signaltap_body|sld_signaltap_implb:sld_signaltap_body|sld_ela_control:ela_control|sld_ela_basic_multi_level_trigger:\basic_multi_level_mbpm_trigger_gen:multi_level_mbpm|sld_mbpmg:\trigger_modules_gen:0:trigger_match|sld_sbpmg:\gen_sbpmg_pipeline_less_than_two:sm0:78:sm1       ; sld_sbpmg                         ; work         ;
;                      |sld_sbpmg:\gen_sbpmg_pipeline_less_than_two:sm0:79:sm1|                                                           ; 1 (1)               ; 2 (2)                     ; 0                 ; 0          ; 0    ; 0            ; |secure_soc_top|sld_signaltap:auto_signaltap_0|sld_signaltap_impl:sld_signaltap_body|sld_signaltap_implb:sld_signaltap_body|sld_ela_control:ela_control|sld_ela_basic_multi_level_trigger:\basic_multi_level_mbpm_trigger_gen:multi_level_mbpm|sld_mbpmg:\trigger_modules_gen:0:trigger_match|sld_sbpmg:\gen_sbpmg_pipeline_less_than_two:sm0:79:sm1       ; sld_sbpmg                         ; work         ;
;                      |sld_sbpmg:\gen_sbpmg_pipeline_less_than_two:sm0:7:sm1|                                                            ; 1 (1)               ; 2 (2)                     ; 0                 ; 0          ; 0    ; 0            ; |secure_soc_top|sld_signaltap:auto_signaltap_0|sld_signaltap_impl:sld_signaltap_body|sld_signaltap_implb:sld_signaltap_body|sld_ela_control:ela_control|sld_ela_basic_multi_level_trigger:\basic_multi_level_mbpm_trigger_gen:multi_level_mbpm|sld_mbpmg:\trigger_modules_gen:0:trigger_match|sld_sbpmg:\gen_sbpmg_pipeline_less_than_two:sm0:7:sm1        ; sld_sbpmg                         ; work         ;
;                      |sld_sbpmg:\gen_sbpmg_pipeline_less_than_two:sm0:80:sm1|                                                           ; 1 (1)               ; 2 (2)                     ; 0                 ; 0          ; 0    ; 0            ; |secure_soc_top|sld_signaltap:auto_signaltap_0|sld_signaltap_impl:sld_signaltap_body|sld_signaltap_implb:sld_signaltap_body|sld_ela_control:ela_control|sld_ela_basic_multi_level_trigger:\basic_multi_level_mbpm_trigger_gen:multi_level_mbpm|sld_mbpmg:\trigger_modules_gen:0:trigger_match|sld_sbpmg:\gen_sbpmg_pipeline_less_than_two:sm0:80:sm1       ; sld_sbpmg                         ; work         ;
;                      |sld_sbpmg:\gen_sbpmg_pipeline_less_than_two:sm0:81:sm1|                                                           ; 1 (1)               ; 2 (2)                     ; 0                 ; 0          ; 0    ; 0            ; |secure_soc_top|sld_signaltap:auto_signaltap_0|sld_signaltap_impl:sld_signaltap_body|sld_signaltap_implb:sld_signaltap_body|sld_ela_control:ela_control|sld_ela_basic_multi_level_trigger:\basic_multi_level_mbpm_trigger_gen:multi_level_mbpm|sld_mbpmg:\trigger_modules_gen:0:trigger_match|sld_sbpmg:\gen_sbpmg_pipeline_less_than_two:sm0:81:sm1       ; sld_sbpmg                         ; work         ;
;                      |sld_sbpmg:\gen_sbpmg_pipeline_less_than_two:sm0:82:sm1|                                                           ; 1 (1)               ; 2 (2)                     ; 0                 ; 0          ; 0    ; 0            ; |secure_soc_top|sld_signaltap:auto_signaltap_0|sld_signaltap_impl:sld_signaltap_body|sld_signaltap_implb:sld_signaltap_body|sld_ela_control:ela_control|sld_ela_basic_multi_level_trigger:\basic_multi_level_mbpm_trigger_gen:multi_level_mbpm|sld_mbpmg:\trigger_modules_gen:0:trigger_match|sld_sbpmg:\gen_sbpmg_pipeline_less_than_two:sm0:82:sm1       ; sld_sbpmg                         ; work         ;
;                      |sld_sbpmg:\gen_sbpmg_pipeline_less_than_two:sm0:83:sm1|                                                           ; 1 (1)               ; 2 (2)                     ; 0                 ; 0          ; 0    ; 0            ; |secure_soc_top|sld_signaltap:auto_signaltap_0|sld_signaltap_impl:sld_signaltap_body|sld_signaltap_implb:sld_signaltap_body|sld_ela_control:ela_control|sld_ela_basic_multi_level_trigger:\basic_multi_level_mbpm_trigger_gen:multi_level_mbpm|sld_mbpmg:\trigger_modules_gen:0:trigger_match|sld_sbpmg:\gen_sbpmg_pipeline_less_than_two:sm0:83:sm1       ; sld_sbpmg                         ; work         ;
;                      |sld_sbpmg:\gen_sbpmg_pipeline_less_than_two:sm0:84:sm1|                                                           ; 1 (1)               ; 2 (2)                     ; 0                 ; 0          ; 0    ; 0            ; |secure_soc_top|sld_signaltap:auto_signaltap_0|sld_signaltap_impl:sld_signaltap_body|sld_signaltap_implb:sld_signaltap_body|sld_ela_control:ela_control|sld_ela_basic_multi_level_trigger:\basic_multi_level_mbpm_trigger_gen:multi_level_mbpm|sld_mbpmg:\trigger_modules_gen:0:trigger_match|sld_sbpmg:\gen_sbpmg_pipeline_less_than_two:sm0:84:sm1       ; sld_sbpmg                         ; work         ;
;                      |sld_sbpmg:\gen_sbpmg_pipeline_less_than_two:sm0:85:sm1|                                                           ; 1 (1)               ; 2 (2)                     ; 0                 ; 0          ; 0    ; 0            ; |secure_soc_top|sld_signaltap:auto_signaltap_0|sld_signaltap_impl:sld_signaltap_body|sld_signaltap_implb:sld_signaltap_body|sld_ela_control:ela_control|sld_ela_basic_multi_level_trigger:\basic_multi_level_mbpm_trigger_gen:multi_level_mbpm|sld_mbpmg:\trigger_modules_gen:0:trigger_match|sld_sbpmg:\gen_sbpmg_pipeline_less_than_two:sm0:85:sm1       ; sld_sbpmg                         ; work         ;
;                      |sld_sbpmg:\gen_sbpmg_pipeline_less_than_two:sm0:86:sm1|                                                           ; 1 (1)               ; 2 (2)                     ; 0                 ; 0          ; 0    ; 0            ; |secure_soc_top|sld_signaltap:auto_signaltap_0|sld_signaltap_impl:sld_signaltap_body|sld_signaltap_implb:sld_signaltap_body|sld_ela_control:ela_control|sld_ela_basic_multi_level_trigger:\basic_multi_level_mbpm_trigger_gen:multi_level_mbpm|sld_mbpmg:\trigger_modules_gen:0:trigger_match|sld_sbpmg:\gen_sbpmg_pipeline_less_than_two:sm0:86:sm1       ; sld_sbpmg                         ; work         ;
;                      |sld_sbpmg:\gen_sbpmg_pipeline_less_than_two:sm0:87:sm1|                                                           ; 1 (1)               ; 2 (2)                     ; 0                 ; 0          ; 0    ; 0            ; |secure_soc_top|sld_signaltap:auto_signaltap_0|sld_signaltap_impl:sld_signaltap_body|sld_signaltap_implb:sld_signaltap_body|sld_ela_control:ela_control|sld_ela_basic_multi_level_trigger:\basic_multi_level_mbpm_trigger_gen:multi_level_mbpm|sld_mbpmg:\trigger_modules_gen:0:trigger_match|sld_sbpmg:\gen_sbpmg_pipeline_less_than_two:sm0:87:sm1       ; sld_sbpmg                         ; work         ;
;                      |sld_sbpmg:\gen_sbpmg_pipeline_less_than_two:sm0:88:sm1|                                                           ; 1 (1)               ; 2 (2)                     ; 0                 ; 0          ; 0    ; 0            ; |secure_soc_top|sld_signaltap:auto_signaltap_0|sld_signaltap_impl:sld_signaltap_body|sld_signaltap_implb:sld_signaltap_body|sld_ela_control:ela_control|sld_ela_basic_multi_level_trigger:\basic_multi_level_mbpm_trigger_gen:multi_level_mbpm|sld_mbpmg:\trigger_modules_gen:0:trigger_match|sld_sbpmg:\gen_sbpmg_pipeline_less_than_two:sm0:88:sm1       ; sld_sbpmg                         ; work         ;
;                      |sld_sbpmg:\gen_sbpmg_pipeline_less_than_two:sm0:89:sm1|                                                           ; 1 (1)               ; 2 (2)                     ; 0                 ; 0          ; 0    ; 0            ; |secure_soc_top|sld_signaltap:auto_signaltap_0|sld_signaltap_impl:sld_signaltap_body|sld_signaltap_implb:sld_signaltap_body|sld_ela_control:ela_control|sld_ela_basic_multi_level_trigger:\basic_multi_level_mbpm_trigger_gen:multi_level_mbpm|sld_mbpmg:\trigger_modules_gen:0:trigger_match|sld_sbpmg:\gen_sbpmg_pipeline_less_than_two:sm0:89:sm1       ; sld_sbpmg                         ; work         ;
;                      |sld_sbpmg:\gen_sbpmg_pipeline_less_than_two:sm0:8:sm1|                                                            ; 1 (1)               ; 2 (2)                     ; 0                 ; 0          ; 0    ; 0            ; |secure_soc_top|sld_signaltap:auto_signaltap_0|sld_signaltap_impl:sld_signaltap_body|sld_signaltap_implb:sld_signaltap_body|sld_ela_control:ela_control|sld_ela_basic_multi_level_trigger:\basic_multi_level_mbpm_trigger_gen:multi_level_mbpm|sld_mbpmg:\trigger_modules_gen:0:trigger_match|sld_sbpmg:\gen_sbpmg_pipeline_less_than_two:sm0:8:sm1        ; sld_sbpmg                         ; work         ;
;                      |sld_sbpmg:\gen_sbpmg_pipeline_less_than_two:sm0:90:sm1|                                                           ; 1 (1)               ; 2 (2)                     ; 0                 ; 0          ; 0    ; 0            ; |secure_soc_top|sld_signaltap:auto_signaltap_0|sld_signaltap_impl:sld_signaltap_body|sld_signaltap_implb:sld_signaltap_body|sld_ela_control:ela_control|sld_ela_basic_multi_level_trigger:\basic_multi_level_mbpm_trigger_gen:multi_level_mbpm|sld_mbpmg:\trigger_modules_gen:0:trigger_match|sld_sbpmg:\gen_sbpmg_pipeline_less_than_two:sm0:90:sm1       ; sld_sbpmg                         ; work         ;
;                      |sld_sbpmg:\gen_sbpmg_pipeline_less_than_two:sm0:91:sm1|                                                           ; 1 (1)               ; 2 (2)                     ; 0                 ; 0          ; 0    ; 0            ; |secure_soc_top|sld_signaltap:auto_signaltap_0|sld_signaltap_impl:sld_signaltap_body|sld_signaltap_implb:sld_signaltap_body|sld_ela_control:ela_control|sld_ela_basic_multi_level_trigger:\basic_multi_level_mbpm_trigger_gen:multi_level_mbpm|sld_mbpmg:\trigger_modules_gen:0:trigger_match|sld_sbpmg:\gen_sbpmg_pipeline_less_than_two:sm0:91:sm1       ; sld_sbpmg                         ; work         ;
;                      |sld_sbpmg:\gen_sbpmg_pipeline_less_than_two:sm0:92:sm1|                                                           ; 1 (1)               ; 2 (2)                     ; 0                 ; 0          ; 0    ; 0            ; |secure_soc_top|sld_signaltap:auto_signaltap_0|sld_signaltap_impl:sld_signaltap_body|sld_signaltap_implb:sld_signaltap_body|sld_ela_control:ela_control|sld_ela_basic_multi_level_trigger:\basic_multi_level_mbpm_trigger_gen:multi_level_mbpm|sld_mbpmg:\trigger_modules_gen:0:trigger_match|sld_sbpmg:\gen_sbpmg_pipeline_less_than_two:sm0:92:sm1       ; sld_sbpmg                         ; work         ;
;                      |sld_sbpmg:\gen_sbpmg_pipeline_less_than_two:sm0:93:sm1|                                                           ; 1 (1)               ; 2 (2)                     ; 0                 ; 0          ; 0    ; 0            ; |secure_soc_top|sld_signaltap:auto_signaltap_0|sld_signaltap_impl:sld_signaltap_body|sld_signaltap_implb:sld_signaltap_body|sld_ela_control:ela_control|sld_ela_basic_multi_level_trigger:\basic_multi_level_mbpm_trigger_gen:multi_level_mbpm|sld_mbpmg:\trigger_modules_gen:0:trigger_match|sld_sbpmg:\gen_sbpmg_pipeline_less_than_two:sm0:93:sm1       ; sld_sbpmg                         ; work         ;
;                      |sld_sbpmg:\gen_sbpmg_pipeline_less_than_two:sm0:94:sm1|                                                           ; 1 (1)               ; 2 (2)                     ; 0                 ; 0          ; 0    ; 0            ; |secure_soc_top|sld_signaltap:auto_signaltap_0|sld_signaltap_impl:sld_signaltap_body|sld_signaltap_implb:sld_signaltap_body|sld_ela_control:ela_control|sld_ela_basic_multi_level_trigger:\basic_multi_level_mbpm_trigger_gen:multi_level_mbpm|sld_mbpmg:\trigger_modules_gen:0:trigger_match|sld_sbpmg:\gen_sbpmg_pipeline_less_than_two:sm0:94:sm1       ; sld_sbpmg                         ; work         ;
;                      |sld_sbpmg:\gen_sbpmg_pipeline_less_than_two:sm0:95:sm1|                                                           ; 1 (1)               ; 2 (2)                     ; 0                 ; 0          ; 0    ; 0            ; |secure_soc_top|sld_signaltap:auto_signaltap_0|sld_signaltap_impl:sld_signaltap_body|sld_signaltap_implb:sld_signaltap_body|sld_ela_control:ela_control|sld_ela_basic_multi_level_trigger:\basic_multi_level_mbpm_trigger_gen:multi_level_mbpm|sld_mbpmg:\trigger_modules_gen:0:trigger_match|sld_sbpmg:\gen_sbpmg_pipeline_less_than_two:sm0:95:sm1       ; sld_sbpmg                         ; work         ;
;                      |sld_sbpmg:\gen_sbpmg_pipeline_less_than_two:sm0:96:sm1|                                                           ; 1 (1)               ; 2 (2)                     ; 0                 ; 0          ; 0    ; 0            ; |secure_soc_top|sld_signaltap:auto_signaltap_0|sld_signaltap_impl:sld_signaltap_body|sld_signaltap_implb:sld_signaltap_body|sld_ela_control:ela_control|sld_ela_basic_multi_level_trigger:\basic_multi_level_mbpm_trigger_gen:multi_level_mbpm|sld_mbpmg:\trigger_modules_gen:0:trigger_match|sld_sbpmg:\gen_sbpmg_pipeline_less_than_two:sm0:96:sm1       ; sld_sbpmg                         ; work         ;
;                      |sld_sbpmg:\gen_sbpmg_pipeline_less_than_two:sm0:97:sm1|                                                           ; 1 (1)               ; 2 (2)                     ; 0                 ; 0          ; 0    ; 0            ; |secure_soc_top|sld_signaltap:auto_signaltap_0|sld_signaltap_impl:sld_signaltap_body|sld_signaltap_implb:sld_signaltap_body|sld_ela_control:ela_control|sld_ela_basic_multi_level_trigger:\basic_multi_level_mbpm_trigger_gen:multi_level_mbpm|sld_mbpmg:\trigger_modules_gen:0:trigger_match|sld_sbpmg:\gen_sbpmg_pipeline_less_than_two:sm0:97:sm1       ; sld_sbpmg                         ; work         ;
;                      |sld_sbpmg:\gen_sbpmg_pipeline_less_than_two:sm0:98:sm1|                                                           ; 1 (1)               ; 2 (2)                     ; 0                 ; 0          ; 0    ; 0            ; |secure_soc_top|sld_signaltap:auto_signaltap_0|sld_signaltap_impl:sld_signaltap_body|sld_signaltap_implb:sld_signaltap_body|sld_ela_control:ela_control|sld_ela_basic_multi_level_trigger:\basic_multi_level_mbpm_trigger_gen:multi_level_mbpm|sld_mbpmg:\trigger_modules_gen:0:trigger_match|sld_sbpmg:\gen_sbpmg_pipeline_less_than_two:sm0:98:sm1       ; sld_sbpmg                         ; work         ;
;                      |sld_sbpmg:\gen_sbpmg_pipeline_less_than_two:sm0:99:sm1|                                                           ; 1 (1)               ; 2 (2)                     ; 0                 ; 0          ; 0    ; 0            ; |secure_soc_top|sld_signaltap:auto_signaltap_0|sld_signaltap_impl:sld_signaltap_body|sld_signaltap_implb:sld_signaltap_body|sld_ela_control:ela_control|sld_ela_basic_multi_level_trigger:\basic_multi_level_mbpm_trigger_gen:multi_level_mbpm|sld_mbpmg:\trigger_modules_gen:0:trigger_match|sld_sbpmg:\gen_sbpmg_pipeline_less_than_two:sm0:99:sm1       ; sld_sbpmg                         ; work         ;
;                      |sld_sbpmg:\gen_sbpmg_pipeline_less_than_two:sm0:9:sm1|                                                            ; 1 (1)               ; 2 (2)                     ; 0                 ; 0          ; 0    ; 0            ; |secure_soc_top|sld_signaltap:auto_signaltap_0|sld_signaltap_impl:sld_signaltap_body|sld_signaltap_implb:sld_signaltap_body|sld_ela_control:ela_control|sld_ela_basic_multi_level_trigger:\basic_multi_level_mbpm_trigger_gen:multi_level_mbpm|sld_mbpmg:\trigger_modules_gen:0:trigger_match|sld_sbpmg:\gen_sbpmg_pipeline_less_than_two:sm0:9:sm1        ; sld_sbpmg                         ; work         ;
;                |sld_ela_trigger_flow_mgr:\builtin:ela_trigger_flow_mgr_entity|                                                          ; 56 (56)             ; 11 (1)                    ; 0                 ; 0          ; 0    ; 0            ; |secure_soc_top|sld_signaltap:auto_signaltap_0|sld_signaltap_impl:sld_signaltap_body|sld_signaltap_implb:sld_signaltap_body|sld_ela_control:ela_control|sld_ela_trigger_flow_mgr:\builtin:ela_trigger_flow_mgr_entity                                                                                                                                      ; sld_ela_trigger_flow_mgr          ; work         ;
;                   |lpm_shiftreg:trigger_config_deserialize|                                                                             ; 0 (0)               ; 10 (10)                   ; 0                 ; 0          ; 0    ; 0            ; |secure_soc_top|sld_signaltap:auto_signaltap_0|sld_signaltap_impl:sld_signaltap_body|sld_signaltap_implb:sld_signaltap_body|sld_ela_control:ela_control|sld_ela_trigger_flow_mgr:\builtin:ela_trigger_flow_mgr_entity|lpm_shiftreg:trigger_config_deserialize                                                                                              ; lpm_shiftreg                      ; work         ;
;             |sld_offload_buffer_mgr:\stp_non_zero_depth_offload_gen:stp_offload_buff_mgr_inst|                                          ; 41 (12)             ; 311 (0)                   ; 0                 ; 0          ; 0    ; 0            ; |secure_soc_top|sld_signaltap:auto_signaltap_0|sld_signaltap_impl:sld_signaltap_body|sld_signaltap_implb:sld_signaltap_body|sld_offload_buffer_mgr:\stp_non_zero_depth_offload_gen:stp_offload_buff_mgr_inst                                                                                                                                               ; sld_offload_buffer_mgr            ; work         ;
;                |lpm_counter:\adv_point_3_and_more:advance_pointer_counter|                                                              ; 11 (0)              ; 9 (0)                     ; 0                 ; 0          ; 0    ; 0            ; |secure_soc_top|sld_signaltap:auto_signaltap_0|sld_signaltap_impl:sld_signaltap_body|sld_signaltap_implb:sld_signaltap_body|sld_offload_buffer_mgr:\stp_non_zero_depth_offload_gen:stp_offload_buff_mgr_inst|lpm_counter:\adv_point_3_and_more:advance_pointer_counter                                                                                     ; lpm_counter                       ; work         ;
;                   |cntr_oai:auto_generated|                                                                                             ; 11 (11)             ; 9 (9)                     ; 0                 ; 0          ; 0    ; 0            ; |secure_soc_top|sld_signaltap:auto_signaltap_0|sld_signaltap_impl:sld_signaltap_body|sld_signaltap_implb:sld_signaltap_body|sld_offload_buffer_mgr:\stp_non_zero_depth_offload_gen:stp_offload_buff_mgr_inst|lpm_counter:\adv_point_3_and_more:advance_pointer_counter|cntr_oai:auto_generated                                                             ; cntr_oai                          ; work         ;
;                |lpm_counter:read_pointer_counter|                                                                                       ; 7 (0)               ; 7 (0)                     ; 0                 ; 0          ; 0    ; 0            ; |secure_soc_top|sld_signaltap:auto_signaltap_0|sld_signaltap_impl:sld_signaltap_body|sld_signaltap_implb:sld_signaltap_body|sld_offload_buffer_mgr:\stp_non_zero_depth_offload_gen:stp_offload_buff_mgr_inst|lpm_counter:read_pointer_counter                                                                                                              ; lpm_counter                       ; work         ;
;                   |cntr_4vi:auto_generated|                                                                                             ; 7 (7)               ; 7 (7)                     ; 0                 ; 0          ; 0    ; 0            ; |secure_soc_top|sld_signaltap:auto_signaltap_0|sld_signaltap_impl:sld_signaltap_body|sld_signaltap_implb:sld_signaltap_body|sld_offload_buffer_mgr:\stp_non_zero_depth_offload_gen:stp_offload_buff_mgr_inst|lpm_counter:read_pointer_counter|cntr_4vi:auto_generated                                                                                      ; cntr_4vi                          ; work         ;
;                |lpm_counter:status_advance_pointer_counter|                                                                             ; 6 (0)               ; 4 (0)                     ; 0                 ; 0          ; 0    ; 0            ; |secure_soc_top|sld_signaltap:auto_signaltap_0|sld_signaltap_impl:sld_signaltap_body|sld_signaltap_implb:sld_signaltap_body|sld_offload_buffer_mgr:\stp_non_zero_depth_offload_gen:stp_offload_buff_mgr_inst|lpm_counter:status_advance_pointer_counter                                                                                                    ; lpm_counter                       ; work         ;
;                   |cntr_09i:auto_generated|                                                                                             ; 6 (6)               ; 4 (4)                     ; 0                 ; 0          ; 0    ; 0            ; |secure_soc_top|sld_signaltap:auto_signaltap_0|sld_signaltap_impl:sld_signaltap_body|sld_signaltap_implb:sld_signaltap_body|sld_offload_buffer_mgr:\stp_non_zero_depth_offload_gen:stp_offload_buff_mgr_inst|lpm_counter:status_advance_pointer_counter|cntr_09i:auto_generated                                                                            ; cntr_09i                          ; work         ;
;                |lpm_counter:status_read_pointer_counter|                                                                                ; 3 (0)               ; 1 (0)                     ; 0                 ; 0          ; 0    ; 0            ; |secure_soc_top|sld_signaltap:auto_signaltap_0|sld_signaltap_impl:sld_signaltap_body|sld_signaltap_implb:sld_signaltap_body|sld_offload_buffer_mgr:\stp_non_zero_depth_offload_gen:stp_offload_buff_mgr_inst|lpm_counter:status_read_pointer_counter                                                                                                       ; lpm_counter                       ; work         ;
;                   |cntr_kri:auto_generated|                                                                                             ; 3 (3)               ; 1 (1)                     ; 0                 ; 0          ; 0    ; 0            ; |secure_soc_top|sld_signaltap:auto_signaltap_0|sld_signaltap_impl:sld_signaltap_body|sld_signaltap_implb:sld_signaltap_body|sld_offload_buffer_mgr:\stp_non_zero_depth_offload_gen:stp_offload_buff_mgr_inst|lpm_counter:status_read_pointer_counter|cntr_kri:auto_generated                                                                               ; cntr_kri                          ; work         ;
;                |lpm_shiftreg:info_data_shift_out|                                                                                       ; 0 (0)               ; 15 (15)                   ; 0                 ; 0          ; 0    ; 0            ; |secure_soc_top|sld_signaltap:auto_signaltap_0|sld_signaltap_impl:sld_signaltap_body|sld_signaltap_implb:sld_signaltap_body|sld_offload_buffer_mgr:\stp_non_zero_depth_offload_gen:stp_offload_buff_mgr_inst|lpm_shiftreg:info_data_shift_out                                                                                                              ; lpm_shiftreg                      ; work         ;
;                |lpm_shiftreg:ram_data_shift_out|                                                                                        ; 1 (1)               ; 260 (260)                 ; 0                 ; 0          ; 0    ; 0            ; |secure_soc_top|sld_signaltap:auto_signaltap_0|sld_signaltap_impl:sld_signaltap_body|sld_signaltap_implb:sld_signaltap_body|sld_offload_buffer_mgr:\stp_non_zero_depth_offload_gen:stp_offload_buff_mgr_inst|lpm_shiftreg:ram_data_shift_out                                                                                                               ; lpm_shiftreg                      ; work         ;
;                |lpm_shiftreg:status_data_shift_out|                                                                                     ; 1 (1)               ; 15 (15)                   ; 0                 ; 0          ; 0    ; 0            ; |secure_soc_top|sld_signaltap:auto_signaltap_0|sld_signaltap_impl:sld_signaltap_body|sld_signaltap_implb:sld_signaltap_body|sld_offload_buffer_mgr:\stp_non_zero_depth_offload_gen:stp_offload_buff_mgr_inst|lpm_shiftreg:status_data_shift_out                                                                                                            ; lpm_shiftreg                      ; work         ;
;             |sld_rom_sr:crc_rom_sr|                                                                                                     ; 20 (20)             ; 8 (8)                     ; 0                 ; 0          ; 0    ; 0            ; |secure_soc_top|sld_signaltap:auto_signaltap_0|sld_signaltap_impl:sld_signaltap_body|sld_signaltap_implb:sld_signaltap_body|sld_rom_sr:crc_rom_sr                                                                                                                                                                                                          ; sld_rom_sr                        ; work         ;
;    |uart_rx:u_uart_rx|                                                                                                                  ; 48 (48)             ; 39 (39)                   ; 0                 ; 0          ; 0    ; 0            ; |secure_soc_top|uart_rx:u_uart_rx                                                                                                                                                                                                                                                                                                                          ; uart_rx                           ; work         ;
;    |uart_tx:u_uart_tx|                                                                                                                  ; 31 (31)             ; 30 (30)                   ; 0                 ; 0          ; 0    ; 0            ; |secure_soc_top|uart_tx:u_uart_tx                                                                                                                                                                                                                                                                                                                          ; uart_tx                           ; work         ;
+-----------------------------------------------------------------------------------------------------------------------------------------+---------------------+---------------------------+-------------------+------------+------+--------------+------------------------------------------------------------------------------------------------------------------------------------------------------------------------------------------------------------------------------------------------------------------------------------------------------------------------------------------------------------+-----------------------------------+--------------+
Note: For table entries with two numbers listed, the numbers in parentheses indicate the number of resources of the given type used by the specific entity alone. The numbers listed outside of parentheses indicate the total resources of the given type used by the specific entity and all of its sub-entities in the hierarchy.


+------------------------------------------------------------------------------------------------------------------------------------------------------------------------------------------------------------------------------------------------------------------------------------------------------------+
; Analysis & Synthesis RAM Summary                                                                                                                                                                                                                                                                           ;
+-------------------------------------------------------------------------------------------------------------------------------------------------------------------------------------------------------+------+------------------+--------------+--------------+--------------+--------------+-------+------+
; Name                                                                                                                                                                                                  ; Type ; Mode             ; Port A Depth ; Port A Width ; Port B Depth ; Port B Width ; Size  ; MIF  ;
+-------------------------------------------------------------------------------------------------------------------------------------------------------------------------------------------------------+------+------------------+--------------+--------------+--------------+--------------+-------+------+
; sld_signaltap:auto_signaltap_0|sld_signaltap_impl:sld_signaltap_body|sld_signaltap_implb:sld_signaltap_body|altsyncram:\stp_non_zero_ram_gen:stp_buffer_ram|altsyncram_me84:auto_generated|ALTSYNCRAM ; AUTO ; Simple Dual Port ; 128          ; 260          ; 128          ; 260          ; 33280 ; None ;
+-------------------------------------------------------------------------------------------------------------------------------------------------------------------------------------------------------+------+------------------+--------------+--------------+--------------+--------------+-------+------+


+-----------------------------------------------------------------------------------------------------------------------------------------------------------------------------------------------------------------------------------------------------------------------------------------------------------------------------------------------------------------------+
; Analysis & Synthesis IP Cores Summary                                                                                                                                                                                                                                                                                                                                 ;
+--------+--------------+---------+--------------+--------------+-------------------------------------------------------------------------------------------------------------------------------------------------------------------------------------------------------------------------------------------------------------------------------------+-----------------+
; Vendor ; IP Core Name ; Version ; Release Date ; License Type ; Entity Instance                                                                                                                                                                                                                                                                     ; IP Include File ;
+--------+--------------+---------+--------------+--------------+-------------------------------------------------------------------------------------------------------------------------------------------------------------------------------------------------------------------------------------------------------------------------------------+-----------------+
; Altera ; Signal Tap   ; N/A     ; N/A          ; Licensed     ; |secure_soc_top|sld_hub:auto_hub|alt_sld_fab_with_jtag_input:\instrumentation_fabric_with_node_gen:fabric_gen_new_way:with_jtag_input_gen:instrumentation_fabric|alt_sld_fab:instrumentation_fabric                                                                                 ;                 ;
; Altera ; Signal Tap   ; N/A     ; N/A          ; Licensed     ; |secure_soc_top|sld_hub:auto_hub|alt_sld_fab_with_jtag_input:\instrumentation_fabric_with_node_gen:fabric_gen_new_way:with_jtag_input_gen:instrumentation_fabric|alt_sld_fab:instrumentation_fabric|alt_sld_fab_alt_sld_fab:alt_sld_fab                                             ;                 ;
; Altera ; Signal Tap   ; N/A     ; N/A          ; Licensed     ; |secure_soc_top|sld_hub:auto_hub|alt_sld_fab_with_jtag_input:\instrumentation_fabric_with_node_gen:fabric_gen_new_way:with_jtag_input_gen:instrumentation_fabric|alt_sld_fab:instrumentation_fabric|alt_sld_fab_alt_sld_fab:alt_sld_fab|alt_sld_fab_alt_sld_fab_presplit:presplit   ;                 ;
; Altera ; Signal Tap   ; N/A     ; N/A          ; Licensed     ; |secure_soc_top|sld_hub:auto_hub|alt_sld_fab_with_jtag_input:\instrumentation_fabric_with_node_gen:fabric_gen_new_way:with_jtag_input_gen:instrumentation_fabric|alt_sld_fab:instrumentation_fabric|alt_sld_fab_alt_sld_fab:alt_sld_fab|alt_sld_fab_alt_sld_fab_sldfabric:sldfabric ;                 ;
; Altera ; Signal Tap   ; N/A     ; N/A          ; Licensed     ; |secure_soc_top|sld_hub:auto_hub|alt_sld_fab_with_jtag_input:\instrumentation_fabric_with_node_gen:fabric_gen_new_way:with_jtag_input_gen:instrumentation_fabric|alt_sld_fab:instrumentation_fabric|alt_sld_fab_alt_sld_fab:alt_sld_fab|alt_sld_fab_alt_sld_fab_splitter:splitter   ;                 ;
+--------+--------------+---------+--------------+--------------+-------------------------------------------------------------------------------------------------------------------------------------------------------------------------------------------------------------------------------------------------------------------------------------+-----------------+


Encoding Type:  One-Hot
+-----------------------------------------------------------------------------------------------------------------------------------------------------------+
; State Machine - |secure_soc_top|auth_fsm:u_auth_fsm|state                                                                                                 ;
+-------------------+--------------+----------------+----------------+-------------------+----------------+-------------------+----------------+------------+
; Name              ; state.LOCKED ; state.WAIT_AES ; state.PREP_AES ; state.WAIT_TX_PLD ; state.SEND_PLD ; state.WAIT_TX_HDR ; state.SEND_HDR ; state.IDLE ;
+-------------------+--------------+----------------+----------------+-------------------+----------------+-------------------+----------------+------------+
; state.IDLE        ; 0            ; 0              ; 0              ; 0                 ; 0              ; 0                 ; 0              ; 0          ;
; state.SEND_HDR    ; 0            ; 0              ; 0              ; 0                 ; 0              ; 0                 ; 1              ; 1          ;
; state.WAIT_TX_HDR ; 0            ; 0              ; 0              ; 0                 ; 0              ; 1                 ; 0              ; 1          ;
; state.SEND_PLD    ; 0            ; 0              ; 0              ; 0                 ; 1              ; 0                 ; 0              ; 1          ;
; state.WAIT_TX_PLD ; 0            ; 0              ; 0              ; 1                 ; 0              ; 0                 ; 0              ; 1          ;
; state.PREP_AES    ; 0            ; 0              ; 1              ; 0                 ; 0              ; 0                 ; 0              ; 1          ;
; state.WAIT_AES    ; 0            ; 1              ; 0              ; 0                 ; 0              ; 0                 ; 0              ; 1          ;
; state.LOCKED      ; 1            ; 0              ; 0              ; 0                 ; 0              ; 0                 ; 0              ; 1          ;
+-------------------+--------------+----------------+----------------+-------------------+----------------+-------------------+----------------+------------+


Encoding Type:  One-Hot
+--------------------------------------------------------------------------------------------------------------------------------+
; State Machine - |secure_soc_top|cmd_parser:u_cmd_parser|state                                                                  ;
+-----------------+---------------+---------------+-----------------+-------------+-------------+-----------------+--------------+
; Name            ; state.S_CRC_L ; state.S_CRC_H ; state.S_PAYLOAD ; state.S_LEN ; state.S_CMD ; state.S_VERSION ; state.S_IDLE ;
+-----------------+---------------+---------------+-----------------+-------------+-------------+-----------------+--------------+
; state.S_IDLE    ; 0             ; 0             ; 0               ; 0           ; 0           ; 0               ; 0            ;
; state.S_VERSION ; 0             ; 0             ; 0               ; 0           ; 0           ; 1               ; 1            ;
; state.S_CMD     ; 0             ; 0             ; 0               ; 0           ; 1           ; 0               ; 1            ;
; state.S_LEN     ; 0             ; 0             ; 0               ; 1           ; 0           ; 0               ; 1            ;
; state.S_PAYLOAD ; 0             ; 0             ; 1               ; 0           ; 0           ; 0               ; 1            ;
; state.S_CRC_H   ; 0             ; 1             ; 0               ; 0           ; 0           ; 0               ; 1            ;
; state.S_CRC_L   ; 1             ; 0             ; 0               ; 0           ; 0           ; 0               ; 1            ;
+-----------------+---------------+---------------+-----------------+-------------+-------------+-----------------+--------------+


Encoding Type:  One-Hot
+--------------------------------------------------------------------------------------------------------------------------------+
; State Machine - |secure_soc_top|kdf_state                                                                                      ;
+---------------------------+-----------------------+-----------------------+------------------------+---------------------------+
; Name                      ; kdf_state.KDF_ST_DONE ; kdf_state.KDF_ST_WAIT ; kdf_state.KDF_ST_START ; kdf_state.KDF_ST_WAIT_PUF ;
+---------------------------+-----------------------+-----------------------+------------------------+---------------------------+
; kdf_state.KDF_ST_WAIT_PUF ; 0                     ; 0                     ; 0                      ; 0                         ;
; kdf_state.KDF_ST_START    ; 0                     ; 0                     ; 1                      ; 1                         ;
; kdf_state.KDF_ST_WAIT     ; 0                     ; 1                     ; 0                      ; 1                         ;
; kdf_state.KDF_ST_DONE     ; 1                     ; 0                     ; 0                      ; 1                         ;
+---------------------------+-----------------------+-----------------------+------------------------+---------------------------+


Encoding Type:  One-Hot
+------------------------------------------------------------------+
; State Machine - |secure_soc_top|uart_tx:u_uart_tx|state          ;
+-------------+------------+------------+-------------+------------+
; Name        ; state.STOP ; state.DATA ; state.START ; state.IDLE ;
+-------------+------------+------------+-------------+------------+
; state.IDLE  ; 0          ; 0          ; 0           ; 0          ;
; state.START ; 0          ; 0          ; 1           ; 1          ;
; state.DATA  ; 0          ; 1          ; 0           ; 1          ;
; state.STOP  ; 1          ; 0          ; 0           ; 1          ;
+-------------+------------+------------+-------------+------------+


Encoding Type:  One-Hot
+------------------------------------------------------------------+
; State Machine - |secure_soc_top|uart_rx:u_uart_rx|state          ;
+-------------+------------+------------+-------------+------------+
; Name        ; state.STOP ; state.DATA ; state.START ; state.IDLE ;
+-------------+------------+------------+-------------+------------+
; state.IDLE  ; 0          ; 0          ; 0           ; 0          ;
; state.START ; 0          ; 0          ; 1           ; 1          ;
; state.DATA  ; 0          ; 1          ; 0           ; 1          ;
; state.STOP  ; 1          ; 0          ; 0           ; 1          ;
+-------------+------------+------------+-------------+------------+


Encoding Type:  One-Hot
+--------------------------------------------------------------------------------------------------------------------------------------------------------------------------------------------------+
; State Machine - |secure_soc_top|ro_puf:u_ro_puf|state                                                                                                                                            ;
+---------------------+---------------+-------------+---------------+--------------+------------------+--------------------+-----------------+---------------------+----------------+--------------+
; Name                ; state.S_START ; state.S_ARM ; state.S_CLEAR ; state.S_DONE ; state.S_FINALIZE ; state.S_NEXT_ROUND ; state.S_COMPARE ; state.S_FREEZE_WAIT ; state.S_SAMPLE ; state.S_IDLE ;
+---------------------+---------------+-------------+---------------+--------------+------------------+--------------------+-----------------+---------------------+----------------+--------------+
; state.S_IDLE        ; 0             ; 0           ; 0             ; 0            ; 0                ; 0                  ; 0               ; 0                   ; 0              ; 0            ;
; state.S_SAMPLE      ; 0             ; 0           ; 0             ; 0            ; 0                ; 0                  ; 0               ; 0                   ; 1              ; 1            ;
; state.S_FREEZE_WAIT ; 0             ; 0           ; 0             ; 0            ; 0                ; 0                  ; 0               ; 1                   ; 0              ; 1            ;
; state.S_COMPARE     ; 0             ; 0           ; 0             ; 0            ; 0                ; 0                  ; 1               ; 0                   ; 0              ; 1            ;
; state.S_NEXT_ROUND  ; 0             ; 0           ; 0             ; 0            ; 0                ; 1                  ; 0               ; 0                   ; 0              ; 1            ;
; state.S_FINALIZE    ; 0             ; 0           ; 0             ; 0            ; 1                ; 0                  ; 0               ; 0                   ; 0              ; 1            ;
; state.S_DONE        ; 0             ; 0           ; 0             ; 1            ; 0                ; 0                  ; 0               ; 0                   ; 0              ; 1            ;
; state.S_CLEAR       ; 0             ; 0           ; 1             ; 0            ; 0                ; 0                  ; 0               ; 0                   ; 0              ; 1            ;
; state.S_ARM         ; 0             ; 1           ; 0             ; 0            ; 0                ; 0                  ; 0               ; 0                   ; 0              ; 1            ;
; state.S_START       ; 1             ; 0           ; 0             ; 0            ; 0                ; 0                  ; 0               ; 0                   ; 0              ; 1            ;
+---------------------+---------------+-------------+---------------+--------------+------------------+--------------------+-----------------+---------------------+----------------+--------------+


+--------------------------------------------------------------+
; Logic Cells Representing Combinational Loops                 ;
+--------------------------------------------------------+-----+
; Logic Cell Name                                        ;     ;
+--------------------------------------------------------+-----+
; ro_puf:u_ro_puf|n0~256                                 ;     ;
; ro_puf:u_ro_puf|n0~257                                 ;     ;
; ro_puf:u_ro_puf|n0~258                                 ;     ;
; ro_puf:u_ro_puf|n0~259                                 ;     ;
; ro_puf:u_ro_puf|n0~260                                 ;     ;
; ro_puf:u_ro_puf|n0~261                                 ;     ;
; ro_puf:u_ro_puf|n0~262                                 ;     ;
; ro_puf:u_ro_puf|n0~263                                 ;     ;
; ro_puf:u_ro_puf|n0~264                                 ;     ;
; ro_puf:u_ro_puf|n0~265                                 ;     ;
; ro_puf:u_ro_puf|n0~266                                 ;     ;
; ro_puf:u_ro_puf|n0~267                                 ;     ;
; ro_puf:u_ro_puf|n0~268                                 ;     ;
; ro_puf:u_ro_puf|n0~269                                 ;     ;
; ro_puf:u_ro_puf|n0~270                                 ;     ;
; ro_puf:u_ro_puf|n0~271                                 ;     ;
; ro_puf:u_ro_puf|n0~272                                 ;     ;
; ro_puf:u_ro_puf|n0~273                                 ;     ;
; ro_puf:u_ro_puf|n0~274                                 ;     ;
; ro_puf:u_ro_puf|n0~275                                 ;     ;
; ro_puf:u_ro_puf|n0~276                                 ;     ;
; ro_puf:u_ro_puf|n0~277                                 ;     ;
; ro_puf:u_ro_puf|n0~278                                 ;     ;
; ro_puf:u_ro_puf|n0~279                                 ;     ;
; ro_puf:u_ro_puf|n0~280                                 ;     ;
; ro_puf:u_ro_puf|n0~281                                 ;     ;
; ro_puf:u_ro_puf|n0~282                                 ;     ;
; ro_puf:u_ro_puf|n0~283                                 ;     ;
; ro_puf:u_ro_puf|n0~284                                 ;     ;
; ro_puf:u_ro_puf|n0~285                                 ;     ;
; ro_puf:u_ro_puf|n0~286                                 ;     ;
; ro_puf:u_ro_puf|n0~287                                 ;     ;
; ro_puf:u_ro_puf|n0~288                                 ;     ;
; ro_puf:u_ro_puf|n0~289                                 ;     ;
; ro_puf:u_ro_puf|n0~290                                 ;     ;
; ro_puf:u_ro_puf|n0~291                                 ;     ;
; ro_puf:u_ro_puf|n0~292                                 ;     ;
; ro_puf:u_ro_puf|n0~293                                 ;     ;
; ro_puf:u_ro_puf|n0~294                                 ;     ;
; ro_puf:u_ro_puf|n0~295                                 ;     ;
; ro_puf:u_ro_puf|n0~296                                 ;     ;
; ro_puf:u_ro_puf|n0~297                                 ;     ;
; ro_puf:u_ro_puf|n0~298                                 ;     ;
; ro_puf:u_ro_puf|n0~299                                 ;     ;
; ro_puf:u_ro_puf|n0~300                                 ;     ;
; ro_puf:u_ro_puf|n0~301                                 ;     ;
; ro_puf:u_ro_puf|n0~302                                 ;     ;
; ro_puf:u_ro_puf|n0~303                                 ;     ;
; ro_puf:u_ro_puf|n0~304                                 ;     ;
; ro_puf:u_ro_puf|n0~305                                 ;     ;
; ro_puf:u_ro_puf|n0~306                                 ;     ;
; ro_puf:u_ro_puf|n0~307                                 ;     ;
; ro_puf:u_ro_puf|n0~308                                 ;     ;
; ro_puf:u_ro_puf|n0~309                                 ;     ;
; ro_puf:u_ro_puf|n0~310                                 ;     ;
; ro_puf:u_ro_puf|n0~311                                 ;     ;
; ro_puf:u_ro_puf|n0~312                                 ;     ;
; ro_puf:u_ro_puf|n0~313                                 ;     ;
; ro_puf:u_ro_puf|n0~314                                 ;     ;
; ro_puf:u_ro_puf|n0~315                                 ;     ;
; ro_puf:u_ro_puf|n0~316                                 ;     ;
; ro_puf:u_ro_puf|n0~317                                 ;     ;
; ro_puf:u_ro_puf|n0~318                                 ;     ;
; ro_puf:u_ro_puf|n0~319                                 ;     ;
; ro_puf:u_ro_puf|n0~320                                 ;     ;
; ro_puf:u_ro_puf|n0~321                                 ;     ;
; ro_puf:u_ro_puf|n0~322                                 ;     ;
; ro_puf:u_ro_puf|n0~323                                 ;     ;
; ro_puf:u_ro_puf|n0~324                                 ;     ;
; ro_puf:u_ro_puf|n0~325                                 ;     ;
; ro_puf:u_ro_puf|n0~326                                 ;     ;
; ro_puf:u_ro_puf|n0~327                                 ;     ;
; ro_puf:u_ro_puf|n0~328                                 ;     ;
; ro_puf:u_ro_puf|n0~329                                 ;     ;
; ro_puf:u_ro_puf|n0~330                                 ;     ;
; ro_puf:u_ro_puf|n0~331                                 ;     ;
; ro_puf:u_ro_puf|n0~332                                 ;     ;
; ro_puf:u_ro_puf|n0~333                                 ;     ;
; ro_puf:u_ro_puf|n0~334                                 ;     ;
; ro_puf:u_ro_puf|n0~335                                 ;     ;
; ro_puf:u_ro_puf|n0~336                                 ;     ;
; ro_puf:u_ro_puf|n0~337                                 ;     ;
; ro_puf:u_ro_puf|n0~338                                 ;     ;
; ro_puf:u_ro_puf|n0~339                                 ;     ;
; ro_puf:u_ro_puf|n0~340                                 ;     ;
; ro_puf:u_ro_puf|n0~341                                 ;     ;
; ro_puf:u_ro_puf|n0~342                                 ;     ;
; ro_puf:u_ro_puf|n0~343                                 ;     ;
; ro_puf:u_ro_puf|n0~344                                 ;     ;
; ro_puf:u_ro_puf|n0~345                                 ;     ;
; ro_puf:u_ro_puf|n0~346                                 ;     ;
; ro_puf:u_ro_puf|n0~347                                 ;     ;
; ro_puf:u_ro_puf|n0~348                                 ;     ;
; ro_puf:u_ro_puf|n0~349                                 ;     ;
; ro_puf:u_ro_puf|n0~350                                 ;     ;
; ro_puf:u_ro_puf|n0~351                                 ;     ;
; ro_puf:u_ro_puf|n0~352                                 ;     ;
; ro_puf:u_ro_puf|n0~353                                 ;     ;
; ro_puf:u_ro_puf|n0~354                                 ;     ;
; ro_puf:u_ro_puf|n0~355                                 ;     ;
; Number of logic cells representing combinational loops ; 256 ;
+--------------------------------------------------------+-----+
Table restricted to first 100 entries. Note: All cells listed above may not be present at the end of synthesis due to various synthesis optimizations.


+---------------------------------------------------------------------------------------------------------------------------------------------------------------------------------------------------------------------------------------------------------------------------------------------------------------------------------------------------------------------------------------------+
; Registers Removed During Synthesis                                                                                                                                                                                                                                                                                                                                                          ;
+----------------------------------------------------------------------------------------------------------------------------------------------------------------------------------------+----------------------------------------------------------------------------------------------------------------------------------------------------------------------------------------------------+
; Register name                                                                                                                                                                          ; Reason for Removal                                                                                                                                                                                 ;
+----------------------------------------------------------------------------------------------------------------------------------------------------------------------------------------+----------------------------------------------------------------------------------------------------------------------------------------------------------------------------------------------------+
; auth_fsm:u_auth_fsm|tx_header[0..3,5..7,11..15,17..23,25,27,28,30]                                                                                                                     ; Stuck at GND due to stuck port data_in                                                                                                                                                             ;
; auth_fsm:u_auth_fsm|payload_len[0..3]                                                                                                                                                  ; Stuck at GND due to stuck port data_in                                                                                                                                                             ;
; auth_fsm:u_auth_fsm|hdr_idx[2]                                                                                                                                                         ; Stuck at GND due to stuck port data_in                                                                                                                                                             ;
; auth_fsm:u_auth_fsm|state~10                                                                                                                                                           ; Lost fanout                                                                                                                                                                                        ;
; auth_fsm:u_auth_fsm|state~11                                                                                                                                                           ; Lost fanout                                                                                                                                                                                        ;
; auth_fsm:u_auth_fsm|state~12                                                                                                                                                           ; Lost fanout                                                                                                                                                                                        ;
; auth_fsm:u_auth_fsm|state~13                                                                                                                                                           ; Lost fanout                                                                                                                                                                                        ;
; cmd_parser:u_cmd_parser|state~11                                                                                                                                                       ; Lost fanout                                                                                                                                                                                        ;
; cmd_parser:u_cmd_parser|state~12                                                                                                                                                       ; Lost fanout                                                                                                                                                                                        ;
; cmd_parser:u_cmd_parser|state~13                                                                                                                                                       ; Lost fanout                                                                                                                                                                                        ;
; cmd_parser:u_cmd_parser|state~14                                                                                                                                                       ; Lost fanout                                                                                                                                                                                        ;
; kdf_state~8                                                                                                                                                                            ; Lost fanout                                                                                                                                                                                        ;
; kdf_state~9                                                                                                                                                                            ; Lost fanout                                                                                                                                                                                        ;
; uart_tx:u_uart_tx|state~8                                                                                                                                                              ; Lost fanout                                                                                                                                                                                        ;
; uart_tx:u_uart_tx|state~9                                                                                                                                                              ; Lost fanout                                                                                                                                                                                        ;
; uart_rx:u_uart_rx|state~8                                                                                                                                                              ; Lost fanout                                                                                                                                                                                        ;
; uart_rx:u_uart_rx|state~9                                                                                                                                                              ; Lost fanout                                                                                                                                                                                        ;
; ro_puf:u_ro_puf|state~14                                                                                                                                                               ; Lost fanout                                                                                                                                                                                        ;
; ro_puf:u_ro_puf|state~15                                                                                                                                                               ; Lost fanout                                                                                                                                                                                        ;
; ro_puf:u_ro_puf|state~16                                                                                                                                                               ; Lost fanout                                                                                                                                                                                        ;
; ro_puf:u_ro_puf|state~17                                                                                                                                                               ; Lost fanout                                                                                                                                                                                        ;
; kdf_state.KDF_ST_DONE                                                                                                                                                                  ; Lost fanout                                                                                                                                                                                        ;
; Total Number of Removed Registers = 47                                                                                                                                                 ;                                                                                                                                                                                                    ;
; sld_signaltap:auto_signaltap_0|sld_signaltap_impl:sld_signaltap_body|sld_signaltap_implb:sld_signaltap_body|segment_shift_clk_ena                                                      ; Merged with sld_signaltap:auto_signaltap_0|sld_signaltap_impl:sld_signaltap_body|sld_signaltap_implb:sld_signaltap_body|buffer_write_enable_delayed                                                ;
; sld_signaltap:auto_signaltap_0|sld_signaltap_impl:sld_signaltap_body|sld_signaltap_implb:sld_signaltap_body|sld_buffer_manager:sld_buffer_manager_inst|\buffer_manager:offset_count[0] ; Merged with sld_signaltap:auto_signaltap_0|sld_signaltap_impl:sld_signaltap_body|sld_signaltap_implb:sld_signaltap_body|sld_buffer_manager:sld_buffer_manager_inst|\buffer_manager:next_address[0] ;
; sld_signaltap:auto_signaltap_0|sld_signaltap_impl:sld_signaltap_body|sld_signaltap_implb:sld_signaltap_body|sld_buffer_manager:sld_buffer_manager_inst|\buffer_manager:offset_count[1] ; Merged with sld_signaltap:auto_signaltap_0|sld_signaltap_impl:sld_signaltap_body|sld_signaltap_implb:sld_signaltap_body|sld_buffer_manager:sld_buffer_manager_inst|\buffer_manager:next_address[1] ;
; sld_signaltap:auto_signaltap_0|sld_signaltap_impl:sld_signaltap_body|sld_signaltap_implb:sld_signaltap_body|sld_buffer_manager:sld_buffer_manager_inst|\buffer_manager:offset_count[2] ; Merged with sld_signaltap:auto_signaltap_0|sld_signaltap_impl:sld_signaltap_body|sld_signaltap_implb:sld_signaltap_body|sld_buffer_manager:sld_buffer_manager_inst|\buffer_manager:next_address[2] ;
; sld_signaltap:auto_signaltap_0|sld_signaltap_impl:sld_signaltap_body|sld_signaltap_implb:sld_signaltap_body|sld_buffer_manager:sld_buffer_manager_inst|\buffer_manager:offset_count[3] ; Merged with sld_signaltap:auto_signaltap_0|sld_signaltap_impl:sld_signaltap_body|sld_signaltap_implb:sld_signaltap_body|sld_buffer_manager:sld_buffer_manager_inst|\buffer_manager:next_address[3] ;
; sld_signaltap:auto_signaltap_0|sld_signaltap_impl:sld_signaltap_body|sld_signaltap_implb:sld_signaltap_body|sld_buffer_manager:sld_buffer_manager_inst|\buffer_manager:offset_count[4] ; Merged with sld_signaltap:auto_signaltap_0|sld_signaltap_impl:sld_signaltap_body|sld_signaltap_implb:sld_signaltap_body|sld_buffer_manager:sld_buffer_manager_inst|\buffer_manager:next_address[4] ;
; sld_signaltap:auto_signaltap_0|sld_signaltap_impl:sld_signaltap_body|sld_signaltap_implb:sld_signaltap_body|sld_buffer_manager:sld_buffer_manager_inst|\buffer_manager:offset_count[5] ; Merged with sld_signaltap:auto_signaltap_0|sld_signaltap_impl:sld_signaltap_body|sld_signaltap_implb:sld_signaltap_body|sld_buffer_manager:sld_buffer_manager_inst|\buffer_manager:next_address[5] ;
; sld_signaltap:auto_signaltap_0|sld_signaltap_impl:sld_signaltap_body|sld_signaltap_implb:sld_signaltap_body|sld_buffer_manager:sld_buffer_manager_inst|\buffer_manager:offset_count[6] ; Merged with sld_signaltap:auto_signaltap_0|sld_signaltap_impl:sld_signaltap_body|sld_signaltap_implb:sld_signaltap_body|sld_buffer_manager:sld_buffer_manager_inst|\buffer_manager:next_address[6] ;
; sld_signaltap:auto_signaltap_0|sld_signaltap_impl:sld_signaltap_body|sld_signaltap_implb:sld_signaltap_body|current_offset_delayed[0]                                                  ; Merged with sld_signaltap:auto_signaltap_0|sld_signaltap_impl:sld_signaltap_body|sld_signaltap_implb:sld_signaltap_body|buffer_write_address_delayed[0]                                            ;
; sld_signaltap:auto_signaltap_0|sld_signaltap_impl:sld_signaltap_body|sld_signaltap_implb:sld_signaltap_body|current_offset_delayed[1]                                                  ; Merged with sld_signaltap:auto_signaltap_0|sld_signaltap_impl:sld_signaltap_body|sld_signaltap_implb:sld_signaltap_body|buffer_write_address_delayed[1]                                            ;
; sld_signaltap:auto_signaltap_0|sld_signaltap_impl:sld_signaltap_body|sld_signaltap_implb:sld_signaltap_body|current_offset_delayed[2]                                                  ; Merged with sld_signaltap:auto_signaltap_0|sld_signaltap_impl:sld_signaltap_body|sld_signaltap_implb:sld_signaltap_body|buffer_write_address_delayed[2]                                            ;
; sld_signaltap:auto_signaltap_0|sld_signaltap_impl:sld_signaltap_body|sld_signaltap_implb:sld_signaltap_body|current_offset_delayed[3]                                                  ; Merged with sld_signaltap:auto_signaltap_0|sld_signaltap_impl:sld_signaltap_body|sld_signaltap_implb:sld_signaltap_body|buffer_write_address_delayed[3]                                            ;
; sld_signaltap:auto_signaltap_0|sld_signaltap_impl:sld_signaltap_body|sld_signaltap_implb:sld_signaltap_body|current_offset_delayed[4]                                                  ; Merged with sld_signaltap:auto_signaltap_0|sld_signaltap_impl:sld_signaltap_body|sld_signaltap_implb:sld_signaltap_body|buffer_write_address_delayed[4]                                            ;
; sld_signaltap:auto_signaltap_0|sld_signaltap_impl:sld_signaltap_body|sld_signaltap_implb:sld_signaltap_body|current_offset_delayed[5]                                                  ; Merged with sld_signaltap:auto_signaltap_0|sld_signaltap_impl:sld_signaltap_body|sld_signaltap_implb:sld_signaltap_body|buffer_write_address_delayed[5]                                            ;
; sld_signaltap:auto_signaltap_0|sld_signaltap_impl:sld_signaltap_body|sld_signaltap_implb:sld_signaltap_body|current_offset_delayed[6]                                                  ; Merged with sld_signaltap:auto_signaltap_0|sld_signaltap_impl:sld_signaltap_body|sld_signaltap_implb:sld_signaltap_body|buffer_write_address_delayed[6]                                            ;
; sld_signaltap:auto_signaltap_0|sld_signaltap_impl:sld_signaltap_body|sld_signaltap_implb:sld_signaltap_body|serial_crc_16:\tdo_crc_gen:tdo_crc_calc|lfsr[13..15]                       ; Stuck at GND due to stuck port data_in                                                                                                                                                             ;
; Total Number of Removed Registers = 18                                                                                                                                                 ;                                                                                                                                                                                                    ;
+----------------------------------------------------------------------------------------------------------------------------------------------------------------------------------------+----------------------------------------------------------------------------------------------------------------------------------------------------------------------------------------------------+


+----------------------------------------------------------------------------------------------------------------------------------------------------------------------------------------------------------------------------------------------------------------------------------------------------------------------------------------------------------+
; Removed Registers Triggering Further Register Optimizations                                                                                                                                                                                                                                                                                              ;
+--------------------------------------------------------------------------------------------------------------------------------------------------------------+---------------------------+---------------------------------------------------------------------------------------------------------------------------------------------------------------+
; Register name                                                                                                                                                ; Reason for Removal        ; Registers Removed due to This Register                                                                                                                        ;
+--------------------------------------------------------------------------------------------------------------------------------------------------------------+---------------------------+---------------------------------------------------------------------------------------------------------------------------------------------------------------+
; kdf_state~8                                                                                                                                                  ; Lost Fanouts              ; kdf_state.KDF_ST_DONE                                                                                                                                         ;
; sld_signaltap:auto_signaltap_0|sld_signaltap_impl:sld_signaltap_body|sld_signaltap_implb:sld_signaltap_body|serial_crc_16:\tdo_crc_gen:tdo_crc_calc|lfsr[15] ; Stuck at GND              ; sld_signaltap:auto_signaltap_0|sld_signaltap_impl:sld_signaltap_body|sld_signaltap_implb:sld_signaltap_body|serial_crc_16:\tdo_crc_gen:tdo_crc_calc|lfsr[14], ;
;                                                                                                                                                              ; due to stuck port data_in ; sld_signaltap:auto_signaltap_0|sld_signaltap_impl:sld_signaltap_body|sld_signaltap_implb:sld_signaltap_body|serial_crc_16:\tdo_crc_gen:tdo_crc_calc|lfsr[13]  ;
+--------------------------------------------------------------------------------------------------------------------------------------------------------------+---------------------------+---------------------------------------------------------------------------------------------------------------------------------------------------------------+


+------------------------------------------------------+
; General Register Statistics                          ;
+----------------------------------------------+-------+
; Statistic                                    ; Value ;
+----------------------------------------------+-------+
; Total registers                              ; 13880 ;
; Number of registers using Synchronous Clear  ; 436   ;
; Number of registers using Synchronous Load   ; 681   ;
; Number of registers using Asynchronous Clear ; 10530 ;
; Number of registers using Asynchronous Load  ; 0     ;
; Number of registers using Clock Enable       ; 4734  ;
; Number of registers using Preset             ; 0     ;
+----------------------------------------------+-------+


+-------------------------------------------------------------------------------------------------------------------------------------------------------------------------------------------------------------------------------------------------------------------------------------------------------------------------------------------+
; Inverted Register Statistics                                                                                                                                                                                                                                                                                                              ;
+---------------------------------------------------------------------------------------------------------------------------------------------------------------------------------------------------------------------------------------------------------------------------------------------------------------------------------+---------+
; Inverted Register                                                                                                                                                                                                                                                                                                               ; Fan out ;
+---------------------------------------------------------------------------------------------------------------------------------------------------------------------------------------------------------------------------------------------------------------------------------------------------------------------------------+---------+
; cmd_parser:u_cmd_parser|crc_reg[12]                                                                                                                                                                                                                                                                                             ; 11      ;
; cmd_parser:u_cmd_parser|crc_reg[13]                                                                                                                                                                                                                                                                                             ; 9       ;
; cmd_parser:u_cmd_parser|crc_reg[14]                                                                                                                                                                                                                                                                                             ; 9       ;
; cmd_parser:u_cmd_parser|crc_reg[6]                                                                                                                                                                                                                                                                                              ; 4       ;
; cmd_parser:u_cmd_parser|crc_reg[7]                                                                                                                                                                                                                                                                                              ; 4       ;
; auth_fsm:u_auth_fsm|led_state[0]                                                                                                                                                                                                                                                                                                ; 2       ;
; uart_rx:u_uart_rx|rx_d2                                                                                                                                                                                                                                                                                                         ; 14      ;
; clr_ovf_d2                                                                                                                                                                                                                                                                                                                      ; 1       ;
; cmd_parser:u_cmd_parser|crc_reg[15]                                                                                                                                                                                                                                                                                             ; 4       ;
; cmd_parser:u_cmd_parser|crc_reg[9]                                                                                                                                                                                                                                                                                              ; 6       ;
; cmd_parser:u_cmd_parser|crc_reg[10]                                                                                                                                                                                                                                                                                             ; 6       ;
; cmd_parser:u_cmd_parser|crc_reg[11]                                                                                                                                                                                                                                                                                             ; 4       ;
; cmd_parser:u_cmd_parser|crc_reg[8]                                                                                                                                                                                                                                                                                              ; 5       ;
; cmd_parser:u_cmd_parser|crc_reg[2]                                                                                                                                                                                                                                                                                              ; 4       ;
; cmd_parser:u_cmd_parser|crc_reg[0]                                                                                                                                                                                                                                                                                              ; 3       ;
; cmd_parser:u_cmd_parser|crc_reg[1]                                                                                                                                                                                                                                                                                              ; 4       ;
; cmd_parser:u_cmd_parser|crc_reg[5]                                                                                                                                                                                                                                                                                              ; 5       ;
; cmd_parser:u_cmd_parser|crc_reg[3]                                                                                                                                                                                                                                                                                              ; 4       ;
; cmd_parser:u_cmd_parser|crc_reg[4]                                                                                                                                                                                                                                                                                              ; 3       ;
; uart_rx:u_uart_rx|rx_d1                                                                                                                                                                                                                                                                                                         ; 1       ;
; clr_ovf_d1                                                                                                                                                                                                                                                                                                                      ; 1       ;
; uart_tx:u_uart_tx|tx                                                                                                                                                                                                                                                                                                            ; 1       ;
; sld_hub:auto_hub|alt_sld_fab_with_jtag_input:\instrumentation_fabric_with_node_gen:fabric_gen_new_way:with_jtag_input_gen:instrumentation_fabric|alt_sld_fab:instrumentation_fabric|alt_sld_fab_alt_sld_fab:alt_sld_fab|alt_sld_fab_alt_sld_fab_sldfabric:sldfabric|sld_jtag_hub:\jtag_hub_gen:real_sld_jtag_hub|jtag_ir_reg[1] ; 3       ;
; sld_hub:auto_hub|alt_sld_fab_with_jtag_input:\instrumentation_fabric_with_node_gen:fabric_gen_new_way:with_jtag_input_gen:instrumentation_fabric|alt_sld_fab:instrumentation_fabric|alt_sld_fab_alt_sld_fab:alt_sld_fab|alt_sld_fab_alt_sld_fab_sldfabric:sldfabric|sld_jtag_hub:\jtag_hub_gen:real_sld_jtag_hub|jtag_ir_reg[2] ; 3       ;
; sld_signaltap:auto_signaltap_0|sld_signaltap_impl:sld_signaltap_body|sld_signaltap_implb:sld_signaltap_body|sld_buffer_manager:sld_buffer_manager_inst|modified_post_count[6]                                                                                                                                                   ; 1       ;
; sld_signaltap:auto_signaltap_0|sld_signaltap_impl:sld_signaltap_body|sld_signaltap_implb:sld_signaltap_body|sld_buffer_manager:sld_buffer_manager_inst|modified_post_count[7]                                                                                                                                                   ; 1       ;
; sld_signaltap:auto_signaltap_0|sld_signaltap_impl:sld_signaltap_body|sld_signaltap_implb:sld_signaltap_body|sld_buffer_manager:sld_buffer_manager_inst|modified_post_count[0]                                                                                                                                                   ; 1       ;
; sld_signaltap:auto_signaltap_0|sld_signaltap_impl:sld_signaltap_body|sld_signaltap_implb:sld_signaltap_body|sld_buffer_manager:sld_buffer_manager_inst|modified_post_count[1]                                                                                                                                                   ; 1       ;
; sld_signaltap:auto_signaltap_0|sld_signaltap_impl:sld_signaltap_body|sld_signaltap_implb:sld_signaltap_body|sld_buffer_manager:sld_buffer_manager_inst|modified_post_count[2]                                                                                                                                                   ; 1       ;
; sld_signaltap:auto_signaltap_0|sld_signaltap_impl:sld_signaltap_body|sld_signaltap_implb:sld_signaltap_body|sld_buffer_manager:sld_buffer_manager_inst|modified_post_count[3]                                                                                                                                                   ; 1       ;
; sld_signaltap:auto_signaltap_0|sld_signaltap_impl:sld_signaltap_body|sld_signaltap_implb:sld_signaltap_body|sld_buffer_manager:sld_buffer_manager_inst|modified_post_count[4]                                                                                                                                                   ; 1       ;
; sld_signaltap:auto_signaltap_0|sld_signaltap_impl:sld_signaltap_body|sld_signaltap_implb:sld_signaltap_body|sld_buffer_manager:sld_buffer_manager_inst|modified_post_count[5]                                                                                                                                                   ; 1       ;
; Total number of inverted registers = 32                                                                                                                                                                                                                                                                                         ;         ;
+---------------------------------------------------------------------------------------------------------------------------------------------------------------------------------------------------------------------------------------------------------------------------------------------------------------------------------+---------+


+----------------------------------------------------------------------------------------------------------------------------------------------------------------------------------------------------------------------------------------------------------------------------------------------------------------------------------------------------------------------------------------------------------------------------------------------------------------------------------------+
; Multiplexer Restructuring Statistics (Restructuring Performed)                                                                                                                                                                                                                                                                                                                                                                                                                         ;
+--------------------+-----------+---------------+----------------------+------------------------+------------+--------------------------------------------------------------------------------------------------------------------------------------------------------------------------------------------------------------------------------------------------------------------------------------------------------------------------------------------------------------------------+
; Multiplexer Inputs ; Bus Width ; Baseline Area ; Area if Restructured ; Saving if Restructured ; Registered ; Example Multiplexer Output                                                                                                                                                                                                                                                                                                                                               ;
+--------------------+-----------+---------------+----------------------+------------------------+------------+--------------------------------------------------------------------------------------------------------------------------------------------------------------------------------------------------------------------------------------------------------------------------------------------------------------------------------------------------------------------------+
; 3:1                ; 4 bits    ; 8 LEs         ; 4 LEs                ; 4 LEs                  ; Yes        ; |secure_soc_top|auth_fsm:u_auth_fsm|fail_cnt[2]                                                                                                                                                                                                                                                                                                                          ;
; 6:1                ; 32 bits   ; 128 LEs       ; 32 LEs               ; 96 LEs                 ; Yes        ; |secure_soc_top|auth_fsm:u_auth_fsm|cooldown_cnt[15]                                                                                                                                                                                                                                                                                                                     ;
; 8:1                ; 34 bits   ; 170 LEs       ; 68 LEs               ; 102 LEs                ; Yes        ; |secure_soc_top|auth_fsm:u_auth_fsm|tx_header[5]                                                                                                                                                                                                                                                                                                                         ;
; 8:1                ; 2 bits    ; 10 LEs        ; 4 LEs                ; 6 LEs                  ; Yes        ; |secure_soc_top|auth_fsm:u_auth_fsm|tx_header[9]                                                                                                                                                                                                                                                                                                                         ;
; 8:1                ; 128 bits  ; 640 LEs       ; 128 LEs              ; 512 LEs                ; Yes        ; |secure_soc_top|auth_fsm:u_auth_fsm|tx_payload[121]                                                                                                                                                                                                                                                                                                                      ;
; 15:1               ; 120 bits  ; 1200 LEs      ; 0 LEs                ; 1200 LEs               ; Yes        ; |secure_soc_top|cmd_parser:u_cmd_parser|nonce_reg[18]                                                                                                                                                                                                                                                                                                                    ;
; 16:1               ; 8 bits    ; 80 LEs        ; 0 LEs                ; 80 LEs                 ; Yes        ; |secure_soc_top|cmd_parser:u_cmd_parser|cmd_reg[1]                                                                                                                                                                                                                                                                                                                       ;
; 16:1               ; 5 bits    ; 50 LEs        ; 15 LEs               ; 35 LEs                 ; Yes        ; |secure_soc_top|cmd_parser:u_cmd_parser|payload_count[1]                                                                                                                                                                                                                                                                                                                 ;
; 17:1               ; 8 bits    ; 88 LEs        ; 0 LEs                ; 88 LEs                 ; Yes        ; |secure_soc_top|cmd_parser:u_cmd_parser|crc_hi_reg[4]                                                                                                                                                                                                                                                                                                                    ;
; 17:1               ; 5 bits    ; 55 LEs        ; 20 LEs               ; 35 LEs                 ; Yes        ; |secure_soc_top|cmd_parser:u_cmd_parser|crc_reg[1]                                                                                                                                                                                                                                                                                                                       ;
; 14:1               ; 2 bits    ; 18 LEs        ; 8 LEs                ; 10 LEs                 ; Yes        ; |secure_soc_top|cmd_parser:u_cmd_parser|crc_reg[8]                                                                                                                                                                                                                                                                                                                       ;
; 13:1               ; 2 bits    ; 16 LEs        ; 8 LEs                ; 8 LEs                  ; No         ; |secure_soc_top|auth_fsm:u_auth_fsm|Selector180                                                                                                                                                                                                                                                                                                                          ;
; 15:1               ; 2 bits    ; 20 LEs        ; 10 LEs               ; 10 LEs                 ; No         ; |secure_soc_top|auth_fsm:u_auth_fsm|Selector179                                                                                                                                                                                                                                                                                                                          ;
; 3:1                ; 256 bits  ; 512 LEs       ; 256 LEs              ; 256 LEs                ; Yes        ; |secure_soc_top|aes128:u_aes128|state[102]                                                                                                                                                                                                                                                                                                                               ;
; 3:1                ; 3 bits    ; 6 LEs         ; 3 LEs                ; 3 LEs                  ; Yes        ; |secure_soc_top|aes128:u_aes128|round_num[3]                                                                                                                                                                                                                                                                                                                             ;
; 4:1                ; 20 bits   ; 40 LEs        ; 0 LEs                ; 40 LEs                 ; Yes        ; |secure_soc_top|cmd_parser:u_cmd_parser|timeout_cnt[19]                                                                                                                                                                                                                                                                                                                  ;
; 6:1                ; 13 bits   ; 52 LEs        ; 0 LEs                ; 52 LEs                 ; Yes        ; |secure_soc_top|uart_rx:u_uart_rx|clk_cnt[4]                                                                                                                                                                                                                                                                                                                             ;
; 23:1               ; 8 bits    ; 120 LEs       ; 104 LEs              ; 16 LEs                 ; Yes        ; |secure_soc_top|auth_fsm:u_auth_fsm|tx_byte[7]                                                                                                                                                                                                                                                                                                                           ;
; 3:1                ; 3 bits    ; 6 LEs         ; 6 LEs                ; 0 LEs                  ; No         ; |secure_soc_top|uart_tx:u_uart_tx|bit_idx                                                                                                                                                                                                                                                                                                                                ;
; 3:1                ; 3 bits    ; 6 LEs         ; 6 LEs                ; 0 LEs                  ; No         ; |secure_soc_top|uart_rx:u_uart_rx|bit_idx                                                                                                                                                                                                                                                                                                                                ;
; 6:1                ; 4 bits    ; 16 LEs        ; 8 LEs                ; 8 LEs                  ; No         ; |secure_soc_top|Selector5                                                                                                                                                                                                                                                                                                                                                ;
; 6:1                ; 2 bits    ; 8 LEs         ; 4 LEs                ; 4 LEs                  ; No         ; |secure_soc_top|uart_tx:u_uart_tx|Selector21                                                                                                                                                                                                                                                                                                                             ;
; 8:1                ; 2 bits    ; 10 LEs        ; 6 LEs                ; 4 LEs                  ; No         ; |secure_soc_top|uart_tx:u_uart_tx|Selector20                                                                                                                                                                                                                                                                                                                             ;
; 8:1                ; 2 bits    ; 10 LEs        ; 6 LEs                ; 4 LEs                  ; No         ; |secure_soc_top|uart_rx:u_uart_rx|Selector17                                                                                                                                                                                                                                                                                                                             ;
; 8:1                ; 2 bits    ; 10 LEs        ; 6 LEs                ; 4 LEs                  ; No         ; |secure_soc_top|uart_rx:u_uart_rx|Selector18                                                                                                                                                                                                                                                                                                                             ;
; 6:1                ; 2 bits    ; 8 LEs         ; 4 LEs                ; 4 LEs                  ; Yes        ; |secure_soc_top|ro_puf:u_ro_puf|clear_cnt[1]                                                                                                                                                                                                                                                                                                                             ;
; 6:1                ; 16 bits   ; 64 LEs        ; 0 LEs                ; 64 LEs                 ; Yes        ; |secure_soc_top|ro_puf:u_ro_puf|window_cnt[11]                                                                                                                                                                                                                                                                                                                           ;
; 8:1                ; 2 bits    ; 10 LEs        ; 4 LEs                ; 6 LEs                  ; Yes        ; |secure_soc_top|ro_puf:u_ro_puf|freeze_cnt[1]                                                                                                                                                                                                                                                                                                                            ;
; 8:1                ; 4 bits    ; 20 LEs        ; 12 LEs               ; 8 LEs                  ; No         ; |secure_soc_top|ro_puf:u_ro_puf|Selector412                                                                                                                                                                                                                                                                                                                              ;
; 3:1                ; 13 bits   ; 26 LEs        ; 0 LEs                ; 26 LEs                 ; Yes        ; |secure_soc_top|sld_signaltap:auto_signaltap_0|sld_signaltap_impl:sld_signaltap_body|sld_signaltap_implb:sld_signaltap_body|tdo_crc_val_shift_reg[12]                                                                                                                                                                                                                    ;
; 3:1                ; 3 bits    ; 6 LEs         ; 3 LEs                ; 3 LEs                  ; Yes        ; |secure_soc_top|sld_signaltap:auto_signaltap_0|sld_signaltap_impl:sld_signaltap_body|sld_signaltap_implb:sld_signaltap_body|tdo_crc_val_shift_reg[15]                                                                                                                                                                                                                    ;
; 3:1                ; 13 bits   ; 26 LEs        ; 0 LEs                ; 26 LEs                 ; Yes        ; |secure_soc_top|sld_signaltap:auto_signaltap_0|sld_signaltap_impl:sld_signaltap_body|sld_signaltap_implb:sld_signaltap_body|serial_crc_16:\tdo_crc_gen:tdo_crc_calc|lfsr[2]                                                                                                                                                                                              ;
; 4:1                ; 32 bits   ; 64 LEs        ; 0 LEs                ; 64 LEs                 ; Yes        ; |secure_soc_top|sld_signaltap:auto_signaltap_0|sld_signaltap_impl:sld_signaltap_body|sld_signaltap_implb:sld_signaltap_body|tdo_crc_len_reg[0]                                                                                                                                                                                                                           ;
; 4:1                ; 4 bits    ; 8 LEs         ; 8 LEs                ; 0 LEs                  ; Yes        ; |secure_soc_top|sld_signaltap:auto_signaltap_0|sld_signaltap_impl:sld_signaltap_body|sld_signaltap_implb:sld_signaltap_body|sld_rom_sr:crc_rom_sr|word_counter[0]                                                                                                                                                                                                        ;
; 4:1                ; 8 bits    ; 16 LEs        ; 8 LEs                ; 8 LEs                  ; Yes        ; |secure_soc_top|sld_signaltap:auto_signaltap_0|sld_signaltap_impl:sld_signaltap_body|sld_signaltap_implb:sld_signaltap_body|sld_buffer_manager:sld_buffer_manager_inst|counter[2]                                                                                                                                                                                        ;
; 12:1               ; 4 bits    ; 32 LEs        ; 28 LEs               ; 4 LEs                  ; Yes        ; |secure_soc_top|sld_signaltap:auto_signaltap_0|sld_signaltap_impl:sld_signaltap_body|sld_signaltap_implb:sld_signaltap_body|sld_rom_sr:crc_rom_sr|WORD_SR[1]                                                                                                                                                                                                             ;
; 3:1                ; 7 bits    ; 14 LEs        ; 14 LEs               ; 0 LEs                  ; No         ; |secure_soc_top|sld_signaltap:auto_signaltap_0|sld_signaltap_impl:sld_signaltap_body|sld_signaltap_implb:sld_signaltap_body|sld_buffer_manager:sld_buffer_manager_inst|offset_count                                                                                                                                                                                      ;
; 3:1                ; 9 bits    ; 18 LEs        ; 0 LEs                ; 18 LEs                 ; Yes        ; |secure_soc_top|sld_hub:auto_hub|alt_sld_fab_with_jtag_input:\instrumentation_fabric_with_node_gen:fabric_gen_new_way:with_jtag_input_gen:instrumentation_fabric|alt_sld_fab:instrumentation_fabric|alt_sld_fab_alt_sld_fab:alt_sld_fab|alt_sld_fab_alt_sld_fab_sldfabric:sldfabric|sld_jtag_hub:\jtag_hub_gen:real_sld_jtag_hub|irsr_reg[1]                             ;
; 3:1                ; 2 bits    ; 4 LEs         ; 2 LEs                ; 2 LEs                  ; Yes        ; |secure_soc_top|sld_hub:auto_hub|alt_sld_fab_with_jtag_input:\instrumentation_fabric_with_node_gen:fabric_gen_new_way:with_jtag_input_gen:instrumentation_fabric|alt_sld_fab:instrumentation_fabric|alt_sld_fab_alt_sld_fab:alt_sld_fab|alt_sld_fab_alt_sld_fab_sldfabric:sldfabric|sld_jtag_hub:\jtag_hub_gen:real_sld_jtag_hub|hub_minor_ver_reg[0]                    ;
; 3:1                ; 2 bits    ; 4 LEs         ; 2 LEs                ; 2 LEs                  ; Yes        ; |secure_soc_top|sld_hub:auto_hub|alt_sld_fab_with_jtag_input:\instrumentation_fabric_with_node_gen:fabric_gen_new_way:with_jtag_input_gen:instrumentation_fabric|alt_sld_fab:instrumentation_fabric|alt_sld_fab_alt_sld_fab:alt_sld_fab|alt_sld_fab_alt_sld_fab_sldfabric:sldfabric|sld_jtag_hub:\jtag_hub_gen:real_sld_jtag_hub|hub_minor_ver_reg[1]                    ;
; 4:1                ; 5 bits    ; 10 LEs        ; 10 LEs               ; 0 LEs                  ; Yes        ; |secure_soc_top|sld_hub:auto_hub|alt_sld_fab_with_jtag_input:\instrumentation_fabric_with_node_gen:fabric_gen_new_way:with_jtag_input_gen:instrumentation_fabric|alt_sld_fab:instrumentation_fabric|alt_sld_fab_alt_sld_fab:alt_sld_fab|alt_sld_fab_alt_sld_fab_sldfabric:sldfabric|sld_jtag_hub:\jtag_hub_gen:real_sld_jtag_hub|mixer_addr_reg_internal[2]              ;
; 4:1                ; 5 bits    ; 10 LEs        ; 10 LEs               ; 0 LEs                  ; Yes        ; |secure_soc_top|sld_hub:auto_hub|alt_sld_fab_with_jtag_input:\instrumentation_fabric_with_node_gen:fabric_gen_new_way:with_jtag_input_gen:instrumentation_fabric|alt_sld_fab:instrumentation_fabric|alt_sld_fab_alt_sld_fab:alt_sld_fab|alt_sld_fab_alt_sld_fab_sldfabric:sldfabric|sld_jtag_hub:\jtag_hub_gen:real_sld_jtag_hub|sld_rom_sr:hub_info_reg|word_counter[0] ;
; 34:1               ; 4 bits    ; 88 LEs        ; 64 LEs               ; 24 LEs                 ; Yes        ; |secure_soc_top|sld_hub:auto_hub|alt_sld_fab_with_jtag_input:\instrumentation_fabric_with_node_gen:fabric_gen_new_way:with_jtag_input_gen:instrumentation_fabric|alt_sld_fab:instrumentation_fabric|alt_sld_fab_alt_sld_fab:alt_sld_fab|alt_sld_fab_alt_sld_fab_sldfabric:sldfabric|sld_jtag_hub:\jtag_hub_gen:real_sld_jtag_hub|design_hash_reg[0]                      ;
; 20:1               ; 4 bits    ; 52 LEs        ; 32 LEs               ; 20 LEs                 ; Yes        ; |secure_soc_top|sld_hub:auto_hub|alt_sld_fab_with_jtag_input:\instrumentation_fabric_with_node_gen:fabric_gen_new_way:with_jtag_input_gen:instrumentation_fabric|alt_sld_fab:instrumentation_fabric|alt_sld_fab_alt_sld_fab:alt_sld_fab|alt_sld_fab_alt_sld_fab_sldfabric:sldfabric|sld_jtag_hub:\jtag_hub_gen:real_sld_jtag_hub|sld_rom_sr:hub_info_reg|WORD_SR[0]      ;
+--------------------+-----------+---------------+----------------------+------------------------+------------+--------------------------------------------------------------------------------------------------------------------------------------------------------------------------------------------------------------------------------------------------------------------------------------------------------------------------------------------------------------------------+


+----------------------------------------------------------+
; Source assignments for Top-level Entity: |secure_soc_top ;
+-----------------------------+--------+------+------------+
; Assignment                  ; Value  ; From ; To         ;
+-----------------------------+--------+------+------------+
; SYNCHRONIZER_IDENTIFICATION ; FORCED ; -    ; clr_ovf_d1 ;
; SYNCHRONIZER_IDENTIFICATION ; FORCED ; -    ; clr_ovf_d2 ;
+-----------------------------+--------+------+------------+


+-----------------------------------------------------+
; Source assignments for uart_rx:u_uart_rx            ;
+-----------------------------+--------+------+-------+
; Assignment                  ; Value  ; From ; To    ;
+-----------------------------+--------+------+-------+
; SYNCHRONIZER_IDENTIFICATION ; FORCED ; -    ; rx_d1 ;
; SYNCHRONIZER_IDENTIFICATION ; FORCED ; -    ; rx_d2 ;
+-----------------------------+--------+------+-------+


+-------------------------------------------------------+
; Source assignments for sld_signaltap:auto_signaltap_0 ;
+-----------------+-------+------+----------------------+
; Assignment      ; Value ; From ; To                   ;
+-----------------+-------+------+----------------------+
; MESSAGE_DISABLE ; 13410 ; -    ; -                    ;
+-----------------+-------+------+----------------------+


+--------------------------------------------------------------------------------+
; Parameter Settings for User Entity Instance: Top-level Entity: |secure_soc_top ;
+----------------+-------+-------------------------------------------------------+
; Parameter Name ; Value ; Type                                                  ;
+----------------+-------+-------------------------------------------------------+
; CLKS_PER_BIT   ; 434   ; Signed Integer                                        ;
+----------------+-------+-------------------------------------------------------+
Note: In order to hide this table in the UI and the text report file, please set the "Show Parameter Settings in Synthesis Report" option in "Analysis and Synthesis Settings -> More Settings" to "Off".


+----------------------------------------------------------------+
; Parameter Settings for User Entity Instance: uart_rx:u_uart_rx ;
+----------------+-------+---------------------------------------+
; Parameter Name ; Value ; Type                                  ;
+----------------+-------+---------------------------------------+
; CLKS_PER_BIT   ; 434   ; Signed Integer                        ;
+----------------+-------+---------------------------------------+
Note: In order to hide this table in the UI and the text report file, please set the "Show Parameter Settings in Synthesis Report" option in "Analysis and Synthesis Settings -> More Settings" to "Off".


+----------------------------------------------------------------+
; Parameter Settings for User Entity Instance: uart_tx:u_uart_tx ;
+----------------+-------+---------------------------------------+
; Parameter Name ; Value ; Type                                  ;
+----------------+-------+---------------------------------------+
; CLKS_PER_BIT   ; 434   ; Signed Integer                        ;
+----------------+-------+---------------------------------------+
Note: In order to hide this table in the UI and the text report file, please set the "Show Parameter Settings in Synthesis Report" option in "Analysis and Synthesis Settings -> More Settings" to "Off".


+--------------------------------------------------------------+
; Parameter Settings for User Entity Instance: ro_puf:u_ro_puf ;
+--------------------+-------+---------------------------------+
; Parameter Name     ; Value ; Type                            ;
+--------------------+-------+---------------------------------+
; NUM_RO             ; 256   ; Signed Integer                  ;
; WINDOW_BITS        ; 16    ; Signed Integer                  ;
; CNT_WIDTH          ; 24    ; Signed Integer                  ;
; FREEZE_WAIT_CYCLES ; 4     ; Signed Integer                  ;
; ROUNDS             ; 7     ; Signed Integer                  ;
+--------------------+-------+---------------------------------+
Note: In order to hide this table in the UI and the text report file, please set the "Show Parameter Settings in Synthesis Report" option in "Analysis and Synthesis Settings -> More Settings" to "Off".


+------------------------------------------------------------------+
; Parameter Settings for User Entity Instance: auth_fsm:u_auth_fsm ;
+-------------------+--------+-------------------------------------+
; Parameter Name    ; Value  ; Type                                ;
+-------------------+--------+-------------------------------------+
; COOLDOWN_CYCLES   ; 500000 ; Signed Integer                      ;
; LOCKOUT_THRESHOLD ; 5      ; Signed Integer                      ;
+-------------------+--------+-------------------------------------+
Note: In order to hide this table in the UI and the text report file, please set the "Show Parameter Settings in Synthesis Report" option in "Analysis and Synthesis Settings -> More Settings" to "Off".


+------------------------------------------------------------------------------------------------------------------------------------------------------------------------------------------------------------------------------------------------------------------------------------------------------------------------------------------------------------------------------------------------------------------------------------------------------------------------------------------------------------------------------------------------------------------------------------------------------------------------------------------------------------------------------------------------------------------------------------------------------------------------------------------------------------------------------------------------------------------------------------------------------+
; Parameter Settings for Inferred Entity Instance: sld_signaltap:auto_signaltap_0                                                                                                                                                                                                                                                                                                                                                                                                                                                                                                                                                                                                                                                                                                                                                                                                                      ;
+-------------------------------------------------+-----------------------------------------------------------------------------------------------------------------------------------------------------------------------------------------------------------------------------------------------------------------------------------------------------------------------------------------------------------------------------------------------------------------------------------------------------------------------------------------------------------------------------------------------------------------------------------------------------------------------------------------------------------------------------------------------------------------------------------------------------------------------------------------------------------------------------------+----------------+
; Parameter Name                                  ; Value                                                                                                                                                                                                                                                                                                                                                                                                                                                                                                                                                                                                                                                                                                                                                                                                                             ; Type           ;
+-------------------------------------------------+-----------------------------------------------------------------------------------------------------------------------------------------------------------------------------------------------------------------------------------------------------------------------------------------------------------------------------------------------------------------------------------------------------------------------------------------------------------------------------------------------------------------------------------------------------------------------------------------------------------------------------------------------------------------------------------------------------------------------------------------------------------------------------------------------------------------------------------+----------------+
; lpm_type                                        ; sld_signaltap                                                                                                                                                                                                                                                                                                                                                                                                                                                                                                                                                                                                                                                                                                                                                                                                                     ; String         ;
; sld_node_info                                   ; 805334528                                                                                                                                                                                                                                                                                                                                                                                                                                                                                                                                                                                                                                                                                                                                                                                                                         ; Untyped        ;
; SLD_SECTION_ID                                  ; hdl_signaltap_0                                                                                                                                                                                                                                                                                                                                                                                                                                                                                                                                                                                                                                                                                                                                                                                                                   ; String         ;
; SLD_IP_VERSION                                  ; 6                                                                                                                                                                                                                                                                                                                                                                                                                                                                                                                                                                                                                                                                                                                                                                                                                                 ; Signed Integer ;
; SLD_IP_MINOR_VERSION                            ; 0                                                                                                                                                                                                                                                                                                                                                                                                                                                                                                                                                                                                                                                                                                                                                                                                                                 ; Signed Integer ;
; SLD_COMMON_IP_VERSION                           ; 0                                                                                                                                                                                                                                                                                                                                                                                                                                                                                                                                                                                                                                                                                                                                                                                                                                 ; Signed Integer ;
; sld_data_bits                                   ; 260                                                                                                                                                                                                                                                                                                                                                                                                                                                                                                                                                                                                                                                                                                                                                                                                                               ; Untyped        ;
; sld_trigger_bits                                ; 260                                                                                                                                                                                                                                                                                                                                                                                                                                                                                                                                                                                                                                                                                                                                                                                                                               ; Untyped        ;
; SLD_NODE_CRC_BITS                               ; 32                                                                                                                                                                                                                                                                                                                                                                                                                                                                                                                                                                                                                                                                                                                                                                                                                                ; Signed Integer ;
; SLD_NODE_CRC_HIWORD                             ; 41394                                                                                                                                                                                                                                                                                                                                                                                                                                                                                                                                                                                                                                                                                                                                                                                                                             ; Signed Integer ;
; SLD_NODE_CRC_LOWORD                             ; 50132                                                                                                                                                                                                                                                                                                                                                                                                                                                                                                                                                                                                                                                                                                                                                                                                                             ; Signed Integer ;
; sld_incremental_routing                         ; 1                                                                                                                                                                                                                                                                                                                                                                                                                                                                                                                                                                                                                                                                                                                                                                                                                                 ; Untyped        ;
; sld_sample_depth                                ; 128                                                                                                                                                                                                                                                                                                                                                                                                                                                                                                                                                                                                                                                                                                                                                                                                                               ; Untyped        ;
; sld_segment_size                                ; 128                                                                                                                                                                                                                                                                                                                                                                                                                                                                                                                                                                                                                                                                                                                                                                                                                               ; Untyped        ;
; sld_ram_block_type                              ; AUTO                                                                                                                                                                                                                                                                                                                                                                                                                                                                                                                                                                                                                                                                                                                                                                                                                              ; Untyped        ;
; sld_state_bits                                  ; 11                                                                                                                                                                                                                                                                                                                                                                                                                                                                                                                                                                                                                                                                                                                                                                                                                                ; Untyped        ;
; sld_buffer_full_stop                            ; 1                                                                                                                                                                                                                                                                                                                                                                                                                                                                                                                                                                                                                                                                                                                                                                                                                                 ; Untyped        ;
; SLD_MEM_ADDRESS_BITS                            ; 7                                                                                                                                                                                                                                                                                                                                                                                                                                                                                                                                                                                                                                                                                                                                                                                                                                 ; Signed Integer ;
; SLD_DATA_BIT_CNTR_BITS                          ; 4                                                                                                                                                                                                                                                                                                                                                                                                                                                                                                                                                                                                                                                                                                                                                                                                                                 ; Signed Integer ;
; sld_trigger_level                               ; 1                                                                                                                                                                                                                                                                                                                                                                                                                                                                                                                                                                                                                                                                                                                                                                                                                                 ; Untyped        ;
; sld_trigger_in_enabled                          ; 0                                                                                                                                                                                                                                                                                                                                                                                                                                                                                                                                                                                                                                                                                                                                                                                                                                 ; Untyped        ;
; SLD_HPS_TRIGGER_IN_ENABLED                      ; 0                                                                                                                                                                                                                                                                                                                                                                                                                                                                                                                                                                                                                                                                                                                                                                                                                                 ; Signed Integer ;
; SLD_HPS_TRIGGER_OUT_ENABLED                     ; 0                                                                                                                                                                                                                                                                                                                                                                                                                                                                                                                                                                                                                                                                                                                                                                                                                                 ; Signed Integer ;
; SLD_HPS_EVENT_ENABLED                           ; 0                                                                                                                                                                                                                                                                                                                                                                                                                                                                                                                                                                                                                                                                                                                                                                                                                                 ; Signed Integer ;
; SLD_HPS_EVENT_ID                                ; 0                                                                                                                                                                                                                                                                                                                                                                                                                                                                                                                                                                                                                                                                                                                                                                                                                                 ; Signed Integer ;
; sld_advanced_trigger_entity                     ; basic,1,                                                                                                                                                                                                                                                                                                                                                                                                                                                                                                                                                                                                                                                                                                                                                                                                                          ; Untyped        ;
; sld_trigger_level_pipeline                      ; 1                                                                                                                                                                                                                                                                                                                                                                                                                                                                                                                                                                                                                                                                                                                                                                                                                                 ; Untyped        ;
; sld_trigger_pipeline                            ; 0                                                                                                                                                                                                                                                                                                                                                                                                                                                                                                                                                                                                                                                                                                                                                                                                                                 ; Untyped        ;
; sld_ram_pipeline                                ; 0                                                                                                                                                                                                                                                                                                                                                                                                                                                                                                                                                                                                                                                                                                                                                                                                                                 ; Untyped        ;
; sld_counter_pipeline                            ; 0                                                                                                                                                                                                                                                                                                                                                                                                                                                                                                                                                                                                                                                                                                                                                                                                                                 ; Untyped        ;
; sld_enable_advanced_trigger                     ; 0                                                                                                                                                                                                                                                                                                                                                                                                                                                                                                                                                                                                                                                                                                                                                                                                                                 ; Untyped        ;
; SLD_ADVANCED_TRIGGER_1                          ; NONE                                                                                                                                                                                                                                                                                                                                                                                                                                                                                                                                                                                                                                                                                                                                                                                                                              ; String         ;
; SLD_ADVANCED_TRIGGER_2                          ; NONE                                                                                                                                                                                                                                                                                                                                                                                                                                                                                                                                                                                                                                                                                                                                                                                                                              ; String         ;
; SLD_ADVANCED_TRIGGER_3                          ; NONE                                                                                                                                                                                                                                                                                                                                                                                                                                                                                                                                                                                                                                                                                                                                                                                                                              ; String         ;
; SLD_ADVANCED_TRIGGER_4                          ; NONE                                                                                                                                                                                                                                                                                                                                                                                                                                                                                                                                                                                                                                                                                                                                                                                                                              ; String         ;
; SLD_ADVANCED_TRIGGER_5                          ; NONE                                                                                                                                                                                                                                                                                                                                                                                                                                                                                                                                                                                                                                                                                                                                                                                                                              ; String         ;
; SLD_ADVANCED_TRIGGER_6                          ; NONE                                                                                                                                                                                                                                                                                                                                                                                                                                                                                                                                                                                                                                                                                                                                                                                                                              ; String         ;
; SLD_ADVANCED_TRIGGER_7                          ; NONE                                                                                                                                                                                                                                                                                                                                                                                                                                                                                                                                                                                                                                                                                                                                                                                                                              ; String         ;
; SLD_ADVANCED_TRIGGER_8                          ; NONE                                                                                                                                                                                                                                                                                                                                                                                                                                                                                                                                                                                                                                                                                                                                                                                                                              ; String         ;
; SLD_ADVANCED_TRIGGER_9                          ; NONE                                                                                                                                                                                                                                                                                                                                                                                                                                                                                                                                                                                                                                                                                                                                                                                                                              ; String         ;
; SLD_ADVANCED_TRIGGER_10                         ; NONE                                                                                                                                                                                                                                                                                                                                                                                                                                                                                                                                                                                                                                                                                                                                                                                                                              ; String         ;
; sld_inversion_mask_length                       ; 801                                                                                                                                                                                                                                                                                                                                                                                                                                                                                                                                                                                                                                                                                                                                                                                                                               ; Untyped        ;
; sld_inversion_mask                              ; 000000000000000000000000000000000000000000000000000000000000000000000000000000000000000000000000000000000000000000000000000000000000000000000000000000000000000000000000000000000000000000000000000000000000000000000000000000000000000000000000000000000000000000000000000000000000000000000000000000000000000000000000000000000000000000000000000000000000000000000000000000000000000000000000000000000000000000000000000000000000000000000000000000000000000000000000000000000000000000000000000000000000000000000000000000000000000000000000000000000000000000000000000000000000000000000000000000000000000000000000000000000000000000000000000000000000000000000000000000000000000000000000000000000000000000000000000000000000000000000000000000000000000000000000000000000000000000000000000000000000000000000000000000000 ; Untyped        ;
; sld_power_up_trigger                            ; 0                                                                                                                                                                                                                                                                                                                                                                                                                                                                                                                                                                                                                                                                                                                                                                                                                                 ; Untyped        ;
; SLD_STATE_FLOW_MGR_ENTITY                       ; state_flow_mgr_entity.vhd                                                                                                                                                                                                                                                                                                                                                                                                                                                                                                                                                                                                                                                                                                                                                                                                         ; String         ;
; sld_state_flow_use_generated                    ; 0                                                                                                                                                                                                                                                                                                                                                                                                                                                                                                                                                                                                                                                                                                                                                                                                                                 ; Untyped        ;
; sld_current_resource_width                      ; 1                                                                                                                                                                                                                                                                                                                                                                                                                                                                                                                                                                                                                                                                                                                                                                                                                                 ; Untyped        ;
; sld_attribute_mem_mode                          ; OFF                                                                                                                                                                                                                                                                                                                                                                                                                                                                                                                                                                                                                                                                                                                                                                                                                               ; Untyped        ;
; sld_storage_qualifier_bits                      ; 260                                                                                                                                                                                                                                                                                                                                                                                                                                                                                                                                                                                                                                                                                                                                                                                                                               ; Untyped        ;
; SLD_STORAGE_QUALIFIER_GAP_RECORD                ; 0                                                                                                                                                                                                                                                                                                                                                                                                                                                                                                                                                                                                                                                                                                                                                                                                                                 ; Signed Integer ;
; SLD_STORAGE_QUALIFIER_MODE                      ; OFF                                                                                                                                                                                                                                                                                                                                                                                                                                                                                                                                                                                                                                                                                                                                                                                                                               ; String         ;
; SLD_STORAGE_QUALIFIER_ENABLE_ADVANCED_CONDITION ; 0                                                                                                                                                                                                                                                                                                                                                                                                                                                                                                                                                                                                                                                                                                                                                                                                                                 ; Signed Integer ;
; sld_storage_qualifier_inversion_mask_length     ; 0                                                                                                                                                                                                                                                                                                                                                                                                                                                                                                                                                                                                                                                                                                                                                                                                                                 ; Untyped        ;
; SLD_STORAGE_QUALIFIER_ADVANCED_CONDITION_ENTITY ; basic                                                                                                                                                                                                                                                                                                                                                                                                                                                                                                                                                                                                                                                                                                                                                                                                                             ; String         ;
; SLD_STORAGE_QUALIFIER_PIPELINE                  ; 0                                                                                                                                                                                                                                                                                                                                                                                                                                                                                                                                                                                                                                                                                                                                                                                                                                 ; Signed Integer ;
; SLD_CREATE_MONITOR_INTERFACE                    ; 0                                                                                                                                                                                                                                                                                                                                                                                                                                                                                                                                                                                                                                                                                                                                                                                                                                 ; Signed Integer ;
; SLD_USE_JTAG_SIGNAL_ADAPTER                     ; 1                                                                                                                                                                                                                                                                                                                                                                                                                                                                                                                                                                                                                                                                                                                                                                                                                                 ; Signed Integer ;
+-------------------------------------------------+-----------------------------------------------------------------------------------------------------------------------------------------------------------------------------------------------------------------------------------------------------------------------------------------------------------------------------------------------------------------------------------------------------------------------------------------------------------------------------------------------------------------------------------------------------------------------------------------------------------------------------------------------------------------------------------------------------------------------------------------------------------------------------------------------------------------------------------+----------------+
Note: In order to hide this table in the UI and the text report file, please set the "Show Parameter Settings in Synthesis Report" option in "Analysis and Synthesis Settings -> More Settings" to "Off".


+-----------------------------------------------------------+
; Port Connectivity Checks: "cmd_parser:u_cmd_parser"       ;
+--------------+--------+----------+------------------------+
; Port         ; Type   ; Severity ; Details                ;
+--------------+--------+----------+------------------------+
; crc_error    ; Output ; Info     ; Explicitly unconnected ;
; packet_error ; Output ; Info     ; Explicitly unconnected ;
+--------------+--------+----------+------------------------+


+-------------------------------------------------------------------------------------------------------------------------------------------------------------------------------------------------------------------------------------------------------------------------+
; Signal Tap Logic Analyzer Settings                                                                                                                                                                                                                                      ;
+----------------+------------------+---------------------+------------------+--------------+----------+------------------------+----------------------+--------------------+-----------------------------+-----------------+------------------+--------------------------+
; Instance Index ; Instance Name    ; Trigger Input Width ; Data Input Width ; Sample Depth ; Segments ; Storage Qualifier Type ; Trigger Flow Control ; Trigger Conditions ; Advanced Trigger Conditions ; Trigger In Used ; Trigger Out Used ; Power-Up Trigger Enabled ;
+----------------+------------------+---------------------+------------------+--------------+----------+------------------------+----------------------+--------------------+-----------------------------+-----------------+------------------+--------------------------+
; 0              ; auto_signaltap_0 ; 260                 ; 260              ; 128          ; 1        ; continuous             ; sequential           ; 1                  ; 0                           ; no              ; no               ; no                       ;
+----------------+------------------+---------------------+------------------+--------------+----------+------------------------+----------------------+--------------------+-----------------------------+-----------------+------------------+--------------------------+


+-----------------------------------------------------+
; Post-Synthesis Netlist Statistics for Top Partition ;
+-----------------------+-----------------------------+
; Type                  ; Count                       ;
+-----------------------+-----------------------------+
; arriav_ff             ; 10394                       ;
;     CLR               ; 6635                        ;
;     CLR SCLR          ; 21                          ;
;     CLR SCLR SLD      ; 15                          ;
;     CLR SLD           ; 35                          ;
;     ENA               ; 1032                        ;
;     ENA CLR           ; 2099                        ;
;     ENA CLR SCLR      ; 298                         ;
;     ENA CLR SLD       ; 259                         ;
; arriav_io_obuf        ; 36                          ;
; arriav_lcell_comb     ; 13006                       ;
;     arith             ; 5982                        ;
;         1 data inputs ; 5726                        ;
;         2 data inputs ; 256                         ;
;     extend            ; 267                         ;
;         7 data inputs ; 267                         ;
;     normal            ; 6757                        ;
;         0 data inputs ; 1                           ;
;         1 data inputs ; 311                         ;
;         2 data inputs ; 1248                        ;
;         3 data inputs ; 145                         ;
;         4 data inputs ; 1208                        ;
;         5 data inputs ; 775                         ;
;         6 data inputs ; 3069                        ;
; boundary_port         ; 307                         ;
;                       ;                             ;
; Max LUT depth         ; 8.00                        ;
; Average LUT depth     ; 3.56                        ;
+-----------------------+-----------------------------+


+--------------------------------------------------------------------------------+
; Post-Synthesis Netlist Statistics for Partition sld_signaltap:auto_signaltap_0 ;
+-----------------------+--------------------------------------------------------+
; Type                  ; Count                                                  ;
+-----------------------+--------------------------------------------------------+
; arriav_ff             ; 3396                                                   ;
;     CLR               ; 6                                                      ;
;     CLR SLD           ; 288                                                    ;
;     ENA               ; 59                                                     ;
;     ENA CLR           ; 815                                                    ;
;     ENA CLR SCLR      ; 22                                                     ;
;     ENA SCLR          ; 27                                                     ;
;     ENA SCLR SLD      ; 33                                                     ;
;     ENA SLD           ; 28                                                     ;
;     SCLR SLD          ; 13                                                     ;
;     plain             ; 2105                                                   ;
; arriav_lcell_comb     ; 528                                                    ;
;     arith             ; 78                                                     ;
;         0 data inputs ; 4                                                      ;
;         1 data inputs ; 73                                                     ;
;         2 data inputs ; 1                                                      ;
;     normal            ; 450                                                    ;
;         0 data inputs ; 2                                                      ;
;         1 data inputs ; 8                                                      ;
;         2 data inputs ; 10                                                     ;
;         3 data inputs ; 11                                                     ;
;         4 data inputs ; 25                                                     ;
;         5 data inputs ; 295                                                    ;
;         6 data inputs ; 99                                                     ;
; boundary_port         ; 1384                                                   ;
; stratixv_ram_block    ; 260                                                    ;
;                       ;                                                        ;
; Max LUT depth         ; 4.10                                                   ;
; Average LUT depth     ; 0.79                                                   ;
+-----------------------+--------------------------------------------------------+


+------------------------------------------------------------------+
; Post-Synthesis Netlist Statistics for Partition sld_hub:auto_hub ;
+-----------------------+------------------------------------------+
; Type                  ; Count                                    ;
+-----------------------+------------------------------------------+
; arriav_ff             ; 90                                       ;
;     CLR               ; 5                                        ;
;     ENA               ; 30                                       ;
;     ENA CLR           ; 22                                       ;
;     ENA CLR SLD       ; 10                                       ;
;     SCLR              ; 7                                        ;
;     plain             ; 16                                       ;
; arriav_lcell_comb     ; 91                                       ;
;     extend            ; 1                                        ;
;         7 data inputs ; 1                                        ;
;     normal            ; 90                                       ;
;         0 data inputs ; 1                                        ;
;         1 data inputs ; 4                                        ;
;         2 data inputs ; 18                                       ;
;         3 data inputs ; 16                                       ;
;         4 data inputs ; 16                                       ;
;         5 data inputs ; 23                                       ;
;         6 data inputs ; 12                                       ;
; boundary_port         ; 107                                      ;
;                       ;                                          ;
; Max LUT depth         ; 3.00                                     ;
; Average LUT depth     ; 1.32                                     ;
+-----------------------+------------------------------------------+


+-----------------------------------------------+
; Elapsed Time Per Partition                    ;
+--------------------------------+--------------+
; Partition Name                 ; Elapsed Time ;
+--------------------------------+--------------+
; Top                            ; 00:00:27     ;
; sld_signaltap:auto_signaltap_0 ; 00:00:04     ;
; sld_hub:auto_hub               ; 00:00:00     ;
+--------------------------------+--------------+


+-------------------------------------------------------------------------------------------------------------------------------------------------------------------+
; Connections to In-System Debugging Instance "auto_signaltap_0"                                                                                                    ;
+----------------------------------+---------------+-----------+--------------------------------+-------------------+-------------------------------------+---------+
; Name                             ; Type          ; Status    ; Partition Name                 ; Netlist Type Used ; Actual Connection                   ; Details ;
+----------------------------------+---------------+-----------+--------------------------------+-------------------+-------------------------------------+---------+
; KEY[0]                           ; pre-synthesis ; connected ; Top                            ; post-synthesis    ; KEY[0]                              ; N/A     ;
; KEY[0]                           ; pre-synthesis ; connected ; Top                            ; post-synthesis    ; KEY[0]                              ; N/A     ;
; KEY[1]                           ; pre-synthesis ; connected ; Top                            ; post-synthesis    ; KEY[1]                              ; N/A     ;
; KEY[1]                           ; pre-synthesis ; connected ; Top                            ; post-synthesis    ; KEY[1]                              ; N/A     ;
; diversified_key[0]               ; pre-synthesis ; connected ; Top                            ; post-synthesis    ; diversified_key[0]                  ; N/A     ;
; diversified_key[0]               ; pre-synthesis ; connected ; Top                            ; post-synthesis    ; diversified_key[0]                  ; N/A     ;
; diversified_key[100]             ; pre-synthesis ; connected ; Top                            ; post-synthesis    ; diversified_key[100]                ; N/A     ;
; diversified_key[100]             ; pre-synthesis ; connected ; Top                            ; post-synthesis    ; diversified_key[100]                ; N/A     ;
; diversified_key[101]             ; pre-synthesis ; connected ; Top                            ; post-synthesis    ; diversified_key[101]                ; N/A     ;
; diversified_key[101]             ; pre-synthesis ; connected ; Top                            ; post-synthesis    ; diversified_key[101]                ; N/A     ;
; diversified_key[102]             ; pre-synthesis ; connected ; Top                            ; post-synthesis    ; diversified_key[102]                ; N/A     ;
; diversified_key[102]             ; pre-synthesis ; connected ; Top                            ; post-synthesis    ; diversified_key[102]                ; N/A     ;
; diversified_key[103]             ; pre-synthesis ; connected ; Top                            ; post-synthesis    ; diversified_key[103]                ; N/A     ;
; diversified_key[103]             ; pre-synthesis ; connected ; Top                            ; post-synthesis    ; diversified_key[103]                ; N/A     ;
; diversified_key[104]             ; pre-synthesis ; connected ; Top                            ; post-synthesis    ; diversified_key[104]                ; N/A     ;
; diversified_key[104]             ; pre-synthesis ; connected ; Top                            ; post-synthesis    ; diversified_key[104]                ; N/A     ;
; diversified_key[105]             ; pre-synthesis ; connected ; Top                            ; post-synthesis    ; diversified_key[105]                ; N/A     ;
; diversified_key[105]             ; pre-synthesis ; connected ; Top                            ; post-synthesis    ; diversified_key[105]                ; N/A     ;
; diversified_key[106]             ; pre-synthesis ; connected ; Top                            ; post-synthesis    ; diversified_key[106]                ; N/A     ;
; diversified_key[106]             ; pre-synthesis ; connected ; Top                            ; post-synthesis    ; diversified_key[106]                ; N/A     ;
; diversified_key[107]             ; pre-synthesis ; connected ; Top                            ; post-synthesis    ; diversified_key[107]                ; N/A     ;
; diversified_key[107]             ; pre-synthesis ; connected ; Top                            ; post-synthesis    ; diversified_key[107]                ; N/A     ;
; diversified_key[108]             ; pre-synthesis ; connected ; Top                            ; post-synthesis    ; diversified_key[108]                ; N/A     ;
; diversified_key[108]             ; pre-synthesis ; connected ; Top                            ; post-synthesis    ; diversified_key[108]                ; N/A     ;
; diversified_key[109]             ; pre-synthesis ; connected ; Top                            ; post-synthesis    ; diversified_key[109]                ; N/A     ;
; diversified_key[109]             ; pre-synthesis ; connected ; Top                            ; post-synthesis    ; diversified_key[109]                ; N/A     ;
; diversified_key[10]              ; pre-synthesis ; connected ; Top                            ; post-synthesis    ; diversified_key[10]                 ; N/A     ;
; diversified_key[10]              ; pre-synthesis ; connected ; Top                            ; post-synthesis    ; diversified_key[10]                 ; N/A     ;
; diversified_key[110]             ; pre-synthesis ; connected ; Top                            ; post-synthesis    ; diversified_key[110]                ; N/A     ;
; diversified_key[110]             ; pre-synthesis ; connected ; Top                            ; post-synthesis    ; diversified_key[110]                ; N/A     ;
; diversified_key[111]             ; pre-synthesis ; connected ; Top                            ; post-synthesis    ; diversified_key[111]                ; N/A     ;
; diversified_key[111]             ; pre-synthesis ; connected ; Top                            ; post-synthesis    ; diversified_key[111]                ; N/A     ;
; diversified_key[112]             ; pre-synthesis ; connected ; Top                            ; post-synthesis    ; diversified_key[112]                ; N/A     ;
; diversified_key[112]             ; pre-synthesis ; connected ; Top                            ; post-synthesis    ; diversified_key[112]                ; N/A     ;
; diversified_key[113]             ; pre-synthesis ; connected ; Top                            ; post-synthesis    ; diversified_key[113]                ; N/A     ;
; diversified_key[113]             ; pre-synthesis ; connected ; Top                            ; post-synthesis    ; diversified_key[113]                ; N/A     ;
; diversified_key[114]             ; pre-synthesis ; connected ; Top                            ; post-synthesis    ; diversified_key[114]                ; N/A     ;
; diversified_key[114]             ; pre-synthesis ; connected ; Top                            ; post-synthesis    ; diversified_key[114]                ; N/A     ;
; diversified_key[115]             ; pre-synthesis ; connected ; Top                            ; post-synthesis    ; diversified_key[115]                ; N/A     ;
; diversified_key[115]             ; pre-synthesis ; connected ; Top                            ; post-synthesis    ; diversified_key[115]                ; N/A     ;
; diversified_key[116]             ; pre-synthesis ; connected ; Top                            ; post-synthesis    ; diversified_key[116]                ; N/A     ;
; diversified_key[116]             ; pre-synthesis ; connected ; Top                            ; post-synthesis    ; diversified_key[116]                ; N/A     ;
; diversified_key[117]             ; pre-synthesis ; connected ; Top                            ; post-synthesis    ; diversified_key[117]                ; N/A     ;
; diversified_key[117]             ; pre-synthesis ; connected ; Top                            ; post-synthesis    ; diversified_key[117]                ; N/A     ;
; diversified_key[118]             ; pre-synthesis ; connected ; Top                            ; post-synthesis    ; diversified_key[118]                ; N/A     ;
; diversified_key[118]             ; pre-synthesis ; connected ; Top                            ; post-synthesis    ; diversified_key[118]                ; N/A     ;
; diversified_key[119]             ; pre-synthesis ; connected ; Top                            ; post-synthesis    ; diversified_key[119]                ; N/A     ;
; diversified_key[119]             ; pre-synthesis ; connected ; Top                            ; post-synthesis    ; diversified_key[119]                ; N/A     ;
; diversified_key[11]              ; pre-synthesis ; connected ; Top                            ; post-synthesis    ; diversified_key[11]                 ; N/A     ;
; diversified_key[11]              ; pre-synthesis ; connected ; Top                            ; post-synthesis    ; diversified_key[11]                 ; N/A     ;
; diversified_key[120]             ; pre-synthesis ; connected ; Top                            ; post-synthesis    ; diversified_key[120]                ; N/A     ;
; diversified_key[120]             ; pre-synthesis ; connected ; Top                            ; post-synthesis    ; diversified_key[120]                ; N/A     ;
; diversified_key[121]             ; pre-synthesis ; connected ; Top                            ; post-synthesis    ; diversified_key[121]                ; N/A     ;
; diversified_key[121]             ; pre-synthesis ; connected ; Top                            ; post-synthesis    ; diversified_key[121]                ; N/A     ;
; diversified_key[122]             ; pre-synthesis ; connected ; Top                            ; post-synthesis    ; diversified_key[122]                ; N/A     ;
; diversified_key[122]             ; pre-synthesis ; connected ; Top                            ; post-synthesis    ; diversified_key[122]                ; N/A     ;
; diversified_key[123]             ; pre-synthesis ; connected ; Top                            ; post-synthesis    ; diversified_key[123]                ; N/A     ;
; diversified_key[123]             ; pre-synthesis ; connected ; Top                            ; post-synthesis    ; diversified_key[123]                ; N/A     ;
; diversified_key[124]             ; pre-synthesis ; connected ; Top                            ; post-synthesis    ; diversified_key[124]                ; N/A     ;
; diversified_key[124]             ; pre-synthesis ; connected ; Top                            ; post-synthesis    ; diversified_key[124]                ; N/A     ;
; diversified_key[125]             ; pre-synthesis ; connected ; Top                            ; post-synthesis    ; diversified_key[125]                ; N/A     ;
; diversified_key[125]             ; pre-synthesis ; connected ; Top                            ; post-synthesis    ; diversified_key[125]                ; N/A     ;
; diversified_key[126]             ; pre-synthesis ; connected ; Top                            ; post-synthesis    ; diversified_key[126]                ; N/A     ;
; diversified_key[126]             ; pre-synthesis ; connected ; Top                            ; post-synthesis    ; diversified_key[126]                ; N/A     ;
; diversified_key[127]             ; pre-synthesis ; connected ; Top                            ; post-synthesis    ; diversified_key[127]                ; N/A     ;
; diversified_key[127]             ; pre-synthesis ; connected ; Top                            ; post-synthesis    ; diversified_key[127]                ; N/A     ;
; diversified_key[12]              ; pre-synthesis ; connected ; Top                            ; post-synthesis    ; diversified_key[12]                 ; N/A     ;
; diversified_key[12]              ; pre-synthesis ; connected ; Top                            ; post-synthesis    ; diversified_key[12]                 ; N/A     ;
; diversified_key[13]              ; pre-synthesis ; connected ; Top                            ; post-synthesis    ; diversified_key[13]                 ; N/A     ;
; diversified_key[13]              ; pre-synthesis ; connected ; Top                            ; post-synthesis    ; diversified_key[13]                 ; N/A     ;
; diversified_key[14]              ; pre-synthesis ; connected ; Top                            ; post-synthesis    ; diversified_key[14]                 ; N/A     ;
; diversified_key[14]              ; pre-synthesis ; connected ; Top                            ; post-synthesis    ; diversified_key[14]                 ; N/A     ;
; diversified_key[15]              ; pre-synthesis ; connected ; Top                            ; post-synthesis    ; diversified_key[15]                 ; N/A     ;
; diversified_key[15]              ; pre-synthesis ; connected ; Top                            ; post-synthesis    ; diversified_key[15]                 ; N/A     ;
; diversified_key[16]              ; pre-synthesis ; connected ; Top                            ; post-synthesis    ; diversified_key[16]                 ; N/A     ;
; diversified_key[16]              ; pre-synthesis ; connected ; Top                            ; post-synthesis    ; diversified_key[16]                 ; N/A     ;
; diversified_key[17]              ; pre-synthesis ; connected ; Top                            ; post-synthesis    ; diversified_key[17]                 ; N/A     ;
; diversified_key[17]              ; pre-synthesis ; connected ; Top                            ; post-synthesis    ; diversified_key[17]                 ; N/A     ;
; diversified_key[18]              ; pre-synthesis ; connected ; Top                            ; post-synthesis    ; diversified_key[18]                 ; N/A     ;
; diversified_key[18]              ; pre-synthesis ; connected ; Top                            ; post-synthesis    ; diversified_key[18]                 ; N/A     ;
; diversified_key[19]              ; pre-synthesis ; connected ; Top                            ; post-synthesis    ; diversified_key[19]                 ; N/A     ;
; diversified_key[19]              ; pre-synthesis ; connected ; Top                            ; post-synthesis    ; diversified_key[19]                 ; N/A     ;
; diversified_key[1]               ; pre-synthesis ; connected ; Top                            ; post-synthesis    ; diversified_key[1]                  ; N/A     ;
; diversified_key[1]               ; pre-synthesis ; connected ; Top                            ; post-synthesis    ; diversified_key[1]                  ; N/A     ;
; diversified_key[20]              ; pre-synthesis ; connected ; Top                            ; post-synthesis    ; diversified_key[20]                 ; N/A     ;
; diversified_key[20]              ; pre-synthesis ; connected ; Top                            ; post-synthesis    ; diversified_key[20]                 ; N/A     ;
; diversified_key[21]              ; pre-synthesis ; connected ; Top                            ; post-synthesis    ; diversified_key[21]                 ; N/A     ;
; diversified_key[21]              ; pre-synthesis ; connected ; Top                            ; post-synthesis    ; diversified_key[21]                 ; N/A     ;
; diversified_key[22]              ; pre-synthesis ; connected ; Top                            ; post-synthesis    ; diversified_key[22]                 ; N/A     ;
; diversified_key[22]              ; pre-synthesis ; connected ; Top                            ; post-synthesis    ; diversified_key[22]                 ; N/A     ;
; diversified_key[23]              ; pre-synthesis ; connected ; Top                            ; post-synthesis    ; diversified_key[23]                 ; N/A     ;
; diversified_key[23]              ; pre-synthesis ; connected ; Top                            ; post-synthesis    ; diversified_key[23]                 ; N/A     ;
; diversified_key[24]              ; pre-synthesis ; connected ; Top                            ; post-synthesis    ; diversified_key[24]                 ; N/A     ;
; diversified_key[24]              ; pre-synthesis ; connected ; Top                            ; post-synthesis    ; diversified_key[24]                 ; N/A     ;
; diversified_key[25]              ; pre-synthesis ; connected ; Top                            ; post-synthesis    ; diversified_key[25]                 ; N/A     ;
; diversified_key[25]              ; pre-synthesis ; connected ; Top                            ; post-synthesis    ; diversified_key[25]                 ; N/A     ;
; diversified_key[26]              ; pre-synthesis ; connected ; Top                            ; post-synthesis    ; diversified_key[26]                 ; N/A     ;
; diversified_key[26]              ; pre-synthesis ; connected ; Top                            ; post-synthesis    ; diversified_key[26]                 ; N/A     ;
; diversified_key[27]              ; pre-synthesis ; connected ; Top                            ; post-synthesis    ; diversified_key[27]                 ; N/A     ;
; diversified_key[27]              ; pre-synthesis ; connected ; Top                            ; post-synthesis    ; diversified_key[27]                 ; N/A     ;
; diversified_key[28]              ; pre-synthesis ; connected ; Top                            ; post-synthesis    ; diversified_key[28]                 ; N/A     ;
; diversified_key[28]              ; pre-synthesis ; connected ; Top                            ; post-synthesis    ; diversified_key[28]                 ; N/A     ;
; diversified_key[29]              ; pre-synthesis ; connected ; Top                            ; post-synthesis    ; diversified_key[29]                 ; N/A     ;
; diversified_key[29]              ; pre-synthesis ; connected ; Top                            ; post-synthesis    ; diversified_key[29]                 ; N/A     ;
; diversified_key[2]               ; pre-synthesis ; connected ; Top                            ; post-synthesis    ; diversified_key[2]                  ; N/A     ;
; diversified_key[2]               ; pre-synthesis ; connected ; Top                            ; post-synthesis    ; diversified_key[2]                  ; N/A     ;
; diversified_key[30]              ; pre-synthesis ; connected ; Top                            ; post-synthesis    ; diversified_key[30]                 ; N/A     ;
; diversified_key[30]              ; pre-synthesis ; connected ; Top                            ; post-synthesis    ; diversified_key[30]                 ; N/A     ;
; diversified_key[31]              ; pre-synthesis ; connected ; Top                            ; post-synthesis    ; diversified_key[31]                 ; N/A     ;
; diversified_key[31]              ; pre-synthesis ; connected ; Top                            ; post-synthesis    ; diversified_key[31]                 ; N/A     ;
; diversified_key[32]              ; pre-synthesis ; connected ; Top                            ; post-synthesis    ; diversified_key[32]                 ; N/A     ;
; diversified_key[32]              ; pre-synthesis ; connected ; Top                            ; post-synthesis    ; diversified_key[32]                 ; N/A     ;
; diversified_key[33]              ; pre-synthesis ; connected ; Top                            ; post-synthesis    ; diversified_key[33]                 ; N/A     ;
; diversified_key[33]              ; pre-synthesis ; connected ; Top                            ; post-synthesis    ; diversified_key[33]                 ; N/A     ;
; diversified_key[34]              ; pre-synthesis ; connected ; Top                            ; post-synthesis    ; diversified_key[34]                 ; N/A     ;
; diversified_key[34]              ; pre-synthesis ; connected ; Top                            ; post-synthesis    ; diversified_key[34]                 ; N/A     ;
; diversified_key[35]              ; pre-synthesis ; connected ; Top                            ; post-synthesis    ; diversified_key[35]                 ; N/A     ;
; diversified_key[35]              ; pre-synthesis ; connected ; Top                            ; post-synthesis    ; diversified_key[35]                 ; N/A     ;
; diversified_key[36]              ; pre-synthesis ; connected ; Top                            ; post-synthesis    ; diversified_key[36]                 ; N/A     ;
; diversified_key[36]              ; pre-synthesis ; connected ; Top                            ; post-synthesis    ; diversified_key[36]                 ; N/A     ;
; diversified_key[37]              ; pre-synthesis ; connected ; Top                            ; post-synthesis    ; diversified_key[37]                 ; N/A     ;
; diversified_key[37]              ; pre-synthesis ; connected ; Top                            ; post-synthesis    ; diversified_key[37]                 ; N/A     ;
; diversified_key[38]              ; pre-synthesis ; connected ; Top                            ; post-synthesis    ; diversified_key[38]                 ; N/A     ;
; diversified_key[38]              ; pre-synthesis ; connected ; Top                            ; post-synthesis    ; diversified_key[38]                 ; N/A     ;
; diversified_key[39]              ; pre-synthesis ; connected ; Top                            ; post-synthesis    ; diversified_key[39]                 ; N/A     ;
; diversified_key[39]              ; pre-synthesis ; connected ; Top                            ; post-synthesis    ; diversified_key[39]                 ; N/A     ;
; diversified_key[3]               ; pre-synthesis ; connected ; Top                            ; post-synthesis    ; diversified_key[3]                  ; N/A     ;
; diversified_key[3]               ; pre-synthesis ; connected ; Top                            ; post-synthesis    ; diversified_key[3]                  ; N/A     ;
; diversified_key[40]              ; pre-synthesis ; connected ; Top                            ; post-synthesis    ; diversified_key[40]                 ; N/A     ;
; diversified_key[40]              ; pre-synthesis ; connected ; Top                            ; post-synthesis    ; diversified_key[40]                 ; N/A     ;
; diversified_key[41]              ; pre-synthesis ; connected ; Top                            ; post-synthesis    ; diversified_key[41]                 ; N/A     ;
; diversified_key[41]              ; pre-synthesis ; connected ; Top                            ; post-synthesis    ; diversified_key[41]                 ; N/A     ;
; diversified_key[42]              ; pre-synthesis ; connected ; Top                            ; post-synthesis    ; diversified_key[42]                 ; N/A     ;
; diversified_key[42]              ; pre-synthesis ; connected ; Top                            ; post-synthesis    ; diversified_key[42]                 ; N/A     ;
; diversified_key[43]              ; pre-synthesis ; connected ; Top                            ; post-synthesis    ; diversified_key[43]                 ; N/A     ;
; diversified_key[43]              ; pre-synthesis ; connected ; Top                            ; post-synthesis    ; diversified_key[43]                 ; N/A     ;
; diversified_key[44]              ; pre-synthesis ; connected ; Top                            ; post-synthesis    ; diversified_key[44]                 ; N/A     ;
; diversified_key[44]              ; pre-synthesis ; connected ; Top                            ; post-synthesis    ; diversified_key[44]                 ; N/A     ;
; diversified_key[45]              ; pre-synthesis ; connected ; Top                            ; post-synthesis    ; diversified_key[45]                 ; N/A     ;
; diversified_key[45]              ; pre-synthesis ; connected ; Top                            ; post-synthesis    ; diversified_key[45]                 ; N/A     ;
; diversified_key[46]              ; pre-synthesis ; connected ; Top                            ; post-synthesis    ; diversified_key[46]                 ; N/A     ;
; diversified_key[46]              ; pre-synthesis ; connected ; Top                            ; post-synthesis    ; diversified_key[46]                 ; N/A     ;
; diversified_key[47]              ; pre-synthesis ; connected ; Top                            ; post-synthesis    ; diversified_key[47]                 ; N/A     ;
; diversified_key[47]              ; pre-synthesis ; connected ; Top                            ; post-synthesis    ; diversified_key[47]                 ; N/A     ;
; diversified_key[48]              ; pre-synthesis ; connected ; Top                            ; post-synthesis    ; diversified_key[48]                 ; N/A     ;
; diversified_key[48]              ; pre-synthesis ; connected ; Top                            ; post-synthesis    ; diversified_key[48]                 ; N/A     ;
; diversified_key[49]              ; pre-synthesis ; connected ; Top                            ; post-synthesis    ; diversified_key[49]                 ; N/A     ;
; diversified_key[49]              ; pre-synthesis ; connected ; Top                            ; post-synthesis    ; diversified_key[49]                 ; N/A     ;
; diversified_key[4]               ; pre-synthesis ; connected ; Top                            ; post-synthesis    ; diversified_key[4]                  ; N/A     ;
; diversified_key[4]               ; pre-synthesis ; connected ; Top                            ; post-synthesis    ; diversified_key[4]                  ; N/A     ;
; diversified_key[50]              ; pre-synthesis ; connected ; Top                            ; post-synthesis    ; diversified_key[50]                 ; N/A     ;
; diversified_key[50]              ; pre-synthesis ; connected ; Top                            ; post-synthesis    ; diversified_key[50]                 ; N/A     ;
; diversified_key[51]              ; pre-synthesis ; connected ; Top                            ; post-synthesis    ; diversified_key[51]                 ; N/A     ;
; diversified_key[51]              ; pre-synthesis ; connected ; Top                            ; post-synthesis    ; diversified_key[51]                 ; N/A     ;
; diversified_key[52]              ; pre-synthesis ; connected ; Top                            ; post-synthesis    ; diversified_key[52]                 ; N/A     ;
; diversified_key[52]              ; pre-synthesis ; connected ; Top                            ; post-synthesis    ; diversified_key[52]                 ; N/A     ;
; diversified_key[53]              ; pre-synthesis ; connected ; Top                            ; post-synthesis    ; diversified_key[53]                 ; N/A     ;
; diversified_key[53]              ; pre-synthesis ; connected ; Top                            ; post-synthesis    ; diversified_key[53]                 ; N/A     ;
; diversified_key[54]              ; pre-synthesis ; connected ; Top                            ; post-synthesis    ; diversified_key[54]                 ; N/A     ;
; diversified_key[54]              ; pre-synthesis ; connected ; Top                            ; post-synthesis    ; diversified_key[54]                 ; N/A     ;
; diversified_key[55]              ; pre-synthesis ; connected ; Top                            ; post-synthesis    ; diversified_key[55]                 ; N/A     ;
; diversified_key[55]              ; pre-synthesis ; connected ; Top                            ; post-synthesis    ; diversified_key[55]                 ; N/A     ;
; diversified_key[56]              ; pre-synthesis ; connected ; Top                            ; post-synthesis    ; diversified_key[56]                 ; N/A     ;
; diversified_key[56]              ; pre-synthesis ; connected ; Top                            ; post-synthesis    ; diversified_key[56]                 ; N/A     ;
; diversified_key[57]              ; pre-synthesis ; connected ; Top                            ; post-synthesis    ; diversified_key[57]                 ; N/A     ;
; diversified_key[57]              ; pre-synthesis ; connected ; Top                            ; post-synthesis    ; diversified_key[57]                 ; N/A     ;
; diversified_key[58]              ; pre-synthesis ; connected ; Top                            ; post-synthesis    ; diversified_key[58]                 ; N/A     ;
; diversified_key[58]              ; pre-synthesis ; connected ; Top                            ; post-synthesis    ; diversified_key[58]                 ; N/A     ;
; diversified_key[59]              ; pre-synthesis ; connected ; Top                            ; post-synthesis    ; diversified_key[59]                 ; N/A     ;
; diversified_key[59]              ; pre-synthesis ; connected ; Top                            ; post-synthesis    ; diversified_key[59]                 ; N/A     ;
; diversified_key[5]               ; pre-synthesis ; connected ; Top                            ; post-synthesis    ; diversified_key[5]                  ; N/A     ;
; diversified_key[5]               ; pre-synthesis ; connected ; Top                            ; post-synthesis    ; diversified_key[5]                  ; N/A     ;
; diversified_key[60]              ; pre-synthesis ; connected ; Top                            ; post-synthesis    ; diversified_key[60]                 ; N/A     ;
; diversified_key[60]              ; pre-synthesis ; connected ; Top                            ; post-synthesis    ; diversified_key[60]                 ; N/A     ;
; diversified_key[61]              ; pre-synthesis ; connected ; Top                            ; post-synthesis    ; diversified_key[61]                 ; N/A     ;
; diversified_key[61]              ; pre-synthesis ; connected ; Top                            ; post-synthesis    ; diversified_key[61]                 ; N/A     ;
; diversified_key[62]              ; pre-synthesis ; connected ; Top                            ; post-synthesis    ; diversified_key[62]                 ; N/A     ;
; diversified_key[62]              ; pre-synthesis ; connected ; Top                            ; post-synthesis    ; diversified_key[62]                 ; N/A     ;
; diversified_key[63]              ; pre-synthesis ; connected ; Top                            ; post-synthesis    ; diversified_key[63]                 ; N/A     ;
; diversified_key[63]              ; pre-synthesis ; connected ; Top                            ; post-synthesis    ; diversified_key[63]                 ; N/A     ;
; diversified_key[64]              ; pre-synthesis ; connected ; Top                            ; post-synthesis    ; diversified_key[64]                 ; N/A     ;
; diversified_key[64]              ; pre-synthesis ; connected ; Top                            ; post-synthesis    ; diversified_key[64]                 ; N/A     ;
; diversified_key[65]              ; pre-synthesis ; connected ; Top                            ; post-synthesis    ; diversified_key[65]                 ; N/A     ;
; diversified_key[65]              ; pre-synthesis ; connected ; Top                            ; post-synthesis    ; diversified_key[65]                 ; N/A     ;
; diversified_key[66]              ; pre-synthesis ; connected ; Top                            ; post-synthesis    ; diversified_key[66]                 ; N/A     ;
; diversified_key[66]              ; pre-synthesis ; connected ; Top                            ; post-synthesis    ; diversified_key[66]                 ; N/A     ;
; diversified_key[67]              ; pre-synthesis ; connected ; Top                            ; post-synthesis    ; diversified_key[67]                 ; N/A     ;
; diversified_key[67]              ; pre-synthesis ; connected ; Top                            ; post-synthesis    ; diversified_key[67]                 ; N/A     ;
; diversified_key[68]              ; pre-synthesis ; connected ; Top                            ; post-synthesis    ; diversified_key[68]                 ; N/A     ;
; diversified_key[68]              ; pre-synthesis ; connected ; Top                            ; post-synthesis    ; diversified_key[68]                 ; N/A     ;
; diversified_key[69]              ; pre-synthesis ; connected ; Top                            ; post-synthesis    ; diversified_key[69]                 ; N/A     ;
; diversified_key[69]              ; pre-synthesis ; connected ; Top                            ; post-synthesis    ; diversified_key[69]                 ; N/A     ;
; diversified_key[6]               ; pre-synthesis ; connected ; Top                            ; post-synthesis    ; diversified_key[6]                  ; N/A     ;
; diversified_key[6]               ; pre-synthesis ; connected ; Top                            ; post-synthesis    ; diversified_key[6]                  ; N/A     ;
; diversified_key[70]              ; pre-synthesis ; connected ; Top                            ; post-synthesis    ; diversified_key[70]                 ; N/A     ;
; diversified_key[70]              ; pre-synthesis ; connected ; Top                            ; post-synthesis    ; diversified_key[70]                 ; N/A     ;
; diversified_key[71]              ; pre-synthesis ; connected ; Top                            ; post-synthesis    ; diversified_key[71]                 ; N/A     ;
; diversified_key[71]              ; pre-synthesis ; connected ; Top                            ; post-synthesis    ; diversified_key[71]                 ; N/A     ;
; diversified_key[72]              ; pre-synthesis ; connected ; Top                            ; post-synthesis    ; diversified_key[72]                 ; N/A     ;
; diversified_key[72]              ; pre-synthesis ; connected ; Top                            ; post-synthesis    ; diversified_key[72]                 ; N/A     ;
; diversified_key[73]              ; pre-synthesis ; connected ; Top                            ; post-synthesis    ; diversified_key[73]                 ; N/A     ;
; diversified_key[73]              ; pre-synthesis ; connected ; Top                            ; post-synthesis    ; diversified_key[73]                 ; N/A     ;
; diversified_key[74]              ; pre-synthesis ; connected ; Top                            ; post-synthesis    ; diversified_key[74]                 ; N/A     ;
; diversified_key[74]              ; pre-synthesis ; connected ; Top                            ; post-synthesis    ; diversified_key[74]                 ; N/A     ;
; diversified_key[75]              ; pre-synthesis ; connected ; Top                            ; post-synthesis    ; diversified_key[75]                 ; N/A     ;
; diversified_key[75]              ; pre-synthesis ; connected ; Top                            ; post-synthesis    ; diversified_key[75]                 ; N/A     ;
; diversified_key[76]              ; pre-synthesis ; connected ; Top                            ; post-synthesis    ; diversified_key[76]                 ; N/A     ;
; diversified_key[76]              ; pre-synthesis ; connected ; Top                            ; post-synthesis    ; diversified_key[76]                 ; N/A     ;
; diversified_key[77]              ; pre-synthesis ; connected ; Top                            ; post-synthesis    ; diversified_key[77]                 ; N/A     ;
; diversified_key[77]              ; pre-synthesis ; connected ; Top                            ; post-synthesis    ; diversified_key[77]                 ; N/A     ;
; diversified_key[78]              ; pre-synthesis ; connected ; Top                            ; post-synthesis    ; diversified_key[78]                 ; N/A     ;
; diversified_key[78]              ; pre-synthesis ; connected ; Top                            ; post-synthesis    ; diversified_key[78]                 ; N/A     ;
; diversified_key[79]              ; pre-synthesis ; connected ; Top                            ; post-synthesis    ; diversified_key[79]                 ; N/A     ;
; diversified_key[79]              ; pre-synthesis ; connected ; Top                            ; post-synthesis    ; diversified_key[79]                 ; N/A     ;
; diversified_key[7]               ; pre-synthesis ; connected ; Top                            ; post-synthesis    ; diversified_key[7]                  ; N/A     ;
; diversified_key[7]               ; pre-synthesis ; connected ; Top                            ; post-synthesis    ; diversified_key[7]                  ; N/A     ;
; diversified_key[80]              ; pre-synthesis ; connected ; Top                            ; post-synthesis    ; diversified_key[80]                 ; N/A     ;
; diversified_key[80]              ; pre-synthesis ; connected ; Top                            ; post-synthesis    ; diversified_key[80]                 ; N/A     ;
; diversified_key[81]              ; pre-synthesis ; connected ; Top                            ; post-synthesis    ; diversified_key[81]                 ; N/A     ;
; diversified_key[81]              ; pre-synthesis ; connected ; Top                            ; post-synthesis    ; diversified_key[81]                 ; N/A     ;
; diversified_key[82]              ; pre-synthesis ; connected ; Top                            ; post-synthesis    ; diversified_key[82]                 ; N/A     ;
; diversified_key[82]              ; pre-synthesis ; connected ; Top                            ; post-synthesis    ; diversified_key[82]                 ; N/A     ;
; diversified_key[83]              ; pre-synthesis ; connected ; Top                            ; post-synthesis    ; diversified_key[83]                 ; N/A     ;
; diversified_key[83]              ; pre-synthesis ; connected ; Top                            ; post-synthesis    ; diversified_key[83]                 ; N/A     ;
; diversified_key[84]              ; pre-synthesis ; connected ; Top                            ; post-synthesis    ; diversified_key[84]                 ; N/A     ;
; diversified_key[84]              ; pre-synthesis ; connected ; Top                            ; post-synthesis    ; diversified_key[84]                 ; N/A     ;
; diversified_key[85]              ; pre-synthesis ; connected ; Top                            ; post-synthesis    ; diversified_key[85]                 ; N/A     ;
; diversified_key[85]              ; pre-synthesis ; connected ; Top                            ; post-synthesis    ; diversified_key[85]                 ; N/A     ;
; diversified_key[86]              ; pre-synthesis ; connected ; Top                            ; post-synthesis    ; diversified_key[86]                 ; N/A     ;
; diversified_key[86]              ; pre-synthesis ; connected ; Top                            ; post-synthesis    ; diversified_key[86]                 ; N/A     ;
; diversified_key[87]              ; pre-synthesis ; connected ; Top                            ; post-synthesis    ; diversified_key[87]                 ; N/A     ;
; diversified_key[87]              ; pre-synthesis ; connected ; Top                            ; post-synthesis    ; diversified_key[87]                 ; N/A     ;
; diversified_key[88]              ; pre-synthesis ; connected ; Top                            ; post-synthesis    ; diversified_key[88]                 ; N/A     ;
; diversified_key[88]              ; pre-synthesis ; connected ; Top                            ; post-synthesis    ; diversified_key[88]                 ; N/A     ;
; diversified_key[89]              ; pre-synthesis ; connected ; Top                            ; post-synthesis    ; diversified_key[89]                 ; N/A     ;
; diversified_key[89]              ; pre-synthesis ; connected ; Top                            ; post-synthesis    ; diversified_key[89]                 ; N/A     ;
; diversified_key[8]               ; pre-synthesis ; connected ; Top                            ; post-synthesis    ; diversified_key[8]                  ; N/A     ;
; diversified_key[8]               ; pre-synthesis ; connected ; Top                            ; post-synthesis    ; diversified_key[8]                  ; N/A     ;
; diversified_key[90]              ; pre-synthesis ; connected ; Top                            ; post-synthesis    ; diversified_key[90]                 ; N/A     ;
; diversified_key[90]              ; pre-synthesis ; connected ; Top                            ; post-synthesis    ; diversified_key[90]                 ; N/A     ;
; diversified_key[91]              ; pre-synthesis ; connected ; Top                            ; post-synthesis    ; diversified_key[91]                 ; N/A     ;
; diversified_key[91]              ; pre-synthesis ; connected ; Top                            ; post-synthesis    ; diversified_key[91]                 ; N/A     ;
; diversified_key[92]              ; pre-synthesis ; connected ; Top                            ; post-synthesis    ; diversified_key[92]                 ; N/A     ;
; diversified_key[92]              ; pre-synthesis ; connected ; Top                            ; post-synthesis    ; diversified_key[92]                 ; N/A     ;
; diversified_key[93]              ; pre-synthesis ; connected ; Top                            ; post-synthesis    ; diversified_key[93]                 ; N/A     ;
; diversified_key[93]              ; pre-synthesis ; connected ; Top                            ; post-synthesis    ; diversified_key[93]                 ; N/A     ;
; diversified_key[94]              ; pre-synthesis ; connected ; Top                            ; post-synthesis    ; diversified_key[94]                 ; N/A     ;
; diversified_key[94]              ; pre-synthesis ; connected ; Top                            ; post-synthesis    ; diversified_key[94]                 ; N/A     ;
; diversified_key[95]              ; pre-synthesis ; connected ; Top                            ; post-synthesis    ; diversified_key[95]                 ; N/A     ;
; diversified_key[95]              ; pre-synthesis ; connected ; Top                            ; post-synthesis    ; diversified_key[95]                 ; N/A     ;
; diversified_key[96]              ; pre-synthesis ; connected ; Top                            ; post-synthesis    ; diversified_key[96]                 ; N/A     ;
; diversified_key[96]              ; pre-synthesis ; connected ; Top                            ; post-synthesis    ; diversified_key[96]                 ; N/A     ;
; diversified_key[97]              ; pre-synthesis ; connected ; Top                            ; post-synthesis    ; diversified_key[97]                 ; N/A     ;
; diversified_key[97]              ; pre-synthesis ; connected ; Top                            ; post-synthesis    ; diversified_key[97]                 ; N/A     ;
; diversified_key[98]              ; pre-synthesis ; connected ; Top                            ; post-synthesis    ; diversified_key[98]                 ; N/A     ;
; diversified_key[98]              ; pre-synthesis ; connected ; Top                            ; post-synthesis    ; diversified_key[98]                 ; N/A     ;
; diversified_key[99]              ; pre-synthesis ; connected ; Top                            ; post-synthesis    ; diversified_key[99]                 ; N/A     ;
; diversified_key[99]              ; pre-synthesis ; connected ; Top                            ; post-synthesis    ; diversified_key[99]                 ; N/A     ;
; diversified_key[9]               ; pre-synthesis ; connected ; Top                            ; post-synthesis    ; diversified_key[9]                  ; N/A     ;
; diversified_key[9]               ; pre-synthesis ; connected ; Top                            ; post-synthesis    ; diversified_key[9]                  ; N/A     ;
; ro_puf:u_ro_puf|puf_id[0]~reg0   ; pre-synthesis ; connected ; Top                            ; post-synthesis    ; ro_puf:u_ro_puf|puf_id[0]           ; N/A     ;
; ro_puf:u_ro_puf|puf_id[0]~reg0   ; pre-synthesis ; connected ; Top                            ; post-synthesis    ; ro_puf:u_ro_puf|puf_id[0]           ; N/A     ;
; ro_puf:u_ro_puf|puf_id[100]~reg0 ; pre-synthesis ; connected ; Top                            ; post-synthesis    ; ro_puf:u_ro_puf|puf_id[100]         ; N/A     ;
; ro_puf:u_ro_puf|puf_id[100]~reg0 ; pre-synthesis ; connected ; Top                            ; post-synthesis    ; ro_puf:u_ro_puf|puf_id[100]         ; N/A     ;
; ro_puf:u_ro_puf|puf_id[101]~reg0 ; pre-synthesis ; connected ; Top                            ; post-synthesis    ; ro_puf:u_ro_puf|puf_id[101]         ; N/A     ;
; ro_puf:u_ro_puf|puf_id[101]~reg0 ; pre-synthesis ; connected ; Top                            ; post-synthesis    ; ro_puf:u_ro_puf|puf_id[101]         ; N/A     ;
; ro_puf:u_ro_puf|puf_id[102]~reg0 ; pre-synthesis ; connected ; Top                            ; post-synthesis    ; ro_puf:u_ro_puf|puf_id[102]         ; N/A     ;
; ro_puf:u_ro_puf|puf_id[102]~reg0 ; pre-synthesis ; connected ; Top                            ; post-synthesis    ; ro_puf:u_ro_puf|puf_id[102]         ; N/A     ;
; ro_puf:u_ro_puf|puf_id[103]~reg0 ; pre-synthesis ; connected ; Top                            ; post-synthesis    ; ro_puf:u_ro_puf|puf_id[103]         ; N/A     ;
; ro_puf:u_ro_puf|puf_id[103]~reg0 ; pre-synthesis ; connected ; Top                            ; post-synthesis    ; ro_puf:u_ro_puf|puf_id[103]         ; N/A     ;
; ro_puf:u_ro_puf|puf_id[104]~reg0 ; pre-synthesis ; connected ; Top                            ; post-synthesis    ; ro_puf:u_ro_puf|puf_id[104]         ; N/A     ;
; ro_puf:u_ro_puf|puf_id[104]~reg0 ; pre-synthesis ; connected ; Top                            ; post-synthesis    ; ro_puf:u_ro_puf|puf_id[104]         ; N/A     ;
; ro_puf:u_ro_puf|puf_id[105]~reg0 ; pre-synthesis ; connected ; Top                            ; post-synthesis    ; ro_puf:u_ro_puf|puf_id[105]         ; N/A     ;
; ro_puf:u_ro_puf|puf_id[105]~reg0 ; pre-synthesis ; connected ; Top                            ; post-synthesis    ; ro_puf:u_ro_puf|puf_id[105]         ; N/A     ;
; ro_puf:u_ro_puf|puf_id[106]~reg0 ; pre-synthesis ; connected ; Top                            ; post-synthesis    ; ro_puf:u_ro_puf|puf_id[106]         ; N/A     ;
; ro_puf:u_ro_puf|puf_id[106]~reg0 ; pre-synthesis ; connected ; Top                            ; post-synthesis    ; ro_puf:u_ro_puf|puf_id[106]         ; N/A     ;
; ro_puf:u_ro_puf|puf_id[107]~reg0 ; pre-synthesis ; connected ; Top                            ; post-synthesis    ; ro_puf:u_ro_puf|puf_id[107]         ; N/A     ;
; ro_puf:u_ro_puf|puf_id[107]~reg0 ; pre-synthesis ; connected ; Top                            ; post-synthesis    ; ro_puf:u_ro_puf|puf_id[107]         ; N/A     ;
; ro_puf:u_ro_puf|puf_id[108]~reg0 ; pre-synthesis ; connected ; Top                            ; post-synthesis    ; ro_puf:u_ro_puf|puf_id[108]         ; N/A     ;
; ro_puf:u_ro_puf|puf_id[108]~reg0 ; pre-synthesis ; connected ; Top                            ; post-synthesis    ; ro_puf:u_ro_puf|puf_id[108]         ; N/A     ;
; ro_puf:u_ro_puf|puf_id[109]~reg0 ; pre-synthesis ; connected ; Top                            ; post-synthesis    ; ro_puf:u_ro_puf|puf_id[109]         ; N/A     ;
; ro_puf:u_ro_puf|puf_id[109]~reg0 ; pre-synthesis ; connected ; Top                            ; post-synthesis    ; ro_puf:u_ro_puf|puf_id[109]         ; N/A     ;
; ro_puf:u_ro_puf|puf_id[10]~reg0  ; pre-synthesis ; connected ; Top                            ; post-synthesis    ; ro_puf:u_ro_puf|puf_id[10]          ; N/A     ;
; ro_puf:u_ro_puf|puf_id[10]~reg0  ; pre-synthesis ; connected ; Top                            ; post-synthesis    ; ro_puf:u_ro_puf|puf_id[10]          ; N/A     ;
; ro_puf:u_ro_puf|puf_id[110]~reg0 ; pre-synthesis ; connected ; Top                            ; post-synthesis    ; ro_puf:u_ro_puf|puf_id[110]         ; N/A     ;
; ro_puf:u_ro_puf|puf_id[110]~reg0 ; pre-synthesis ; connected ; Top                            ; post-synthesis    ; ro_puf:u_ro_puf|puf_id[110]         ; N/A     ;
; ro_puf:u_ro_puf|puf_id[111]~reg0 ; pre-synthesis ; connected ; Top                            ; post-synthesis    ; ro_puf:u_ro_puf|puf_id[111]         ; N/A     ;
; ro_puf:u_ro_puf|puf_id[111]~reg0 ; pre-synthesis ; connected ; Top                            ; post-synthesis    ; ro_puf:u_ro_puf|puf_id[111]         ; N/A     ;
; ro_puf:u_ro_puf|puf_id[112]~reg0 ; pre-synthesis ; connected ; Top                            ; post-synthesis    ; ro_puf:u_ro_puf|puf_id[112]         ; N/A     ;
; ro_puf:u_ro_puf|puf_id[112]~reg0 ; pre-synthesis ; connected ; Top                            ; post-synthesis    ; ro_puf:u_ro_puf|puf_id[112]         ; N/A     ;
; ro_puf:u_ro_puf|puf_id[113]~reg0 ; pre-synthesis ; connected ; Top                            ; post-synthesis    ; ro_puf:u_ro_puf|puf_id[113]         ; N/A     ;
; ro_puf:u_ro_puf|puf_id[113]~reg0 ; pre-synthesis ; connected ; Top                            ; post-synthesis    ; ro_puf:u_ro_puf|puf_id[113]         ; N/A     ;
; ro_puf:u_ro_puf|puf_id[114]~reg0 ; pre-synthesis ; connected ; Top                            ; post-synthesis    ; ro_puf:u_ro_puf|puf_id[114]         ; N/A     ;
; ro_puf:u_ro_puf|puf_id[114]~reg0 ; pre-synthesis ; connected ; Top                            ; post-synthesis    ; ro_puf:u_ro_puf|puf_id[114]         ; N/A     ;
; ro_puf:u_ro_puf|puf_id[115]~reg0 ; pre-synthesis ; connected ; Top                            ; post-synthesis    ; ro_puf:u_ro_puf|puf_id[115]         ; N/A     ;
; ro_puf:u_ro_puf|puf_id[115]~reg0 ; pre-synthesis ; connected ; Top                            ; post-synthesis    ; ro_puf:u_ro_puf|puf_id[115]         ; N/A     ;
; ro_puf:u_ro_puf|puf_id[116]~reg0 ; pre-synthesis ; connected ; Top                            ; post-synthesis    ; ro_puf:u_ro_puf|puf_id[116]         ; N/A     ;
; ro_puf:u_ro_puf|puf_id[116]~reg0 ; pre-synthesis ; connected ; Top                            ; post-synthesis    ; ro_puf:u_ro_puf|puf_id[116]         ; N/A     ;
; ro_puf:u_ro_puf|puf_id[117]~reg0 ; pre-synthesis ; connected ; Top                            ; post-synthesis    ; ro_puf:u_ro_puf|puf_id[117]         ; N/A     ;
; ro_puf:u_ro_puf|puf_id[117]~reg0 ; pre-synthesis ; connected ; Top                            ; post-synthesis    ; ro_puf:u_ro_puf|puf_id[117]         ; N/A     ;
; ro_puf:u_ro_puf|puf_id[118]~reg0 ; pre-synthesis ; connected ; Top                            ; post-synthesis    ; ro_puf:u_ro_puf|puf_id[118]         ; N/A     ;
; ro_puf:u_ro_puf|puf_id[118]~reg0 ; pre-synthesis ; connected ; Top                            ; post-synthesis    ; ro_puf:u_ro_puf|puf_id[118]         ; N/A     ;
; ro_puf:u_ro_puf|puf_id[119]~reg0 ; pre-synthesis ; connected ; Top                            ; post-synthesis    ; ro_puf:u_ro_puf|puf_id[119]         ; N/A     ;
; ro_puf:u_ro_puf|puf_id[119]~reg0 ; pre-synthesis ; connected ; Top                            ; post-synthesis    ; ro_puf:u_ro_puf|puf_id[119]         ; N/A     ;
; ro_puf:u_ro_puf|puf_id[11]~reg0  ; pre-synthesis ; connected ; Top                            ; post-synthesis    ; ro_puf:u_ro_puf|puf_id[11]          ; N/A     ;
; ro_puf:u_ro_puf|puf_id[11]~reg0  ; pre-synthesis ; connected ; Top                            ; post-synthesis    ; ro_puf:u_ro_puf|puf_id[11]          ; N/A     ;
; ro_puf:u_ro_puf|puf_id[120]~reg0 ; pre-synthesis ; connected ; Top                            ; post-synthesis    ; ro_puf:u_ro_puf|puf_id[120]         ; N/A     ;
; ro_puf:u_ro_puf|puf_id[120]~reg0 ; pre-synthesis ; connected ; Top                            ; post-synthesis    ; ro_puf:u_ro_puf|puf_id[120]         ; N/A     ;
; ro_puf:u_ro_puf|puf_id[121]~reg0 ; pre-synthesis ; connected ; Top                            ; post-synthesis    ; ro_puf:u_ro_puf|puf_id[121]         ; N/A     ;
; ro_puf:u_ro_puf|puf_id[121]~reg0 ; pre-synthesis ; connected ; Top                            ; post-synthesis    ; ro_puf:u_ro_puf|puf_id[121]         ; N/A     ;
; ro_puf:u_ro_puf|puf_id[122]~reg0 ; pre-synthesis ; connected ; Top                            ; post-synthesis    ; ro_puf:u_ro_puf|puf_id[122]         ; N/A     ;
; ro_puf:u_ro_puf|puf_id[122]~reg0 ; pre-synthesis ; connected ; Top                            ; post-synthesis    ; ro_puf:u_ro_puf|puf_id[122]         ; N/A     ;
; ro_puf:u_ro_puf|puf_id[123]~reg0 ; pre-synthesis ; connected ; Top                            ; post-synthesis    ; ro_puf:u_ro_puf|puf_id[123]         ; N/A     ;
; ro_puf:u_ro_puf|puf_id[123]~reg0 ; pre-synthesis ; connected ; Top                            ; post-synthesis    ; ro_puf:u_ro_puf|puf_id[123]         ; N/A     ;
; ro_puf:u_ro_puf|puf_id[124]~reg0 ; pre-synthesis ; connected ; Top                            ; post-synthesis    ; ro_puf:u_ro_puf|puf_id[124]         ; N/A     ;
; ro_puf:u_ro_puf|puf_id[124]~reg0 ; pre-synthesis ; connected ; Top                            ; post-synthesis    ; ro_puf:u_ro_puf|puf_id[124]         ; N/A     ;
; ro_puf:u_ro_puf|puf_id[125]~reg0 ; pre-synthesis ; connected ; Top                            ; post-synthesis    ; ro_puf:u_ro_puf|puf_id[125]         ; N/A     ;
; ro_puf:u_ro_puf|puf_id[125]~reg0 ; pre-synthesis ; connected ; Top                            ; post-synthesis    ; ro_puf:u_ro_puf|puf_id[125]         ; N/A     ;
; ro_puf:u_ro_puf|puf_id[126]~reg0 ; pre-synthesis ; connected ; Top                            ; post-synthesis    ; ro_puf:u_ro_puf|puf_id[126]         ; N/A     ;
; ro_puf:u_ro_puf|puf_id[126]~reg0 ; pre-synthesis ; connected ; Top                            ; post-synthesis    ; ro_puf:u_ro_puf|puf_id[126]         ; N/A     ;
; ro_puf:u_ro_puf|puf_id[127]~reg0 ; pre-synthesis ; connected ; Top                            ; post-synthesis    ; ro_puf:u_ro_puf|puf_id[127]         ; N/A     ;
; ro_puf:u_ro_puf|puf_id[127]~reg0 ; pre-synthesis ; connected ; Top                            ; post-synthesis    ; ro_puf:u_ro_puf|puf_id[127]         ; N/A     ;
; ro_puf:u_ro_puf|puf_id[12]~reg0  ; pre-synthesis ; connected ; Top                            ; post-synthesis    ; ro_puf:u_ro_puf|puf_id[12]          ; N/A     ;
; ro_puf:u_ro_puf|puf_id[12]~reg0  ; pre-synthesis ; connected ; Top                            ; post-synthesis    ; ro_puf:u_ro_puf|puf_id[12]          ; N/A     ;
; ro_puf:u_ro_puf|puf_id[13]~reg0  ; pre-synthesis ; connected ; Top                            ; post-synthesis    ; ro_puf:u_ro_puf|puf_id[13]          ; N/A     ;
; ro_puf:u_ro_puf|puf_id[13]~reg0  ; pre-synthesis ; connected ; Top                            ; post-synthesis    ; ro_puf:u_ro_puf|puf_id[13]          ; N/A     ;
; ro_puf:u_ro_puf|puf_id[14]~reg0  ; pre-synthesis ; connected ; Top                            ; post-synthesis    ; ro_puf:u_ro_puf|puf_id[14]          ; N/A     ;
; ro_puf:u_ro_puf|puf_id[14]~reg0  ; pre-synthesis ; connected ; Top                            ; post-synthesis    ; ro_puf:u_ro_puf|puf_id[14]          ; N/A     ;
; ro_puf:u_ro_puf|puf_id[15]~reg0  ; pre-synthesis ; connected ; Top                            ; post-synthesis    ; ro_puf:u_ro_puf|puf_id[15]          ; N/A     ;
; ro_puf:u_ro_puf|puf_id[15]~reg0  ; pre-synthesis ; connected ; Top                            ; post-synthesis    ; ro_puf:u_ro_puf|puf_id[15]          ; N/A     ;
; ro_puf:u_ro_puf|puf_id[16]~reg0  ; pre-synthesis ; connected ; Top                            ; post-synthesis    ; ro_puf:u_ro_puf|puf_id[16]          ; N/A     ;
; ro_puf:u_ro_puf|puf_id[16]~reg0  ; pre-synthesis ; connected ; Top                            ; post-synthesis    ; ro_puf:u_ro_puf|puf_id[16]          ; N/A     ;
; ro_puf:u_ro_puf|puf_id[17]~reg0  ; pre-synthesis ; connected ; Top                            ; post-synthesis    ; ro_puf:u_ro_puf|puf_id[17]          ; N/A     ;
; ro_puf:u_ro_puf|puf_id[17]~reg0  ; pre-synthesis ; connected ; Top                            ; post-synthesis    ; ro_puf:u_ro_puf|puf_id[17]          ; N/A     ;
; ro_puf:u_ro_puf|puf_id[18]~reg0  ; pre-synthesis ; connected ; Top                            ; post-synthesis    ; ro_puf:u_ro_puf|puf_id[18]          ; N/A     ;
; ro_puf:u_ro_puf|puf_id[18]~reg0  ; pre-synthesis ; connected ; Top                            ; post-synthesis    ; ro_puf:u_ro_puf|puf_id[18]          ; N/A     ;
; ro_puf:u_ro_puf|puf_id[19]~reg0  ; pre-synthesis ; connected ; Top                            ; post-synthesis    ; ro_puf:u_ro_puf|puf_id[19]          ; N/A     ;
; ro_puf:u_ro_puf|puf_id[19]~reg0  ; pre-synthesis ; connected ; Top                            ; post-synthesis    ; ro_puf:u_ro_puf|puf_id[19]          ; N/A     ;
; ro_puf:u_ro_puf|puf_id[1]~reg0   ; pre-synthesis ; connected ; Top                            ; post-synthesis    ; ro_puf:u_ro_puf|puf_id[1]           ; N/A     ;
; ro_puf:u_ro_puf|puf_id[1]~reg0   ; pre-synthesis ; connected ; Top                            ; post-synthesis    ; ro_puf:u_ro_puf|puf_id[1]           ; N/A     ;
; ro_puf:u_ro_puf|puf_id[20]~reg0  ; pre-synthesis ; connected ; Top                            ; post-synthesis    ; ro_puf:u_ro_puf|puf_id[20]          ; N/A     ;
; ro_puf:u_ro_puf|puf_id[20]~reg0  ; pre-synthesis ; connected ; Top                            ; post-synthesis    ; ro_puf:u_ro_puf|puf_id[20]          ; N/A     ;
; ro_puf:u_ro_puf|puf_id[21]~reg0  ; pre-synthesis ; connected ; Top                            ; post-synthesis    ; ro_puf:u_ro_puf|puf_id[21]          ; N/A     ;
; ro_puf:u_ro_puf|puf_id[21]~reg0  ; pre-synthesis ; connected ; Top                            ; post-synthesis    ; ro_puf:u_ro_puf|puf_id[21]          ; N/A     ;
; ro_puf:u_ro_puf|puf_id[22]~reg0  ; pre-synthesis ; connected ; Top                            ; post-synthesis    ; ro_puf:u_ro_puf|puf_id[22]          ; N/A     ;
; ro_puf:u_ro_puf|puf_id[22]~reg0  ; pre-synthesis ; connected ; Top                            ; post-synthesis    ; ro_puf:u_ro_puf|puf_id[22]          ; N/A     ;
; ro_puf:u_ro_puf|puf_id[23]~reg0  ; pre-synthesis ; connected ; Top                            ; post-synthesis    ; ro_puf:u_ro_puf|puf_id[23]          ; N/A     ;
; ro_puf:u_ro_puf|puf_id[23]~reg0  ; pre-synthesis ; connected ; Top                            ; post-synthesis    ; ro_puf:u_ro_puf|puf_id[23]          ; N/A     ;
; ro_puf:u_ro_puf|puf_id[24]~reg0  ; pre-synthesis ; connected ; Top                            ; post-synthesis    ; ro_puf:u_ro_puf|puf_id[24]          ; N/A     ;
; ro_puf:u_ro_puf|puf_id[24]~reg0  ; pre-synthesis ; connected ; Top                            ; post-synthesis    ; ro_puf:u_ro_puf|puf_id[24]          ; N/A     ;
; ro_puf:u_ro_puf|puf_id[25]~reg0  ; pre-synthesis ; connected ; Top                            ; post-synthesis    ; ro_puf:u_ro_puf|puf_id[25]          ; N/A     ;
; ro_puf:u_ro_puf|puf_id[25]~reg0  ; pre-synthesis ; connected ; Top                            ; post-synthesis    ; ro_puf:u_ro_puf|puf_id[25]          ; N/A     ;
; ro_puf:u_ro_puf|puf_id[26]~reg0  ; pre-synthesis ; connected ; Top                            ; post-synthesis    ; ro_puf:u_ro_puf|puf_id[26]          ; N/A     ;
; ro_puf:u_ro_puf|puf_id[26]~reg0  ; pre-synthesis ; connected ; Top                            ; post-synthesis    ; ro_puf:u_ro_puf|puf_id[26]          ; N/A     ;
; ro_puf:u_ro_puf|puf_id[27]~reg0  ; pre-synthesis ; connected ; Top                            ; post-synthesis    ; ro_puf:u_ro_puf|puf_id[27]          ; N/A     ;
; ro_puf:u_ro_puf|puf_id[27]~reg0  ; pre-synthesis ; connected ; Top                            ; post-synthesis    ; ro_puf:u_ro_puf|puf_id[27]          ; N/A     ;
; ro_puf:u_ro_puf|puf_id[28]~reg0  ; pre-synthesis ; connected ; Top                            ; post-synthesis    ; ro_puf:u_ro_puf|puf_id[28]          ; N/A     ;
; ro_puf:u_ro_puf|puf_id[28]~reg0  ; pre-synthesis ; connected ; Top                            ; post-synthesis    ; ro_puf:u_ro_puf|puf_id[28]          ; N/A     ;
; ro_puf:u_ro_puf|puf_id[29]~reg0  ; pre-synthesis ; connected ; Top                            ; post-synthesis    ; ro_puf:u_ro_puf|puf_id[29]          ; N/A     ;
; ro_puf:u_ro_puf|puf_id[29]~reg0  ; pre-synthesis ; connected ; Top                            ; post-synthesis    ; ro_puf:u_ro_puf|puf_id[29]          ; N/A     ;
; ro_puf:u_ro_puf|puf_id[2]~reg0   ; pre-synthesis ; connected ; Top                            ; post-synthesis    ; ro_puf:u_ro_puf|puf_id[2]           ; N/A     ;
; ro_puf:u_ro_puf|puf_id[2]~reg0   ; pre-synthesis ; connected ; Top                            ; post-synthesis    ; ro_puf:u_ro_puf|puf_id[2]           ; N/A     ;
; ro_puf:u_ro_puf|puf_id[30]~reg0  ; pre-synthesis ; connected ; Top                            ; post-synthesis    ; ro_puf:u_ro_puf|puf_id[30]          ; N/A     ;
; ro_puf:u_ro_puf|puf_id[30]~reg0  ; pre-synthesis ; connected ; Top                            ; post-synthesis    ; ro_puf:u_ro_puf|puf_id[30]          ; N/A     ;
; ro_puf:u_ro_puf|puf_id[31]~reg0  ; pre-synthesis ; connected ; Top                            ; post-synthesis    ; ro_puf:u_ro_puf|puf_id[31]          ; N/A     ;
; ro_puf:u_ro_puf|puf_id[31]~reg0  ; pre-synthesis ; connected ; Top                            ; post-synthesis    ; ro_puf:u_ro_puf|puf_id[31]          ; N/A     ;
; ro_puf:u_ro_puf|puf_id[32]~reg0  ; pre-synthesis ; connected ; Top                            ; post-synthesis    ; ro_puf:u_ro_puf|puf_id[32]          ; N/A     ;
; ro_puf:u_ro_puf|puf_id[32]~reg0  ; pre-synthesis ; connected ; Top                            ; post-synthesis    ; ro_puf:u_ro_puf|puf_id[32]          ; N/A     ;
; ro_puf:u_ro_puf|puf_id[33]~reg0  ; pre-synthesis ; connected ; Top                            ; post-synthesis    ; ro_puf:u_ro_puf|puf_id[33]          ; N/A     ;
; ro_puf:u_ro_puf|puf_id[33]~reg0  ; pre-synthesis ; connected ; Top                            ; post-synthesis    ; ro_puf:u_ro_puf|puf_id[33]          ; N/A     ;
; ro_puf:u_ro_puf|puf_id[34]~reg0  ; pre-synthesis ; connected ; Top                            ; post-synthesis    ; ro_puf:u_ro_puf|puf_id[34]          ; N/A     ;
; ro_puf:u_ro_puf|puf_id[34]~reg0  ; pre-synthesis ; connected ; Top                            ; post-synthesis    ; ro_puf:u_ro_puf|puf_id[34]          ; N/A     ;
; ro_puf:u_ro_puf|puf_id[35]~reg0  ; pre-synthesis ; connected ; Top                            ; post-synthesis    ; ro_puf:u_ro_puf|puf_id[35]          ; N/A     ;
; ro_puf:u_ro_puf|puf_id[35]~reg0  ; pre-synthesis ; connected ; Top                            ; post-synthesis    ; ro_puf:u_ro_puf|puf_id[35]          ; N/A     ;
; ro_puf:u_ro_puf|puf_id[36]~reg0  ; pre-synthesis ; connected ; Top                            ; post-synthesis    ; ro_puf:u_ro_puf|puf_id[36]          ; N/A     ;
; ro_puf:u_ro_puf|puf_id[36]~reg0  ; pre-synthesis ; connected ; Top                            ; post-synthesis    ; ro_puf:u_ro_puf|puf_id[36]          ; N/A     ;
; ro_puf:u_ro_puf|puf_id[37]~reg0  ; pre-synthesis ; connected ; Top                            ; post-synthesis    ; ro_puf:u_ro_puf|puf_id[37]          ; N/A     ;
; ro_puf:u_ro_puf|puf_id[37]~reg0  ; pre-synthesis ; connected ; Top                            ; post-synthesis    ; ro_puf:u_ro_puf|puf_id[37]          ; N/A     ;
; ro_puf:u_ro_puf|puf_id[38]~reg0  ; pre-synthesis ; connected ; Top                            ; post-synthesis    ; ro_puf:u_ro_puf|puf_id[38]          ; N/A     ;
; ro_puf:u_ro_puf|puf_id[38]~reg0  ; pre-synthesis ; connected ; Top                            ; post-synthesis    ; ro_puf:u_ro_puf|puf_id[38]          ; N/A     ;
; ro_puf:u_ro_puf|puf_id[39]~reg0  ; pre-synthesis ; connected ; Top                            ; post-synthesis    ; ro_puf:u_ro_puf|puf_id[39]          ; N/A     ;
; ro_puf:u_ro_puf|puf_id[39]~reg0  ; pre-synthesis ; connected ; Top                            ; post-synthesis    ; ro_puf:u_ro_puf|puf_id[39]          ; N/A     ;
; ro_puf:u_ro_puf|puf_id[3]~reg0   ; pre-synthesis ; connected ; Top                            ; post-synthesis    ; ro_puf:u_ro_puf|puf_id[3]           ; N/A     ;
; ro_puf:u_ro_puf|puf_id[3]~reg0   ; pre-synthesis ; connected ; Top                            ; post-synthesis    ; ro_puf:u_ro_puf|puf_id[3]           ; N/A     ;
; ro_puf:u_ro_puf|puf_id[40]~reg0  ; pre-synthesis ; connected ; Top                            ; post-synthesis    ; ro_puf:u_ro_puf|puf_id[40]          ; N/A     ;
; ro_puf:u_ro_puf|puf_id[40]~reg0  ; pre-synthesis ; connected ; Top                            ; post-synthesis    ; ro_puf:u_ro_puf|puf_id[40]          ; N/A     ;
; ro_puf:u_ro_puf|puf_id[41]~reg0  ; pre-synthesis ; connected ; Top                            ; post-synthesis    ; ro_puf:u_ro_puf|puf_id[41]          ; N/A     ;
; ro_puf:u_ro_puf|puf_id[41]~reg0  ; pre-synthesis ; connected ; Top                            ; post-synthesis    ; ro_puf:u_ro_puf|puf_id[41]          ; N/A     ;
; ro_puf:u_ro_puf|puf_id[42]~reg0  ; pre-synthesis ; connected ; Top                            ; post-synthesis    ; ro_puf:u_ro_puf|puf_id[42]          ; N/A     ;
; ro_puf:u_ro_puf|puf_id[42]~reg0  ; pre-synthesis ; connected ; Top                            ; post-synthesis    ; ro_puf:u_ro_puf|puf_id[42]          ; N/A     ;
; ro_puf:u_ro_puf|puf_id[43]~reg0  ; pre-synthesis ; connected ; Top                            ; post-synthesis    ; ro_puf:u_ro_puf|puf_id[43]          ; N/A     ;
; ro_puf:u_ro_puf|puf_id[43]~reg0  ; pre-synthesis ; connected ; Top                            ; post-synthesis    ; ro_puf:u_ro_puf|puf_id[43]          ; N/A     ;
; ro_puf:u_ro_puf|puf_id[44]~reg0  ; pre-synthesis ; connected ; Top                            ; post-synthesis    ; ro_puf:u_ro_puf|puf_id[44]          ; N/A     ;
; ro_puf:u_ro_puf|puf_id[44]~reg0  ; pre-synthesis ; connected ; Top                            ; post-synthesis    ; ro_puf:u_ro_puf|puf_id[44]          ; N/A     ;
; ro_puf:u_ro_puf|puf_id[45]~reg0  ; pre-synthesis ; connected ; Top                            ; post-synthesis    ; ro_puf:u_ro_puf|puf_id[45]          ; N/A     ;
; ro_puf:u_ro_puf|puf_id[45]~reg0  ; pre-synthesis ; connected ; Top                            ; post-synthesis    ; ro_puf:u_ro_puf|puf_id[45]          ; N/A     ;
; ro_puf:u_ro_puf|puf_id[46]~reg0  ; pre-synthesis ; connected ; Top                            ; post-synthesis    ; ro_puf:u_ro_puf|puf_id[46]          ; N/A     ;
; ro_puf:u_ro_puf|puf_id[46]~reg0  ; pre-synthesis ; connected ; Top                            ; post-synthesis    ; ro_puf:u_ro_puf|puf_id[46]          ; N/A     ;
; ro_puf:u_ro_puf|puf_id[47]~reg0  ; pre-synthesis ; connected ; Top                            ; post-synthesis    ; ro_puf:u_ro_puf|puf_id[47]          ; N/A     ;
; ro_puf:u_ro_puf|puf_id[47]~reg0  ; pre-synthesis ; connected ; Top                            ; post-synthesis    ; ro_puf:u_ro_puf|puf_id[47]          ; N/A     ;
; ro_puf:u_ro_puf|puf_id[48]~reg0  ; pre-synthesis ; connected ; Top                            ; post-synthesis    ; ro_puf:u_ro_puf|puf_id[48]          ; N/A     ;
; ro_puf:u_ro_puf|puf_id[48]~reg0  ; pre-synthesis ; connected ; Top                            ; post-synthesis    ; ro_puf:u_ro_puf|puf_id[48]          ; N/A     ;
; ro_puf:u_ro_puf|puf_id[49]~reg0  ; pre-synthesis ; connected ; Top                            ; post-synthesis    ; ro_puf:u_ro_puf|puf_id[49]          ; N/A     ;
; ro_puf:u_ro_puf|puf_id[49]~reg0  ; pre-synthesis ; connected ; Top                            ; post-synthesis    ; ro_puf:u_ro_puf|puf_id[49]          ; N/A     ;
; ro_puf:u_ro_puf|puf_id[4]~reg0   ; pre-synthesis ; connected ; Top                            ; post-synthesis    ; ro_puf:u_ro_puf|puf_id[4]           ; N/A     ;
; ro_puf:u_ro_puf|puf_id[4]~reg0   ; pre-synthesis ; connected ; Top                            ; post-synthesis    ; ro_puf:u_ro_puf|puf_id[4]           ; N/A     ;
; ro_puf:u_ro_puf|puf_id[50]~reg0  ; pre-synthesis ; connected ; Top                            ; post-synthesis    ; ro_puf:u_ro_puf|puf_id[50]          ; N/A     ;
; ro_puf:u_ro_puf|puf_id[50]~reg0  ; pre-synthesis ; connected ; Top                            ; post-synthesis    ; ro_puf:u_ro_puf|puf_id[50]          ; N/A     ;
; ro_puf:u_ro_puf|puf_id[51]~reg0  ; pre-synthesis ; connected ; Top                            ; post-synthesis    ; ro_puf:u_ro_puf|puf_id[51]          ; N/A     ;
; ro_puf:u_ro_puf|puf_id[51]~reg0  ; pre-synthesis ; connected ; Top                            ; post-synthesis    ; ro_puf:u_ro_puf|puf_id[51]          ; N/A     ;
; ro_puf:u_ro_puf|puf_id[52]~reg0  ; pre-synthesis ; connected ; Top                            ; post-synthesis    ; ro_puf:u_ro_puf|puf_id[52]          ; N/A     ;
; ro_puf:u_ro_puf|puf_id[52]~reg0  ; pre-synthesis ; connected ; Top                            ; post-synthesis    ; ro_puf:u_ro_puf|puf_id[52]          ; N/A     ;
; ro_puf:u_ro_puf|puf_id[53]~reg0  ; pre-synthesis ; connected ; Top                            ; post-synthesis    ; ro_puf:u_ro_puf|puf_id[53]          ; N/A     ;
; ro_puf:u_ro_puf|puf_id[53]~reg0  ; pre-synthesis ; connected ; Top                            ; post-synthesis    ; ro_puf:u_ro_puf|puf_id[53]          ; N/A     ;
; ro_puf:u_ro_puf|puf_id[54]~reg0  ; pre-synthesis ; connected ; Top                            ; post-synthesis    ; ro_puf:u_ro_puf|puf_id[54]          ; N/A     ;
; ro_puf:u_ro_puf|puf_id[54]~reg0  ; pre-synthesis ; connected ; Top                            ; post-synthesis    ; ro_puf:u_ro_puf|puf_id[54]          ; N/A     ;
; ro_puf:u_ro_puf|puf_id[55]~reg0  ; pre-synthesis ; connected ; Top                            ; post-synthesis    ; ro_puf:u_ro_puf|puf_id[55]          ; N/A     ;
; ro_puf:u_ro_puf|puf_id[55]~reg0  ; pre-synthesis ; connected ; Top                            ; post-synthesis    ; ro_puf:u_ro_puf|puf_id[55]          ; N/A     ;
; ro_puf:u_ro_puf|puf_id[56]~reg0  ; pre-synthesis ; connected ; Top                            ; post-synthesis    ; ro_puf:u_ro_puf|puf_id[56]          ; N/A     ;
; ro_puf:u_ro_puf|puf_id[56]~reg0  ; pre-synthesis ; connected ; Top                            ; post-synthesis    ; ro_puf:u_ro_puf|puf_id[56]          ; N/A     ;
; ro_puf:u_ro_puf|puf_id[57]~reg0  ; pre-synthesis ; connected ; Top                            ; post-synthesis    ; ro_puf:u_ro_puf|puf_id[57]          ; N/A     ;
; ro_puf:u_ro_puf|puf_id[57]~reg0  ; pre-synthesis ; connected ; Top                            ; post-synthesis    ; ro_puf:u_ro_puf|puf_id[57]          ; N/A     ;
; ro_puf:u_ro_puf|puf_id[58]~reg0  ; pre-synthesis ; connected ; Top                            ; post-synthesis    ; ro_puf:u_ro_puf|puf_id[58]          ; N/A     ;
; ro_puf:u_ro_puf|puf_id[58]~reg0  ; pre-synthesis ; connected ; Top                            ; post-synthesis    ; ro_puf:u_ro_puf|puf_id[58]          ; N/A     ;
; ro_puf:u_ro_puf|puf_id[59]~reg0  ; pre-synthesis ; connected ; Top                            ; post-synthesis    ; ro_puf:u_ro_puf|puf_id[59]          ; N/A     ;
; ro_puf:u_ro_puf|puf_id[59]~reg0  ; pre-synthesis ; connected ; Top                            ; post-synthesis    ; ro_puf:u_ro_puf|puf_id[59]          ; N/A     ;
; ro_puf:u_ro_puf|puf_id[5]~reg0   ; pre-synthesis ; connected ; Top                            ; post-synthesis    ; ro_puf:u_ro_puf|puf_id[5]           ; N/A     ;
; ro_puf:u_ro_puf|puf_id[5]~reg0   ; pre-synthesis ; connected ; Top                            ; post-synthesis    ; ro_puf:u_ro_puf|puf_id[5]           ; N/A     ;
; ro_puf:u_ro_puf|puf_id[60]~reg0  ; pre-synthesis ; connected ; Top                            ; post-synthesis    ; ro_puf:u_ro_puf|puf_id[60]          ; N/A     ;
; ro_puf:u_ro_puf|puf_id[60]~reg0  ; pre-synthesis ; connected ; Top                            ; post-synthesis    ; ro_puf:u_ro_puf|puf_id[60]          ; N/A     ;
; ro_puf:u_ro_puf|puf_id[61]~reg0  ; pre-synthesis ; connected ; Top                            ; post-synthesis    ; ro_puf:u_ro_puf|puf_id[61]          ; N/A     ;
; ro_puf:u_ro_puf|puf_id[61]~reg0  ; pre-synthesis ; connected ; Top                            ; post-synthesis    ; ro_puf:u_ro_puf|puf_id[61]          ; N/A     ;
; ro_puf:u_ro_puf|puf_id[62]~reg0  ; pre-synthesis ; connected ; Top                            ; post-synthesis    ; ro_puf:u_ro_puf|puf_id[62]          ; N/A     ;
; ro_puf:u_ro_puf|puf_id[62]~reg0  ; pre-synthesis ; connected ; Top                            ; post-synthesis    ; ro_puf:u_ro_puf|puf_id[62]          ; N/A     ;
; ro_puf:u_ro_puf|puf_id[63]~reg0  ; pre-synthesis ; connected ; Top                            ; post-synthesis    ; ro_puf:u_ro_puf|puf_id[63]          ; N/A     ;
; ro_puf:u_ro_puf|puf_id[63]~reg0  ; pre-synthesis ; connected ; Top                            ; post-synthesis    ; ro_puf:u_ro_puf|puf_id[63]          ; N/A     ;
; ro_puf:u_ro_puf|puf_id[64]~reg0  ; pre-synthesis ; connected ; Top                            ; post-synthesis    ; ro_puf:u_ro_puf|puf_id[64]          ; N/A     ;
; ro_puf:u_ro_puf|puf_id[64]~reg0  ; pre-synthesis ; connected ; Top                            ; post-synthesis    ; ro_puf:u_ro_puf|puf_id[64]          ; N/A     ;
; ro_puf:u_ro_puf|puf_id[65]~reg0  ; pre-synthesis ; connected ; Top                            ; post-synthesis    ; ro_puf:u_ro_puf|puf_id[65]          ; N/A     ;
; ro_puf:u_ro_puf|puf_id[65]~reg0  ; pre-synthesis ; connected ; Top                            ; post-synthesis    ; ro_puf:u_ro_puf|puf_id[65]          ; N/A     ;
; ro_puf:u_ro_puf|puf_id[66]~reg0  ; pre-synthesis ; connected ; Top                            ; post-synthesis    ; ro_puf:u_ro_puf|puf_id[66]          ; N/A     ;
; ro_puf:u_ro_puf|puf_id[66]~reg0  ; pre-synthesis ; connected ; Top                            ; post-synthesis    ; ro_puf:u_ro_puf|puf_id[66]          ; N/A     ;
; ro_puf:u_ro_puf|puf_id[67]~reg0  ; pre-synthesis ; connected ; Top                            ; post-synthesis    ; ro_puf:u_ro_puf|puf_id[67]          ; N/A     ;
; ro_puf:u_ro_puf|puf_id[67]~reg0  ; pre-synthesis ; connected ; Top                            ; post-synthesis    ; ro_puf:u_ro_puf|puf_id[67]          ; N/A     ;
; ro_puf:u_ro_puf|puf_id[68]~reg0  ; pre-synthesis ; connected ; Top                            ; post-synthesis    ; ro_puf:u_ro_puf|puf_id[68]          ; N/A     ;
; ro_puf:u_ro_puf|puf_id[68]~reg0  ; pre-synthesis ; connected ; Top                            ; post-synthesis    ; ro_puf:u_ro_puf|puf_id[68]          ; N/A     ;
; ro_puf:u_ro_puf|puf_id[69]~reg0  ; pre-synthesis ; connected ; Top                            ; post-synthesis    ; ro_puf:u_ro_puf|puf_id[69]          ; N/A     ;
; ro_puf:u_ro_puf|puf_id[69]~reg0  ; pre-synthesis ; connected ; Top                            ; post-synthesis    ; ro_puf:u_ro_puf|puf_id[69]          ; N/A     ;
; ro_puf:u_ro_puf|puf_id[6]~reg0   ; pre-synthesis ; connected ; Top                            ; post-synthesis    ; ro_puf:u_ro_puf|puf_id[6]           ; N/A     ;
; ro_puf:u_ro_puf|puf_id[6]~reg0   ; pre-synthesis ; connected ; Top                            ; post-synthesis    ; ro_puf:u_ro_puf|puf_id[6]           ; N/A     ;
; ro_puf:u_ro_puf|puf_id[70]~reg0  ; pre-synthesis ; connected ; Top                            ; post-synthesis    ; ro_puf:u_ro_puf|puf_id[70]          ; N/A     ;
; ro_puf:u_ro_puf|puf_id[70]~reg0  ; pre-synthesis ; connected ; Top                            ; post-synthesis    ; ro_puf:u_ro_puf|puf_id[70]          ; N/A     ;
; ro_puf:u_ro_puf|puf_id[71]~reg0  ; pre-synthesis ; connected ; Top                            ; post-synthesis    ; ro_puf:u_ro_puf|puf_id[71]          ; N/A     ;
; ro_puf:u_ro_puf|puf_id[71]~reg0  ; pre-synthesis ; connected ; Top                            ; post-synthesis    ; ro_puf:u_ro_puf|puf_id[71]          ; N/A     ;
; ro_puf:u_ro_puf|puf_id[72]~reg0  ; pre-synthesis ; connected ; Top                            ; post-synthesis    ; ro_puf:u_ro_puf|puf_id[72]          ; N/A     ;
; ro_puf:u_ro_puf|puf_id[72]~reg0  ; pre-synthesis ; connected ; Top                            ; post-synthesis    ; ro_puf:u_ro_puf|puf_id[72]          ; N/A     ;
; ro_puf:u_ro_puf|puf_id[73]~reg0  ; pre-synthesis ; connected ; Top                            ; post-synthesis    ; ro_puf:u_ro_puf|puf_id[73]          ; N/A     ;
; ro_puf:u_ro_puf|puf_id[73]~reg0  ; pre-synthesis ; connected ; Top                            ; post-synthesis    ; ro_puf:u_ro_puf|puf_id[73]          ; N/A     ;
; ro_puf:u_ro_puf|puf_id[74]~reg0  ; pre-synthesis ; connected ; Top                            ; post-synthesis    ; ro_puf:u_ro_puf|puf_id[74]          ; N/A     ;
; ro_puf:u_ro_puf|puf_id[74]~reg0  ; pre-synthesis ; connected ; Top                            ; post-synthesis    ; ro_puf:u_ro_puf|puf_id[74]          ; N/A     ;
; ro_puf:u_ro_puf|puf_id[75]~reg0  ; pre-synthesis ; connected ; Top                            ; post-synthesis    ; ro_puf:u_ro_puf|puf_id[75]          ; N/A     ;
; ro_puf:u_ro_puf|puf_id[75]~reg0  ; pre-synthesis ; connected ; Top                            ; post-synthesis    ; ro_puf:u_ro_puf|puf_id[75]          ; N/A     ;
; ro_puf:u_ro_puf|puf_id[76]~reg0  ; pre-synthesis ; connected ; Top                            ; post-synthesis    ; ro_puf:u_ro_puf|puf_id[76]          ; N/A     ;
; ro_puf:u_ro_puf|puf_id[76]~reg0  ; pre-synthesis ; connected ; Top                            ; post-synthesis    ; ro_puf:u_ro_puf|puf_id[76]          ; N/A     ;
; ro_puf:u_ro_puf|puf_id[77]~reg0  ; pre-synthesis ; connected ; Top                            ; post-synthesis    ; ro_puf:u_ro_puf|puf_id[77]          ; N/A     ;
; ro_puf:u_ro_puf|puf_id[77]~reg0  ; pre-synthesis ; connected ; Top                            ; post-synthesis    ; ro_puf:u_ro_puf|puf_id[77]          ; N/A     ;
; ro_puf:u_ro_puf|puf_id[78]~reg0  ; pre-synthesis ; connected ; Top                            ; post-synthesis    ; ro_puf:u_ro_puf|puf_id[78]          ; N/A     ;
; ro_puf:u_ro_puf|puf_id[78]~reg0  ; pre-synthesis ; connected ; Top                            ; post-synthesis    ; ro_puf:u_ro_puf|puf_id[78]          ; N/A     ;
; ro_puf:u_ro_puf|puf_id[79]~reg0  ; pre-synthesis ; connected ; Top                            ; post-synthesis    ; ro_puf:u_ro_puf|puf_id[79]          ; N/A     ;
; ro_puf:u_ro_puf|puf_id[79]~reg0  ; pre-synthesis ; connected ; Top                            ; post-synthesis    ; ro_puf:u_ro_puf|puf_id[79]          ; N/A     ;
; ro_puf:u_ro_puf|puf_id[7]~reg0   ; pre-synthesis ; connected ; Top                            ; post-synthesis    ; ro_puf:u_ro_puf|puf_id[7]           ; N/A     ;
; ro_puf:u_ro_puf|puf_id[7]~reg0   ; pre-synthesis ; connected ; Top                            ; post-synthesis    ; ro_puf:u_ro_puf|puf_id[7]           ; N/A     ;
; ro_puf:u_ro_puf|puf_id[80]~reg0  ; pre-synthesis ; connected ; Top                            ; post-synthesis    ; ro_puf:u_ro_puf|puf_id[80]          ; N/A     ;
; ro_puf:u_ro_puf|puf_id[80]~reg0  ; pre-synthesis ; connected ; Top                            ; post-synthesis    ; ro_puf:u_ro_puf|puf_id[80]          ; N/A     ;
; ro_puf:u_ro_puf|puf_id[81]~reg0  ; pre-synthesis ; connected ; Top                            ; post-synthesis    ; ro_puf:u_ro_puf|puf_id[81]          ; N/A     ;
; ro_puf:u_ro_puf|puf_id[81]~reg0  ; pre-synthesis ; connected ; Top                            ; post-synthesis    ; ro_puf:u_ro_puf|puf_id[81]          ; N/A     ;
; ro_puf:u_ro_puf|puf_id[82]~reg0  ; pre-synthesis ; connected ; Top                            ; post-synthesis    ; ro_puf:u_ro_puf|puf_id[82]          ; N/A     ;
; ro_puf:u_ro_puf|puf_id[82]~reg0  ; pre-synthesis ; connected ; Top                            ; post-synthesis    ; ro_puf:u_ro_puf|puf_id[82]          ; N/A     ;
; ro_puf:u_ro_puf|puf_id[83]~reg0  ; pre-synthesis ; connected ; Top                            ; post-synthesis    ; ro_puf:u_ro_puf|puf_id[83]          ; N/A     ;
; ro_puf:u_ro_puf|puf_id[83]~reg0  ; pre-synthesis ; connected ; Top                            ; post-synthesis    ; ro_puf:u_ro_puf|puf_id[83]          ; N/A     ;
; ro_puf:u_ro_puf|puf_id[84]~reg0  ; pre-synthesis ; connected ; Top                            ; post-synthesis    ; ro_puf:u_ro_puf|puf_id[84]          ; N/A     ;
; ro_puf:u_ro_puf|puf_id[84]~reg0  ; pre-synthesis ; connected ; Top                            ; post-synthesis    ; ro_puf:u_ro_puf|puf_id[84]          ; N/A     ;
; ro_puf:u_ro_puf|puf_id[85]~reg0  ; pre-synthesis ; connected ; Top                            ; post-synthesis    ; ro_puf:u_ro_puf|puf_id[85]          ; N/A     ;
; ro_puf:u_ro_puf|puf_id[85]~reg0  ; pre-synthesis ; connected ; Top                            ; post-synthesis    ; ro_puf:u_ro_puf|puf_id[85]          ; N/A     ;
; ro_puf:u_ro_puf|puf_id[86]~reg0  ; pre-synthesis ; connected ; Top                            ; post-synthesis    ; ro_puf:u_ro_puf|puf_id[86]          ; N/A     ;
; ro_puf:u_ro_puf|puf_id[86]~reg0  ; pre-synthesis ; connected ; Top                            ; post-synthesis    ; ro_puf:u_ro_puf|puf_id[86]          ; N/A     ;
; ro_puf:u_ro_puf|puf_id[87]~reg0  ; pre-synthesis ; connected ; Top                            ; post-synthesis    ; ro_puf:u_ro_puf|puf_id[87]          ; N/A     ;
; ro_puf:u_ro_puf|puf_id[87]~reg0  ; pre-synthesis ; connected ; Top                            ; post-synthesis    ; ro_puf:u_ro_puf|puf_id[87]          ; N/A     ;
; ro_puf:u_ro_puf|puf_id[88]~reg0  ; pre-synthesis ; connected ; Top                            ; post-synthesis    ; ro_puf:u_ro_puf|puf_id[88]          ; N/A     ;
; ro_puf:u_ro_puf|puf_id[88]~reg0  ; pre-synthesis ; connected ; Top                            ; post-synthesis    ; ro_puf:u_ro_puf|puf_id[88]          ; N/A     ;
; ro_puf:u_ro_puf|puf_id[89]~reg0  ; pre-synthesis ; connected ; Top                            ; post-synthesis    ; ro_puf:u_ro_puf|puf_id[89]          ; N/A     ;
; ro_puf:u_ro_puf|puf_id[89]~reg0  ; pre-synthesis ; connected ; Top                            ; post-synthesis    ; ro_puf:u_ro_puf|puf_id[89]          ; N/A     ;
; ro_puf:u_ro_puf|puf_id[8]~reg0   ; pre-synthesis ; connected ; Top                            ; post-synthesis    ; ro_puf:u_ro_puf|puf_id[8]           ; N/A     ;
; ro_puf:u_ro_puf|puf_id[8]~reg0   ; pre-synthesis ; connected ; Top                            ; post-synthesis    ; ro_puf:u_ro_puf|puf_id[8]           ; N/A     ;
; ro_puf:u_ro_puf|puf_id[90]~reg0  ; pre-synthesis ; connected ; Top                            ; post-synthesis    ; ro_puf:u_ro_puf|puf_id[90]          ; N/A     ;
; ro_puf:u_ro_puf|puf_id[90]~reg0  ; pre-synthesis ; connected ; Top                            ; post-synthesis    ; ro_puf:u_ro_puf|puf_id[90]          ; N/A     ;
; ro_puf:u_ro_puf|puf_id[91]~reg0  ; pre-synthesis ; connected ; Top                            ; post-synthesis    ; ro_puf:u_ro_puf|puf_id[91]          ; N/A     ;
; ro_puf:u_ro_puf|puf_id[91]~reg0  ; pre-synthesis ; connected ; Top                            ; post-synthesis    ; ro_puf:u_ro_puf|puf_id[91]          ; N/A     ;
; ro_puf:u_ro_puf|puf_id[92]~reg0  ; pre-synthesis ; connected ; Top                            ; post-synthesis    ; ro_puf:u_ro_puf|puf_id[92]          ; N/A     ;
; ro_puf:u_ro_puf|puf_id[92]~reg0  ; pre-synthesis ; connected ; Top                            ; post-synthesis    ; ro_puf:u_ro_puf|puf_id[92]          ; N/A     ;
; ro_puf:u_ro_puf|puf_id[93]~reg0  ; pre-synthesis ; connected ; Top                            ; post-synthesis    ; ro_puf:u_ro_puf|puf_id[93]          ; N/A     ;
; ro_puf:u_ro_puf|puf_id[93]~reg0  ; pre-synthesis ; connected ; Top                            ; post-synthesis    ; ro_puf:u_ro_puf|puf_id[93]          ; N/A     ;
; ro_puf:u_ro_puf|puf_id[94]~reg0  ; pre-synthesis ; connected ; Top                            ; post-synthesis    ; ro_puf:u_ro_puf|puf_id[94]          ; N/A     ;
; ro_puf:u_ro_puf|puf_id[94]~reg0  ; pre-synthesis ; connected ; Top                            ; post-synthesis    ; ro_puf:u_ro_puf|puf_id[94]          ; N/A     ;
; ro_puf:u_ro_puf|puf_id[95]~reg0  ; pre-synthesis ; connected ; Top                            ; post-synthesis    ; ro_puf:u_ro_puf|puf_id[95]          ; N/A     ;
; ro_puf:u_ro_puf|puf_id[95]~reg0  ; pre-synthesis ; connected ; Top                            ; post-synthesis    ; ro_puf:u_ro_puf|puf_id[95]          ; N/A     ;
; ro_puf:u_ro_puf|puf_id[96]~reg0  ; pre-synthesis ; connected ; Top                            ; post-synthesis    ; ro_puf:u_ro_puf|puf_id[96]          ; N/A     ;
; ro_puf:u_ro_puf|puf_id[96]~reg0  ; pre-synthesis ; connected ; Top                            ; post-synthesis    ; ro_puf:u_ro_puf|puf_id[96]          ; N/A     ;
; ro_puf:u_ro_puf|puf_id[97]~reg0  ; pre-synthesis ; connected ; Top                            ; post-synthesis    ; ro_puf:u_ro_puf|puf_id[97]          ; N/A     ;
; ro_puf:u_ro_puf|puf_id[97]~reg0  ; pre-synthesis ; connected ; Top                            ; post-synthesis    ; ro_puf:u_ro_puf|puf_id[97]          ; N/A     ;
; ro_puf:u_ro_puf|puf_id[98]~reg0  ; pre-synthesis ; connected ; Top                            ; post-synthesis    ; ro_puf:u_ro_puf|puf_id[98]          ; N/A     ;
; ro_puf:u_ro_puf|puf_id[98]~reg0  ; pre-synthesis ; connected ; Top                            ; post-synthesis    ; ro_puf:u_ro_puf|puf_id[98]          ; N/A     ;
; ro_puf:u_ro_puf|puf_id[99]~reg0  ; pre-synthesis ; connected ; Top                            ; post-synthesis    ; ro_puf:u_ro_puf|puf_id[99]          ; N/A     ;
; ro_puf:u_ro_puf|puf_id[99]~reg0  ; pre-synthesis ; connected ; Top                            ; post-synthesis    ; ro_puf:u_ro_puf|puf_id[99]          ; N/A     ;
; ro_puf:u_ro_puf|puf_id[9]~reg0   ; pre-synthesis ; connected ; Top                            ; post-synthesis    ; ro_puf:u_ro_puf|puf_id[9]           ; N/A     ;
; ro_puf:u_ro_puf|puf_id[9]~reg0   ; pre-synthesis ; connected ; Top                            ; post-synthesis    ; ro_puf:u_ro_puf|puf_id[9]           ; N/A     ;
; ro_puf:u_ro_puf|puf_valid        ; pre-synthesis ; connected ; Top                            ; post-synthesis    ; ro_puf:u_ro_puf|puf_valid           ; N/A     ;
; ro_puf:u_ro_puf|puf_valid        ; pre-synthesis ; connected ; Top                            ; post-synthesis    ; ro_puf:u_ro_puf|puf_valid           ; N/A     ;
; ro_puf:u_ro_puf|ro_enable        ; pre-synthesis ; connected ; Top                            ; post-synthesis    ; ro_puf:u_ro_puf|ro_enable           ; N/A     ;
; ro_puf:u_ro_puf|ro_enable        ; pre-synthesis ; connected ; Top                            ; post-synthesis    ; ro_puf:u_ro_puf|ro_enable           ; N/A     ;
; CLOCK_50~inputCLKENA0            ; post-fitting  ; connected ; Top                            ; post-synthesis    ; CLOCK_50                            ; N/A     ;
; auto_signaltap_0|gnd             ; post-fitting  ; connected ; sld_signaltap:auto_signaltap_0 ; post-synthesis    ; sld_signaltap:auto_signaltap_0|~GND ; N/A     ;
; auto_signaltap_0|gnd             ; post-fitting  ; connected ; sld_signaltap:auto_signaltap_0 ; post-synthesis    ; sld_signaltap:auto_signaltap_0|~GND ; N/A     ;
; auto_signaltap_0|gnd             ; post-fitting  ; connected ; sld_signaltap:auto_signaltap_0 ; post-synthesis    ; sld_signaltap:auto_signaltap_0|~GND ; N/A     ;
; auto_signaltap_0|gnd             ; post-fitting  ; connected ; sld_signaltap:auto_signaltap_0 ; post-synthesis    ; sld_signaltap:auto_signaltap_0|~GND ; N/A     ;
; auto_signaltap_0|gnd             ; post-fitting  ; connected ; sld_signaltap:auto_signaltap_0 ; post-synthesis    ; sld_signaltap:auto_signaltap_0|~GND ; N/A     ;
; auto_signaltap_0|gnd             ; post-fitting  ; connected ; sld_signaltap:auto_signaltap_0 ; post-synthesis    ; sld_signaltap:auto_signaltap_0|~GND ; N/A     ;
; auto_signaltap_0|gnd             ; post-fitting  ; connected ; sld_signaltap:auto_signaltap_0 ; post-synthesis    ; sld_signaltap:auto_signaltap_0|~GND ; N/A     ;
; auto_signaltap_0|gnd             ; post-fitting  ; connected ; sld_signaltap:auto_signaltap_0 ; post-synthesis    ; sld_signaltap:auto_signaltap_0|~GND ; N/A     ;
; auto_signaltap_0|gnd             ; post-fitting  ; connected ; sld_signaltap:auto_signaltap_0 ; post-synthesis    ; sld_signaltap:auto_signaltap_0|~GND ; N/A     ;
; auto_signaltap_0|gnd             ; post-fitting  ; connected ; sld_signaltap:auto_signaltap_0 ; post-synthesis    ; sld_signaltap:auto_signaltap_0|~GND ; N/A     ;
; auto_signaltap_0|gnd             ; post-fitting  ; connected ; sld_signaltap:auto_signaltap_0 ; post-synthesis    ; sld_signaltap:auto_signaltap_0|~GND ; N/A     ;
; auto_signaltap_0|gnd             ; post-fitting  ; connected ; sld_signaltap:auto_signaltap_0 ; post-synthesis    ; sld_signaltap:auto_signaltap_0|~GND ; N/A     ;
; auto_signaltap_0|gnd             ; post-fitting  ; connected ; sld_signaltap:auto_signaltap_0 ; post-synthesis    ; sld_signaltap:auto_signaltap_0|~GND ; N/A     ;
; auto_signaltap_0|gnd             ; post-fitting  ; connected ; sld_signaltap:auto_signaltap_0 ; post-synthesis    ; sld_signaltap:auto_signaltap_0|~GND ; N/A     ;
; auto_signaltap_0|vcc             ; post-fitting  ; connected ; sld_signaltap:auto_signaltap_0 ; post-synthesis    ; sld_signaltap:auto_signaltap_0|~VCC ; N/A     ;
; auto_signaltap_0|vcc             ; post-fitting  ; connected ; sld_signaltap:auto_signaltap_0 ; post-synthesis    ; sld_signaltap:auto_signaltap_0|~VCC ; N/A     ;
; auto_signaltap_0|vcc             ; post-fitting  ; connected ; sld_signaltap:auto_signaltap_0 ; post-synthesis    ; sld_signaltap:auto_signaltap_0|~VCC ; N/A     ;
; auto_signaltap_0|vcc             ; post-fitting  ; connected ; sld_signaltap:auto_signaltap_0 ; post-synthesis    ; sld_signaltap:auto_signaltap_0|~VCC ; N/A     ;
; auto_signaltap_0|vcc             ; post-fitting  ; connected ; sld_signaltap:auto_signaltap_0 ; post-synthesis    ; sld_signaltap:auto_signaltap_0|~VCC ; N/A     ;
; auto_signaltap_0|vcc             ; post-fitting  ; connected ; sld_signaltap:auto_signaltap_0 ; post-synthesis    ; sld_signaltap:auto_signaltap_0|~VCC ; N/A     ;
; auto_signaltap_0|vcc             ; post-fitting  ; connected ; sld_signaltap:auto_signaltap_0 ; post-synthesis    ; sld_signaltap:auto_signaltap_0|~VCC ; N/A     ;
; auto_signaltap_0|vcc             ; post-fitting  ; connected ; sld_signaltap:auto_signaltap_0 ; post-synthesis    ; sld_signaltap:auto_signaltap_0|~VCC ; N/A     ;
; auto_signaltap_0|vcc             ; post-fitting  ; connected ; sld_signaltap:auto_signaltap_0 ; post-synthesis    ; sld_signaltap:auto_signaltap_0|~VCC ; N/A     ;
; auto_signaltap_0|vcc             ; post-fitting  ; connected ; sld_signaltap:auto_signaltap_0 ; post-synthesis    ; sld_signaltap:auto_signaltap_0|~VCC ; N/A     ;
; auto_signaltap_0|vcc             ; post-fitting  ; connected ; sld_signaltap:auto_signaltap_0 ; post-synthesis    ; sld_signaltap:auto_signaltap_0|~VCC ; N/A     ;
; auto_signaltap_0|vcc             ; post-fitting  ; connected ; sld_signaltap:auto_signaltap_0 ; post-synthesis    ; sld_signaltap:auto_signaltap_0|~VCC ; N/A     ;
; auto_signaltap_0|vcc             ; post-fitting  ; connected ; sld_signaltap:auto_signaltap_0 ; post-synthesis    ; sld_signaltap:auto_signaltap_0|~VCC ; N/A     ;
; auto_signaltap_0|vcc             ; post-fitting  ; connected ; sld_signaltap:auto_signaltap_0 ; post-synthesis    ; sld_signaltap:auto_signaltap_0|~VCC ; N/A     ;
; auto_signaltap_0|vcc             ; post-fitting  ; connected ; sld_signaltap:auto_signaltap_0 ; post-synthesis    ; sld_signaltap:auto_signaltap_0|~VCC ; N/A     ;
; auto_signaltap_0|vcc             ; post-fitting  ; connected ; sld_signaltap:auto_signaltap_0 ; post-synthesis    ; sld_signaltap:auto_signaltap_0|~VCC ; N/A     ;
; auto_signaltap_0|vcc             ; post-fitting  ; connected ; sld_signaltap:auto_signaltap_0 ; post-synthesis    ; sld_signaltap:auto_signaltap_0|~VCC ; N/A     ;
; auto_signaltap_0|vcc             ; post-fitting  ; connected ; sld_signaltap:auto_signaltap_0 ; post-synthesis    ; sld_signaltap:auto_signaltap_0|~VCC ; N/A     ;
+----------------------------------+---------------+-----------+--------------------------------+-------------------+-------------------------------------+---------+


+-------------------------------+
; Analysis & Synthesis Messages ;
+-------------------------------+
Info: *******************************************************************
Info: Running Quartus Prime Analysis & Synthesis
    Info: Version 25.1std.0 Build 1129 10/21/2025 SC Lite Edition
    Info: Processing started: Fri Aug 28 11:47:19 2026
Info: Command: quartus_map --read_settings_files=on --write_settings_files=off TrueChip -c TrueChip
Warning (18236): Number of processors has not been specified which may cause overloading on shared machines.  Set the global assignment NUM_PARALLEL_PROCESSORS in your QSF to an appropriate value for best performance.
Info (20030): Parallel compilation is enabled and will use 5 of the 5 processors detected
Info (12021): Found 1 design units, including 1 entities, in source file /users/huyle/desktop/rtl/truechip/truechip/rtl/secure_asic_top.v
    Info (12023): Found entity 1: secure_asic_top File: C:/Users/huyle/Desktop/rtl/TrueChip/TrueChip/RTL/secure_asic_top.v Line: 25
Info (12021): Found 1 design units, including 1 entities, in source file /users/huyle/desktop/rtl/truechip/truechip/rtl/uart_tx.v
    Info (12023): Found entity 1: uart_tx File: C:/Users/huyle/Desktop/rtl/TrueChip/TrueChip/RTL/uart_tx.v Line: 1
Info (12021): Found 1 design units, including 1 entities, in source file /users/huyle/desktop/rtl/truechip/truechip/rtl/uart_rx.v
    Info (12023): Found entity 1: uart_rx File: C:/Users/huyle/Desktop/rtl/TrueChip/TrueChip/RTL/uart_rx.v Line: 1
Info (12021): Found 1 design units, including 1 entities, in source file /users/huyle/desktop/rtl/truechip/truechip/rtl/uart_echo.v
    Info (12023): Found entity 1: uart_echo File: C:/Users/huyle/Desktop/rtl/TrueChip/TrueChip/RTL/uart_echo.v Line: 1
Info (12021): Found 1 design units, including 1 entities, in source file /users/huyle/desktop/rtl/truechip/truechip/rtl/secure_soc_top.v
    Info (12023): Found entity 1: secure_soc_top File: C:/Users/huyle/Desktop/rtl/TrueChip/TrueChip/RTL/secure_soc_top.v Line: 1
Info (12021): Found 1 design units, including 1 entities, in source file /users/huyle/desktop/rtl/truechip/truechip/rtl/cmd_parser.v
    Info (12023): Found entity 1: cmd_parser File: C:/Users/huyle/Desktop/rtl/TrueChip/TrueChip/RTL/cmd_parser.v Line: 1
Info (12021): Found 1 design units, including 1 entities, in source file /users/huyle/desktop/rtl/truechip/truechip/rtl/chip_rom.v
    Info (12023): Found entity 1: chip_rom File: C:/Users/huyle/Desktop/rtl/TrueChip/TrueChip/RTL/chip_rom.v Line: 1
Info (12021): Found 1 design units, including 1 entities, in source file /users/huyle/desktop/rtl/truechip/truechip/rtl/auth_fsm.v
    Info (12023): Found entity 1: auth_fsm File: C:/Users/huyle/Desktop/rtl/TrueChip/TrueChip/RTL/auth_fsm.v Line: 1
Info (12021): Found 1 design units, including 1 entities, in source file /users/huyle/desktop/rtl/truechip/truechip/rtl/aes128.v
    Info (12023): Found entity 1: aes128 File: C:/Users/huyle/Desktop/rtl/TrueChip/TrueChip/RTL/aes128.v Line: 1
Info (12021): Found 1 design units, including 1 entities, in source file /users/huyle/desktop/rtl/truechip/truechip/rtl/aes_sbox.v
    Info (12023): Found entity 1: aes_sbox File: C:/Users/huyle/Desktop/rtl/TrueChip/TrueChip/RTL/aes_sbox.v Line: 1
Info (12021): Found 1 design units, including 1 entities, in source file /users/huyle/desktop/rtl/truechip/truechip/rtl/ro_puf.v
    Info (12023): Found entity 1: ro_puf File: C:/Users/huyle/Desktop/rtl/TrueChip/TrueChip/RTL/ro_puf.v Line: 127
Info (12127): Elaborating entity "secure_soc_top" for the top level hierarchy
Info (10264): Verilog HDL Case Statement information at secure_soc_top.v(134): all case item expressions in this case statement are onehot File: C:/Users/huyle/Desktop/rtl/TrueChip/TrueChip/RTL/secure_soc_top.v Line: 134
Info (12128): Elaborating entity "uart_rx" for hierarchy "uart_rx:u_uart_rx" File: C:/Users/huyle/Desktop/rtl/TrueChip/TrueChip/RTL/secure_soc_top.v Line: 151
Info (12128): Elaborating entity "uart_tx" for hierarchy "uart_tx:u_uart_tx" File: C:/Users/huyle/Desktop/rtl/TrueChip/TrueChip/RTL/secure_soc_top.v Line: 160
Info (12128): Elaborating entity "cmd_parser" for hierarchy "cmd_parser:u_cmd_parser" File: C:/Users/huyle/Desktop/rtl/TrueChip/TrueChip/RTL/secure_soc_top.v Line: 172
Info (12128): Elaborating entity "chip_rom" for hierarchy "chip_rom:u_chip_rom" File: C:/Users/huyle/Desktop/rtl/TrueChip/TrueChip/RTL/secure_soc_top.v Line: 177
Info (12128): Elaborating entity "ro_puf" for hierarchy "ro_puf:u_ro_puf" File: C:/Users/huyle/Desktop/rtl/TrueChip/TrueChip/RTL/secure_soc_top.v Line: 184
Info (12128): Elaborating entity "aes128" for hierarchy "aes128:u_aes128" File: C:/Users/huyle/Desktop/rtl/TrueChip/TrueChip/RTL/secure_soc_top.v Line: 194
Info (12128): Elaborating entity "aes_sbox" for hierarchy "aes128:u_aes128|aes_sbox:gen_state_sbox[0].sb_state" File: C:/Users/huyle/Desktop/rtl/TrueChip/TrueChip/RTL/aes128.v Line: 64
Warning (10030): Net "sbox.data_a" at aes_sbox.v(5) has no driver or initial value, using a default initial value '0' File: C:/Users/huyle/Desktop/rtl/TrueChip/TrueChip/RTL/aes_sbox.v Line: 5
Warning (10030): Net "sbox.waddr_a" at aes_sbox.v(5) has no driver or initial value, using a default initial value '0' File: C:/Users/huyle/Desktop/rtl/TrueChip/TrueChip/RTL/aes_sbox.v Line: 5
Warning (10030): Net "sbox.we_a" at aes_sbox.v(5) has no driver or initial value, using a default initial value '0' File: C:/Users/huyle/Desktop/rtl/TrueChip/TrueChip/RTL/aes_sbox.v Line: 5
Info (12128): Elaborating entity "auth_fsm" for hierarchy "auth_fsm:u_auth_fsm" File: C:/Users/huyle/Desktop/rtl/TrueChip/TrueChip/RTL/secure_soc_top.v Line: 248
Warning (10240): Verilog HDL Always Construct warning at auth_fsm.v(175): inferring latch(es) for variable "h", which holds its previous value in one or more paths through the always construct File: C:/Users/huyle/Desktop/rtl/TrueChip/TrueChip/RTL/auth_fsm.v Line: 175
Info (12021): Found 1 design units, including 1 entities, in source file db/altsyncram_me84.tdf
    Info (12023): Found entity 1: altsyncram_me84 File: C:/Users/huyle/Desktop/rtl/TrueChip/TrueChip/Quartus/db/altsyncram_me84.tdf Line: 28
Info (12021): Found 1 design units, including 1 entities, in source file db/mux_elc.tdf
    Info (12023): Found entity 1: mux_elc File: C:/Users/huyle/Desktop/rtl/TrueChip/TrueChip/Quartus/db/mux_elc.tdf Line: 23
Info (12021): Found 1 design units, including 1 entities, in source file db/decode_vnf.tdf
    Info (12023): Found entity 1: decode_vnf File: C:/Users/huyle/Desktop/rtl/TrueChip/TrueChip/Quartus/db/decode_vnf.tdf Line: 23
Info (12021): Found 1 design units, including 1 entities, in source file db/cntr_oai.tdf
    Info (12023): Found entity 1: cntr_oai File: C:/Users/huyle/Desktop/rtl/TrueChip/TrueChip/Quartus/db/cntr_oai.tdf Line: 28
Info (12021): Found 1 design units, including 1 entities, in source file db/cmpr_h9c.tdf
    Info (12023): Found entity 1: cmpr_h9c File: C:/Users/huyle/Desktop/rtl/TrueChip/TrueChip/Quartus/db/cmpr_h9c.tdf Line: 23
Info (12021): Found 1 design units, including 1 entities, in source file db/cntr_4vi.tdf
    Info (12023): Found entity 1: cntr_4vi File: C:/Users/huyle/Desktop/rtl/TrueChip/TrueChip/Quartus/db/cntr_4vi.tdf Line: 26
Info (12021): Found 1 design units, including 1 entities, in source file db/cntr_09i.tdf
    Info (12023): Found entity 1: cntr_09i File: C:/Users/huyle/Desktop/rtl/TrueChip/TrueChip/Quartus/db/cntr_09i.tdf Line: 28
Info (12021): Found 1 design units, including 1 entities, in source file db/cmpr_c9c.tdf
    Info (12023): Found entity 1: cmpr_c9c File: C:/Users/huyle/Desktop/rtl/TrueChip/TrueChip/Quartus/db/cmpr_c9c.tdf Line: 23
Info (12021): Found 1 design units, including 1 entities, in source file db/cntr_kri.tdf
    Info (12023): Found entity 1: cntr_kri File: C:/Users/huyle/Desktop/rtl/TrueChip/TrueChip/Quartus/db/cntr_kri.tdf Line: 28
Info (12021): Found 1 design units, including 1 entities, in source file db/cmpr_99c.tdf
    Info (12023): Found entity 1: cmpr_99c File: C:/Users/huyle/Desktop/rtl/TrueChip/TrueChip/Quartus/db/cmpr_99c.tdf Line: 23
Info (12033): Analysis and Synthesis generated Signal Tap or debug node instance "auto_signaltap_0"
Info (11170): Starting IP generation for the debug fabric: alt_sld_fab.
Info (11172): 2026.08.28.11:48:04 Progress: Loading sld195eee1e/alt_sld_fab_wrapper_hw.tcl
Info (11172): Alt_sld_fab.alt_sld_fab: SLD fabric agents which did not specify prefer_host were connected to JTAG
Info (11172): Alt_sld_fab: Generating "alt_sld_fab" for QUARTUS_SYNTH
Info (11172): Alt_sld_fab: "alt_sld_fab" instantiated alt_sld_fab "alt_sld_fab"
Info (11172): Presplit: "alt_sld_fab" instantiated altera_super_splitter "presplit"
Info (11172): Splitter: "alt_sld_fab" instantiated altera_sld_splitter "splitter"
Info (11172): Sldfabric: "alt_sld_fab" instantiated altera_sld_jtag_hub "sldfabric"
Info (11172): Ident: "alt_sld_fab" instantiated altera_connection_identification_hub "ident"
Info (11172): Alt_sld_fab: Done "alt_sld_fab" with 6 modules, 6 files
Info (11171): Finished IP generation for the debug fabric: alt_sld_fab.
Info (12021): Found 1 design units, including 1 entities, in source file db/ip/sld195eee1e/alt_sld_fab.v
    Info (12023): Found entity 1: alt_sld_fab File: C:/Users/huyle/Desktop/rtl/TrueChip/TrueChip/Quartus/db/ip/sld195eee1e/alt_sld_fab.v Line: 9
Info (12021): Found 1 design units, including 1 entities, in source file db/ip/sld195eee1e/submodules/alt_sld_fab_alt_sld_fab.v
    Info (12023): Found entity 1: alt_sld_fab_alt_sld_fab File: C:/Users/huyle/Desktop/rtl/TrueChip/TrueChip/Quartus/db/ip/sld195eee1e/submodules/alt_sld_fab_alt_sld_fab.v Line: 9
Info (12021): Found 1 design units, including 1 entities, in source file db/ip/sld195eee1e/submodules/alt_sld_fab_alt_sld_fab_ident.sv
    Info (12023): Found entity 1: alt_sld_fab_alt_sld_fab_ident File: C:/Users/huyle/Desktop/rtl/TrueChip/TrueChip/Quartus/db/ip/sld195eee1e/submodules/alt_sld_fab_alt_sld_fab_ident.sv Line: 33
Info (12021): Found 1 design units, including 1 entities, in source file db/ip/sld195eee1e/submodules/alt_sld_fab_alt_sld_fab_presplit.sv
    Info (12023): Found entity 1: alt_sld_fab_alt_sld_fab_presplit File: C:/Users/huyle/Desktop/rtl/TrueChip/TrueChip/Quartus/db/ip/sld195eee1e/submodules/alt_sld_fab_alt_sld_fab_presplit.sv Line: 3
Info (12021): Found 2 design units, including 1 entities, in source file db/ip/sld195eee1e/submodules/alt_sld_fab_alt_sld_fab_sldfabric.vhd
    Info (12022): Found design unit 1: alt_sld_fab_alt_sld_fab_sldfabric-rtl File: C:/Users/huyle/Desktop/rtl/TrueChip/TrueChip/Quartus/db/ip/sld195eee1e/submodules/alt_sld_fab_alt_sld_fab_sldfabric.vhd Line: 102
    Info (12023): Found entity 1: alt_sld_fab_alt_sld_fab_sldfabric File: C:/Users/huyle/Desktop/rtl/TrueChip/TrueChip/Quartus/db/ip/sld195eee1e/submodules/alt_sld_fab_alt_sld_fab_sldfabric.vhd Line: 11
Info (12021): Found 1 design units, including 1 entities, in source file db/ip/sld195eee1e/submodules/alt_sld_fab_alt_sld_fab_splitter.sv
    Info (12023): Found entity 1: alt_sld_fab_alt_sld_fab_splitter File: C:/Users/huyle/Desktop/rtl/TrueChip/TrueChip/Quartus/db/ip/sld195eee1e/submodules/alt_sld_fab_alt_sld_fab_splitter.sv Line: 3
Info (276014): Found 2 instances of uninferred RAM logic
    Info (276004): RAM logic "fifo_type" is uninferred due to inappropriate RAM size File: C:/Users/huyle/Desktop/rtl/TrueChip/TrueChip/RTL/secure_soc_top.v Line: 60
    Info (276007): RAM logic "fifo_nonce" is uninferred due to asynchronous read logic File: C:/Users/huyle/Desktop/rtl/TrueChip/TrueChip/RTL/secure_soc_top.v Line: 61
Warning (13034): The following nodes have both tri-state and non-tri-state drivers
    Warning (13035): Inserted always-enabled tri-state buffer between "GPIO[1]" and its non-tri-state driver. File: C:/Users/huyle/Desktop/rtl/TrueChip/TrueChip/RTL/secure_soc_top.v Line: 8
    Warning (13035): Inserted always-enabled tri-state buffer between "GPIO[2]" and its non-tri-state driver. File: C:/Users/huyle/Desktop/rtl/TrueChip/TrueChip/RTL/secure_soc_top.v Line: 8
Warning (13034): The following nodes have both tri-state and non-tri-state drivers
    Warning (13035): Inserted always-enabled tri-state buffer between "GPIO[3]" and its non-tri-state driver. File: C:/Users/huyle/Desktop/rtl/TrueChip/TrueChip/RTL/secure_soc_top.v Line: 8
Warning (13009): TRI or OPNDRN buffers permanently enabled
    Warning (13010): Node "GPIO[1]~synth" File: C:/Users/huyle/Desktop/rtl/TrueChip/TrueChip/RTL/secure_soc_top.v Line: 8
    Warning (13010): Node "GPIO[2]~synth" File: C:/Users/huyle/Desktop/rtl/TrueChip/TrueChip/RTL/secure_soc_top.v Line: 8
    Warning (13010): Node "GPIO[3]~synth" File: C:/Users/huyle/Desktop/rtl/TrueChip/TrueChip/RTL/secure_soc_top.v Line: 8
Info (286031): Timing-Driven Synthesis is running on partition "Top"
Info (17049): 19 registers lost all their fanouts during netlist optimizations.
Info (286031): Timing-Driven Synthesis is running on partition "sld_signaltap:auto_signaltap_0"
Info (286031): Timing-Driven Synthesis is running on partition "sld_hub:auto_hub"
Info (35024): Successfully connected in-system debug instance "auto_signaltap_0" to all 553 required data inputs, trigger inputs, acquisition clocks, and dynamic pins
Info (16010): Generating hard_block partition "hard_block:auto_generated_inst"
    Info (16011): Adding 9 node(s), including 0 DDIO, 0 PLL, 0 transceiver and 0 LCELL
Info (21057): Implemented 20204 device resources after synthesis - the final resource count might be different
    Info (21058): Implemented 6 input pins
    Info (21059): Implemented 11 output pins
    Info (21060): Implemented 36 bidirectional pins
    Info (21061): Implemented 19890 logic cells
    Info (21064): Implemented 260 RAM segments
Info: Quartus Prime Analysis & Synthesis was successful. 0 errors, 14 warnings
    Info: Peak virtual memory: 13797 megabytes
    Info: Processing ended: Fri Aug 28 11:49:00 2026
    Info: Elapsed time: 00:01:41
    Info: Total CPU time (on all processors): 00:02:35


