net,length_um
_14982_,1583.59
_18418_,1554.39
_15115_,1523.68
_14945_,1520.89
_15142_,1476.26
_15137_,1432.155
_14942_,1430.76
_15133_,1422.76
_14972_,1389.54
_14974_,1382.56
_15119_,1373.12
net415,1371.42
_15111_,1349.31
_15127_,1344.7
_15107_,1341.21
_15147_,1340.695
_15034_,1331.055
_14969_,1307.7
_18589_,1305.1
_15053_,1304.52
_19071_,1300.405
_19330_,1299.43
_15104_,1294.88
_15117_,1282.02
_15140_,1276.745
_14955_,1275.81
_15154_,1271.02
_14953_,1257.86
_15099_,1254.69
_14978_,1237.68
_15063_,1219.13
_19489_,1204.65
_15152_,1184.26
_14947_,1181.69
_15037_,1180.99
_15061_,1180.69
_15065_,1166.84
_18396_,1166.22
_15032_,1162.915
_14986_,1162.21
_15135_,1159.12
_15150_,1155.19
_15166_,1154.38
_15074_,1153.84
_15030_,1152.155
_14964_,1148.2
_19020_,1137.61
_15077_,1134.68
_18105_,1132.73
_15131_,1124.62
_18537_,1113.92
_15041_,1105.36
_19230_,1102.23
_15080_,1099.865
_15129_,1096.05
_15057_,1095.87
_18581_,1085.73
_18431_,1072.665
_15113_,1070
_18610_,1068.64
_14950_,1065.77
_18252_,1041.82
_15095_,1041.625
_14962_,1041.55
_18727_,1040.54
_19322_,1033.805
_15082_,1032.52
_18608_,1032.495
_14984_,1030.79
_18630_,1024.98
_15025_,1014.12
_18155_,1012.48
_15047_,1000.94
_18210_,1000.61
net4,997.6
_15121_,994.25
_18575_,993.94
_17119_,984.3
_17258_,980.46
_14976_,972.12
_18755_,968.35
_18520_,965.17
_17069_,964.65
_15109_,958.22
_18146_,947.14
_15091_,940.36
_18564_,935.48
_14996_,931.83
_17221_,920.41
_15124_,911.43
_15072_,904.7
_15043_,903.285
_14994_,903.25
_17316_,899.04
_15084_,897.94
_18204_,876.64
_18552_,875.57
clknet_2_1_0_clk,873.68
_15173_,873.26
_15008_,864.64
_17780_,864.41
_19458_,862.84
_17850_,862.09
_18211_,858.07
net233,856.08
_15170_,855.42
_07722_,854.43
_18631_,852.77
_18018_,849.755
_17212_,848.91
_19499_,848.78
_15102_,847.2
_17266_,844.375
_14938_,835.13
clknet_2_2_0_clk,834.61
_17297_,833.765
_15163_,830.4
_15157_,820.47
clknet_2_3_0_clk,819.72
_14998_,818.07
_17090_,817.835
_17101_,816.915
_17870_,816.565
_15168_,815.365
_17288_,815.02
_17249_,812.03
_17140_,811.53
_18080_,809.06
_18723_,809.02
_18222_,808.71
_18128_,805.68
_17463_,802.385
_18448_,799.71
clknet_2_0_0_clk,798.71
_18148_,797.04
_19363_,792.63
_15021_,792.18
_15089_,790.51
_17088_,789.61
_08892_,787.725
_17933_,785.74
_14988_,783
_15023_,782.05
_18184_,781.71
_17789_,780.82
clknet_5_23__leaf_clk,777.48
_17194_,776.175
_17240_,771.83
clknet_0_clk,771.81
_18258_,771.59
net414,771.32
_15068_,768.4
_18129_,764.6
_18071_,762.32
_17499_,760.6
_15059_,760.11
_15159_,754.38
_15050_,750.22
_17481_,747.615
_17734_,745.74
_18458_,743.41
_17386_,737.975
_17150_,737.72
_17144_,730.12
_19231_,729.435
_19408_,728.555
_18040_,727.16
_17633_,725.66
_17869_,723.845
_17384_,723.025
_17094_,721.215
_14990_,719.19
_15003_,719.135
_14967_,717.46
_17760_,716.5
_18195_,713.64
_17105_,712.75
_17110_,708.975
_17625_,708.91
_18490_,707.54
_17973_,703.885
_16979_,703.21
_18036_,699.81
_18209_,696.865
_18135_,696.05
_17153_,694.67
_18525_,693.92
_18009_,692.36
_17109_,691.89
_17957_,691.01
_17157_,687.23
_17230_,686.505
_17596_,685.695
_17726_,683.74
_18060_,683.15
_17045_,681.08
_17148_,680.015
_13859_,677.27
_17151_,676.87
_17691_,676.165
_17999_,676.02
_14992_,674.35
_17411_,672.4
_17107_,669.99
_17091_,668.865
_18237_,667.425
_03656_,665.345
net5,664.2
_15010_,663.44
_17145_,662.47
_18157_,662.39
_16949_,660.21
_16519_,657.345
_15097_,657.13
_16895_,654.7
_17211_,654.05
_15014_,653.045
_18079_,652.835
_18360_,652.31
_17453_,651.81
_17717_,651.35
_17147_,650.19
net40,644.805
_15012_,644.12
_17605_,640.89
_03803_,639.99
_17753_,639.72
_19059_,639.335
_18091_,638.465
_18049_,638.42
_17175_,637.025
_18116_,636.36
_17167_,634.91
_17818_,633.975
_14137_,630.86
_17471_,630.145
net61,629.8
_17859_,629.29
_13771_,627.535
_19586_,626.22
clknet_5_26__leaf_clk,625.43
_18178_,625.015
_17544_,624.09
_16891_,623.77
_17665_,623.37
_17698_,622.57
_14760_,621.08
_15093_,619.92
clk,618.98
_17096_,618.005
_16954_,614.3
_17142_,613.775
clknet_5_22__leaf_clk,612.94
_17500_,612.49
net2517,612.44
u_cmd_parser.challenge_nonce\[38\],611.14
_03639_,609.915
_16920_,609.82
_17172_,609.635
_13988_,609.32
_18048_,607.87
_07627_,607.14
_17170_,605.485
_17001_,604.555
_18535_,603.325
_17896_,602.54
_18117_,601.845
_12892_,601.58
clknet_5_15__leaf_clk,600.67
_17182_,600.38
u_cmd_parser.challenge_nonce\[36\],600.06
_14077_,599.57
_18429_,596.25
_17325_,596.215
_17035_,596.07
_17905_,595.15
_17131_,592.8
net3,592.6
_05011_,592.44
_15000_,590.93
clknet_5_12__leaf_clk,589.42
net47,589.35
net52,588.74
net297,588.59
_05589_,587.855
_17017_,587.825
_14924_,587.72
_16906_,586.29
_17491_,584.655
_16896_,584.33
_18185_,584.12
_03841_,583.94
_17434_,583.05
u_cmd_parser.challenge_nonce\[33\],582.74
_17941_,582.68
_17213_,582.45
_16899_,582.01
_17271_,579.615
_18179_,579.42
_16969_,579.11
_17206_,578.815
_03850_,578.42
net68,578.385
net298,577.58
_17115_,574.82
net53,574.17
_17011_,573.3
_18169_,571.695
_03653_,571.66
clknet_5_24__leaf_clk,570.33
_17587_,570.27
_17039_,568.43
_16916_,567.69
_17248_,567.455
_17034_,566.52
clknet_5_19__leaf_clk,566.5
_17673_,566.16
_18115_,566.12
_16973_,565.72
_17112_,565.27
_17810_,563.96
_04570_,563.87
_17113_,563.33
_07656_,563.06
_18225_,562.505
_06024_,561.77
_16460_,560.46
u_cmd_parser.challenge_nonce\[37\],560.365
_04988_,560.3
_03837_,559.42
_17166_,559.375
clknet_5_27__leaf_clk,558.785
_17517_,558.46
_03833_,557.94
_04184_,557.87
_15681_,557.05
_05510_,556.64
_16984_,556.49
_17745_,555.67
_17924_,554.7
_17761_,553.655
_17078_,553.315
_04981_,552.84
_17569_,552.625
_16975_,552.42
_03642_,552.32
_04710_,552.3
_17168_,549.64
_03859_,549.52
_17013_,549.45
_13788_,548.89
_05149_,548.65
_18203_,548.36
_05509_,547.21
_16990_,546.26
_16971_,545.32
_17007_,545.27
_17567_,545.22
_04033_,545.15
_17348_,545.01
u_auth_fsm.pld_idx\[1\],543.75
_17577_,543.29
_16966_,543.18
u_cmd_parser.challenge_nonce\[32\],542.72
_03652_,542.05
_15016_,541.54
_03854_,540.52
_17827_,539.855
_03846_,539.66
_17473_,539.16
_13770_,537.46
net55,537.11
_04150_,536.135
_18263_,535.775
_17699_,535.04
_18364_,533.92
_18026_,533.775
_04010_,533.51
_16951_,533.31
_17083_,533.13
net62,532.625
_17229_,531.94
_17176_,531.51
_16964_,530.68
_17009_,530.66
_16838_,530.12
net65,529.9
clknet_5_30__leaf_clk,529.885
_17041_,529.7
_17080_,529.59
_05146_,527.75
_17085_,527.01
net77,525.69
_03870_,525.61
_16911_,524.18
_18156_,523.61
_12827_,521.56
_04324_,521.37
u_cmd_parser.challenge_nonce\[4\],521.175
_17124_,520.8
_19582_,520.48
u_cmd_parser.challenge_nonce\[15\],520.47
_04744_,520.025
_18017_,519.61
_17983_,519.46
net79,518.94
clknet_5_16__leaf_clk,518.42
_18120_,517.785
_07432_,516.15
_17333_,515.175
_04497_,514.99
_06237_,514.77
_17991_,514.19
_17006_,513.24
_14147_,513.04
_14156_,512.82
_17830_,510.92
clknet_5_28__leaf_clk,510.58
_16950_,509.95
_16904_,509.78
_04604_,509.34
_09323_,508.96
net42,508.73
_18104_,507.11
_17771_,507.06
_16994_,506.93
_17965_,506.895
_17309_,506.4
net60,506.39
_17998_,506.11
_04430_,504.07
_19706_,504.05
clknet_5_20__leaf_clk,503.35
_04637_,502.38
_17347_,501.52
_16955_,501.42
_17193_,500.92
net100,499.16
_05268_,498.24
_17888_,497.65
_05587_,497.6
_17464_,496.88
_05141_,496.61
_04810_,495.9
net72,495.58
_16961_,494.98
clknet_5_1__leaf_clk,494.84
_12925_,493.56
net67,492.99
_04077_,492.79
_19718_,491.98
_17174_,491.55
_05234_,491.16
u_cmd_parser.challenge_nonce\[123\],490.805
net39,490.71
_04464_,490.095
net2518,489.93
net63,489.27
_17516_,489.1
u_cmd_parser.challenge_nonce\[126\],488.86
_17561_,488.06
_16987_,487.165
_17509_,486.455
_17683_,485.795
_07998_,484.98
_04110_,482.85
_04918_,482.26
_17219_,482.16
_17378_,480.02
net38,479.89
_13230_,479.82
u_cmd_parser.challenge_nonce\[5\],479.72
_11217_,478.36
_17944_,478.3
net66,478.16
_08059_,477.6
_17286_,476.12
_13860_,475.7
_17787_,474.66
_04313_,474.53
_17603_,474.52
_17839_,474.455
_17279_,474.395
_04357_,474.09
_04530_,472.62
clknet_5_18__leaf_clk,472.53
_18136_,472.36
_05301_,471.54
_03640_,471.42
_04217_,470.29
_17401_,470.1
net58,469.76
_18152_,469.44
_13328_,469.1
_05506_,467.675
_15659_,467.35
_16455_,467.35
u_cmd_parser.challenge_nonce\[14\],465.8
_08117_,465.36
_16461_,464.18
_05257_,464.065
_04777_,463.1
_16454_,462.83
u_cmd_parser.challenge_nonce\[49\],462.275
_03551_,462.25
_04290_,462.25
_07433_,461.97
net80,460.605
_16989_,460.55
_05290_,460.115
net75,460.1
_17558_,459.745
net50,458.685
clknet_5_29__leaf_clk,458.1
_04670_,456.29
_17063_,455.24
net49,455.23
_18059_,454.43
_17296_,453.64
_17305_,452.86
_06884_,452.34
_13187_,451.96
_04250_,451.62
_17358_,451.515
_05334_,450.84
u_cmd_parser.challenge_nonce\[3\],450.68
_17278_,450.53
net59,450.315
net54,450.2
_09157_,449.86
net363,449.83
net43,449.74
net70,449.575
net74,448.595
_16812_,448.54
_17171_,447.96
clknet_5_31__leaf_clk,447.14
clknet_5_17__leaf_clk,446.85
net41,445.68
net76,445.64
_18221_,445
u_cmd_parser.challenge_nonce\[10\],445
clknet_5_25__leaf_clk,444.85
_04206_,444.65
_17788_,444.24
_04390_,443.88
_14624_,443.46
clknet_5_13__leaf_clk,443.23
net78,442.92
_11345_,442.755
_17426_,442.32
_07960_,442.1
_16986_,442
net127,441.92
_16997_,441.85
_17189_,441.475
_04044_,439.515
_18070_,439.505
u_cmd_parser.challenge_nonce\[127\],439.36
_16993_,439.06
_13806_,438.95
clknet_5_9__leaf_clk,437.77
_16635_,437.76
_05741_,437.35
_05512_,436.88
_04733_,436.3
u_cmd_parser.challenge_nonce\[12\],436.14
_15604_,434.865
_17055_,433.46
u_cmd_parser.challenge_nonce\[18\],432.9
_17033_,432.35
_17340_,431.92
_12117_,431.265
u_cmd_parser.challenge_nonce\[121\],430.82
net56,429.975
_14192_,429.16
_18025_,429.08
_17533_,428.99
_17257_,428.83
_18008_,428.12
_15801_,427.44
_17690_,427.19
_17403_,426.93
_13078_,426.64
_11277_,426.39
_04722_,425.35
_16900_,424.94
_13263_,424.48
_04453_,424.04
_17525_,422.46
_06940_,421.67
net81,421.46
_17026_,420.18
_14287_,419.62
_17020_,419.035
_14423_,418.5
net19,418.32
net15,418.27
_16456_,417.15
_14166_,415.05
_19575_,414.295
_04593_,414.16
_14336_,413.43
_14458_,411.98
_17887_,411.975
_15295_,411.7
u_cmd_parser.challenge_nonce\[11\],410.62
_14293_,410.565
_12862_,410.54
_07910_,409.69
_17079_,409.28
net16,409.08
_03937_,408.22
_17914_,407.53
_04173_,407.04
_07143_,406.92
_17743_,406.7
_16910_,406.12
_17022_,406.06
_07172_,406.01
_17161_,405.49
_17770_,404.925
_06938_,403.5
_12956_,403.36
_17585_,403.21
net51,402.375
_17543_,402.345
clknet_5_8__leaf_clk,401.99
_04475_,401.82
_17724_,401.78
_17023_,401.54
net37,401.505
_17016_,401.5
u_cmd_parser.challenge_nonce\[9\],401.48
_18244_,401.34
_17752_,399.745
net48,398.225
_15543_,397.49
u_auth_fsm.nonce_hist\[4\]\[47\],397.2
_17594_,396.74
_13949_,396.53
clknet_5_3__leaf_clk,396.28
u_cmd_parser.challenge_nonce\[124\],396.24
_18456_,396.01
_19658_,395.78
u_cmd_parser.challenge_nonce\[29\],395.6
_17025_,395.42
_18114_,395.36
net82,394.9
_04766_,393.07
_16981_,392.66
_06590_,391.98
_17419_,391.965
_17126_,391.915
u_cmd_parser.challenge_nonce\[125\],391.2
_08087_,390.32
_04626_,390.16
_17451_,389.25
u_cmd_parser.challenge_nonce\[119\],389.2
net153,389.195
_09106_,389.16
u_cmd_parser.challenge_nonce\[87\],388.24
_09046_,388.09
u_cmd_parser.challenge_nonce\[120\],388.02
_16952_,387.48
_17028_,386.82
_17122_,386.5
_17030_,386.43
_17121_,384.37
_04346_,384.3
_14175_,383.91
_16903_,383.59
u_cmd_parser.challenge_nonce\[35\],383.48
_16892_,383.22
_15886_,381.43
net23,381.03
_17817_,380.395
net12,379.48
_14786_,379.18
_17061_,378.17
_12787_,377.04
_14212_,376.98
_16921_,376.865
net2516,376.5
_17065_,375.56
_09292_,375.54
clknet_5_21__leaf_clk,375.2
_18371_,374.65
_17880_,373.4
_16978_,373.095
_14916_,372.92
net207,372.08
u_cmd_parser.challenge_nonce\[16\],372.02
_05852_,371.72
_14719_,371.34
_14040_,371.165
_16179_,371.04
_05594_,370.42
_17274_,369.12
net17,369.02
u_cmd_parser.challenge_nonce\[34\],368.92
u_cmd_parser.challenge_nonce\[84\],368.9
u_cmd_parser.challenge_nonce\[57\],368.815
_06154_,368.64
_17118_,368.525
_13142_,368.42
_15273_,367.95
_18047_,367.905
clknet_5_14__leaf_clk,367.89
_17931_,367.66
_14911_,367.18
net156,366.97
_14944_,366.1
_15240_,366.01
u_cmd_parser.challenge_nonce\[30\],365.515
_13550_,365.33
_07147_,365.12
_16917_,364.75
u_cmd_parser.challenge_nonce\[31\],364.45
_14202_,363.68
net71,363.625
_13774_,363.515
_15196_,363.4
_17156_,363.105
_07262_,362.92
_16924_,362.88
_12677_,362.86
net13,362.85
_17849_,362.57
_04022_,362.55
_06076_,362.35
_04151_,362.09
_05704_,360.945
clknet_5_11__leaf_clk,360.58
_15218_,360.3
_14184_,360.11
_13294_,360.1
u_cmd_parser.challenge_nonce\[50\],359.98
_14807_,359.38
_04975_,358.94
_12739_,357.78
u_cmd_parser.challenge_nonce\[13\],357.75
_11616_,356.7
_05653_,356.53
fifo_nonce\[0\]\[110\],356.26
_13841_,356.17
_18024_,356.15
clknet_5_7__leaf_clk,355.77
_14685_,355.31
_08760_,355.29
_05584_,355.24
_14322_,354.9
_17247_,353.765
_06635_,353.71
_15670_,352.84
_14796_,352.74
u_cmd_parser.challenge_nonce\[51\],352.56
_18220_,351.92
net64,351.88
_15823_,351.8
_07589_,351.41
_14703_,350.66
_09759_,350.12
_14980_,349.4
_16485_,349.28
_07144_,349.13
_14695_,349.115
_14971_,348.995
_13358_,348.96
_15714_,348.205
_17551_,348.105
_18359_,348.02
_10035_,347.86
_14330_,347.6
_15466_,347.195
_04571_,345.775
u_auth_fsm.nonce_hist\[4\]\[80\],345.41
_06598_,345.31
_07064_,345.11
_15615_,344.845
_14000_,344.84
_17210_,344.83
fifo_nonce\[0\]\[109\],344.1
_14929_,343.42
net101,343.37
_04011_,342.63
_04486_,342.39
_08890_,342.27
_07849_,341.92
_05312_,341.725
_11341_,341.66
_15746_,341.48
_17181_,341.16
_10879_,340.98
_06632_,340.94
u_cmd_parser.challenge_nonce\[86\],340.82
_17759_,340.17
net69,340.13
u_cmd_parser.challenge_nonce\[101\],340
net28,339.98
_17366_,339.97
_04582_,339.71
_04261_,339.6
_07588_,339.52
_06028_,339.49
_06019_,339.07
u_cmd_parser.challenge_nonce\[79\],339.06
u_cmd_parser.challenge_nonce\[53\],338.65
_09748_,337.635
u_cmd_parser.challenge_nonce\[83\],337.59
net248,337.5
u_cmd_parser.challenge_nonce\[52\],337.06
_06022_,336.31
_03802_,336.01
_07148_,335.92
_17922_,335.52
_04681_,335.485
clknet_5_4__leaf_clk,335.41
clknet_5_0__leaf_clk,335.37
u_cmd_parser.challenge_nonce\[122\],335.275
_06073_,335.24
_04821_,335.19
_16887_,335.03
_16915_,334.81
_17060_,334.04
net20,333.99
_14816_,333.56
_11176_,333.38
_16364_,333.36
_05235_,332.93
_14007_,332.88
_05323_,332.3
_08348_,332.3
_18089_,332.02
_03829_,331.84
_17433_,331.56
net29,330.88
u_cmd_parser.challenge_nonce\[100\],330.83
u_cmd_parser.challenge_nonce\[43\],330.72
_08430_,330.455
_05651_,330.15
_17304_,329.96
_06883_,329.905
_04066_,329.8
_16919_,329.7
_03832_,328.29
_15069_,328.05
_18035_,327.85
_12423_,327.83
u_cmd_parser.challenge_nonce\[17\],327.23
_03657_,327.22
_15086_,327.17
u_cmd_parser.challenge_nonce\[88\],327.02
net35,326.87
_15018_,326.61
clknet_5_5__leaf_clk,326.6
_17955_,326.56
_11681_,326.52
_04302_,325.65
_18058_,325.48
_16508_,324.88
clknet_5_6__leaf_clk,324.74
_04335_,324.52
_17837_,324.47
_15144_,324.24
_09597_,324.08
net24,324.07
u_auth_fsm.aes_plaintext\[28\],323.83
u_cmd_parser.challenge_nonce\[82\],323.56
_14941_,323.41
_19569_,323.36
_08346_,323.2
u_cmd_parser.challenge_nonce\[85\],323.18
_06382_,323.12
_09733_,323.055
_04239_,322.52
_06509_,321.78
u_cmd_parser.challenge_nonce\[81\],321.04
u_cmd_parser.challenge_nonce\[24\],320.47
_14734_,320.4
_17410_,320.38
_05949_,320.34
_04659_,319.26
_13668_,319.06
_09730_,319.02
_15692_,318.99
_08456_,318.68
_17725_,318.46
_14675_,318.435
u_cmd_parser.challenge_nonce\[80\],317.915
_14949_,317.39
_04121_,317.21
_07249_,317.21
_15105_,316.79
_13948_,316.78
net73,316.65
net21,316.38
_04195_,316.2
_15325_,316.15
_09041_,315.3
_16928_,315.195
_11250_,315.18
_17058_,315.18
_04228_,315
_04711_,314.73
_15125_,314.59
_06507_,314.52
net34,313.95
_05648_,313.78
_17357_,313.38
_11065_,313.05
_14959_,312.99
_15856_,312.58
net32,312.24
_04088_,312.16
_14933_,312.015
clknet_5_2__leaf_clk,311.89
_04368_,311.52
_14741_,311.52
_05246_,311.39
_04379_,310.98
_04055_,310.6
_07687_,310.375
_12180_,310.24
_04162_,309.98
_17077_,309.805
_13731_,309.52
_06510_,309.05
_10219_,309.02
_05582_,308.4
_13486_,308.22
_16894_,306.87
net30,306.78
_17588_,306.64
_07254_,306.29
net31,306.12
_03804_,305.71
_05279_,305.66
_17932_,305.56
_04442_,305.5
_08032_,305.42
_14725_,305.255
_17465_,304.73
net18,303.6
_14966_,303.56
_05345_,303.36
_03970_,302.94
_03845_,302.87
clknet_5_10__leaf_clk,302.37
_03689_,301.98
_17858_,301.63
_17000_,301.42
_17314_,301.04
_04615_,301
_17857_,300.56
_04755_,300.12
_05775_,300.04
_17418_,299.68
_16882_,299.22
_18349_,299.09
u_auth_fsm.aes_plaintext\[29\],298.81
_18151_,298.77
_15637_,298.73
_07061_,298.63
_04431_,298.08
_06116_,298.06
_14919_,297.66
_17057_,297.46
net11,297.09
_18469_,297.06
_17480_,296.85
_04648_,296.65
_06551_,296.18
_08148_,295.865
_11309_,295.74
_15488_,294.695
net25,294.2
net22,293.7
_15812_,293.68
_17498_,293.11
_06879_,292.81
u_aes128.gen_key_sbox\[2\].sb_key.in\[5\],292.7
_12337_,292.53
_04099_,292.38
_06231_,292.25
_06380_,291.97
_05455_,291.08
_15229_,290.925
_16390_,290.58
net315,290.52
_16497_,289.72
_11787_,289.53
_15284_,289.06
_04401_,289.025
_05592_,289
_15051_,288.95
_04541_,288.68
_14585_,288.09
_13967_,288.04
_05701_,287.96
_06818_,287.92
_09194_,287.76
net252,287.38
_15779_,286.78
_13929_,286.76
u_auth_fsm.aes_plaintext\[25\],286.68
_17067_,286.62
u_auth_fsm.nonce_hist\[1\]\[87\],286.4
u_auth_fsm.nonce_hist\[4\]\[84\],286.055
_14425_,286.025
_05774_,285.85
_03840_,285.82
u_cmd_parser.challenge_nonce\[6\],285.56
_07354_,285.42
u_auth_fsm.nonce_hist\[4\]\[85\],285.25
u_auth_fsm.aes_plaintext\[35\],285.21
_13374_,285.12
_17681_,284.92
_17524_,284.9
_07491_,284.59
_10585_,284.54
_05820_,283.96
_14931_,283.85
_10941_,283.64
_04291_,283.6
_05367_,283.4
_05914_,283.075
_15757_,282.54
u_cmd_parser.challenge_nonce\[68\],282.42
_14313_,282.38
_05700_,282.36
u_auth_fsm.aes_plaintext\[27\],282.24
fifo_nonce\[0\]\[69\],282.1
_16520_,281.48
_16905_,281.445
_17904_,281.39
_10098_,281.26
_05739_,281.23
_06192_,281.02
u_aes128.gen_state_sbox\[13\].sb_state.in\[4\],280.92
_06455_,280.76
_19705_,280.735
_06330_,280.6
_10968_,280.6
_12611_,280.525
_12603_,280.49
_03858_,280.22
_04979_,280.12
_05702_,280.08
net6,280
u_auth_fsm.aes_plaintext\[5\],279.96
_17826_,279.8
_14712_,279.64
fifo_nonce\[0\]\[118\],279.29
_05815_,279.165
_11129_,278.95
u_cmd_parser.challenge_nonce\[74\],278.88
_15725_,278.8
_16037_,278.44
_04986_,278.19
u_aes128.gen_state_sbox\[8\].sb_state.in\[5\],278.07
_17706_,278
u_auth_fsm.aes_plaintext\[7\],277.97
_05819_,277.83
_15381_,277.83
_14775_,277.825
_12970_,277.795
_17277_,277.16
fifo_nonce\[0\]\[113\],277.08
_06704_,277.03
net8,276.97
_09231_,276.86
_09229_,276.64
_03700_,276.61
_13364_,276.54
net27,276.53
_03853_,276.38
u_auth_fsm.aes_plaintext\[40\],276.36
_17532_,276.25
_16983_,276.2
u_auth_fsm.aes_plaintext\[62\],276.17
_07441_,276.135
_13939_,276.02
u_auth_fsm.aes_plaintext\[31\],275.81
u_auth_fsm.aes_plaintext\[26\],275.78
_04799_,275.3
_16898_,274.86
u_cmd_parser.cmd_challenge,274.74
_12555_,274.58
u_auth_fsm.aes_plaintext\[39\],274.38
_13957_,273.76
_15790_,273.74
_16980_,273.54
net296,273.46
_08644_,273.3
fifo_nonce\[0\]\[74\],272.88
u_auth_fsm.aes_plaintext\[38\],272.7
u_auth_fsm.aes_plaintext\[30\],272.69
u_cmd_parser.challenge_nonce\[104\],272.62
fifo_nonce\[0\]\[115\],272.42
_17769_,272.11
_05388_,271.84
u_auth_fsm.aes_plaintext\[61\],271.81
_13359_,271.68
u_cmd_parser.challenge_nonce\[59\],271.68
_08554_,271.43
fifo_nonce\[0\]\[96\],271.35
_04519_,271.16
_18193_,271.07
_14834_,270.77
u_cmd_parser.challenge_nonce\[25\],270.64
_18235_,270.52
u_cmd_parser.challenge_nonce\[46\],270.52
_14286_,270.43
_15626_,270.19
_16960_,270.12
_03755_,269.96
_03836_,269.44
_05516_,269.43
_06592_,269.38
_16996_,269.26
_07019_,269
fifo_nonce\[0\]\[114\],268.97
_18113_,268.92
_03678_,268.8
_08575_,268.71
_14475_,268.62
_19584_,268.6
_05505_,268.38
_12585_,268.29
net14,268.095
u_auth_fsm.aes_plaintext\[24\],268.04
_19044_,267.39
_16597_,267.36
_11402_,267.33
_08391_,267.195
_06935_,267.1
_06122_,267.04
_17992_,266.86
u_auth_fsm.aes_plaintext\[33\],266.71
u_auth_fsm.aes_plaintext\[3\],266.64
net170,266.47
net46,266.36
_07335_,266.27
u_cmd_parser.challenge_nonce\[67\],266.06
u_cmd_parser.challenge_nonce\[45\],266.02
_18090_,265.38
_18144_,265.18
_09007_,265.07
_06123_,265.01
u_uart_rx.rx_d2,264.765
_08859_,264.7
_00011_,264.54
_10152_,264.5
fifo_nonce\[0\]\[91\],264.3
_17462_,264.17
net380,263.91
u_cmd_parser.challenge_nonce\[108\],263.9
fifo_nonce\[0\]\[117\],263.68
_15648_,263.3
_06629_,263.2
_17373_,263.05
u_auth_fsm.nonce_hist\[4\]\[88\],262.855
fifo_nonce\[0\]\[111\],262.78
_17192_,262.68
_05581_,262.62
_15348_,262.33
_07240_,262.32
_13989_,262.2
_14841_,261.98
_09479_,261.89
_12232_,261.49
_17744_,261.49
_14491_,261.25
_07586_,261.21
_05502_,260.73
_13809_,260.34
_18243_,260.16
_08598_,260.15
_13636_,260.075
_17089_,260.04
_12729_,259.81
_11030_,259.8
_06984_,259.77
_17614_,259.66
fifo_nonce\[0\]\[93\],259.56
u_cmd_parser.challenge_nonce\[106\],258.94
net44,258.93
_10284_,258.755
_10331_,258.28
_18851_,258.04
_05536_,257.615
_19577_,257.6
_06375_,257.45
fifo_nonce\[0\]\[60\],257.44
_09166_,257.34
_10703_,257.26
_15897_,257.24
_04974_,257.17
net399,257.15
_13128_,257.09
_17003_,256.775
_10368_,256.49
_14825_,256.36
_16575_,256.18
_17809_,256
_06600_,255.5
_06401_,255.36
_15251_,255.3
_05501_,255.17
_14483_,255.11
_11516_,254.86
_10977_,254.67
_12995_,254.48
_07736_,254.36
_06730_,254.3
_13390_,254.3
fifo_nonce\[0\]\[116\],254.3
fifo_nonce\[0\]\[89\],254.28
_09445_,254.27
_10569_,254.13
u_cmd_parser.challenge_nonce\[99\],254.11
_15262_,253.98
net26,253.83
_08636_,253.77
fifo_nonce\[0\]\[95\],253.56
_12426_,253.53
_16977_,253.24
_07134_,253.06
net10,252.98
_09358_,252.6
_17557_,252.46
_16992_,252.36
_12957_,251.9
_05816_,251.6
_13038_,251.54
_05738_,251.53
_11376_,251.23
_05496_,251.14
_17395_,251.08
_07867_,250.72
_12607_,250.68
_06703_,250.62
_08590_,250.58
_15392_,250.32
_13759_,250.28
_05411_,250.25
_03849_,250.01
_07743_,249.96
_06669_,249.88
_16553_,249.8
_17982_,249.8
_18168_,249.71
_10617_,249.6
u_cmd_parser.nonce_reg\[44\],249.59
_06752_,249.28
_18563_,249.085
_17071_,249.02
u_auth_fsm.aes_plaintext\[13\],248.92
_08586_,248.83
_06269_,248.82
_11363_,248.82
_09746_,248.62
_18353_,248.615
_10685_,248.36
_07465_,248.2
_14452_,248.02
_10134_,247.96
_18510_,247.865
_16888_,247.785
_13931_,247.68
_06080_,247.6
_13077_,247.59
_08305_,247.43
_07098_,247.285
_06668_,247.2
_04788_,247.16
_11013_,246.84
u_cmd_parser.challenge_nonce\[28\],246.56
_07779_,246.51
u_auth_fsm.nonce_hist\[4\]\[79\],246.08
_17472_,245.61
_09723_,245.32
_10957_,245.1
_13018_,244.83
_18145_,244.6
_13444_,244.22
_10576_,244.16
_16464_,244.16
_11449_,244.07
_14759_,243.94
_06163_,243.78
_06359_,243.495
_08139_,243.46
u_cmd_parser.challenge_nonce\[60\],243.315
_08518_,242.87
_05951_,242.75
_10170_,242.51
_11899_,242.41
_08589_,242.36
_13981_,242.34
_12458_,242.28
_06637_,242.13
_16344_,241.93
_12595_,241.9
_15908_,241.9
u_auth_fsm.aes_plaintext\[16\],241.9
fifo_nonce\[0\]\[102\],241.74
_03827_,241.62
_06437_,241.525
_05547_,241.44
_17656_,241.16
_17180_,241.12
_13564_,241.04
_06117_,240.94
_12591_,240.58
_17404_,240.58
_07816_,240.55
_13485_,240.38
_16082_,240.32
_05100_,240.22
_08828_,240.18
_13775_,240.14
_07720_,240.01
u_auth_fsm.aes_plaintext\[14\],239.86
fifo_nonce\[0\]\[66\],239.82
_06880_,239.75
_12277_,239.21
_10671_,239.19
_06126_,239.06
_11394_,238.67
_03777_,238.54
_07865_,238.445
_17972_,238.38
_15370_,238.3
_07802_,238.03
_10687_,237.99
net324,237.93
_13820_,237.89
_17939_,237.86
_14920_,237.66
_14278_,237.5
_11468_,237.42
_10684_,237.09
_07808_,236.31
_07543_,236.17
_15845_,236.13
u_cmd_parser.challenge_nonce\[7\],236.03
_09781_,235.97
_12559_,235.69
_18034_,235.66
_14499_,235.51
_07654_,235.5
_14749_,235.46
u_cmd_parser.challenge_nonce\[2\],235.46
_13831_,235.13
net409,234.82
u_aes128.gen_key_sbox\[2\].sb_key.in\[4\],234.81
_09329_,234.695
_08623_,234.66
_15834_,234.66
u_auth_fsm.aes_plaintext\[9\],234.64
fifo_nonce\[0\]\[112\],234.4
net232,234.17
_11111_,234.06
_11545_,233.98
_10153_,233.87
_15703_,233.74
_05451_,233.62
u_aes128.gen_state_sbox\[6\].sb_state.in\[4\],233.575
_18489_,233.54
_15919_,233.47
_18077_,233.4
_05545_,233.355
_12563_,233.24
_11018_,233.16
_03733_,233.02
_11745_,233
fifo_nonce\[0\]\[72\],232.95
fifo_nonce\[0\]\[64\],232.77
_12863_,232.68
_08199_,232.62
_06270_,232.6
_08558_,232.54
_07730_,232.52
_14372_,232.04
_08549_,231.91
u_aes128.gen_state_sbox\[14\].sb_state.in\[4\],231.68
_07323_,231.66
_15035_,231.66
_05847_,231.64
_17751_,231.58
u_aes128.gen_state_sbox\[10\].sb_state.in\[3\],231.56
u_cmd_parser.nonce_reg\[47\],231.56
fifo_nonce\[0\]\[94\],231.49
_12996_,231.3
_07228_,231.21
_10555_,231.07
_17209_,230.92
u_auth_fsm.aes_plaintext\[8\],230.85
_06278_,230.84
_10537_,230.56
_05660_,230.41
_11822_,230.13
_09840_,230.07
u_auth_fsm.aes_plaintext\[65\],230.06
_09370_,229.93
_10148_,229.78
_16406_,229.7
_14346_,229.68
_12560_,229.66
_05980_,229.55
_11849_,229.49
_09326_,229.48
_13380_,229.125
_13196_,228.99
_09156_,228.95
_17886_,228.86
_10828_,228.75
_03959_,228.74
_13495_,228.585
_13517_,228.28
_06200_,228.02
_05365_,227.68
u_aes128.gen_key_sbox\[1\].sb_key.in\[5\],227.65
u_auth_fsm.aes_plaintext\[58\],227.6
_10539_,227.5
u_cmd_parser.challenge_nonce\[58\],227.46
_12239_,227.225
_14165_,227.2
_09777_,227.13
_15952_,227.12
_09435_,227.09
_10979_,227.02
_09761_,227
fifo_nonce\[0\]\[97\],226.9
_12622_,226.895
_07333_,226.85
_10948_,226.8
_10538_,226.43
_07384_,226.37
u_auth_fsm.aes_plaintext\[21\],226.22
_10713_,226.03
u_auth_fsm.nonce_hist\[5\]\[87\],225.97
_10587_,225.7
_07748_,225.67
u_auth_fsm.aes_plaintext\[37\],225.65
_09811_,225.56
_09846_,225.275
_14296_,225.26
_12985_,225.13
_14466_,225.1
u_cmd_parser.challenge_nonce\[69\],224.94
_08005_,224.73
net126,224.58
_16268_,224.56
_17550_,224.54
_17099_,224.36
_17903_,224.29
_11816_,224.22
_09407_,223.95
_05745_,223.9
u_aes128.gen_key_sbox\[0\].sb_key.in\[7\],223.74
_13810_,223.64
_10589_,223.61
_11010_,223.5
fifo_nonce\[0\]\[76\],223.38
u_auth_fsm.aes_plaintext\[23\],223.3
_08188_,222.92
_05511_,222.915
_06786_,222.8
_05572_,222.78
_17848_,222.64
_08033_,222.62
_05426_,222.55
_10158_,222.54
fifo_nonce\[0\]\[71\],222.51
_08541_,222.48
_10679_,222.4
_09852_,222.34
_11873_,222.305
_12298_,222.08
_09829_,222.05
_04508_,222.03
_06705_,222
_17287_,221.94
_14928_,221.92
fifo_nonce\[0\]\[90\],221.72
_09351_,221.71
_05781_,221.69
_06463_,221.66
_09228_,221.62
_12577_,221.585
_16665_,221.435
_11851_,221.37
u_auth_fsm.aes_key\[96\],221.145
_09001_,221.02
_16586_,221.02
fifo_nonce\[0\]\[70\],221.02
u_auth_fsm.aes_plaintext\[54\],220.94
_15324_,220.9
_06670_,220.61
u_auth_fsm.aes_plaintext\[64\],220.58
u_aes128.ciphertext\[56\],220.54
_09785_,220.4
fifo_nonce\[0\]\[41\],220.38
_08657_,220.16
_06508_,220.11
_08625_,220.09
_09023_,219.98
_09357_,219.93
_12973_,219.93
_10697_,219.84
fifo_nonce\[0\]\[62\],219.7
_05630_,219.67
_10594_,219.56
_09348_,219.48
u_auth_fsm.aes_plaintext\[19\],219.44
net251,219.42
_14253_,219.39
_12975_,219.21
_05607_,219.065
_07473_,219.06
_07097_,219.01
_11350_,218.9
_08191_,218.86
_14440_,218.8
_09450_,218.58
_05399_,218.535
_10582_,218.52
_17452_,218.4
_10250_,218.36
_11443_,218.12
_06933_,218.02
_11064_,217.95
_16387_,217.92
_13446_,217.77
_06383_,217.43
_10736_,217.42
_16849_,217.28
_09404_,217.26
_07226_,217.24
fifo_nonce\[0\]\[98\],217.19
_12565_,216.96
_05888_,216.775
_10534_,216.77
_13295_,216.66
_05385_,216.64
_17100_,216.63
_12961_,216.55
u_aes128.gen_state_sbox\[15\].sb_state.in\[5\],216.48
fifo_nonce\[0\]\[63\],216.34
_12207_,216.27
_05655_,216.26
_19013_,216.22
u_auth_fsm.aes_plaintext\[41\],216.22
_16312_,216.14
_17490_,216.1
_08662_,216.05
_13959_,216.04
_12636_,216.025
_07165_,215.84
_12581_,215.735
_13025_,215.72
_10227_,215.55
_03667_,215.5
_08581_,215.5
_16608_,215.5
_15185_,215.48
_14449_,215.46
_17576_,215.42
_10162_,215.35
_11368_,215.34
_09158_,215.235
_12609_,215.2
_13777_,215.06
_07338_,215.03
_12594_,214.92
_05453_,214.8
_07781_,214.74
_12253_,214.595
_08640_,214.58
_07367_,214.565
_11004_,214.505
_10127_,214.28
_10260_,213.94
_07397_,213.63
_11041_,213.61
_07235_,213.53
u_auth_fsm.aes_key\[82\],213.4
_13367_,213.32
_14370_,213.29
_08181_,213.22
u_auth_fsm.aes_plaintext\[2\],213.2
_09361_,213.165
u_aes128.ciphertext\[80\],212.99
_14768_,212.96
_12967_,212.375
_05779_,212.26
_13484_,212.25
_08133_,212.18
_13372_,212.12
u_aes128.ciphertext\[81\],212.05
_05709_,211.94
_12691_,211.86
_13007_,211.835
u_auth_fsm.aes_plaintext\[36\],211.65
u_cmd_parser.challenge_nonce\[27\],211.46
_13033_,211.35
_12081_,211.085
u_auth_fsm.aes_plaintext\[34\],211.04
_10631_,210.97
_10541_,210.95
_13019_,210.92
_10167_,210.905
_18251_,210.9
_11377_,210.76
net218,210.75
u_cmd_parser.challenge_nonce\[66\],210.61
fifo_nonce\[0\]\[104\],210.56
_18446_,210.54
_13016_,210.49
_14932_,210.41
_07504_,210.33
_18468_,210.32
_07018_,210.095
_13941_,210.08
_03915_,210
_10176_,209.94
_06156_,209.85
_14459_,209.8
_17604_,209.72
net45,209.65
u_cmd_parser.challenge_nonce\[55\],209.4
_11382_,209.21
_17586_,209.18
_06515_,209.16
_10953_,209.08
_09044_,209.07
_08145_,208.87
_05597_,208.79
_15510_,208.76
fifo_nonce\[0\]\[67\],208.7
u_aes128.ciphertext\[40\],208.63
_08292_,208.56
u_auth_fsm.nonce_hist\[3\]\[48\],208.48
_11033_,208.47
net36,208.41
_06750_,208.38
_06361_,208.2
_13215_,208.19
_08704_,208.12
_12154_,208.03
u_cmd_parser.challenge_nonce\[54\],208
_06339_,207.94
_07346_,207.94
_08179_,207.92
_11385_,207.84
u_cmd_parser.challenge_nonce\[78\],207.72
_09045_,207.7
_11436_,207.33
_12998_,207.31
_11432_,207.18
_09031_,206.67
_06420_,206.38
_06300_,206.34
_07750_,206.31
_08923_,206.29
_17130_,206.23
_16467_,206.02
_17648_,206.01
_13022_,205.96
_11896_,205.855
_08633_,205.79
u_cmd_parser.challenge_nonce\[107\],205.66
_05432_,205.63
_07908_,205.625
_11020_,205.62
_18395_,205.57
_07799_,205.44
_14704_,205.4
_07850_,205.2
_11877_,205.16
_12662_,205.14
_11762_,205.135
_12664_,205.11
_07376_,205.09
_10187_,205.06
_07140_,204.9
_11765_,204.85
fifo_nonce\[0\]\[119\],204.82
_05874_,204.62
net57,204.57
_13400_,204.54
_05933_,204.4
_07368_,204.39
_05708_,204.34
_12644_,204.17
_08952_,204.02
u_aes128.gen_state_sbox\[1\].sb_state.in\[5\],203.95
_05402_,203.945
_10546_,203.93
_11821_,203.875
_10945_,203.86
_17238_,203.79
fifo_nonce\[0\]\[108\],203.79
_14857_,203.78
_03722_,203.74
_17032_,203.7
u_aes128.gen_state_sbox\[7\].sb_state.in\[7\],203.675
_10604_,203.6
_05369_,203.56
_07763_,203.485
_05639_,203.47
_17070_,203.45
_08991_,203.355
_09344_,203.355
_07317_,203.3
u_auth_fsm.aes_plaintext\[45\],203.21
_09755_,203.19
_05527_,203.16
_08521_,203.16
_11867_,203.12
_08930_,203.03
_08353_,202.945
_11389_,202.94
u_auth_fsm.aes_key\[89\],202.94
u_cmd_parser.challenge_nonce\[56\],202.94
_08958_,202.85
_11868_,202.82
_11342_,202.73
_07804_,202.665
fifo_nonce\[0\]\[92\],202.66
_12208_,202.65
_11383_,202.6
_09850_,202.55
_12158_,202.49
_11781_,202.345
_08169_,202.25
_10145_,202.2
_11365_,202.09
_16531_,201.95
u_cmd_parser.challenge_nonce\[105\],201.9
_17963_,201.88
_09750_,201.84
_11370_,201.8
_11772_,201.74
_13375_,201.74
u_cmd_parser.challenge_nonce\[23\],201.74
_11749_,201.695
_13035_,201.68
_08130_,201.625
u_auth_fsm.aes_plaintext\[22\],201.58
u_aes128.gen_state_sbox\[15\].sb_state.in\[4\],201.42
u_aes128.gen_state_sbox\[12\].sb_state.in\[3\],201.41
_05656_,201.285
u_aes128.ciphertext\[88\],201.25
_09814_,201.2
_10556_,201.14
net176,201.13
_08359_,201.09
_09050_,201.015
_09790_,200.96
_06305_,200.94
_05408_,200.92
_09379_,200.8
_06728_,200.75
_08672_,200.66
_06313_,200.61
_14849_,200.44
_08987_,200.355
_15521_,200.345
_05171_,200.32
_11842_,200.23
u_auth_fsm.aes_plaintext\[53\],200.13
_03601_,199.93
_08207_,199.88
_07162_,199.86
_16959_,199.86
_14508_,199.715
_15359_,199.64
_14243_,199.63
_14553_,199.6
_14910_,199.535
_06125_,199.41
_10244_,199.41
_08925_,199.2
_05956_,199.07
u_aes128.gen_key_sbox\[3\].sb_key.in\[6\],199.05
_08239_,198.83
u_cmd_parser.challenge_nonce\[26\],198.76
_08204_,198.66
_03882_,198.64
_09876_,198.545
_08540_,198.52
_11429_,198.51
net152,198.445
u_aes128.ciphertext\[45\],198.4
_14692_,198.32
_05457_,198.28
_07761_,198.28
_12554_,198.2
_06032_,198.1
_11652_,198.08
_13368_,197.84
u_cmd_parser.rx_byte\[7\],197.8
_19167_,197.62
_19653_,197.56
_09028_,197.415
_13436_,197.415
_12711_,197.305
_06558_,197.27
_16885_,197.27
_07330_,196.97
_13026_,196.92
_06561_,196.915
_08795_,196.91
_10651_,196.765
_12592_,196.68
_09020_,196.58
_12167_,196.58
_17117_,196.55
_12203_,196.535
_12173_,196.53
_17682_,196.28
_07753_,196.115
_09382_,196.05
u_auth_fsm.nonce_hist\[4\]\[104\],195.94
net239,195.94
net172,195.92
_14937_,195.68
fifo_nonce\[0\]\[59\],195.66
_05477_,195.63
u_auth_fsm.aes_plaintext\[32\],195.6
_03766_,195.56
net231,195.52
_10140_,195.395
_12241_,195.38
_09340_,195.35
_10258_,195.345
_13411_,195.32
u_auth_fsm.pld_idx\[2\],195.3
_12314_,195.2
_17004_,195.1
u_aes128.gen_key_sbox\[0\].sb_key.in\[6\],195.03
_11817_,195
_12982_,194.99
u_cmd_parser.nonce_reg\[45\],194.98
net379,194.94
_07624_,194.9
_06367_,194.86
_05573_,194.84
_12558_,194.79
_05744_,194.7
fifo_nonce\[0\]\[78\],194.7
u_auth_fsm.nonce_hist\[4\]\[83\],194.66
_12176_,194.58
_15532_,194.58
_07991_,194.56
_16388_,194.44
_13264_,194.36
_10719_,194.33
_09012_,194.3
_11417_,194.215
_11936_,194.08
_09916_,194.04
_13997_,194.04
u_aes128.ciphertext\[15\],193.98
_05452_,193.975
_06985_,193.93
_10595_,193.905
_13140_,193.72
u_aes128.gen_state_sbox\[11\].sb_state.in\[7\],193.56
_10157_,193.41
_10329_,193.33
_06456_,193.26
_09381_,193.21
_05931_,193.17
_06715_,193.08
_15336_,193.08
_07732_,193.01
_10657_,192.89
fifo_nonce\[0\]\[39\],192.81
_06772_,192.66
u_auth_fsm.nonce_hist\[0\]\[57\],192.66
_11431_,192.6
u_auth_fsm.aes_key\[84\],192.46
_12972_,192.4
_17923_,192.32
_06011_,192.315
_09119_,192.26
_10643_,191.99
_08946_,191.87
_06915_,191.815
_08919_,191.78
_13698_,191.78
_11465_,191.66
_13079_,191.62
_11814_,191.48
_12053_,191.48
_17339_,191.48
_09261_,191.44
_09418_,191.37
_09756_,191.28
_05861_,191.17
_07800_,190.89
_05707_,190.77
_10565_,190.69
_14872_,190.68
_13466_,190.65
_14915_,190.61
_08706_,190.56
_05880_,190.54
_06199_,190.46
_07309_,190.45
_11407_,190.44
_12728_,190.395
_17440_,190.38
_06193_,190.34
_08552_,190.23
_07401_,190.14
_09371_,190.09
_08356_,190.08
_10551_,190.065
_09726_,190.02
_10161_,189.98
_08173_,189.92
_13432_,189.64
_11001_,189.58
_12264_,189.55
_17816_,189.51
u_cmd_parser.rx_byte\[5\],189.51
_08213_,189.485
_13489_,189.435
_11905_,189.41
fifo_nonce\[0\]\[65\],189.39
_13066_,189.37
u_aes128.gen_state_sbox\[7\].sb_state.in\[4\],189.02
_08688_,189.01
_05926_,188.845
_11349_,188.82
_17579_,188.68
_12747_,188.64
_05947_,188.58
_08195_,188.5
_11892_,188.5
_08546_,188.49
_11774_,188.49
u_auth_fsm.nonce_hist\[0\]\[8\],188.28
_05161_,188.22
_08989_,188.2
_06799_,188.17
_05854_,188.03
_11461_,187.94
_11826_,187.825
u_cmd_parser.rx_byte\[2\],187.585
_08298_,187.52
_15477_,187.43
_11050_,187.38
_07555_,187.34
_10245_,187.335
_17324_,187.29
_13450_,187.275
_11356_,187.2
_17632_,186.99
_09774_,186.92
_13382_,186.86
_09456_,186.81
_13602_,186.8
_10578_,186.765
_13393_,186.765
_14940_,186.72
_09172_,186.7
_06776_,186.64
_10961_,186.61
_07308_,186.51
_07725_,186.38
_19708_,186.33
_07361_,186.265
_05746_,186.075
_08922_,185.96
_07311_,185.9
_07418_,185.69
_08945_,185.68
_08599_,185.59
_13383_,185.565
_07396_,185.555
_11026_,185.49
u_aes128.ciphertext\[90\],185.34
_12152_,185.18
_12661_,185.06
_07386_,184.97
_06160_,184.92
_12190_,184.92
_07961_,184.86
_13379_,184.8
_12160_,184.78
u_aes128.gen_state_sbox\[1\].sb_state.in\[3\],184.7
u_cmd_parser.challenge_nonce\[103\],184.7
_16486_,184.58
_12600_,184.535
_10130_,184.5
_05142_,184.48
_05944_,184.45
_05111_,184.36
_10135_,184.205
_07430_,184.18
_12166_,184.12
u_auth_fsm.nonce_hist\[1\]\[64\],184.08
_16257_,184.02
_08154_,183.96
_08212_,183.865
_14159_,183.835
_05490_,183.83
_11056_,183.74
_03788_,183.66
_07017_,183.66
_11813_,183.625
_13523_,183.62
_10996_,183.48
_11786_,183.48
_14518_,183.37
_13089_,183.3
net215,183.275
_07757_,183.25
_17531_,183.22
_09500_,183.17
_10321_,183.16
_12519_,183.08
_09974_,183.05
_06074_,183.04
_14015_,183.04
_11614_,183.02
_09602_,182.955
u_auth_fsm.nonce_hist\[1\]\[61\],182.93
net214,182.9
_08954_,182.52
_17781_,182.52
_10434_,182.5
_12333_,182.5
_11965_,182.49
_06162_,182.45
_08566_,182.43
_08995_,182.4
_06350_,182.315
fifo_nonce\[0\]\[68\],182.2
net451,182.17
net264,182.06
_09768_,182.03
_17044_,182.03
_11367_,181.93
_11466_,181.92
_10683_,181.875
_06403_,181.86
_03981_,181.73
_14568_,181.72
_08601_,181.68
_07321_,181.595
_14881_,181.58
_06591_,181.57
_07911_,181.54
_10563_,181.54
_07425_,181.465
_11858_,181.45
_08523_,181.4
_08717_,181.36
_05878_,181.29
_17595_,181.28
_06720_,181.13
fifo_nonce\[0\]\[101\],181.1
net154,180.99
_05514_,180.98
u_aes128.ciphertext\[61\],180.98
net175,180.83
_07735_,180.81
u_aes128.gen_state_sbox\[6\].sb_state.in\[5\],180.685
_13363_,180.665
_10200_,180.58
_16890_,180.5
u_cmd_parser.challenge_nonce\[102\],180.44
_03948_,180.43
_06596_,180.31
_11469_,180.3
_11399_,180.27
_13553_,179.81
_15996_,179.78
_05517_,179.76
_08573_,179.76
_13073_,179.72
net89,179.7
_09072_,179.69
_09350_,179.57
_17265_,179.54
u_aes128.gen_state_sbox\[4\].sb_state.in\[7\],179.46
_05580_,179.44
_10545_,179.29
_06239_,179.2
_05649_,179.19
_18069_,179.18
u_auth_fsm.nonce_hist\[1\]\[65\],179.16
u_auth_fsm.nonce_hist\[0\]\[79\],179.14
_12115_,179.09
_14591_,179.05
u_auth_fsm.nonce_hist\[7\]\[102\],179.04
u_aes128.gen_state_sbox\[2\].sb_state.in\[3\],178.96
_08427_,178.88
_07747_,178.765
_10847_,178.74
_17657_,178.74
_11403_,178.64
u_auth_fsm.aes_plaintext\[0\],178.62
u_aes128.ciphertext\[65\],178.58
_09764_,178.49
net33,178.48
_08256_,178.455
u_auth_fsm.nonce_hist\[0\]\[87\],178.43
_09406_,178.345
_15768_,178.18
_07099_,178.13
_14382_,177.93
_05467_,177.655
_08118_,177.65
_11130_,177.52
u_cmd_parser.challenge_nonce\[20\],177.47
_07767_,177.41
_11472_,177.41
_05434_,177.4
_16235_,177.38
_07857_,177.205
_09347_,177.145
_05988_,177.11
_13028_,177.035
_09365_,177.02
_09368_,176.98
u_cmd_parser.challenge_nonce\[73\],176.96
_09043_,176.89
_14896_,176.84
_17879_,176.7
u_aes128.ciphertext\[48\],176.61
net337,176.59
_10877_,176.5
_07726_,176.44
_05657_,176.36
fifo_nonce\[0\]\[106\],176.35
u_cmd_parser.challenge_nonce\[19\],176.32
_07325_,176.2
_05400_,176.19
_05849_,176.17
_13062_,176.16
u_auth_fsm.nonce_hist\[0\]\[84\],176.125
_06851_,176.1
_06282_,176.06
_10666_,175.98
_09731_,175.91
_06232_,175.87
_08932_,175.84
_11952_,175.83
_11872_,175.77
_08619_,175.75
_06712_,175.705
u_auth_fsm.nonce_hist\[1\]\[62\],175.66
_06299_,175.45
_09775_,175.36
_05469_,175.33
_05868_,175.2
_14562_,175.17
_07412_,175.14
_14866_,175.14
_12344_,175.08
_09836_,174.96
_07356_,174.83
_06631_,174.74
_08163_,174.665
net575,174.49
_08980_,174.47
_07813_,174.43
_06075_,174.39
_18007_,174.22
_06744_,174.2
_10218_,174.16
_16999_,174.12
_16695_,174.035
_11414_,173.98
_12228_,173.88
net390,173.88
_06198_,173.815
_09742_,173.805
_12255_,173.76
_19716_,173.72
_08727_,173.66
_08709_,173.575
_09336_,173.44
_09762_,173.29
_08285_,173.14
_06390_,173.11
_08594_,173.05
_11886_,172.86
_07426_,172.79
_03711_,172.78
_05023_,172.78
u_auth_fsm.aes_plaintext\[109\],172.77
_10096_,172.65
fifo_nonce\[0\]\[45\],172.57
u_auth_fsm.nonce_hist\[0\]\[56\],172.5
_13391_,172.43
_06749_,172.37
_09845_,172.28
_13890_,172.27
u_aes128.gen_state_sbox\[7\].sb_state.in\[6\],172.25
_10151_,172.22
_10402_,172.14
_10554_,172.035
_11361_,171.925
_09207_,171.85
_12431_,171.82
_07392_,171.57
_08301_,171.5
_08550_,171.48
_09352_,171.46
_10172_,171.39
_05883_,171.37
_11371_,171.35
u_auth_fsm.aes_plaintext\[10\],171.32
_03893_,171.3
_07772_,171.27
_11074_,171.26
_16754_,171.24
_16857_,171
_13158_,170.91
fifo_nonce\[0\]\[47\],170.86
_12639_,170.85
_06722_,170.84
_19325_,170.8
_16038_,170.76
_10230_,170.72
_13362_,170.665
_14008_,170.58
net436,170.58
_16982_,170.53
_11069_,170.49
_08941_,170.47
_09934_,170.385
_05415_,170.38
fifo_nonce\[0\]\[73\],170.35
u_aes128.ciphertext\[64\],170.3
_12649_,170.28
_09812_,170.26
_16947_,170.24
_13509_,170.2
_09740_,170.02
_12651_,170.01
u_auth_fsm.aes_plaintext\[111\],169.96
u_cmd_parser.challenge_nonce\[90\],169.9
_08172_,169.87
_12570_,169.84
_16710_,169.835
_16337_,169.78
_09051_,169.765
_10332_,169.7
_16420_,169.7
_10194_,169.65
_12629_,169.585
_19707_,169.51
_03552_,169.4
fifo_nonce\[0\]\[77\],169.34
_07793_,169.28
u_aes128.gen_state_sbox\[5\].sb_state.in\[4\],169.27
_09327_,169.24
_09888_,169.235
_05772_,169.185
_11793_,169.125
_11803_,169.03
_17732_,168.98
_07542_,168.78
_11391_,168.77
_06286_,168.755
_03641_,168.72
_12575_,168.56
_08998_,168.545
_11411_,168.45
net530,168.38
u_cmd_parser.challenge_nonce\[72\],168.36
_13049_,168.335
_09753_,168.3
_05380_,168.14
_08965_,168.12
_05459_,168.1
_09193_,168.02
_06982_,167.98
_06934_,167.89
_10781_,167.89
_10955_,167.72
u_cmd_parser.challenge_nonce\[39\],167.64
_14380_,167.52
_06711_,167.48
u_auth_fsm.aes_plaintext\[15\],167.42
_06233_,167.34
u_aes128.gen_state_sbox\[11\].sb_state.in\[6\],167.32
_08123_,167.285
fifo_nonce\[0\]\[42\],167.24
_05661_,167.18
_10181_,167.14
_13198_,167.14
u_aes128.gen_state_sbox\[13\].sb_state.in\[3\],167.05
_09006_,167.04
_16425_,166.92
_06562_,166.855
_09437_,166.84
_06311_,166.81
_05736_,166.74
_16871_,166.67
_12457_,166.54
_06514_,166.46
_17427_,166.44
_08985_,166.36
_06310_,166.35
_11524_,166.33
_05855_,166.28
_03926_,166.24
_10163_,166.22
_13103_,166.16
_14527_,166.12
u_aes128.ciphertext\[9\],166.12
_10815_,166
_11902_,165.9
_06829_,165.8
_17689_,165.795
_12194_,165.63
_12705_,165.56
_06553_,165.44
_06351_,165.43
fifo_nonce\[0\]\[61\],165.38
_11941_,165.29
_16542_,165.28
_12981_,165.24
_09744_,165.21
fifo_nonce\[0\]\[103\],165.18
_08122_,165.12
u_aes128.gen_state_sbox\[3\].sb_state.in\[7\],165.01
_09893_,164.98
_10214_,164.93
_07731_,164.91
_09384_,164.855
u_auth_fsm.nonce_hist\[7\]\[34\],164.85
_09363_,164.6
_06393_,164.59
u_auth_fsm.aes_plaintext\[48\],164.5
_14062_,164.42
_10146_,164.41
u_aes128.ciphertext\[58\],164.38
u_auth_fsm.aes_key\[68\],164.34
_09555_,164.32
_13050_,164.23
_11475_,164.13
_10131_,164.12
_08574_,164.08
_15001_,164.07
_12321_,163.89
_08535_,163.855
_14507_,163.84
_16026_,163.8
_13385_,163.75
fifo_nonce\[0\]\[122\],163.7
_09434_,163.63
fifo_nonce\[0\]\[100\],163.62
_06804_,163.545
_13500_,163.49
_10150_,163.46
net262,163.43
_18267_,163.16
u_auth_fsm.nonce_hist\[1\]\[57\],163.15
_09416_,163.14
_07773_,163.08
_05778_,162.88
_17200_,162.85
_09798_,162.825
_16349_,162.76
_05458_,162.74
_06042_,162.615
_10705_,162.61
_07744_,162.595
_07982_,162.56
clknet_leaf_355_clk,162.54
_05859_,162.475
u_auth_fsm.aes_key\[64\],162.46
_10261_,162.17
_13758_,162.14
_13394_,162.11
u_cmd_parser.challenge_nonce\[112\],162
_07848_,161.96
_11047_,161.915
_17256_,161.9
_11480_,161.85
_12569_,161.84
_09291_,161.82
_16863_,161.7
_14204_,161.56
_08134_,161.49
_08187_,161.395
_05056_,161.28
_09102_,161.16
_17315_,161.16
_05591_,161.1
_11751_,161.1
_09143_,160.95
_05579_,160.87
_13047_,160.765
_03904_,160.68
u_cmd_parser.challenge_nonce\[42\],160.68
_07925_,160.605
_11025_,160.5
_17199_,160.46
_05601_,160.42
net130,160.33
net111,160.26
_11381_,160.2
_09760_,160.16
_06746_,160.13
_14223_,160.08
_13012_,159.97
fifo_nonce\[0\]\[107\],159.93
_10638_,159.64
_12520_,159.61
_12963_,159.555
net358,159.51
_10334_,159.5
_11825_,159.46
_10985_,159.37
_11476_,159.355
_09060_,159.26
u_auth_fsm.aes_plaintext\[11\],159.22
_18946_,159.18
_12768_,159.13
_06348_,159.09
_08526_,159.09
net378,159.09
_05078_,158.98
u_aes128.gen_state_sbox\[2\].sb_state.in\[4\],158.97
_07429_,158.92
_07362_,158.915
u_auth_fsm.nonce_hist\[0\]\[88\],158.82
_09894_,158.755
_09393_,158.72
_10571_,158.7
u_aes128.gen_state_sbox\[10\].sb_state.in\[4\],158.68
_14394_,158.67
_16621_,158.655
_16870_,158.64
_08934_,158.63
_06713_,158.61
_05953_,158.56
_06724_,158.56
_12244_,158.5
_10540_,158.49
_15436_,158.465
net134,158.43
_06302_,158.32
_07347_,158.24
_13388_,158.23
fifo_nonce\[0\]\[46\],158.22
_01593_,158.175
_09595_,158.16
_14889_,158.04
_09791_,157.98
_07445_,157.96
_09747_,157.89
_06400_,157.815
_07524_,157.78
_10973_,157.745
_06308_,157.72
_07805_,157.63
fifo_nonce\[0\]\[43\],157.54
_13443_,157.39
_06761_,157.385
_07135_,157.34
_09869_,157.12
_08229_,157.025
_14194_,156.98
_13473_,156.96
_11950_,156.6
_06292_,156.57
_12275_,156.535
_06674_,156.52
u_auth_fsm.aes_plaintext\[42\],156.52
_06004_,156.49
_08186_,156.47
u_cmd_parser.challenge_nonce\[98\],156.44
net157,156.37
_06335_,156.36
_01870_,156.26
_17046_,156.22
_05925_,156.2
_07060_,156.16
_09328_,156.14
_09804_,156
u_auth_fsm.nonce_hist\[0\]\[113\],155.98
clknet_leaf_220_clk,155.9
_09360_,155.88
fifo_nonce\[0\]\[40\],155.8
_06546_,155.755
_05548_,155.74
clknet_leaf_279_clk,155.74
_10438_,155.68
_12175_,155.62
_10572_,155.58
_13376_,155.555
_10315_,155.54
_14526_,155.52
u_auth_fsm.nonce_hist\[3\]\[34\],155.5
_13009_,155.47
u_aes128.gen_state_sbox\[14\].sb_state.in\[7\],155.46
_06118_,155.45
_13490_,155.43
_12676_,155.37
_10313_,155.36
u_auth_fsm.nonce_hist\[1\]\[92\],155.36
_10990_,155.25
_11374_,155.22
_13212_,155.22
_05955_,155.19
_13403_,155.19
_10647_,155.05
_19628_,154.96
_10193_,154.91
_13126_,154.91
_08176_,154.81
u_auth_fsm.nonce_hist\[4\]\[81\],154.76
u_cmd_parser.challenge_nonce\[65\],154.72
_14927_,154.55
_11990_,154.54
u_auth_fsm.nonce_hist\[4\]\[94\],154.49
_11928_,154.46
_12183_,154.45
_08426_,154.44
_10548_,154.4
_10469_,154.28
_05012_,154.26
_12666_,154.26
_07319_,154.02
_06371_,153.98
_10987_,153.98
_14303_,153.98
_11485_,153.97
u_auth_fsm.nonce_hist\[6\]\[34\],153.96
_06630_,153.95
_08352_,153.95
_10975_,153.93
_08649_,153.92
_06333_,153.87
net276,153.83
_10274_,153.82
_16850_,153.81
_06238_,153.79
net755,153.65
_05939_,153.63
_07896_,153.62
fifo_nonce\[0\]\[44\],153.54
_12233_,153.48
_12216_,153.45
u_auth_fsm.nonce_hist\[6\]\[95\],153.44
_12788_,153.4
u_aes128.gen_state_sbox\[2\].sb_state.in\[5\],153.355
u_auth_fsm.nonce_hist\[1\]\[84\],153.285
u_auth_fsm.nonce_hist\[1\]\[70\],153.26
u_aes128.ciphertext\[39\],153.24
_09339_,153.19
_08654_,153.17
_13397_,153.12
_06636_,153.09
_06905_,153.08
_17894_,153
_14168_,152.96
_08121_,152.85
_13048_,152.84
_07777_,152.835
_07556_,152.78
net99,152.76
_12987_,152.74
u_auth_fsm.nonce_hist\[2\]\[93\],152.7
_14683_,152.66
_16958_,152.65
_09997_,152.64
u_aes128.gen_state_sbox\[8\].sb_state.in\[6\],152.59
_13464_,152.535
_09468_,152.4
_05531_,152.35
net143,152.32
_05568_,152.24
u_cmd_parser.challenge_nonce\[110\],152.22
u_aes128.gen_state_sbox\[13\].sb_state.in\[0\],152.21
_03655_,152.18
u_auth_fsm.nonce_hist\[2\]\[66\],152.14
_09389_,152.115
_12171_,152.07
_11769_,152
_07447_,151.92
_14054_,151.92
_12562_,151.91
_11379_,151.86
_06363_,151.7
_15565_,151.7
_17797_,151.7
_17615_,151.69
_09049_,151.66
_11479_,151.655
_07826_,151.61
_07145_,151.6
u_cmd_parser.challenge_nonce\[1\],151.58
_16824_,151.48
_06309_,151.47
_17508_,151.35
_16843_,151.14
_07366_,151.05
_11869_,150.96
_13425_,150.885
u_aes128.ciphertext\[101\],150.82
_12302_,150.69
_08174_,150.655
_13520_,150.64
u_auth_fsm.nonce_hist\[3\]\[79\],150.63
_10558_,150.62
_12749_,150.595
_05175_,150.54
_12295_,150.415
_10981_,150.385
_06811_,150.32
u_auth_fsm.nonce_hist\[1\]\[68\],150.235
u_auth_fsm.nonce_hist\[0\]\[86\],150.2
_08949_,150.08
_19627_,150
_11100_,149.965
_13699_,149.96
_06296_,149.915
_09431_,149.74
_06787_,149.72
net200,149.71
_12656_,149.7
u_aes128.gen_state_sbox\[4\].sb_state.in\[6\],149.67
_11779_,149.64
_11908_,149.58
_06079_,149.54
_19583_,149.51
_10236_,149.5
_17940_,149.46
u_aes128.gen_state_sbox\[14\].sb_state.in\[6\],149.4
_05960_,149.32
_07762_,149.26
_05903_,149.21
_09854_,149.19
_10189_,149.16
_17138_,149.16
net253,149.13
_08226_,149.07
_07340_,149.06
_06672_,149.04
_05034_,148.98
_13438_,148.85
_07193_,148.75
_07751_,148.68
_09770_,148.64
_10960_,148.62
_18473_,148.54
_10202_,148.46
net1887,148.46
_08722_,148.4
u_auth_fsm.nonce_hist\[1\]\[88\],148.39
u_auth_fsm.nonce_hist\[5\]\[88\],148.38
_12635_,148.26
_12678_,148.15
_09334_,148.12
u_auth_fsm.aes_key\[46\],147.995
_16126_,147.96
u_auth_fsm.nonce_hist\[2\]\[67\],147.87
_18641_,147.85
_09848_,147.79
_08556_,147.77
_09469_,147.58
net271,147.52
clknet_leaf_123_clk,147.435
_12567_,147.42
_09201_,147.34
_12740_,147.34
_05619_,147.31
fifo_nonce\[0\]\[48\],147.3
u_aes128.gen_state_sbox\[13\].sb_state.in\[2\],147.3
_10579_,147.265
_15207_,147.24
_09729_,147.2
_11445_,147.17
_17341_,147.16
u_auth_fsm.aes_key\[30\],147.12
_14311_,147.1
_08963_,147.08
_11384_,146.955
_14827_,146.95
_14031_,146.8
u_cmd_parser.challenge_nonce\[115\],146.78
_07778_,146.72
_13082_,146.54
_08694_,146.52
_06194_,146.46
net316,146.42
_10944_,146.405
_11251_,146.4
_14905_,146.36
net155,146.28
u_auth_fsm.nonce_hist\[4\]\[103\],146.25
_14422_,146.24
_13445_,146.2
_07315_,146.12
_14922_,146.1
_08171_,145.99
_08488_,145.99
_13086_,145.99
_06001_,145.92
u_auth_fsm.nonce_hist\[2\]\[68\],145.88
u_auth_fsm.nonce_hist\[0\]\[80\],145.78
_17575_,145.74
clknet_leaf_119_clk,145.72
_11889_,145.7
net102,145.65
_09772_,145.62
_12170_,145.545
u_auth_fsm.nonce_hist\[7\]\[90\],145.43
net230,145.36
_12573_,145.32
u_auth_fsm.nonce_hist\[1\]\[80\],145.315
_05169_,145.28
_11748_,145.18
_07327_,145.17
u_auth_fsm.aes_plaintext\[112\],145.11
_08652_,145.1
u_aes128.gen_state_sbox\[15\].sb_state.in\[6\],144.99
net93,144.91
_08944_,144.895
net951,144.86
_10164_,144.855
u_auth_fsm.nonce_hist\[0\]\[118\],144.81
_05857_,144.75
net412,144.71
_05450_,144.695
_13883_,144.64
_10972_,144.595
_09021_,144.59
_12564_,144.505
_11140_,144.435
_10275_,144.27
_11066_,144.2
_08638_,144.155
_16909_,144.12
_06731_,143.895
_16968_,143.82
_07904_,143.8
_05935_,143.75
_12276_,143.71
_17990_,143.68
_10063_,143.67
_11085_,143.61
_05987_,143.51
net92,143.49
u_auth_fsm.nonce_hist\[3\]\[26\],143.44
_12643_,143.42
_14818_,143.26
u_auth_fsm.nonce_hist\[5\]\[98\],143.26
_06457_,143.18
net286,143.14
u_aes128.gen_key_sbox\[0\].sb_key.in\[3\],143.12
_12280_,143.065
_13416_,143.01
_09758_,142.895
_12999_,142.865
_08517_,142.82
_14751_,142.8
_06959_,142.765
_13467_,142.765
_16833_,142.62
_15554_,142.53
_09417_,142.52
net222,142.47
_09954_,142.4
net256,142.4
_09377_,142.36
net524,142.34
_07953_,142.33
clknet_leaf_370_clk,142.27
_06157_,142.24
u_auth_fsm.nonce_hist\[2\]\[10\],142.175
_14644_,142.1
_12579_,141.97
net194,141.97
_10320_,141.965
_05460_,141.96
_10956_,141.92
_14241_,141.89
_05159_,141.83
_07312_,141.815
net98,141.8
_10160_,141.6
_13029_,141.57
_17068_,141.57
_09000_,141.51
_08990_,141.49
_11522_,141.47
_09335_,141.45
_18506_,141.37
_07786_,141.335
_16883_,141.24
_19393_,141.24
_12960_,141.12
net394,141.08
_16375_,141.06
_08262_,140.99
_09016_,140.86
_07439_,140.84
_11347_,140.84
_13491_,140.81
u_aes128.gen_state_sbox\[8\].sb_state.in\[3\],140.72
clknet_leaf_124_clk,140.72
_12990_,140.7
u_aes128.ciphertext\[7\],140.62
_11898_,140.595
_11808_,140.59
_06778_,140.58
_08569_,140.48
_16564_,140.455
_12189_,140.3
u_cmd_parser.challenge_nonce\[91\],140.25
_06981_,140.22
_14936_,140.16
_11455_,140.12
_11761_,140.055
_14544_,140.035
u_auth_fsm.aes_plaintext\[119\],140.01
net302,140.01
_03744_,139.96
_07734_,139.96
u_auth_fsm.nonce_hist\[0\]\[58\],139.95
_10314_,139.78
_05462_,139.75
_05500_,139.74
_14177_,139.68
_08647_,139.655
_06737_,139.59
u_aes128.ciphertext\[22\],139.58
_08959_,139.56
u_aes128.gen_state_sbox\[10\].sb_state.in\[2\],139.55
_09063_,139.49
_13479_,139.46
_19567_,139.43
_08984_,139.4
net94,139.39
u_auth_fsm.nonce_hist\[5\]\[85\],139.37
_16840_,139.3
_16865_,139.26
_11651_,139.24
_12798_,139.23
u_auth_fsm.nonce_hist\[1\]\[79\],139.23
_17264_,139.22
net668,139.22
_12582_,139.2
_11043_,139.18
_12965_,139.125
_09858_,139.065
_10624_,139.05
_06755_,139
_14662_,139
u_cmd_parser.rx_byte\[4\],139
_08126_,138.99
_12227_,138.93
u_aes128.gen_key_sbox\[1\].sb_key.in\[4\],138.89
clknet_leaf_5_clk,138.82
clknet_leaf_54_clk,138.74
_05699_,138.66
u_auth_fsm.aes_key\[66\],138.64
_17018_,138.595
_01595_,138.46
_06291_,138.4
_05645_,138.38
net328,138.35
_05610_,138.345
_04929_,138.3
_17867_,138.24
_10233_,138.155
_06295_,138.13
_10597_,138.08
_11080_,137.995
_10235_,137.99
_15576_,137.92
_14908_,137.84
_05461_,137.83
net327,137.79
_17779_,137.76
_08155_,137.745
net368,137.71
_16856_,137.68
u_aes128.gen_state_sbox\[3\].sb_state.in\[6\],137.65
_19568_,137.59
_10950_,137.49
_18078_,137.48
net283,137.4
_18127_,137.36
_11459_,137.34
u_auth_fsm.nonce_hist\[0\]\[98\],137.26
_04931_,137.24
_13563_,137.24
_11396_,137.23
_14935_,137.22
_08700_,137.2
_12197_,137.165
clknet_leaf_367_clk,137.1
u_cmd_parser.challenge_nonce\[21\],137.02
net245,137
_09026_,136.99
u_auth_fsm.nonce_hist\[3\]\[63\],136.89
_06407_,136.87
_12601_,136.855
_10411_,136.75
u_cmd_parser.rx_byte\[1\],136.75
_10547_,136.74
_11177_,136.62
_07133_,136.6
_10138_,136.6
_08124_,136.5
_05872_,136.42
fifo_nonce\[0\]\[105\],136.37
clknet_leaf_135_clk,136.34
net333,136.28
u_auth_fsm.nonce_hist\[6\]\[10\],136.26
_06815_,136.24
_18841_,136.18
u_auth_fsm.nonce_hist\[4\]\[14\],136.15
_16970_,136.07
_05067_,136.04
u_auth_fsm.nonce_hist\[2\]\[65\],136.03
_09636_,135.92
u_auth_fsm.nonce_hist\[1\]\[98\],135.84
_05089_,135.71
u_auth_fsm.aes_plaintext\[72\],135.7
_05920_,135.66
net167,135.63
_12188_,135.605
_11791_,135.54
net583,135.54
clknet_leaf_153_clk,135.515
_05447_,135.46
_11794_,135.35
_07774_,135.345
_12621_,135.34
_08537_,135.28
_17647_,135.28
_07390_,135.175
_13976_,135.1
_14039_,135.1
u_aes128.gen_state_sbox\[6\].sb_state.in\[7\],135.09
u_cmd_parser.nonce_reg\[92\],134.98
u_auth_fsm.nonce_hist\[2\]\[90\],134.905
_05896_,134.875
_19190_,134.82
_16902_,134.8
u_aes128.gen_key_sbox\[3\].sb_key.in\[4\],134.78
_19220_,134.77
_16224_,134.59
_14134_,134.52
u_cmd_parser.challenge_nonce\[92\],134.52
_12968_,134.48
_10212_,134.44
_17778_,134.42
u_aes128.gen_state_sbox\[4\].sb_state.in\[5\],134.42
_07364_,134.355
_12236_,134.33
net351,134.28
_06817_,134.17
net367,134.16
_13603_,134.1
_14231_,134.1
_10908_,134.02
_07890_,134
_13006_,134
_14392_,134
u_auth_fsm.nonce_hist\[1\]\[97\],133.985
_06834_,133.96
u_auth_fsm.nonce_hist\[1\]\[85\],133.9
_11770_,133.89
u_auth_fsm.nonce_hist\[1\]\[53\],133.875
_07406_,133.845
_07345_,133.8
_09412_,133.8
_11715_,133.785
_11828_,133.77
clknet_leaf_26_clk,133.54
_18838_,133.5
_14234_,133.49
_11380_,133.48
_13565_,133.365
net270,133.35
_11354_,133.265
_12992_,133.26
net114,133.24
_14444_,133.22
_05958_,133.16
_10322_,133.15
net195,133.14
_12245_,133.115
_07200_,133.065
_09661_,133.06
_13151_,133
_17597_,132.98
_12926_,132.96
_14652_,132.96
net734,132.94
_10693_,132.88
_14907_,132.88
_19592_,132.86
u_auth_fsm.nonce_hist\[0\]\[82\],132.835
_07825_,132.77
_11874_,132.755
_06338_,132.74
_12977_,132.73
clknet_leaf_410_clk,132.71
_07450_,132.7
_08579_,132.69
_11359_,132.61
_09019_,132.59
_06314_,132.56
u_auth_fsm.nonce_hist\[0\]\[85\],132.435
_16815_,132.41
_18836_,132.405
_14414_,132.3
_05429_,132.27
net169,132.21
u_auth_fsm.nonce_hist\[5\]\[84\],132.165
net318,132.035
_10583_,131.96
_05181_,131.92
_08612_,131.905
_18096_,131.88
_13428_,131.86
_10959_,131.855
_13629_,131.845
u_cmd_parser.challenge_nonce\[77\],131.8
_12282_,131.79
_10300_,131.77
_05482_,131.76
_11081_,131.695
_05921_,131.64
_06743_,131.64
_07201_,131.64
_11775_,131.64
_08125_,131.62
u_aes128.gen_state_sbox\[5\].sb_state.in\[3\],131.58
_08160_,131.46
_08128_,131.44
_08141_,131.36
_05539_,131.33
_10598_,131.27
_05173_,131.26
_05871_,131.2
net510,131.2
_10213_,131.14
_13431_,131.14
_11538_,131.13
u_auth_fsm.nonce_hist\[7\]\[48\],131.12
_15941_,131.1
u_cmd_parser.rx_byte\[6\],131.02
u_cmd_parser.challenge_nonce\[8\],131
_11582_,130.96
net185,130.91
_11038_,130.895
u_auth_fsm.nonce_hist\[4\]\[115\],130.855
_13902_,130.76
_12157_,130.74
_06861_,130.71
_05813_,130.58
_06391_,130.57
_15885_,130.57
_10306_,130.54
_19217_,130.54
_12258_,130.535
u_cmd_parser.challenge_nonce\[0\],130.5
_08724_,130.32
u_aes128.ciphertext\[17\],130.32
_05000_,130.3
_10168_,130.3
_03828_,130.28
_12566_,130.22
net498,130.18
_10606_,130.17
_06271_,130.15
_10966_,130.11
_10971_,130.04
_11543_,130.04
_12962_,130.04
_08300_,130.02
_08610_,129.96
_18508_,129.96
_05918_,129.94
_12247_,129.915
_16814_,129.82
u_auth_fsm.nonce_hist\[0\]\[101\],129.78
_07497_,129.76
net392,129.71
net369,129.69
_05646_,129.66
_09763_,129.64
_12971_,129.615
clknet_leaf_99_clk,129.58
u_auth_fsm.aes_key\[67\],129.54
net136,129.54
u_aes128.round_key\[64\],129.49
net403,129.47
net288,129.44
_10139_,129.41
_10674_,129.38
net372,129.38
_16338_,129.335
net197,129.29
net125,129.26
_08617_,129.2
u_auth_fsm.nonce_hist\[0\]\[92\],129.18
_05372_,129.16
_09765_,129.09
_12712_,129.08
net375,129.06
_10998_,129.02
_14535_,128.98
_07176_,128.96
clknet_leaf_257_clk,128.95
u_auth_fsm.nonce_hist\[3\]\[49\],128.93
_06878_,128.89
_12685_,128.86
_16317_,128.86
_08711_,128.8
net90,128.79
_14106_,128.74
net309,128.65
_12338_,128.62
_17842_,128.62
u_cmd_parser.challenge_nonce\[97\],128.6
_07393_,128.59
_07905_,128.58
_05413_,128.54
_06277_,128.525
_07623_,128.48
_05984_,128.475
clknet_leaf_305_clk,128.46
_14232_,128.4
_09132_,128.3
_12231_,128.3
_05743_,128.28
u_auth_fsm.nonce_hist\[1\]\[86\],128.22
_12163_,128.14
_10725_,128.06
u_auth_fsm.nonce_hist\[1\]\[76\],127.91
_05538_,127.88
_06593_,127.86
net159,127.86
_16049_,127.84
_11072_,127.73
_05378_,127.665
_12195_,127.65
_11078_,127.605
_12286_,127.565
_09420_,127.48
_05540_,127.43
_16392_,127.34
_16331_,127.26
clknet_leaf_339_clk,127.23
net453,127.2
_08088_,127.18
u_aes128.gen_state_sbox\[0\].sb_state.in\[5\],127.16
_10553_,127.145
_14727_,127.14
net506,127.12
_07198_,127.11
_06798_,127.025
_17825_,127
_12572_,126.94
u_auth_fsm.aes_plaintext\[104\],126.88
_05174_,126.83
_05667_,126.74
clknet_leaf_299_clk,126.7
u_aes128.gen_state_sbox\[8\].sb_state.in\[4\],126.66
_16963_,126.64
_05950_,126.6
_06349_,126.58
_11809_,126.575
_05176_,126.55
_10605_,126.53
net147,126.49
_14361_,126.42
net424,126.42
_05153_,126.4
_16927_,126.4
_19598_,126.32
u_auth_fsm.nonce_hist\[4\]\[34\],126.32
_16832_,126.14
net85,126.03
_06384_,125.98
_12151_,125.9
_12693_,125.89
_07562_,125.86
_14123_,125.84
_14895_,125.84
_11437_,125.8
_12204_,125.8
net209,125.8
_06597_,125.79
_05152_,125.76
_11481_,125.74
_05375_,125.68
_14221_,125.68
u_auth_fsm.nonce_hist\[7\]\[95\],125.66
_07760_,125.56
u_cmd_parser.rx_byte\[0\],125.54
_12588_,125.47
_05178_,125.46
_09830_,125.45
_13059_,125.43
u_auth_fsm.nonce_hist\[4\]\[105\],125.43
_06709_,125.38
_09084_,125.36
u_auth_fsm.aes_key\[12\],125.36
clknet_leaf_31_clk,125.34
net306,125.27
_05374_,125.22
_16326_,125.22
_16822_,125.22
_05428_,125.195
u_cmd_parser.challenge_nonce\[48\],125.13
net342,125.13
_06881_,125.11
_12291_,124.98
net177,124.97
_06721_,124.93
net341,124.93
net161,124.84
_10637_,124.8
_14404_,124.76
_09818_,124.72
_10641_,124.66
_19177_,124.66
_10992_,124.62
_10182_,124.61
_13412_,124.6
net402,124.6
_10659_,124.55
clknet_leaf_265_clk,124.455
net139,124.35
_05170_,124.32
_10599_,124.28
net171,124.26
_03871_,124.2
_16880_,124.2
u_auth_fsm.aes_key\[69\],124.115
net303,124.05
_12610_,124.04
_12283_,124.035
_08576_,124.02
u_aes128.gen_state_sbox\[13\].sb_state.in\[1\],123.9
clknet_leaf_50_clk,123.84
_15499_,123.8
net183,123.68
_16180_,123.64
net88,123.59
_13531_,123.555
_09463_,123.49
_09071_,123.47
_04989_,123.46
u_aes128.ciphertext\[112\],123.46
net216,123.4
_16397_,123.33
u_auth_fsm.aes_plaintext\[84\],123.29
_16093_,123.22
u_auth_fsm.aes_plaintext\[75\],123.22
_16884_,123.2
_14909_,123.18
_16740_,123.12
_07866_,123.1
_11833_,123.08
_12727_,123.08
clknet_leaf_403_clk,123.08
u_auth_fsm.nonce_hist\[1\]\[66\],123.06
net140,123.06
u_cmd_parser.nonce_reg\[99\],123.04
clknet_leaf_308_clk,123.02
_17640_,122.92
clknet_leaf_19_clk,122.92
net205,122.87
_06423_,122.86
_08676_,122.805
_10285_,122.76
_09732_,122.73
clknet_leaf_405_clk,122.72
_16362_,122.68
u_aes128.gen_key_sbox\[2\].sb_key.in\[3\],122.68
_07351_,122.64
_13106_,122.64
_11395_,122.62
_12701_,122.54
u_auth_fsm.nonce_hist\[4\]\[123\],122.52
_06559_,122.495
_05814_,122.37
_06316_,122.28
_06936_,122.25
_07188_,122.24
_07558_,122.21
_07460_,122.12
_06735_,122.11
_08269_,122.1
_10179_,122.04
_11134_,121.925
_07341_,121.91
_05977_,121.9
net241,121.9
net785,121.9
_13513_,121.89
clknet_leaf_149_clk,121.84
_17913_,121.82
net9,121.8
_13409_,121.69
_10573_,121.66
_07324_,121.64
net356,121.64
_11903_,121.62
_11003_,121.58
u_aes128.ciphertext\[55\],121.575
_09461_,121.53
_17402_,121.52
u_aes128.ciphertext\[1\],121.52
u_auth_fsm.nonce_hist\[6\]\[26\],121.48
clknet_leaf_103_clk,121.48
_05370_,121.46
_05846_,121.4
clknet_leaf_151_clk,121.2
_16851_,121.14
net338,121.04
_06388_,120.99
_05163_,120.92
_14047_,120.92
net160,120.905
net142,120.88
u_auth_fsm.nonce_hist\[5\]\[92\],120.86
u_auth_fsm.aes_plaintext\[82\],120.84
net132,120.83
_08565_,120.74
u_auth_fsm.aes_plaintext\[90\],120.69
_11860_,120.68
_16783_,120.68
u_cmd_parser.challenge_nonce\[44\],120.68
_07749_,120.62
_05654_,120.6
clknet_leaf_406_clk,120.56
_19248_,120.54
_19611_,120.53
_12390_,120.52
_08547_,120.49
net173,120.48
net336,120.44
clknet_leaf_402_clk,120.44
net293,120.3
u_aes128.gen_key_sbox\[3\].sb_key.in\[7\],120.21
u_cmd_parser.nonce_reg\[87\],120.2
_13174_,120.16
_17015_,120.12
_09453_,120.09
_09509_,120.04
_05858_,120.02
u_auth_fsm.nonce_hist\[5\]\[89\],120.02
net325,120.02
_09857_,119.965
clknet_leaf_89_clk,119.9
_07815_,119.86
_17392_,119.86
net236,119.86
net133,119.83
net321,119.82
u_auth_fsm.nonce_hist\[1\]\[56\],119.81
_06280_,119.78
_07438_,119.7
clknet_leaf_420_clk,119.68
_13977_,119.645
clknet_leaf_88_clk,119.62
clknet_leaf_73_clk,119.55
u_aes128.ciphertext\[54\],119.5
_05418_,119.44
clknet_leaf_424_clk,119.32
net329,119.24
net273,119.21
net382,119.21
_06783_,119.2
net404,119.2
_06020_,119.145
_08584_,119.13
u_auth_fsm.aes_key\[11\],119.1
_08162_,118.92
_14451_,118.88
u_auth_fsm.aes_key\[60\],118.83
u_auth_fsm.nonce_hist\[0\]\[117\],118.8
net305,118.76
clknet_leaf_168_clk,118.76
_06287_,118.75
_07205_,118.74
_09739_,118.735
_06837_,118.65
_14635_,118.6
_12202_,118.59
u_aes128.gen_state_sbox\[9\].sb_state.in\[4\],118.56
u_auth_fsm.aes_plaintext\[83\],118.5
u_auth_fsm.aes_key\[83\],118.46
_08487_,118.44
net320,118.43
_14926_,118.38
clknet_leaf_33_clk,118.38
clknet_leaf_218_clk,118.36
_10958_,118.35
_06932_,118.33
_08214_,118.325
_12586_,118.29
_06877_,118.22
net702,118.06
u_auth_fsm.nonce_hist\[1\]\[90\],118.02
_05160_,118
_07021_,118
_05647_,117.98
u_auth_fsm.nonce_hist\[7\]\[73\],117.96
u_auth_fsm.nonce_hist\[1\]\[95\],117.95
net96,117.88
_12221_,117.87
u_aes128.gen_state_sbox\[8\].sb_state.in\[2\],117.84
_06281_,117.76
clknet_leaf_61_clk,117.7
u_cmd_parser.challenge_nonce\[94\],117.68
net386,117.67
_10646_,117.66
_13127_,117.55
u_cmd_parser.nonce_reg\[98\],117.52
clknet_leaf_211_clk,117.5
_12290_,117.46
_17664_,117.46
_18536_,117.46
clknet_leaf_34_clk,117.46
_05383_,117.4
_10580_,117.385
_18502_,117.38
clknet_leaf_273_clk,117.38
_08686_,117.28
clknet_leaf_155_clk,117.28
_05969_,117.27
_06493_,117.265
clknet_leaf_251_clk,117.25
_06033_,117.24
net689,117.04
u_auth_fsm.tx_payload\[97\],117
_09492_,116.97
_15403_,116.94
_10064_,116.9
_07831_,116.89
_11827_,116.89
net340,116.87
_09825_,116.82
_11412_,116.8
u_cmd_parser.nonce_reg\[84\],116.79
u_auth_fsm.nonce_hist\[0\]\[44\],116.785
_14865_,116.78
net374,116.73
_16965_,116.69
_10619_,116.66
clknet_leaf_286_clk,116.66
_12980_,116.64
net352,116.64
u_aes128.gen_state_sbox\[0\].sb_state.in\[3\],116.6
_08383_,116.58
_06727_,116.56
_07348_,116.56
_14848_,116.56
u_auth_fsm.nonce_hist\[5\]\[67\],116.5
_09866_,116.48
_08964_,116.44
_14570_,116.44
_06124_,116.4
_06328_,116.395
_11076_,116.39
_14442_,116.36
_12597_,116.35
_11044_,116.325
clknet_leaf_313_clk,116.305
clknet_leaf_114_clk,116.27
u_auth_fsm.aes_key\[100\],116.26
_12561_,116.2
net106,116.12
_05172_,116.115
_11012_,116.07
_09066_,116.02
clknet_leaf_52_clk,116.015
_14412_,116
_05602_,115.995
u_auth_fsm.nonce_hist\[4\]\[122\],115.97
_17568_,115.965
_06062_,115.95
_07548_,115.95
_07055_,115.84
_13415_,115.74
u_cmd_parser.challenge_nonce\[22\],115.7
_06842_,115.68
clknet_leaf_84_clk,115.66
net366,115.63
_05379_,115.62
_17295_,115.58
_14914_,115.52
net400,115.51
_18797_,115.5
_12626_,115.44
_12966_,115.415
_11397_,115.37
_14904_,115.3
clknet_leaf_117_clk,115.21
_08562_,115.06
_09414_,115.04
_19659_,115.04
_12148_,114.95
u_auth_fsm.nonce_hist\[4\]\[39\],114.95
_05382_,114.92
u_aes128.ciphertext\[46\],114.84
clknet_leaf_125_clk,114.8
u_cmd_parser.nonce_reg\[96\],114.78
net548,114.78
_09054_,114.75
_11599_,114.67
u_auth_fsm.nonce_hist\[5\]\[95\],114.63
clknet_leaf_290_clk,114.62
_05414_,114.61
_07871_,114.61
_06732_,114.56
clknet_leaf_138_clk,114.56
_08557_,114.51
u_auth_fsm.nonce_hist\[5\]\[7\],114.48
clknet_leaf_53_clk,114.44
_17692_,114.42
u_auth_fsm.nonce_hist\[1\]\[7\],114.4
_06298_,114.355
net395,114.3
u_cmd_parser.rx_valid,114.27
_08710_,114.14
net345,114.11
_09331_,114.095
u_auth_fsm.nonce_hist\[5\]\[60\],114.075
net186,114.07
net346,114.07
_06742_,114.06
_08240_,113.92
net383,113.92
clknet_leaf_108_clk,113.9
_09782_,113.8
_12986_,113.77
u_aes128.ciphertext\[35\],113.72
_05499_,113.68
u_auth_fsm.nonce_hist\[7\]\[94\],113.68
_11818_,113.62
_12598_,113.6
_19607_,113.59
_06599_,113.58
net210,113.58
_11921_,113.55
_06869_,113.54
clknet_leaf_177_clk,113.54
_12670_,113.51
clknet_leaf_213_clk,113.44
_06185_,113.42
u_auth_fsm.nonce_hist\[1\]\[60\],113.39
_16724_,113.38
_17838_,113.24
_18621_,113.18
_08142_,113.16
_11088_,113.12
u_auth_fsm.nonce_hist\[2\]\[34\],113.1
u_auth_fsm.nonce_hist\[3\]\[62\],113.04
_16886_,113.02
u_auth_fsm.aes_key\[26\],112.98
_12229_,112.87
clknet_leaf_74_clk,112.86
u_auth_fsm.nonce_hist\[5\]\[90\],112.82
_11752_,112.8
_05965_,112.78
_08376_,112.68
u_auth_fsm.nonce_hist\[2\]\[105\],112.68
net353,112.68
_06584_,112.66
_06370_,112.64
_09013_,112.59
_16680_,112.56
_05376_,112.46
_06279_,112.46
_06781_,112.42
_10241_,112.4
_09525_,112.38
_05179_,112.34
clknet_leaf_255_clk,112.34
_05957_,112.285
_09809_,112.27
_16213_,112.26
u_aes128.gen_state_sbox\[14\].sb_state.in\[3\],112.26
_07782_,112.225
clknet_leaf_58_clk,112.22
_07770_,112.16
_10279_,112.06
_05154_,112.02
_10737_,111.95
u_auth_fsm.nonce_hist\[2\]\[48\],111.915
_07435_,111.85
clknet_leaf_104_clk,111.82
_11057_,111.81
u_auth_fsm.aes_key\[87\],111.78
_09470_,111.77
_05515_,111.76
_09821_,111.69
u_auth_fsm.nonce_hist\[3\]\[65\],111.62
_17949_,111.6
_10224_,111.59
_16060_,111.5
net294,111.48
_07402_,111.42
_07470_,111.4
u_auth_fsm.nonce_hist\[7\]\[36\],111.255
_09927_,111.25
u_auth_fsm.nonce_hist\[0\]\[54\],111.24
u_cmd_parser.challenge_nonce\[61\],111.18
u_auth_fsm.nonce_hist\[5\]\[120\],111.12
_16845_,111.08
_12156_,111.06
net124,111.05
_08225_,111.02
u_aes128.gen_state_sbox\[3\].sb_state.in\[3\],111
_13419_,110.98
_07783_,110.97
_07719_,110.92
_09953_,110.9
_06459_,110.88
_05529_,110.86
_11757_,110.86
net364,110.85
_14763_,110.8
clknet_leaf_141_clk,110.76
u_auth_fsm.nonce_hist\[3\]\[53\],110.725
_07383_,110.71
u_auth_fsm.nonce_hist\[2\]\[107\],110.7
clknet_leaf_100_clk,110.7
net349,110.67
_18879_,110.625
_05191_,110.62
_09034_,110.58
_10946_,110.58
clknet_leaf_404_clk,110.54
u_aes128.ciphertext\[33\],110.4
fifo_nonce\[0\]\[23\],110.38
net285,110.37
u_auth_fsm.nonce_hist\[0\]\[90\],110.34
_06831_,110.33
net370,110.33
u_auth_fsm.nonce_hist\[4\]\[78\],110.27
u_aes128.gen_key_sbox\[1\].sb_key.in\[0\],110.26
net151,110.11
net387,110.11
clknet_leaf_147_clk,110.1
_13417_,110.09
u_aes128.ciphertext\[71\],110.04
net301,110.03
_12317_,110.01
net274,109.97
_17624_,109.96
_10149_,109.93
u_auth_fsm.nonce_hist\[4\]\[43\],109.9
clknet_leaf_304_clk,109.795
u_aes128.gen_state_sbox\[12\].sb_state.in\[5\],109.79
clknet_leaf_173_clk,109.72
_16361_,109.62
u_auth_fsm.nonce_hist\[5\]\[80\],109.605
clknet_leaf_209_clk,109.56
clknet_leaf_35_clk,109.525
_05899_,109.52
clknet_leaf_3_clk,109.405
_06438_,109.4
net300,109.4
u_auth_fsm.nonce_hist\[5\]\[54\],109.395
net406,109.38
_08311_,109.35
net165,109.35
net299,109.31
_14674_,109.3
net311,109.295
net287,109.26
_08983_,109.23
net261,109.23
clknet_leaf_81_clk,109.04
u_aes128.gen_state_sbox\[6\].sb_state.in\[0\],109.02
clknet_leaf_292_clk,108.96
net388,108.86
u_auth_fsm.nonce_hist\[2\]\[89\],108.84
_09917_,108.82
_10610_,108.82
_11489_,108.82
_13268_,108.82
net181,108.8
u_cmd_parser.nonce_reg\[74\],108.78
net265,108.75
net221,108.72
_17989_,108.7
_11225_,108.69
_16071_,108.69
_13109_,108.66
net277,108.63
net614,108.6
u_cmd_parser.challenge_nonce\[40\],108.59
net398,108.59
_16334_,108.56
_16104_,108.52
u_auth_fsm.nonce_hist\[2\]\[78\],108.425
u_auth_fsm.nonce_hist\[4\]\[36\],108.4
_07768_,108.37
_09438_,108.36
_07506_,108.32
_07876_,108.285
_18574_,108.24
_10225_,108.23
_19170_,108.18
clknet_leaf_254_clk,108.18
u_auth_fsm.nonce_hist\[2\]\[22\],108.135
_10268_,108.1
_18245_,108.06
_07329_,108.04
clknet_leaf_120_clk,107.96
_13069_,107.735
clknet_leaf_39_clk,107.69
_11620_,107.675
_06288_,107.66
u_auth_fsm.aes_plaintext\[106\],107.59
_09532_,107.56
u_auth_fsm.aes_plaintext\[87\],107.54
_06034_,107.51
net250,107.5
clknet_leaf_80_clk,107.4
u_auth_fsm.nonce_hist\[5\]\[4\],107.365
_08158_,107.36
clknet_leaf_72_clk,107.35
_07531_,107.29
clknet_leaf_199_clk,107.25
_13909_,107.24
_11881_,107.22
net128,107.19
_08926_,107.18
u_aes128.gen_state_sbox\[11\].sb_state.in\[5\],107.055
u_auth_fsm.aes_key\[15\],107.04
net331,107.03
_05940_,107.02
clknet_leaf_271_clk,106.93
_06196_,106.88
_14022_,106.88
_13133_,106.86
net219,106.85
_13027_,106.84
_17542_,106.84
_08604_,106.8
clknet_leaf_94_clk,106.76
_07093_,106.7
_12304_,106.68
_19715_,106.67
_14084_,106.65
_17718_,106.625
clknet_leaf_150_clk,106.62
_05393_,106.56
u_cmd_parser.challenge_nonce\[96\],106.56
net254,106.55
_12343_,106.52
_06853_,106.5
_17280_,106.48
net220,106.44
_08669_,106.37
_08951_,106.36
_07326_,106.3
_06155_,106.28
_10501_,106.24
_06002_,106.09
_10031_,106.06
_16380_,106.03
_08241_,106.02
u_cmd_parser.nonce_reg\[103\],106.02
net226,106.01
_05168_,105.98
net407,105.98
u_auth_fsm.nonce_hist\[3\]\[70\],105.9
u_auth_fsm.nonce_hist\[1\]\[54\],105.875
u_auth_fsm.aes_key\[71\],105.87
_19656_,105.84
_16835_,105.81
_08193_,105.79
u_cmd_parser.challenge_nonce\[41\],105.74
_15337_,105.72
u_auth_fsm.nonce_hist\[1\]\[113\],105.66
clknet_leaf_385_clk,105.64
_08190_,105.57
_17139_,105.56
clknet_leaf_131_clk,105.48
_10543_,105.46
net178,105.42
_06496_,105.4
u_aes128.ciphertext\[98\],105.4
_09003_,105.34
_10276_,105.34
_10911_,105.34
_11591_,105.16
_06111_,105.14
net123,105.14
clknet_leaf_90_clk,105.14
u_auth_fsm.nonce_hist\[7\]\[26\],105.1
_12630_,105.08
_19593_,105.04
_08765_,105.03
_06555_,105
clknet_leaf_116_clk,105
_18955_,104.99
_12786_,104.96
u_auth_fsm.nonce_hist\[0\]\[95\],104.89
_12667_,104.865
_19570_,104.82
net255,104.81
net373,104.795
_16636_,104.79
net148,104.76
clknet_leaf_196_clk,104.76
_12356_,104.73
net162,104.72
_05959_,104.69
_10983_,104.655
u_auth_fsm.nonce_hist\[4\]\[86\],104.64
clknet_leaf_187_clk,104.62
u_cmd_parser.nonce_reg\[105\],104.58
_11760_,104.535
_19224_,104.5
_16191_,104.48
_06557_,104.46
clknet_leaf_362_clk,104.44
_13535_,104.385
u_auth_fsm.nonce_hist\[1\]\[58\],104.38
net263,104.36
u_auth_fsm.nonce_hist\[4\]\[125\],104.32
_06983_,104.31
_07801_,104.3
_05893_,104.18
_11428_,104.18
_08530_,104.135
net213,104.13
u_aes128.ciphertext\[74\],104.06
net249,104.04
_12590_,103.99
u_aes128.gen_key_sbox\[2\].sb_key.in\[6\],103.97
u_auth_fsm.nonce_hist\[0\]\[47\],103.9
net184,103.87
_12329_,103.84
u_auth_fsm.nonce_hist\[3\]\[92\],103.84
u_cmd_parser.challenge_nonce\[109\],103.84
_07350_,103.82
net292,103.8
net196,103.78
net326,103.73
_17425_,103.67
_10249_,103.64
clknet_leaf_134_clk,103.62
u_aes128.ciphertext\[93\],103.61
_05856_,103.56
clknet_leaf_97_clk,103.55
u_cmd_parser.nonce_reg\[38\],103.54
net190,103.52
clknet_leaf_307_clk,103.52
net117,103.5
_06770_,103.48
_12983_,103.475
_06234_,103.405
_10677_,103.33
net188,103.33
_08938_,103.3
u_aes128.ciphertext\[66\],103.3
net389,103.3
u_auth_fsm.nonce_hist\[2\]\[99\],103.26
_10032_,103.22
_09741_,103.16
clknet_leaf_197_clk,103.12
clknet_leaf_270_clk,103.06
_08583_,103.025
net259,102.98
_05472_,102.94
_09383_,102.9
net91,102.9
net179,102.9
u_auth_fsm.nonce_hist\[0\]\[124\],102.85
_06385_,102.83
_08743_,102.83
_08161_,102.78
_13637_,102.72
_16412_,102.68
_14468_,102.655
net289,102.65
_07408_,102.52
_15930_,102.5
net410,102.37
net144,102.35
_07729_,102.32
_18922_,102.32
clknet_leaf_364_clk,102.32
clknet_leaf_62_clk,102.22
_05167_,102.2
net201,102.2
_12793_,102.18
u_auth_fsm.nonce_hist\[1\]\[36\],102.16
_10764_,102.14
clknet_leaf_206_clk,102.14
_05546_,102.08
clknet_leaf_112_clk,102.08
clknet_leaf_60_clk,102.04
net228,102.03
net281,102.01
_07190_,101.995
_13010_,101.93
_10726_,101.9
u_cmd_parser.nonce_reg\[85\],101.9
_05659_,101.86
_11510_,101.85
u_aes128.ciphertext\[20\],101.82
_13919_,101.8
u_auth_fsm.nonce_hist\[1\]\[71\],101.77
_06664_,101.74
_09410_,101.73
_07863_,101.72
net199,101.715
_13889_,101.7
u_aes128.gen_state_sbox\[9\].sb_state.in\[3\],101.7
net116,101.7
_13063_,101.675
u_auth_fsm.nonce_hist\[4\]\[44\],101.655
net189,101.64
clknet_leaf_432_clk,101.64
net509,101.64
_16335_,101.6
u_aes128.gen_state_sbox\[13\].sb_state.in\[6\],101.6
net146,101.58
_09501_,101.545
u_aes128.ciphertext\[67\],101.54
_14888_,101.52
net163,101.5
clknet_leaf_212_clk,101.5
_16768_,101.48
net105,101.44
net334,101.34
_05992_,101.32
u_auth_fsm.nonce_hist\[4\]\[45\],101.315
u_auth_fsm.aes_plaintext\[91\],101.3
_16279_,101.26
_06767_,101.22
_14251_,101.16
u_cmd_parser.challenge_nonce\[63\],101.14
u_auth_fsm.aes_key\[86\],101.12
_08698_,101.05
_09366_,101.04
_17733_,101.04
u_aes128.ciphertext\[104\],101.04
_06925_,101.02
_12769_,100.98
clknet_leaf_250_clk,100.98
_10759_,100.96
_17808_,100.96
_13098_,100.95
_07742_,100.935
_09089_,100.93
_08643_,100.92
u_auth_fsm.nonce_hist\[0\]\[52\],100.895
u_auth_fsm.nonce_hist\[1\]\[102\],100.88
clknet_leaf_76_clk,100.88
u_auth_fsm.nonce_hist\[5\]\[58\],100.86
u_auth_fsm.nonce_hist\[3\]\[22\],100.835
_06276_,100.8
u_auth_fsm.nonce_hist\[3\]\[104\],100.795
_13824_,100.78
_17831_,100.78
u_auth_fsm.aes_plaintext\[89\],100.77
clknet_leaf_49_clk,100.74
clknet_leaf_258_clk,100.7
net193,100.68
u_auth_fsm.aes_key\[24\],100.64
u_auth_fsm.nonce_hist\[3\]\[111\],100.58
clknet_leaf_91_clk,100.56
_00044_,100.54
clknet_leaf_222_clk,100.54
_06977_,100.53
_11714_,100.52
u_auth_fsm.nonce_hist\[1\]\[67\],100.52
clknet_leaf_356_clk,100.5
_16859_,100.49
_13983_,100.445
_06128_,100.43
_08973_,100.425
_16168_,100.34
u_auth_fsm.nonce_hist\[4\]\[74\],100.335
_19006_,100.29
_08127_,100.24
_14682_,100.24
clknet_leaf_118_clk,100.24
clknet_leaf_287_clk,100.2
clknet_leaf_332_clk,100.2
_07745_,100.18
_07355_,100.14
_10257_,100.11
_08651_,100.04
clknet_leaf_190_clk,99.98
_12571_,99.92
net191,99.83
_09694_,99.8
net391,99.8
_17641_,99.76
net350,99.72
u_auth_fsm.aes_key\[85\],99.7
_09796_,99.68
_09734_,99.66
clknet_leaf_248_clk,99.58
_08531_,99.55
_12246_,99.52
clknet_leaf_228_clk,99.51
_18015_,99.48
_12640_,99.46
u_cmd_parser.challenge_nonce\[75\],99.39
_05131_,99.36
_12623_,99.36
_17303_,99.32
_17518_,99.28
_12687_,99.25
u_auth_fsm.aes_plaintext\[69\],99.24
net137,99.23
_09907_,99.18
net556,99.18
_06594_,99.16
_19276_,99.16
net847,99.16
_05962_,99.1
_11006_,99.04
net240,98.99
_13384_,98.9
clknet_leaf_182_clk,98.85
_11473_,98.82
clknet_leaf_247_clk,98.82
_18756_,98.8
net203,98.75
net208,98.7
u_auth_fsm.nonce_hist\[2\]\[96\],98.66
_09766_,98.64
_09338_,98.62
_18501_,98.54
net247,98.53
u_aes128.ciphertext\[63\],98.52
net164,98.52
u_auth_fsm.nonce_hist\[5\]\[50\],98.48
net192,98.48
_07771_,98.44
net129,98.42
net166,98.42
_08252_,98.405
clknet_leaf_237_clk,98.4
net227,98.36
clknet_leaf_45_clk,98.34
_09835_,98.33
_17052_,98.28
net212,98.26
clknet_leaf_375_clk,98.26
_19301_,98.24
clknet_leaf_55_clk,98.22
net87,98.19
_19334_,98.18
net291,98.16
u_auth_fsm.nonce_hist\[0\]\[6\],98.145
_09831_,98.1
_11592_,97.98
_10185_,97.97
net97,97.97
clknet_leaf_83_clk,97.97
net355,97.93
_05373_,97.92
clknet_leaf_246_clk,97.905
_05157_,97.88
net260,97.88
u_auth_fsm.nonce_hist\[5\]\[124\],97.84
net204,97.82
clknet_leaf_136_clk,97.82
_12215_,97.77
_08942_,97.76
u_auth_fsm.nonce_hist\[4\]\[100\],97.76
clknet_leaf_239_clk,97.71
_15985_,97.66
net180,97.64
_11075_,97.62
_06739_,97.52
_05922_,97.51
u_auth_fsm.nonce_hist\[5\]\[59\],97.5
net109,97.5
_10133_,97.475
u_cmd_parser.challenge_nonce\[47\],97.46
u_auth_fsm.nonce_hist\[3\]\[90\],97.405
_07436_,97.4
_09569_,97.38
clknet_leaf_46_clk,97.37
_09430_,97.34
_06373_,97.3
_06323_,97.29
_12262_,97.28
_18897_,97.26
net397,97.26
_14617_,97.2
_05392_,97.18
_05406_,97.18
u_auth_fsm.nonce_hist\[2\]\[2\],97.16
_16246_,97.155
net112,97.15
u_auth_fsm.nonce_hist\[3\]\[105\],97.12
clknet_leaf_314_clk,97.1
_07388_,97.07
_13951_,97.02
_08968_,96.98
_10947_,96.98
u_auth_fsm.aes_key\[81\],96.98
clknet_leaf_27_clk,96.955
_10675_,96.93
_14477_,96.92
_09391_,96.89
net348,96.89
u_auth_fsm.nonce_hist\[5\]\[22\],96.86
_05394_,96.85
_09353_,96.82
_06826_,96.81
_09080_,96.81
_09976_,96.8
clknet_leaf_256_clk,96.8
_07357_,96.78
_11000_,96.77
u_auth_fsm.aes_key\[113\],96.725
u_auth_fsm.nonce_hist\[4\]\[107\],96.72
net113,96.72
u_cmd_parser.nonce_reg\[90\],96.7
_18845_,96.64
u_auth_fsm.nonce_hist\[3\]\[98\],96.63
_13161_,96.6
_14958_,96.46
net307,96.455
clknet_leaf_371_clk,96.44
_11137_,96.42
u_cmd_parser.nonce_reg\[32\],96.42
net258,96.39
clknet_leaf_0_clk,96.28
u_auth_fsm.nonce_hist\[3\]\[118\],96.275
_05156_,96.26
_12193_,96.24
clknet_leaf_210_clk,96.24
clknet_leaf_411_clk,96.24
_07415_,96.22
_06758_,96.16
net149,96.07
net381,96.06
net107,96.05
net347,96.03
_12169_,96
_05848_,95.98
_06848_,95.98
u_auth_fsm.nonce_hist\[6\]\[90\],95.98
net269,95.98
_11126_,95.96
_10208_,95.94
u_auth_fsm.nonce_hist\[2\]\[58\],95.94
clknet_leaf_278_clk,95.92
_13457_,95.88
net335,95.81
clknet_leaf_25_clk,95.78
clknet_leaf_340_clk,95.78
_05368_,95.765
_09552_,95.76
_09537_,95.74
u_auth_fsm.nonce_hist\[5\]\[118\],95.66
net103,95.64
_01603_,95.6
clknet_leaf_203_clk,95.6
u_auth_fsm.nonce_hist\[4\]\[114\],95.57
_07795_,95.53
_11124_,95.515
_11887_,95.5
clknet_leaf_198_clk,95.48
net150,95.47
_05422_,95.46
_12311_,95.46
_07062_,95.41
_07328_,95.41
_06547_,95.405
net275,95.325
_13387_,95.32
net246,95.31
clknet_leaf_200_clk,95.28
_13136_,95.26
u_auth_fsm.nonce_hist\[4\]\[113\],95.26
_15974_,95.25
_14174_,95.24
_07754_,95.22
clknet_leaf_268_clk,95.22
u_auth_fsm.nonce_hist\[6\]\[48\],95.2
_14310_,95.19
net131,95.17
net312,95.17
_05155_,95.16
_12212_,95.13
u_auth_fsm.nonce_hist\[5\]\[86\],95.1
_10664_,95.06
u_auth_fsm.nonce_hist\[7\]\[99\],95.05
_11054_,94.97
net268,94.96
clknet_leaf_379_clk,94.9
_08149_,94.87
u_auth_fsm.nonce_hist\[2\]\[94\],94.82
_18318_,94.78
_05558_,94.725
_19178_,94.72
net267,94.72
u_cmd_parser.nonce_reg\[93\],94.64
_09451_,94.6
_11440_,94.58
_13055_,94.56
net280,94.55
_11575_,94.54
u_auth_fsm.nonce_hist\[0\]\[48\],94.53
net384,94.5
_11418_,94.45
_19560_,94.44
clknet_leaf_380_clk,94.4
net224,94.385
net343,94.37
net284,94.35
u_auth_fsm.nonce_hist\[0\]\[45\],94.345
_05389_,94.34
_12355_,94.34
net182,94.27
clknet_leaf_193_clk,94.26
u_auth_fsm.nonce_hist\[5\]\[23\],94.24
net401,94.24
clknet_leaf_398_clk,94.14
_05717_,94.11
_09415_,94.09
clknet_leaf_36_clk,94.02
u_cmd_parser.challenge_nonce\[93\],94
_11530_,93.99
_12220_,93.94
_19391_,93.94
u_auth_fsm.aes_key\[52\],93.94
net323,93.91
net115,93.9
_12274_,93.82
_15425_,93.82
u_auth_fsm.nonce_hist\[2\]\[26\],93.79
net906,93.74
u_cmd_parser.challenge_nonce\[111\],93.7
clknet_leaf_204_clk,93.7
_05194_,93.69
_11753_,93.66
clknet_leaf_167_clk,93.64
net344,93.62
clknet_leaf_8_clk,93.58
u_cmd_parser.nonce_reg\[35\],93.48
_11353_,93.46
_13869_,93.44
_17183_,93.43
net266,93.42
_07796_,93.38
clknet_leaf_243_clk,93.34
_07617_,93.31
_06067_,93.29
_11875_,93.24
clknet_leaf_201_clk,93.22
clknet_leaf_303_clk,93.2
_09332_,93.17
_11222_,93.165
_10282_,93.16
_11759_,93.16
_16025_,93.16
_09052_,93.155
clknet_leaf_282_clk,93.12
_07398_,93.1
_19258_,93.095
clknet_leaf_128_clk,93.08
clknet_leaf_223_clk,93.04
u_aes128.gen_state_sbox\[5\].sb_state.in\[1\],93
_09834_,92.98
net322,92.98
net317,92.94
u_auth_fsm.nonce_hist\[0\]\[96\],92.935
clknet_leaf_284_clk,92.9
net119,92.88
_06284_,92.82
u_auth_fsm.nonce_hist\[7\]\[12\],92.78
_08129_,92.73
_11830_,92.73
u_aes128.ciphertext\[109\],92.69
_17851_,92.68
_12994_,92.64
_17165_,92.64
_14506_,92.62
_14115_,92.52
_08183_,92.495
u_aes128.ciphertext\[19\],92.49
u_cmd_parser.challenge_nonce\[95\],92.46
net104,92.45
_18390_,92.44
_07374_,92.4
clknet_leaf_159_clk,92.38
_18326_,92.28
_12583_,92.26
_09330_,92.24
clknet_leaf_219_clk,92.24
_18443_,92.22
u_aes128.ciphertext\[42\],92.22
_18202_,92.18
net445,92.18
_13664_,92.16
u_auth_fsm.nonce_hist\[0\]\[114\],92.095
net135,92.07
clknet_leaf_374_clk,92.04
_18692_,91.96
fifo_nonce\[0\]\[124\],91.96
clknet_leaf_194_clk,91.945
_06814_,91.9
_18906_,91.9
u_aes128.gen_key_sbox\[0\].sb_key.in\[4\],91.89
u_auth_fsm.nonce_hist\[1\]\[48\],91.86
u_cmd_parser.challenge_nonce\[89\],91.86
u_auth_fsm.nonce_hist\[3\]\[51\],91.84
clknet_leaf_434_clk,91.82
_07861_,91.81
u_auth_fsm.aes_key\[45\],91.78
_10335_,91.76
_14517_,91.76
_13369_,91.68
_05905_,91.63
_14269_,91.62
_05371_,91.58
_10715_,91.49
clknet_leaf_421_clk,91.415
u_cmd_parser.challenge_nonce\[70\],91.4
u_auth_fsm.nonce_hist\[3\]\[94\],91.395
net95,91.36
clknet_leaf_29_clk,91.36
_13386_,91.355
_06108_,91.3
u_auth_fsm.nonce_hist\[0\]\[0\],91.285
_11876_,91.22
_06344_,91.2
_07727_,91.2
_05593_,91.18
clknet_leaf_392_clk,91.16
_11967_,91.14
u_aes128.gen_state_sbox\[7\].sb_state.in\[2\],91.12
_05520_,91.105
_08316_,91.1
_08219_,91.075
net408,91.06
_05634_,91.05
net187,91.05
_12688_,91.04
_13084_,90.94
_14016_,90.94
_07881_,90.935
_07738_,90.92
clknet_leaf_126_clk,90.92
clknet_leaf_242_clk,90.895
clknet_leaf_121_clk,90.88
_10346_,90.86
clknet_leaf_93_clk,90.86
net727,90.84
_14434_,90.825
net357,90.79
_08138_,90.78
_09341_,90.76
u_auth_fsm.aes_key\[13\],90.74
u_cmd_parser.nonce_reg\[83\],90.68
clknet_leaf_56_clk,90.68
clknet_leaf_195_clk,90.62
u_auth_fsm.nonce_hist\[6\]\[2\],90.58
_09961_,90.48
clknet_leaf_79_clk,90.44
_10980_,90.43
net272,90.43
_06392_,90.41
_06791_,90.41
clknet_leaf_161_clk,90.38
clknet_leaf_302_clk,90.34
net118,90.29
net490,90.28
_10239_,90.19
u_auth_fsm.nonce_hist\[4\]\[89\],90.18
_05625_,90.14
_09098_,90.14
_09810_,90.14
u_auth_fsm.nonce_hist\[1\]\[124\],90.14
_05900_,90.135
net202,90.11
clknet_leaf_51_clk,90.03
u_aes128.ciphertext\[60\],90.02
_01614_,89.96
_06846_,89.96
_07313_,89.96
_14875_,89.96
net108,89.96
u_auth_fsm.aes_key\[76\],89.945
_10502_,89.92
_16290_,89.92
_18103_,89.9
_12159_,89.86
_09524_,89.81
clknet_leaf_186_clk,89.8
_09633_,89.78
_11521_,89.78
clknet_leaf_1_clk,89.78
clknet_leaf_288_clk,89.78
net282,89.76
_08936_,89.74
net439,89.68
_12663_,89.66
_06849_,89.65
clknet_leaf_207_clk,89.62
_08665_,89.58
_13405_,89.58
_14196_,89.58
net295,89.56
_11401_,89.52
clknet_leaf_241_clk,89.52
clknet_leaf_408_clk,89.52
_12187_,89.51
_05853_,89.44
_11829_,89.44
_16407_,89.44
u_auth_fsm.nonce_hist\[2\]\[108\],89.405
_12300_,89.38
clknet_leaf_331_clk,89.38
_08254_,89.36
_05928_,89.34
clknet_leaf_274_clk,89.34
net234,89.31
_14454_,89.26
u_aes128.gen_key_sbox\[1\].sb_key.in\[1\],89.24
_12357_,89.2
u_auth_fsm.nonce_hist\[0\]\[73\],89.18
_13858_,89.16
clknet_leaf_122_clk,89.16
clknet_leaf_295_clk,89.16
_13797_,89.12
clknet_leaf_176_clk,89.1
u_auth_fsm.nonce_hist\[4\]\[108\],89.08
clknet_leaf_419_clk,89.07
_06451_,89.06
_10137_,89.06
_08630_,89.03
net411,88.97
net413,88.97
_19290_,88.94
_15414_,88.84
u_auth_fsm.nonce_hist\[3\]\[77\],88.8
clknet_leaf_154_clk,88.74
_00067_,88.72
_13790_,88.72
_14883_,88.72
net225,88.71
clknet_leaf_40_clk,88.65
u_auth_fsm.nonce_hist\[0\]\[42\],88.63
u_aes128.ciphertext\[38\],88.62
u_auth_fsm.nonce_hist\[4\]\[96\],88.595
u_auth_fsm.nonce_hist\[3\]\[52\],88.59
_05410_,88.58
net385,88.565
u_auth_fsm.nonce_hist\[0\]\[123\],88.55
clknet_leaf_71_clk,88.54
_18720_,88.5
_12743_,88.47
net237,88.47
clknet_leaf_70_clk,88.42
_06343_,88.36
_19148_,88.34
net198,88.33
_11801_,88.3
_09491_,88.28
_07928_,88.26
clknet_leaf_47_clk,88.235
u_auth_fsm.nonce_hist\[0\]\[22\],88.22
clknet_leaf_298_clk,88.22
_05381_,88.2
net472,88.18
_08570_,88.15
_08737_,88.08
_14898_,88.04
_05162_,88.02
u_auth_fsm.nonce_hist\[3\]\[4\],88.02
_12682_,88
_11750_,87.92
clknet_leaf_160_clk,87.88
u_auth_fsm.nonce_hist\[3\]\[86\],87.875
net120,87.85
_16137_,87.82
_12184_,87.78
_13877_,87.76
net500,87.74
_06413_,87.73
_11183_,87.66
u_aes128.ciphertext\[114\],87.66
u_auth_fsm.nonce_hist\[0\]\[119\],87.62
_09950_,87.58
clknet_leaf_275_clk,87.58
u_cmd_parser.challenge_nonce\[118\],87.56
_14634_,87.54
_09855_,87.52
clknet_leaf_335_clk,87.5
_10662_,87.4
net243,87.38
u_auth_fsm.nonce_hist\[4\]\[117\],87.34
u_aes128.gen_state_sbox\[11\].sb_state.in\[4\],87.32
_18812_,87.28
_06289_,87.275
_13472_,87.22
clknet_leaf_280_clk,87.22
_06346_,87.15
_17019_,87.14
net141,87.14
_09135_,87.125
clknet_leaf_86_clk,87.12
_13526_,87.085
_13562_,87.02
clknet_leaf_142_clk,87
_09752_,86.98
_11513_,86.98
clknet_leaf_394_clk,86.96
clknet_leaf_344_clk,86.94
fifo_nonce\[0\]\[0\],86.92
_09603_,86.9
u_auth_fsm.nonce_hist\[2\]\[56\],86.875
net121,86.87
u_auth_fsm.nonce_hist\[2\]\[36\],86.845
clknet_leaf_306_clk,86.84
_09728_,86.82
clknet_leaf_139_clk,86.81
_16873_,86.8
_06462_,86.74
_06788_,86.74
_08446_,86.7
u_cmd_parser.challenge_nonce\[116\],86.68
clknet_leaf_336_clk,86.675
u_aes128.ciphertext\[14\],86.64
clknet_leaf_388_clk,86.64
_06922_,86.63
_12838_,86.62
clknet_leaf_389_clk,86.62
_08580_,86.58
net138,86.57
_05164_,86.54
_05966_,86.44
u_aes128.ciphertext\[8\],86.44
_11978_,86.43
u_auth_fsm.nonce_hist\[4\]\[127\],86.415
_09085_,86.39
u_auth_fsm.aes_key\[88\],86.385
_09027_,86.37
_08666_,86.36
u_aes128.ciphertext\[106\],86.34
u_cmd_parser.nonce_reg\[67\],86.34
_13912_,86.32
u_auth_fsm.nonce_hist\[2\]\[49\],86.265
_18304_,86.26
clknet_leaf_66_clk,86.26
_08940_,86.22
_08258_,86.2
u_auth_fsm.nonce_hist\[1\]\[100\],86.2
u_auth_fsm.nonce_hist\[0\]\[126\],86.175
_05166_,86.16
u_auth_fsm.aes_plaintext\[124\],86.16
net377,86.1
_10818_,86.08
u_auth_fsm.nonce_hist\[6\]\[105\],86.05
_10375_,86.04
_13480_,85.86
u_auth_fsm.nonce_hist\[5\]\[74\],85.825
u_auth_fsm.cur_nonce\[31\],85.82
clknet_leaf_315_clk,85.8
_11883_,85.78
clknet_leaf_359_clk,85.76
_09923_,85.74
_13505_,85.74
u_aes128.ciphertext\[59\],85.63
net244,85.63
_11893_,85.62
u_cmd_parser.nonce_reg\[97\],85.6
_14600_,85.58
_16115_,85.58
_18600_,85.56
u_auth_fsm.aes_plaintext\[78\],85.56
net512,85.56
_06442_,85.54
net1992,85.52
_11015_,85.48
u_cmd_parser.nonce_reg\[56\],85.47
u_auth_fsm.nonce_hist\[4\]\[46\],85.46
_18914_,85.44
_05917_,85.425
_05192_,85.4
_07331_,85.4
u_auth_fsm.nonce_hist\[3\]\[8\],85.36
_05565_,85.35
_08553_,85.34
_13429_,85.3
clknet_leaf_42_clk,85.28
_12993_,85.24
_13614_,85.225
_13924_,85.22
_19387_,85.14
u_auth_fsm.nonce_hist\[5\]\[96\],85.12
clknet_leaf_127_clk,85.115
u_auth_fsm.nonce_hist\[5\]\[70\],85.07
_11776_,85.02
_11035_,85
_14058_,85
_17479_,85
u_auth_fsm.nonce_hist\[2\]\[52\],84.98
_06352_,84.97
_10991_,84.96
u_auth_fsm.nonce_hist\[7\]\[105\],84.94
_16650_,84.92
u_aes128.gen_key_sbox\[2\].sb_key.in\[0\],84.9
_18582_,84.865
u_cmd_parser.nonce_reg\[46\],84.86
u_auth_fsm.nonce_hist\[0\]\[74\],84.825
_07078_,84.72
clknet_leaf_69_clk,84.72
_06435_,84.71
_11766_,84.68
clknet_leaf_38_clk,84.64
_18800_,84.62
clknet_leaf_238_clk,84.61
u_auth_fsm.nonce_hist\[0\]\[71\],84.58
clknet_leaf_96_clk,84.56
_18346_,84.54
clknet_leaf_353_clk,84.54
_14116_,84.46
_16167_,84.45
_16202_,84.45
clknet_leaf_390_clk,84.43
clknet_leaf_158_clk,84.4
u_aes128.ciphertext\[62\],84.38
clknet_leaf_178_clk,84.35
u_auth_fsm.nonce_hist\[5\]\[105\],84.295
_10832_,84.28
u_auth_fsm.nonce_hist\[7\]\[49\],84.26
_09107_,84.24
u_cmd_parser.challenge_nonce\[117\],84.24
_09390_,84.2
u_auth_fsm.nonce_hist\[1\]\[50\],84.2
clknet_leaf_43_clk,84.2
u_auth_fsm.nonce_hist\[7\]\[30\],84.13
net1758,84.1
_16817_,84.08
clknet_leaf_113_clk,84.08
_13594_,84.06
_19352_,84.04
u_auth_fsm.nonce_hist\[1\]\[118\],84.04
_07968_,84.02
_16867_,84
_12219_,83.98
net319,83.97
_13640_,83.935
u_auth_fsm.nonce_hist\[0\]\[60\],83.925
u_auth_fsm.nonce_hist\[5\]\[63\],83.92
u_auth_fsm.nonce_hist\[2\]\[103\],83.9
_04863_,83.88
net359,83.88
clknet_leaf_354_clk,83.86
_16411_,83.82
u_aes128.gen_key_sbox\[0\].sb_key.in\[1\],83.81
_16868_,83.74
_06027_,83.62
_14059_,83.62
_07115_,83.6
_09396_,83.6
_09853_,83.58
net488,83.58
clknet_leaf_174_clk,83.57
_05045_,83.56
u_cmd_parser.nonce_reg\[86\],83.56
clknet_leaf_230_clk,83.54
u_auth_fsm.nonce_hist\[1\]\[105\],83.515
_15963_,83.5
_05427_,83.42
_14108_,83.34
clknet_leaf_400_clk,83.34
_14673_,83.32
_13168_,83.3
_06707_,83.26
_12978_,83.22
u_auth_fsm.aes_key\[103\],83.22
_11895_,83.21
u_uart_rx.state\[1\],83.2
_09387_,83.13
u_auth_fsm.nonce_hist\[2\]\[38\],83.06
_13000_,83.02
_08210_,82.99
_08967_,82.98
clknet_leaf_65_clk,82.98
clknet_leaf_261_clk,82.98
net308,82.96
clknet_leaf_22_clk,82.96
_08368_,82.93
_10609_,82.85
u_auth_fsm.nonce_hist\[0\]\[43\],82.84
u_aes128.ciphertext\[29\],82.8
u_auth_fsm.nonce_hist\[7\]\[22\],82.795
u_aes128.gen_state_sbox\[8\].sb_state.in\[7\],82.78
_18016_,82.75
_12161_,82.7
_13878_,82.68
net235,82.68
_11937_,82.66
_05412_,82.61
clknet_leaf_435_clk,82.6
_11798_,82.58
_06738_,82.55
u_cmd_parser.challenge_nonce\[113\],82.52
u_auth_fsm.nonce_hist\[4\]\[42\],82.42
u_cmd_parser.nonce_reg\[59\],82.42
_09737_,82.38
_10999_,82.38
u_aes128.ciphertext\[49\],82.34
net330,82.32
net168,82.3
_07041_,82.27
_10196_,82.24
u_auth_fsm.nonce_hist\[2\]\[62\],82.18
clknet_leaf_361_clk,82.16
u_auth_fsm.nonce_hist\[0\]\[78\],82.145
u_auth_fsm.nonce_hist\[3\]\[66\],82.12
_08703_,82.09
u_auth_fsm.nonce_hist\[0\]\[121\],82.06
_17868_,82.04
_13102_,82.025
_18533_,81.98
u_cmd_parser.nonce_reg\[53\],81.98
_06824_,81.92
_15184_,81.92
u_auth_fsm.nonce_hist\[3\]\[110\],81.86
_07316_,81.8
_19197_,81.79
net145,81.75
_17441_,81.72
clknet_leaf_18_clk,81.72
_10688_,81.68
net314,81.65
_08527_,81.645
net361,81.61
clknet_leaf_23_clk,81.6
_05737_,81.56
_06191_,81.54
_11051_,81.515
u_aes128.ciphertext\[18\],81.48
u_auth_fsm.nonce_hist\[1\]\[96\],81.42
_18177_,81.36
u_auth_fsm.aes_key\[122\],81.36
u_auth_fsm.nonce_hist\[6\]\[49\],81.32
_07130_,81.3
u_auth_fsm.nonce_hist\[4\]\[48\],81.28
u_aes128.ciphertext\[25\],81.26
net279,81.22
u_auth_fsm.nonce_hist\[3\]\[102\],81.195
u_auth_fsm.nonce_hist\[7\]\[89\],81.18
clknet_leaf_412_clk,81.16
_05465_,81.14
u_aes128.gen_key_sbox\[1\].sb_key.in\[3\],81.12
_09397_,81.05
_09474_,81.02
u_auth_fsm.nonce_hist\[0\]\[115\],80.955
u_auth_fsm.aes_key\[29\],80.94
u_auth_fsm.nonce_hist\[5\]\[79\],80.94
clknet_leaf_214_clk,80.915
_06840_,80.88
u_auth_fsm.nonce_hist\[7\]\[58\],80.84
clknet_leaf_185_clk,80.84
_07755_,80.74
_09842_,80.715
_17220_,80.7
net1386,80.7
_09181_,80.67
u_auth_fsm.nonce_hist\[0\]\[40\],80.66
net2094,80.66
net365,80.59
net223,80.57
_16852_,80.56
_08082_,80.55
_19565_,80.54
u_auth_fsm.tx_header\[10\],80.48
_06410_,80.385
_08603_,80.375
_06146_,80.36
_10984_,80.32
_17351_,80.3
fifo_nonce\[7\]\[110\],80.29
_10723_,80.28
u_auth_fsm.nonce_hist\[7\]\[60\],80.26
_10421_,80.24
u_auth_fsm.nonce_hist\[6\]\[7\],80.24
_19296_,80.195
_13768_,80.18
clknet_leaf_14_clk,80.18
_08957_,80.12
u_auth_fsm.nonce_hist\[2\]\[77\],80.095
clknet_leaf_92_clk,80.09
clknet_leaf_75_clk,80.08
u_cmd_parser.nonce_reg\[34\],80.02
_18130_,79.98
u_auth_fsm.aes_key\[65\],79.98
_13757_,79.97
_11777_,79.96
_11697_,79.9
_13041_,79.855
_17737_,79.84
_09342_,79.835
u_auth_fsm.nonce_hist\[5\]\[11\],79.76
u_cmd_parser.challenge_nonce\[62\],79.7
_05421_,79.64
_12947_,79.64
_08344_,79.62
_13131_,79.62
u_aes128.ciphertext\[91\],79.6
u_auth_fsm.tx_start,79.6
clknet_leaf_184_clk,79.58
_19293_,79.56
_14855_,79.54
_12211_,79.41
_11446_,79.4
_10216_,79.38
u_auth_fsm.nonce_hist\[7\]\[41\],79.38
u_cmd_parser.challenge_nonce\[71\],79.375
_07074_,79.37
_12602_,79.36
net433,79.36
_07451_,79.34
_13404_,79.34
_08988_,79.28
u_auth_fsm.nonce_hist\[5\]\[83\],79.22
u_auth_fsm.nonce_hist\[3\]\[103\],79.215
_05773_,79.15
_13449_,79.14
_11768_,79.05
clknet_leaf_208_clk,79.02
u_aes128.gen_state_sbox\[15\].sb_state.in\[2\],79
_13125_,78.96
_11348_,78.92
_09322_,78.87
net206,78.87
u_auth_fsm.nonce_hist\[0\]\[111\],78.86
clknet_leaf_297_clk,78.82
u_auth_fsm.cur_nonce\[91\],78.74
u_auth_fsm.nonce_hist\[3\]\[99\],78.74
clknet_leaf_59_clk,78.74
_12222_,78.72
_11482_,78.7
clknet_leaf_37_clk,78.695
_06399_,78.64
_17715_,78.64
u_auth_fsm.nonce_hist\[4\]\[101\],78.64
clknet_leaf_115_clk,78.53
_05518_,78.5
_05811_,78.46
_07478_,78.46
_11627_,78.46
_14612_,78.46
u_auth_fsm.nonce_hist\[4\]\[118\],78.42
u_auth_fsm.nonce_hist\[4\]\[59\],78.42
clknet_leaf_63_clk,78.4
u_cmd_parser.nonce_reg\[109\],78.36
clknet_leaf_180_clk,78.36
_18288_,78.33
u_aes128.ciphertext\[82\],78.32
clknet_leaf_143_clk,78.3
u_auth_fsm.nonce_hist\[0\]\[109\],78.26
u_auth_fsm.nonce_hist\[2\]\[95\],78.205
u_auth_fsm.nonce_hist\[2\]\[33\],78.2
_13566_,78.14
_08677_,78.12
_10089_,78.12
_09914_,78.08
u_auth_fsm.nonce_hist\[6\]\[22\],78.065
u_auth_fsm.nonce_hist\[1\]\[59\],78.04
clknet_leaf_333_clk,78.04
_10603_,78.02
_13839_,77.98
_04861_,77.965
clknet_leaf_409_clk,77.9
clknet_leaf_216_clk,77.88
_13556_,77.86
clknet_leaf_87_clk,77.86
_17705_,77.83
u_auth_fsm.nonce_hist\[5\]\[102\],77.81
_12997_,77.78
_09969_,77.74
_07448_,77.72
_10895_,77.72
_09113_,77.7
_17076_,77.7
u_auth_fsm.nonce_hist\[0\]\[46\],77.7
u_auth_fsm.nonce_hist\[3\]\[60\],77.7
u_auth_fsm.nonce_hist\[6\]\[4\],77.7
clknet_leaf_225_clk,77.7
clknet_leaf_373_clk,77.7
u_auth_fsm.nonce_hist\[3\]\[95\],77.69
_08648_,77.675
_08668_,77.66
clknet_leaf_381_clk,77.64
_14317_,77.62
net532,77.62
_07489_,77.56
_11626_,77.5
_11602_,77.48
u_auth_fsm.nonce_hist\[2\]\[104\],77.48
u_auth_fsm.nonce_hist\[2\]\[116\],77.48
u_auth_fsm.aes_key\[115\],77.46
u_aes128.ciphertext\[10\],77.44
_10267_,77.42
u_aes128.ciphertext\[6\],77.42
_18640_,77.41
u_auth_fsm.nonce_hist\[0\]\[125\],77.4
clknet_leaf_7_clk,77.4
u_auth_fsm.nonce_hist\[4\]\[110\],77.395
_05875_,77.34
_16937_,77.34
clknet_leaf_175_clk,77.34
_13961_,77.32
u_auth_fsm.pld_idx\[3\],77.32
_06903_,77.3
_09464_,77.24
_11310_,77.24
u_auth_fsm.nonce_hist\[6\]\[51\],77.24
clknet_leaf_260_clk,77.205
clknet_leaf_267_clk,77.2
net393,77.18
clknet_leaf_82_clk,77.135
_19576_,77.1
u_aes128.ciphertext\[89\],77.06
_18611_,77.04
u_auth_fsm.nonce_hist\[5\]\[82\],77.04
u_cmd_parser.challenge_nonce\[76\],77.04
_13519_,77.02
_19158_,76.98
clknet_leaf_188_clk,76.96
u_auth_fsm.nonce_hist\[1\]\[82\],76.9
clknet_leaf_67_clk,76.88
_09238_,76.84
_11780_,76.82
u_auth_fsm.nonce_hist\[4\]\[92\],76.82
u_aes128.ciphertext\[16\],76.76
_07469_,76.66
u_auth_fsm.nonce_hist\[0\]\[51\],76.62
u_cmd_parser.nonce_reg\[33\],76.6
u_auth_fsm.tx_payload\[50\],76.59
clknet_leaf_309_clk,76.54
_11077_,76.46
_08177_,76.44
_12984_,76.435
_10702_,76.32
u_auth_fsm.nonce_hist\[5\]\[66\],76.32
u_auth_fsm.nonce_hist\[6\]\[102\],76.32
net174,76.28
_10143_,76.26
_11988_,76.26
_09446_,76.24
clknet_leaf_368_clk,76.24
u_auth_fsm.nonce_hist\[1\]\[106\],76.115
_09337_,76.08
_18161_,76.06
clknet_leaf_311_clk,76.04
_06873_,76.005
_13200_,76
_08947_,75.99
clknet_leaf_106_clk,75.96
_05387_,75.92
_13113_,75.92
u_auth_fsm.nonce_hist\[5\]\[106\],75.885
_14702_,75.88
_16925_,75.88
clknet_leaf_192_clk,75.86
u_auth_fsm.nonce_hist\[5\]\[56\],75.825
clknet_leaf_30_clk,75.82
u_auth_fsm.nonce_hist\[4\]\[41\],75.79
_09346_,75.77
_17956_,75.76
net480,75.76
_11945_,75.72
u_auth_fsm.nonce_hist\[0\]\[3\],75.72
u_auth_fsm.nonce_hist\[6\]\[37\],75.685
_06633_,75.68
_07419_,75.68
_12772_,75.68
u_auth_fsm.nonce_hist\[6\]\[50\],75.68
clknet_leaf_16_clk,75.67
u_auth_fsm.nonce_hist\[0\]\[50\],75.62
clknet_leaf_259_clk,75.605
_13710_,75.545
clknet_leaf_137_clk,75.36
_07929_,75.34
clknet_leaf_300_clk,75.34
u_auth_fsm.aes_plaintext\[102\],75.32
_07322_,75.315
u_aes128.ciphertext\[43\],75.31
_05158_,75.3
_11917_,75.1
clknet_leaf_101_clk,75.02
_10921_,74.99
_17185_,74.99
_18549_,74.98
_13399_,74.94
net396,74.93
_06733_,74.92
u_cmd_parser.challenge_nonce\[64\],74.92
net482,74.9
_08542_,74.89
clknet_leaf_169_clk,74.89
_05165_,74.88
_10963_,74.88
_10952_,74.855
clknet_leaf_312_clk,74.82
_09851_,74.76
u_auth_fsm.nonce_hist\[3\]\[67\],74.76
u_aes128.ciphertext\[100\],74.74
_18796_,74.64
u_auth_fsm.nonce_hist\[0\]\[41\],74.545
clknet_leaf_253_clk,74.535
_06386_,74.52
clknet_leaf_172_clk,74.52
_08626_,74.51
_19624_,74.5
_13246_,74.48
_08637_,74.36
_13377_,74.36
_08889_,74.35
_11059_,74.33
_16841_,74.32
u_auth_fsm.nonce_hist\[0\]\[29\],74.32
clknet_leaf_68_clk,74.3
_10467_,74.28
clknet_leaf_170_clk,74.26
u_auth_fsm.nonce_hist\[0\]\[21\],74.215
u_aes128.gen_key_sbox\[1\].sb_key.in\[2\],74.2
u_auth_fsm.nonce_hist\[2\]\[55\],74.18
u_auth_fsm.nonce_hist\[6\]\[20\],74.18
_14179_,74.16
u_auth_fsm.nonce_hist\[1\]\[74\],74.135
u_auth_fsm.aes_key\[79\],74.12
_12174_,74.075
u_auth_fsm.aes_key\[27\],74.06
u_auth_fsm.nonce_hist\[4\]\[40\],74.03
_06478_,73.99
_08330_,73.94
clknet_leaf_102_clk,73.94
u_aes128.gen_state_sbox\[0\].sb_state.in\[7\],73.92
u_auth_fsm.nonce_hist\[0\]\[53\],73.92
_11175_,73.9
u_auth_fsm.aes_key\[97\],73.86
_17043_,73.84
u_auth_fsm.nonce_hist\[5\]\[97\],73.82
_10601_,73.815
_19285_,73.8
u_aes128.gen_state_sbox\[13\].sb_state.in\[5\],73.8
_09931_,73.78
net447,73.78
u_auth_fsm.nonce_hist\[7\]\[104\],73.76
_06653_,73.74
_06404_,73.73
_09118_,73.72
u_auth_fsm.nonce_hist\[7\]\[2\],73.66
clknet_leaf_4_clk,73.66
_13478_,73.64
_14794_,73.62
_10969_,73.6
_08200_,73.59
_10967_,73.58
_14005_,73.58
_14610_,73.58
_12292_,73.55
_08950_,73.52
_07809_,73.5
_13695_,73.48
_18407_,73.48
net211,73.46
u_auth_fsm.nonce_hist\[2\]\[92\],73.42
clknet_leaf_164_clk,73.42
u_auth_fsm.nonce_hist\[0\]\[127\],73.415
_12445_,73.325
_12266_,73.32
clknet_leaf_386_clk,73.32
_09806_,73.31
clknet_leaf_285_clk,73.3
u_auth_fsm.nonce_hist\[4\]\[33\],73.26
u_auth_fsm.nonce_hist\[2\]\[111\],73.255
_09545_,73.24
_09797_,73.24
_10707_,73.18
clknet_leaf_156_clk,73.16
u_auth_fsm.nonce_hist\[0\]\[33\],73.14
_17820_,73.1
u_auth_fsm.nonce_hist\[0\]\[102\],73.1
_19191_,73.08
u_auth_fsm.nonce_hist\[0\]\[69\],73.07
_07498_,73.06
_11852_,72.95
clknet_leaf_428_clk,72.95
u_auth_fsm.aes_plaintext\[108\],72.94
_05830_,72.92
_10584_,72.92
clknet_leaf_146_clk,72.92
clknet_leaf_165_clk,72.92
_10265_,72.9
_01602_,72.88
_06174_,72.86
_10620_,72.84
_13821_,72.82
_05882_,72.8
u_auth_fsm.aes_key\[80\],72.8
_06889_,72.78
_12116_,72.76
_07980_,72.72
_18748_,72.72
_16366_,72.7
_12153_,72.69
_11416_,72.68
clknet_leaf_301_clk,72.68
_18809_,72.66
u_auth_fsm.aes_key\[99\],72.64
clknet_leaf_310_clk,72.64
_13964_,72.62
u_aes128.gen_state_sbox\[11\].sb_state.in\[3\],72.62
_11815_,72.61
_09200_,72.595
u_auth_fsm.aes_key\[53\],72.56
u_auth_fsm.aes_plaintext\[79\],72.56
_14661_,72.54
_12097_,72.52
_19596_,72.52
net405,72.5
_10718_,72.47
_08733_,72.46
clknet_leaf_133_clk,72.46
_05862_,72.44
u_auth_fsm.nonce_hist\[4\]\[111\],72.44
_11914_,72.405
_12396_,72.4
net428,72.4
_11369_,72.38
u_auth_fsm.nonce_hist\[4\]\[71\],72.3
clknet_leaf_95_clk,72.3
_14064_,72.26
_18754_,72.26
u_auth_fsm.nonce_hist\[0\]\[107\],72.26
_06444_,72.22
_13234_,72.18
_17515_,72.18
_07880_,72.13
_12686_,72.125
_09898_,72.12
u_auth_fsm.nonce_hist\[6\]\[89\],72.12
_11782_,72.11
_05395_,72.08
_12017_,72.08
_18509_,72.08
clknet_leaf_202_clk,72.06
_09578_,72.02
_12807_,72
_14157_,71.97
_11387_,71.96
clknet_leaf_369_clk,71.96
clknet_leaf_78_clk,71.86
_07132_,71.835
_10079_,71.75
u_auth_fsm.nonce_hist\[0\]\[32\],71.735
_10549_,71.68
u_aes128.ciphertext\[31\],71.68
_10767_,71.65
_13093_,71.62
_11346_,71.61
clknet_leaf_98_clk,71.58
clknet_leaf_387_clk,71.56
_09735_,71.525
_07856_,71.52
u_auth_fsm.aes_plaintext\[105\],71.5
clknet_leaf_183_clk,71.5
u_auth_fsm.nonce_hist\[1\]\[83\],71.44
_14148_,71.42
clknet_leaf_15_clk,71.42
net217,71.41
clknet_leaf_401_clk,71.4
_13475_,71.36
clknet_leaf_109_clk,71.325
u_auth_fsm.nonce_hist\[4\]\[68\],71.3
_10785_,71.27
u_auth_fsm.tx_payload\[13\],71.265
_07718_,71.2
_18573_,71.2
clknet_leaf_189_clk,71.2
_06326_,71.18
_07785_,71.18
_14262_,71.16
u_auth_fsm.nonce_hist\[3\]\[116\],71.16
_13540_,71.155
_05430_,71.085
_06753_,71.04
_13772_,71.04
_07938_,70.98
clknet_leaf_152_clk,70.9
clknet_leaf_383_clk,70.84
_08364_,70.82
_09055_,70.82
_07817_,70.805
u_auth_fsm.nonce_hist\[0\]\[89\],70.78
u_auth_fsm.nonce_hist\[1\]\[89\],70.78
u_auth_fsm.tx_header\[8\],70.765
u_auth_fsm.nonce_hist\[7\]\[103\],70.755
_11844_,70.71
clknet_leaf_157_clk,70.7
u_auth_fsm.aes_plaintext\[126\],70.66
_07885_,70.6
_13122_,70.6
u_auth_fsm.nonce_hist\[5\]\[28\],70.6
u_auth_fsm.aes_key\[91\],70.56
clknet_leaf_44_clk,70.54
net310,70.52
clknet_leaf_372_clk,70.52
net449,70.52
_08469_,70.49
u_auth_fsm.tx_header\[9\],70.44
clknet_leaf_215_clk,70.4
_08629_,70.36
clknet_leaf_358_clk,70.36
_08961_,70.34
_06396_,70.3
u_auth_fsm.cur_nonce\[124\],70.26
_18678_,70.24
u_auth_fsm.nonce_hist\[5\]\[100\],70.22
_07821_,70.205
_06954_,70.18
u_auth_fsm.tx_payload\[2\],70.16
_10559_,70.14
_14052_,70.1
_18046_,70.08
clknet_leaf_163_clk,70.08
u_aes128.gen_state_sbox\[9\].sb_state.in\[7\],70.06
_18194_,70.04
u_aes128.gen_state_sbox\[14\].sb_state.in\[5\],70.04
_11555_,70
u_auth_fsm.nonce_hist\[7\]\[96\],70
_08979_,69.92
u_auth_fsm.nonce_hist\[6\]\[21\],69.865
_08977_,69.82
u_aes128.gen_state_sbox\[10\].sb_state.in\[6\],69.82
clknet_leaf_144_clk,69.78
_06868_,69.76
u_auth_fsm.nonce_hist\[2\]\[72\],69.76
clknet_leaf_107_clk,69.76
_10669_,69.72
u_auth_fsm.nonce_hist\[0\]\[108\],69.72
_04902_,69.66
_09359_,69.66
_14833_,69.6
_16930_,69.56
_05197_,69.55
_06415_,69.54
_09799_,69.54
_13870_,69.54
u_aes128.gen_state_sbox\[3\].sb_state.in\[2\],69.46
clknet_leaf_294_clk,69.38
_14822_,69.36
_12234_,69.33
_06865_,69.32
clknet_leaf_130_clk,69.32
clknet_leaf_240_clk,69.32
_06015_,69.3
_12217_,69.3
u_aes128.ciphertext\[13\],69.28
_10192_,69.27
_06535_,69.25
u_auth_fsm.nonce_hist\[4\]\[0\],69.22
net1662,69.2
_09395_,69.18
_12281_,69.18
clknet_leaf_422_clk,69.18
_07551_,69.13
_14432_,69.1
_13801_,69.08
u_auth_fsm.nonce_hist\[4\]\[106\],69.065
clknet_leaf_283_clk,69.06
u_auth_fsm.aes_key\[121\],69.04
_12627_,69
_11843_,68.95
_06860_,68.94
u_auth_fsm.nonce_hist\[3\]\[84\],68.91
_11149_,68.88
u_auth_fsm.aes_key\[123\],68.84
u_uart_rx.bit_idx\[0\],68.82
_07728_,68.76
_11811_,68.76
clknet_leaf_316_clk,68.76
u_auth_fsm.nonce_hist\[3\]\[88\],68.725
_12604_,68.72
_11574_,68.7
net854,68.7
_14326_,68.68
_06751_,68.66
_11493_,68.66
_09401_,68.63
_11195_,68.62
u_auth_fsm.nonce_hist\[3\]\[30\],68.615
clknet_leaf_24_clk,68.54
_07387_,68.53
_07479_,68.52
u_cmd_parser.nonce_reg\[69\],68.52
_09374_,68.38
_09473_,68.375
_17372_,68.36
clknet_leaf_407_clk,68.36
_08189_,68.32
_08571_,68.285
_05906_,68.24
_16826_,68.24
u_auth_fsm.nonce_hist\[0\]\[23\],68.18
u_auth_fsm.nonce_hist\[5\]\[113\],68.18
u_auth_fsm.nonce_hist\[0\]\[19\],68.16
_10690_,68.15
_12453_,68.12
_11838_,68.07
clknet_leaf_262_clk,68.035
_08203_,68.02
_12010_,68.02
_12638_,68.02
_06565_,67.98
u_auth_fsm.nonce_hist\[0\]\[122\],67.92
clknet_leaf_224_clk,67.9
_08251_,67.89
_08026_,67.88
_12254_,67.87
_07597_,67.78
u_auth_fsm.nonce_hist\[4\]\[97\],67.78
clknet_leaf_41_clk,67.78
_05902_,67.765
_13786_,67.76
_05590_,67.72
_16811_,67.72
_06013_,67.7
_14871_,67.7
_09516_,67.69
u_auth_fsm.aes_key\[120\],67.66
u_auth_fsm.nonce_hist\[5\]\[76\],67.66
net376,67.66
clknet_leaf_231_clk,67.66
net313,67.63
clknet_leaf_382_clk,67.62
net725,67.6
u_aes128.ciphertext\[105\],67.58
net434,67.58
u_auth_fsm.nonce_hist\[2\]\[73\],67.525
_17964_,67.52
_15745_,67.51
_05620_,67.48
_09447_,67.48
net442,67.48
_08261_,67.46
_11145_,67.44
_09651_,67.42
_05470_,67.34
_01605_,67.32
clknet_leaf_17_clk,67.3
clknet_leaf_338_clk,67.3
u_auth_fsm.nonce_hist\[1\]\[63\],67.27
_06841_,67.26
net1448,67.26
_11938_,67.25
_12648_,67.22
net158,67.195
u_aes128.gen_state_sbox\[7\].sb_state.in\[5\],67.18
net752,67.18
u_auth_fsm.nonce_hist\[0\]\[13\],67.16
clknet_leaf_32_clk,67.16
clknet_leaf_245_clk,67.14
clknet_leaf_357_clk,67.135
_07117_,67.12
_05881_,67.08
u_cmd_parser.nonce_reg\[62\],67.08
u_aes128.ciphertext\[12\],67.04
clknet_leaf_232_clk,67.04
u_auth_fsm.tx_busy,67.02
_09939_,67.01
_06486_,67
_07969_,67
_10299_,66.98
_06513_,66.96
_08939_,66.96
_11452_,66.96
net551,66.96
_04871_,66.93
_12087_,66.92
_13329_,66.88
u_auth_fsm.nonce_hist\[0\]\[7\],66.8
_05869_,66.77
_17716_,66.74
u_cmd_parser.nonce_reg\[94\],66.74
clknet_leaf_391_clk,66.74
_11560_,66.73
_06319_,66.68
_14691_,66.62
_09077_,66.6
_18703_,66.6
u_auth_fsm.nonce_hist\[4\]\[30\],66.59
_08600_,66.58
_16358_,66.58
_18379_,66.56
_06253_,66.52
_17129_,66.52
clknet_leaf_413_clk,66.52
_14582_,66.48
clknet_leaf_235_clk,66.45
_12324_,66.41
_11700_,66.4
u_auth_fsm.nonce_hist\[5\]\[55\],66.4
_17878_,66.38
_14294_,66.32
u_auth_fsm.nonce_hist\[4\]\[98\],66.305
_06766_,66.3
_11514_,66.28
_08534_,66.275
_11799_,66.26
u_auth_fsm.nonce_hist\[6\]\[104\],66.26
clknet_leaf_28_clk,66.26
_09180_,66.25
_18831_,66.22
_12004_,66.21
clknet_leaf_77_clk,66.2
_18541_,66.18
u_auth_fsm.nonce_hist\[2\]\[21\],66.18
u_cmd_parser.nonce_reg\[49\],66.18
_15465_,66.14
_09302_,66.11
_18505_,66.1
_08924_,66.08
_08447_,66.07
_09779_,66.04
clknet_leaf_13_clk,66.04
_14220_,66.02
_18903_,66.02
u_aes128.gen_state_sbox\[14\].sb_state.in\[1\],66
clknet_leaf_293_clk,66
_13435_,65.995
_06416_,65.98
_12657_,65.98
_09188_,65.88
clknet_leaf_263_clk,65.865
_08544_,65.86
u_auth_fsm.nonce_hist\[0\]\[36\],65.86
u_auth_fsm.tx_payload\[10\],65.845
clknet_leaf_384_clk,65.84
u_aes128.ciphertext\[118\],65.82
_09841_,65.8
_14525_,65.8
_12834_,65.78
u_aes128.ciphertext\[11\],65.74
u_auth_fsm.cur_nonce\[71\],65.74
_05927_,65.7
_18700_,65.68
clknet_leaf_48_clk,65.66
u_auth_fsm.nonce_hist\[5\]\[32\],65.655
_12439_,65.64
u_auth_fsm.nonce_hist\[0\]\[120\],65.63
_08697_,65.62
_18656_,65.58
_08901_,65.56
_10794_,65.56
u_auth_fsm.nonce_hist\[6\]\[57\],65.56
net2137,65.56
net371,65.545
net2477,65.54
_04859_,65.52
_09199_,65.52
_09455_,65.52
_14648_,65.46
u_auth_fsm.nonce_hist\[4\]\[72\],65.445
_06273_,65.44
_09687_,65.44
_11853_,65.42
_13134_,65.38
_08876_,65.36
clknet_leaf_324_clk,65.36
_12380_,65.33
_10291_,65.295
_11918_,65.24
_11386_,65.205
u_auth_fsm.nonce_hist\[5\]\[61\],65.195
_06754_,65.19
net83,65.17
_05605_,65.14
_08153_,65.14
fifo_nonce\[3\]\[110\],65.14
_17672_,65.1
_08143_,65.08
_12716_,65.06
_01611_,65.04
u_auth_fsm.nonce_hist\[6\]\[96\],65.02
u_auth_fsm.nonce_hist\[3\]\[50\],65.015
u_auth_fsm.nonce_hist\[4\]\[27\],64.965
u_auth_fsm.aes_key\[1\],64.96
_11894_,64.94
_05642_,64.93
net257,64.9
_13173_,64.88
fifo_nonce\[5\]\[78\],64.86
clknet_leaf_399_clk,64.86
_14095_,64.82
clknet_leaf_349_clk,64.82
_13627_,64.8
_07420_,64.755
_08895_,64.74
_10796_,64.74
_08231_,64.72
_13474_,64.72
_14167_,64.72
u_aes128.ciphertext\[85\],64.72
_10001_,64.7
u_auth_fsm.nonce_hist\[1\]\[127\],64.685
u_auth_fsm.nonce_hist\[6\]\[36\],64.665
_05390_,64.66
_07759_,64.66
_13577_,64.66
_14164_,64.64
u_auth_fsm.aes_key\[95\],64.64
clknet_leaf_276_clk,64.62
u_auth_fsm.nonce_hist\[3\]\[54\],64.6
_08233_,64.59
_06794_,64.55
_13497_,64.54
_09388_,64.48
_13371_,64.48
_05438_,64.44
u_auth_fsm.nonce_hist\[2\]\[71\],64.44
_05722_,64.43
_10621_,64.415
_11550_,64.39
_05765_,64.34
_11293_,64.34
_18352_,64.34
_18917_,64.34
_13042_,64.315
_11091_,64.3
u_aes128.gen_state_sbox\[10\].sb_state.in\[0\],64.28
u_auth_fsm.nonce_hist\[5\]\[125\],64.26
_08777_,64.25
_07964_,64.24
_18832_,64.22
_06329_,64.18
_08230_,64.16
_11755_,64.16
_11596_,64.14
u_auth_fsm.nonce_hist\[7\]\[11\],64.12
u_cmd_parser.nonce_reg\[48\],64.12
_16816_,64.1
clknet_leaf_10_clk,64.04
clknet_leaf_179_clk,64.04
_10613_,64.02
_11008_,64.02
u_aes128.ciphertext\[28\],64
_07893_,63.98
_12223_,63.98
net796,63.96
_19409_,63.94
u_aes128.gen_state_sbox\[11\].sb_state.in\[0\],63.94
_00046_,63.92
_09002_,63.92
clknet_leaf_345_clk,63.9
_06418_,63.88
_13973_,63.88
u_cmd_parser.nonce_reg\[43\],63.86
u_auth_fsm.nonce_hist\[4\]\[102\],63.84
_12336_,63.83
u_aes128.ciphertext\[103\],63.8
u_cmd_parser.nonce_reg\[14\],63.76
_18973_,63.735
_13194_,63.7
clknet_leaf_321_clk,63.7
_06802_,63.64
u_aes128.gen_state_sbox\[3\].sb_state.in\[1\],63.62
_08245_,63.58
_03584_,63.56
_19140_,63.54
clknet_leaf_85_clk,63.52
net636,63.48
u_cmd_parser.nonce_reg\[42\],63.46
_07486_,63.39
_19480_,63.38
_14276_,63.36
_18162_,63.36
u_auth_fsm.nonce_hist\[0\]\[5\],63.36
net2183,63.36
_08788_,63.345
_14461_,63.345
_09249_,63.34
_08274_,63.32
_08631_,63.32
clknet_leaf_12_clk,63.3
_09372_,63.28
_10220_,63.28
_14723_,63.26
u_auth_fsm.nonce_hist\[1\]\[94\],63.26
_13512_,63.22
_13590_,63.18
_18412_,63.18
net742,63.16
_05983_,63.14
net2156,63.14
_17675_,63.12
clknet_leaf_429_clk,63.12
net719,63.12
_06226_,63.1
_07648_,63.08
_08978_,63.04
clknet_leaf_162_clk,63.04
_06272_,63
_11933_,62.98
_14075_,62.96
_06259_,62.93
_12249_,62.92
_14281_,62.9
_06710_,62.89
u_aes128.ciphertext\[95\],62.88
_10277_,62.86
_12803_,62.86
_10951_,62.84
u_aes128.gen_state_sbox\[0\].sb_state.in\[1\],62.82
u_auth_fsm.nonce_hist\[6\]\[99\],62.79
_14096_,62.74
_11470_,62.66
_06426_,62.63
_14774_,62.58
u_auth_fsm.nonce_hist\[4\]\[73\],62.58
u_auth_fsm.nonce_hist\[6\]\[35\],62.58
u_auth_fsm.nonce_hist\[0\]\[35\],62.54
_11372_,62.52
_08960_,62.505
_11861_,62.5
_08147_,62.48
u_aes128.ciphertext\[5\],62.46
_11453_,62.455
clknet_leaf_439_clk,62.445
_06684_,62.44
_11297_,62.44
u_auth_fsm.nonce_hist\[4\]\[119\],62.44
_13685_,62.43
_07737_,62.42
_14555_,62.38
u_auth_fsm.nonce_hist\[0\]\[76\],62.375
_14672_,62.36
u_auth_fsm.nonce_hist\[6\]\[114\],62.32
u_auth_fsm.nonce_hist\[5\]\[52\],62.295
_12285_,62.26
_13991_,62.26
clknet_leaf_323_clk,62.26
_10171_,62.22
_08266_,62.215
_12672_,62.215
u_auth_fsm.nonce_hist\[2\]\[20\],62.14
clknet_leaf_171_clk,62.14
clknet_leaf_57_clk,62.12
clknet_leaf_397_clk,62.12
net1433,62.12
_16834_,62.08
_06283_,62.06
_03800_,62.035
u_auth_fsm.nonce_hist\[3\]\[72\],62.025
_10747_,62.02
_19243_,62.02
net304,62.01
u_aes128.ciphertext\[77\],62
_13585_,61.98
u_auth_fsm.aes_key\[90\],61.96
u_auth_fsm.nonce_hist\[1\]\[10\],61.96
_14360_,61.92
fifo_nonce\[0\]\[25\],61.92
net2492,61.92
u_auth_fsm.aes_key\[8\],61.9
_08524_,61.895
_06364_,61.84
_07765_,61.84
clknet_leaf_221_clk,61.84
clknet_leaf_20_clk,61.835
u_uart_rx.clk_cnt\[0\],61.82
net332,61.79
_12517_,61.78
_18733_,61.72
u_auth_fsm.cur_nonce\[43\],61.72
_10380_,61.71
_05586_,61.66
u_auth_fsm.nonce_hist\[5\]\[20\],61.63
_11096_,61.6
u_cmd_parser.challenge_nonce\[114\],61.6
_10183_,61.59
_06996_,61.58
clknet_leaf_318_clk,61.58
u_uart_rx.bit_idx\[1\],61.57
_09056_,61.52
_12385_,61.52
_11116_,61.51
u_aes128.round_key\[85\],61.42
u_auth_fsm.nonce_hist\[6\]\[73\],61.4
_08793_,61.34
_09913_,61.34
_12908_,61.33
u_auth_fsm.nonce_hist\[3\]\[2\],61.3
_12147_,61.28
net1275,61.28
_06988_,61.24
_19426_,61.22
u_auth_fsm.cur_nonce\[14\],61.2
u_auth_fsm.nonce_hist\[2\]\[98\],61.2
u_auth_fsm.nonce_hist\[1\]\[52\],61.195
_18430_,61.18
_18283_,61.16
u_auth_fsm.nonce_hist\[4\]\[52\],61.145
_06101_,61.11
u_auth_fsm.nonce_hist\[7\]\[20\],61.1
net444,61.06
_06768_,61.04
_04921_,61.02
_19094_,61.02
u_auth_fsm.nonce_hist\[1\]\[22\],61.02
_17332_,61
_18911_,61
_18669_,60.96
clknet_leaf_266_clk,60.94
_05841_,60.92
_11624_,60.9
u_auth_fsm.nonce_hist\[1\]\[107\],60.9
_14298_,60.88
_05523_,60.82
_08208_,60.82
_13568_,60.8
_09560_,60.76
_07443_,60.74
_08369_,60.74
u_auth_fsm.nonce_hist\[3\]\[41\],60.725
u_auth_fsm.aes_key\[93\],60.72
_09536_,60.66
_11623_,60.62
_06324_,60.6
_12733_,60.59
_13195_,60.58
net1901,60.58
_10813_,60.54
_12954_,60.53
_17535_,60.52
u_auth_fsm.aes_key\[43\],60.52
_12427_,60.51
_19302_,60.5
u_auth_fsm.nonce_hist\[4\]\[93\],60.5
_07349_,60.46
u_aes128.ciphertext\[4\],60.46
_08282_,60.4
_13373_,60.38
clknet_leaf_21_clk,60.36
u_auth_fsm.nonce_hist\[0\]\[99\],60.355
_11608_,60.34
_06958_,60.3
_11561_,60.3
u_auth_fsm.nonce_hist\[0\]\[83\],60.3
net2116,60.28
_10384_,60.26
net242,60.25
u_auth_fsm.nonce_hist\[4\]\[116\],60.245
_12791_,60.24
_05734_,60.2
_10997_,60.18
u_aes128.gen_state_sbox\[14\].sb_state.in\[0\],60.16
u_auth_fsm.nonce_hist\[0\]\[110\],60.125
_06906_,60.12
_13861_,60.12
_05915_,60.115
u_auth_fsm.nonce_hist\[0\]\[72\],60.115
_16630_,60.1
u_auth_fsm.nonce_hist\[1\]\[81\],60.09
_05483_,60.06
_12451_,60.05
_07009_,60.02
clknet_leaf_129_clk,60.02
net693,60.02
u_auth_fsm.nonce_hist\[0\]\[12\],59.985
_11578_,59.96
_13725_,59.96
net587,59.96
clknet_leaf_433_clk,59.92
_09631_,59.91
u_auth_fsm.nonce_hist\[2\]\[51\],59.9
_07879_,59.84
_18370_,59.82
_12530_,59.765
clknet_leaf_191_clk,59.76
net122,59.725
_08237_,59.72
_10004_,59.7
_11427_,59.66
u_auth_fsm.nonce_hist\[3\]\[76\],59.66
_12489_,59.655
_01596_,59.64
_14733_,59.62
u_aes128.gen_state_sbox\[5\].sb_state.in\[0\],59.62
u_auth_fsm.nonce_hist\[5\]\[29\],59.58
_09632_,59.54
u_auth_fsm.nonce_hist\[5\]\[81\],59.535
u_uart_rx.state\[2\],59.52
_12752_,59.48
u_aes128.gen_state_sbox\[1\].sb_state.in\[0\],59.48
fifo_nonce\[6\]\[78\],59.44
_11949_,59.42
u_auth_fsm.nonce_hist\[5\]\[94\],59.4
u_cmd_parser.nonce_reg\[68\],59.4
_18713_,59.38
_13998_,59.36
u_aes128.gen_state_sbox\[3\].sb_state.in\[4\],59.36
_11189_,59.35
_10711_,59.32
_06389_,59.27
_10600_,59.26
u_aes128.gen_key_sbox\[3\].sb_key.in\[2\],59.24
_07951_,59.22
_05877_,59.18
_11784_,59.18
_05673_,59.14
u_auth_fsm.nonce_hist\[6\]\[80\],59.14
_07529_,59.1
_12360_,59.08
u_auth_fsm.nonce_hist\[0\]\[10\],59.04
clknet_leaf_393_clk,59.04
u_auth_fsm.nonce_hist\[7\]\[51\],59.02
net724,59.02
u_auth_fsm.aes_plaintext\[71\],58.98
_18534_,58.96
u_auth_fsm.nonce_hist\[1\]\[69\],58.94
u_aes128.ciphertext\[79\],58.88
net7,58.86
u_aes128.ciphertext\[113\],58.78
u_auth_fsm.nonce_hist\[3\]\[58\],58.78
_07122_,58.77
net110,58.76
_10251_,58.755
_11841_,58.74
u_auth_fsm.nonce_hist\[3\]\[108\],58.735
_10254_,58.72
_06441_,58.7
clknet_leaf_342_clk,58.7
u_aes128.gen_state_sbox\[11\].sb_state.in\[1\],58.66
_09114_,58.64
_10115_,58.64
_06890_,58.62
_10327_,58.62
_19004_,58.62
u_auth_fsm.nonce_hist\[4\]\[17\],58.62
clknet_leaf_296_clk,58.62
u_auth_fsm.nonce_hist\[5\]\[27\],58.58
_12725_,58.56
_05997_,58.54
_08746_,58.54
_07955_,58.52
_09871_,58.5
u_auth_fsm.nonce_hist\[3\]\[45\],58.445
_11157_,58.44
_17872_,58.4
_19449_,58.4
u_uart_tx.state\[1\],58.38
_06376_,58.32
u_auth_fsm.nonce_hist\[1\]\[55\],58.32
_08624_,58.3
_12022_,58.26
u_auth_fsm.nonce_hist\[3\]\[47\],58.26
_09482_,58.14
_18472_,58.12
_09786_,58.06
_08568_,58.04
u_auth_fsm.nonce_hist\[3\]\[113\],58.02
clknet_leaf_166_clk,58.02
_13046_,57.98
clknet_leaf_319_clk,57.96
_05864_,57.94
_13682_,57.94
_08441_,57.92
_04987_,57.9
_09152_,57.9
u_aes128.ciphertext\[107\],57.9
_09090_,57.88
_08272_,57.86
u_aes128.gen_key_sbox\[0\].sb_key.in\[2\],57.86
u_auth_fsm.tx_payload\[68\],57.82
clknet_leaf_351_clk,57.78
_08197_,57.76
u_auth_fsm.nonce_hist\[3\]\[71\],57.75
_13143_,57.74
u_auth_fsm.nonce_hist\[0\]\[97\],57.73
_07454_,57.65
clknet_leaf_64_clk,57.62
_11146_,57.6
_13015_,57.6
_18864_,57.6
_13857_,57.58
u_auth_fsm.tx_byte\[6\],57.56
clknet_leaf_423_clk,57.56
_19160_,57.54
_08223_,57.52
net941,57.52
_12252_,57.48
_19446_,57.48
u_auth_fsm.nonce_hist\[7\]\[68\],57.455
_07599_,57.45
u_auth_fsm.nonce_hist\[2\]\[88\],57.395
_12261_,57.38
_12537_,57.36
clknet_leaf_145_clk,57.34
u_aes128.gen_state_sbox\[2\].sb_state.in\[7\],57.32
_10788_,57.28
_08606_,57.26
u_auth_fsm.nonce_hist\[4\]\[9\],57.26
u_auth_fsm.nonce_hist\[7\]\[7\],57.26
_18343_,57.22
_05493_,57.215
_08525_,57.2
_10753_,57.195
clknet_leaf_376_clk,57.18
_05674_,57.16
_12328_,57.15
_17945_,57.14
net2515,57.14
_05970_,57.1
_07810_,57.07
u_auth_fsm.nonce_hist\[2\]\[16\],57.04
_05714_,57.02
_05803_,57.02
_11393_,57.01
_11831_,57
_05843_,56.98
_10178_,56.96
_19171_,56.96
u_aes128.ciphertext\[110\],56.96
_11882_,56.955
_07889_,56.95
u_aes128.ciphertext\[117\],56.94
_05897_,56.925
_08928_,56.91
_14642_,56.88
u_auth_fsm.cur_nonce\[3\],56.88
_06275_,56.86
_06522_,56.86
clknet_leaf_110_clk,56.82
clknet_leaf_289_clk,56.78
fifo_nonce\[5\]\[110\],56.76
u_aes128.ciphertext\[126\],56.76
net767,56.76
u_auth_fsm.nonce_hist\[6\]\[58\],56.755
_09273_,56.75
_11086_,56.74
_18665_,56.74
u_auth_fsm.nonce_hist\[5\]\[69\],56.74
_18106_,56.72
_14201_,56.7
clknet_leaf_442_clk,56.695
_07547_,56.68
_08008_,56.66
clknet_leaf_148_clk,56.66
_13493_,56.64
_14206_,56.64
_17762_,56.64
_19423_,56.62
u_auth_fsm.nonce_hist\[4\]\[10\],56.6
_19282_,56.56
net2503,56.56
_07994_,56.46
_14348_,56.44
_06306_,56.4
_08397_,56.4
_11492_,56.38
_10117_,56.36
_12008_,56.36
u_auth_fsm.nonce_hist\[4\]\[20\],56.36
_06773_,56.34
_19062_,56.3
_07092_,56.28
u_auth_fsm.tx_payload\[23\],56.26
_05770_,56.24
_13708_,56.22
u_auth_fsm.nonce_hist\[3\]\[36\],56.195
u_uart_rx.clk_cnt\[5\],56.18
net2159,56.18
_06784_,56.14
_11790_,56.14
_08434_,56.12
_07520_,56.085
u_auth_fsm.nonce_hist\[2\]\[4\],56.04
u_auth_fsm.nonce_hist\[4\]\[19\],56.04
u_auth_fsm.tx_payload\[16\],56.04
_11558_,56.03
u_auth_fsm.nonce_hist\[0\]\[16\],56.025
_10738_,56.01
_18334_,56
clknet_leaf_425_clk,56
_18303_,55.96
u_aes128.ciphertext\[0\],55.96
_06806_,55.94
_12646_,55.94
_08927_,55.92
clknet_leaf_2_clk,55.9
u_auth_fsm.aes_key\[94\],55.88
u_auth_fsm.nonce_hist\[1\]\[42\],55.88
_11094_,55.86
_10231_,55.84
fifo_nonce\[0\]\[36\],55.82
_07932_,55.8
u_auth_fsm.nonce_hist\[3\]\[82\],55.78
u_auth_fsm.nonce_hist\[7\]\[55\],55.76
u_cmd_parser.nonce_reg\[65\],55.68
_12650_,55.635
u_auth_fsm.nonce_hist\[5\]\[108\],55.62
_05719_,55.6
_18428_,55.6
_19188_,55.585
u_aes128.gen_key_sbox\[0\].sb_key.in\[0\],55.58
u_aes128.gen_state_sbox\[12\].sb_state.in\[7\],55.58
_06357_,55.52
u_auth_fsm.tx_payload\[31\],55.52
u_auth_fsm.nonce_hist\[6\]\[16\],55.5
u_auth_fsm.nonce_hist\[2\]\[57\],55.495
_14009_,55.48
_19533_,55.46
_12823_,55.44
u_auth_fsm.tx_payload\[82\],55.44
_05448_,55.4
_10456_,55.37
u_auth_fsm.nonce_hist\[4\]\[35\],55.34
u_auth_fsm.nonce_hist\[5\]\[49\],55.335
u_auth_fsm.nonce_hist\[0\]\[34\],55.32
u_auth_fsm.nonce_hist\[4\]\[99\],55.3
clknet_leaf_6_clk,55.28
_06405_,55.22
_06429_,55.2
u_aes128.ciphertext\[3\],55.2
u_auth_fsm.nonce_hist\[6\]\[18\],55.2
u_auth_fsm.nonce_hist\[1\]\[4\],55.185
_09299_,55.18
_19085_,55.16
_07670_,55.14
u_auth_fsm.nonce_hist\[6\]\[19\],55.12
net238,55.09
_05891_,55.08
_09117_,55.06
_09924_,55.06
_14840_,55.06
u_auth_fsm.cur_nonce\[5\],55.06
u_auth_fsm.nonce_hist\[0\]\[18\],55.035
_14417_,55
_19622_,55
u_auth_fsm.nonce_hist\[4\]\[70\],55
_06909_,54.98
u_auth_fsm.nonce_hist\[0\]\[38\],54.965
_12084_,54.96
u_auth_fsm.nonce_hist\[5\]\[48\],54.94
u_aes128.gen_state_sbox\[3\].sb_state.in\[5\],54.92
net764,54.92
_19212_,54.9
net2176,54.9
_10568_,54.88
u_auth_fsm.nonce_hist\[1\]\[91\],54.86
_08308_,54.84
u_auth_fsm.nonce_hist\[6\]\[108\],54.84
_07832_,54.83
u_auth_fsm.nonce_hist\[7\]\[21\],54.825
_18451_,54.82
_09783_,54.79
clknet_leaf_269_clk,54.78
u_aes128.active,54.775
u_auth_fsm.nonce_hist\[6\]\[55\],54.76
_06049_,54.74
u_aes128.round_num\[1\],54.74
u_auth_fsm.nonce_hist\[4\]\[95\],54.74
_09534_,54.72
_12846_,54.72
_16858_,54.72
_05817_,54.66
u_auth_fsm.nonce_hist\[0\]\[91\],54.66
_16881_,54.64
_08522_,54.615
net362,54.61
_11034_,54.6
_11648_,54.58
_18094_,54.56
_13408_,54.555
_10360_,54.54
clknet_leaf_427_clk,54.54
_09235_,54.48
_06479_,54.44
u_cmd_parser.crc_reg\[7\],54.43
u_auth_fsm.nonce_hist\[0\]\[28\],54.405
_12620_,54.34
clknet_leaf_236_clk,54.34
_08247_,54.3
u_auth_fsm.nonce_hist\[1\]\[19\],54.28
_10622_,54.27
clknet_leaf_341_clk,54.26
clknet_leaf_378_clk,54.22
u_auth_fsm.nonce_hist\[0\]\[2\],54.21
_19030_,54.2
_13071_,54.19
u_auth_fsm.nonce_hist\[2\]\[47\],54.16
net86,54.16
_09178_,54.14
_05764_,54.12
u_aes128.gen_state_sbox\[0\].sb_state.in\[2\],54.12
_08412_,54.06
_08613_,54.06
_05492_,54.045
u_auth_fsm.nonce_hist\[1\]\[93\],54.04
_06523_,54
_11509_,54
_12546_,54
_17560_,54
_14546_,53.98
_10144_,53.96
net463,53.94
u_auth_fsm.nonce_hist\[7\]\[19\],53.925
u_auth_fsm.nonce_hist\[7\]\[72\],53.92
_06334_,53.9
_08588_,53.9
net639,53.88
_08394_,53.87
net2167,53.82
_10929_,53.79
_19145_,53.78
net2205,53.78
_05513_,53.76
_12130_,53.76
_12383_,53.74
_05416_,53.7
_08217_,53.68
_10358_,53.68
_09411_,53.67
_07898_,53.62
_11923_,53.6
_07552_,53.58
_10136_,53.58
_05863_,53.56
_09457_,53.56
_19390_,53.54
_13680_,53.52
u_auth_fsm.nonce_hist\[1\]\[49\],53.515
_05583_,53.5
_09061_,53.5
_10564_,53.5
_08284_,53.48
_18923_,53.48
net339,53.47
_11705_,53.43
_13262_,53.42
u_auth_fsm.nonce_hist\[2\]\[8\],53.42
_19241_,53.4
_05491_,53.36
_07975_,53.36
_10892_,53.36
fifo_nonce\[2\]\[110\],53.36
_18817_,53.34
_12835_,53.33
fifo_nonce\[0\]\[38\],53.32
_14236_,53.3
_12673_,53.28
u_auth_fsm.nonce_hist\[4\]\[112\],53.28
net2472,53.26
_12165_,53.22
u_auth_fsm.nonce_hist\[4\]\[109\],53.205
u_auth_fsm.tx_payload\[96\],53.18
_06099_,53.14
_08360_,53.12
u_auth_fsm.tx_payload\[53\],53.1
_12181_,53.09
u_auth_fsm.aes_key\[9\],53.08
u_auth_fsm.nonce_hist\[0\]\[81\],53.075
_09703_,53.06
_18674_,53.06
u_auth_fsm.nonce_hist\[7\]\[45\],53.045
_06165_,53.04
_14668_,53.02
_13072_,53.01
_14183_,53
_18945_,53
_05398_,52.99
_09599_,52.985
_18657_,52.98
u_auth_fsm.aes_key\[70\],52.96
u_auth_fsm.nonce_hist\[5\]\[93\],52.96
_08966_,52.94
_12351_,52.92
_13202_,52.91
_13347_,52.9
_19316_,52.88
_05754_,52.86
u_auth_fsm.nonce_hist\[4\]\[12\],52.845
_10273_,52.84
_13221_,52.84
_17671_,52.8
_11335_,52.78
_09940_,52.735
_07741_,52.72
_11420_,52.72
_08516_,52.7
_08331_,52.68
_08211_,52.675
_12655_,52.66
u_auth_fsm.nonce_hist\[2\]\[80\],52.66
_03588_,52.64
_07615_,52.62
_10581_,52.62
u_aes128.gen_state_sbox\[11\].sb_state.in\[2\],52.6
u_aes128.ciphertext\[78\],52.59
_10177_,52.58
_18729_,52.58
_12545_,52.57
u_auth_fsm.nonce_hist\[0\]\[49\],52.56
_05436_,52.54
_18362_,52.54
_01604_,52.52
u_auth_fsm.nonce_hist\[6\]\[120\],52.5
u_auth_fsm.nonce_hist\[2\]\[102\],52.46
u_auth_fsm.tx_payload\[47\],52.46
_12296_,52.44
u_auth_fsm.nonce_hist\[7\]\[108\],52.42
_16831_,52.4
_10918_,52.35
_09465_,52.32
_08907_,52.3
_12681_,52.3
u_auth_fsm.nonce_hist\[5\]\[107\],52.26
_07716_,52.2
_06448_,52.18
_06246_,52.16
_05404_,52.14
_05549_,52.12
_08178_,52.11
_08974_,52.11
_12510_,52.1
_14126_,52.04
clknet_leaf_229_clk,52.04
clknet_leaf_227_clk,52.02
_12801_,52
_14495_,52
u_auth_fsm.nonce_hist\[0\]\[77\],52
u_auth_fsm.cur_nonce\[86\],51.96
_11647_,51.94
u_aes128.gen_state_sbox\[15\].sb_state.in\[3\],51.92
_13516_,51.9
u_auth_fsm.nonce_hist\[3\]\[3\],51.9
_05366_,51.88
_12612_,51.88
_06756_,51.865
_08185_,51.86
fifo_nonce\[6\]\[110\],51.86
clknet_leaf_264_clk,51.86
_09773_,51.855
_07423_,51.82
_11071_,51.82
u_auth_fsm.nonce_hist\[2\]\[1\],51.8
_13933_,51.7
u_cmd_parser.nonce_reg\[37\],51.62
net663,51.62
_08536_,51.6
u_auth_fsm.nonce_hist\[0\]\[4\],51.6
u_cmd_parser.crc_hi_reg\[5\],51.6
_13003_,51.59
_06336_,51.58
_18093_,51.58
_08248_,51.565
_09161_,51.56
_06542_,51.54
_18889_,51.52
u_auth_fsm.nonce_hist\[5\]\[21\],51.52
_13153_,51.5
net897,51.5
_05184_,51.46
u_auth_fsm.aes_key\[98\],51.46
clknet_leaf_132_clk,51.44
u_auth_fsm.nonce_hist\[3\]\[89\],51.42
_09367_,51.4
u_auth_fsm.nonce_hist\[3\]\[21\],51.355
clknet_leaf_426_clk,51.32
_10419_,51.3
u_aes128.gen_state_sbox\[9\].sb_state.in\[0\],51.3
net828,51.3
_18597_,51.28
_06855_,51.26
u_uart_rx.state\[0\],51.215
_10823_,51.2
clknet_leaf_396_clk,51.2
u_auth_fsm.nonce_hist\[5\]\[127\],51.175
u_auth_fsm.nonce_hist\[4\]\[120\],51.16
_10432_,51.12
_18861_,51.12
u_auth_fsm.nonce_hist\[1\]\[108\],51.12
u_auth_fsm.nonce_hist\[1\]\[15\],51.1
clknet_leaf_205_clk,51.1
_18708_,51.08
u_auth_fsm.aes_key\[25\],51.08
u_aes128.ciphertext\[68\],51.03
net774,51.02
_11117_,50.98
fifo_nonce\[1\]\[110\],50.94
u_auth_fsm.state\[1\],50.935
u_auth_fsm.nonce_hist\[7\]\[77\],50.88
clknet_leaf_377_clk,50.88
_13424_,50.86
_14045_,50.86
_09400_,50.8
_09535_,50.8
_10430_,50.8
u_auth_fsm.nonce_hist\[2\]\[14\],50.8
net596,50.8
_13013_,50.785
net759,50.78
_09988_,50.76
_12403_,50.76
u_auth_fsm.nonce_hist\[0\]\[100\],50.76
net1156,50.76
_07514_,50.755
_11246_,50.74
_07651_,50.72
_06790_,50.7
u_aes128.ciphertext\[111\],50.68
_08551_,50.66
u_auth_fsm.nonce_hist\[2\]\[126\],50.66
_09333_,50.64
_16369_,50.62
u_auth_fsm.tx_payload\[71\],50.62
_13845_,50.6
_06671_,50.58
_10560_,50.54
_06913_,50.48
_19382_,50.48
_10165_,50.44
_12940_,50.44
u_auth_fsm.nonce_hist\[2\]\[76\],50.42
_06120_,50.38
_11049_,50.38
_13107_,50.34
_13407_,50.32
u_aes128.gen_state_sbox\[10\].sb_state.in\[5\],50.28
_06628_,50.26
u_aes128.gen_state_sbox\[6\].sb_state.in\[1\],50.26
u_auth_fsm.nonce_hist\[0\]\[17\],50.18
net925,50.16
u_auth_fsm.aes_key\[28\],50.14
_08539_,50.12
_07394_,50.1
_19038_,50.1
_11758_,50.08
net815,50.08
u_auth_fsm.nonce_hist\[5\]\[44\],50.045
_10400_,50.02
_19061_,50
_19540_,49.98
_05683_,49.96
_11900_,49.96
u_auth_fsm.aes_key\[102\],49.96
_14589_,49.94
_03631_,49.92
u_uart_rx.clk_cnt\[6\],49.92
_11070_,49.87
_07979_,49.86
net466,49.84
_10209_,49.83
_19268_,49.82
u_auth_fsm.nonce_hist\[4\]\[50\],49.78
_09354_,49.755
_12831_,49.72
net765,49.72
_14859_,49.7
_18937_,49.7
_11706_,49.68
net2323,49.64
_13088_,49.62
_19116_,49.62
_17375_,49.6
u_auth_fsm.nonce_hist\[4\]\[54\],49.595
_12486_,49.58
_17971_,49.58
_09615_,49.54
net2027,49.52
_04982_,49.48
_17445_,49.475
_06461_,49.46
_09751_,49.46
_14250_,49.46
u_auth_fsm.nonce_hist\[3\]\[96\],49.46
_09424_,49.45
fifo_nonce\[7\]\[78\],49.44
u_auth_fsm.nonce_hist\[2\]\[118\],49.44
u_auth_fsm.nonce_hist\[5\]\[77\],49.44
_17154_,49.36
u_auth_fsm.aes_key\[101\],49.33
_19440_,49.31
_13342_,49.3
_06139_,49.28
_08244_,49.26
_09373_,49.26
net2179,49.26
_14211_,49.2
_05776_,49.14
_05996_,49.12
_09884_,49.12
_13448_,49.1
_17796_,49.08
_13504_,49.06
_14284_,49.06
_17507_,49.02
u_aes128.gen_state_sbox\[2\].sb_state.in\[0\],49.02
clknet_leaf_430_clk,49.02
_05437_,48.96
_11329_,48.96
_11444_,48.96
_11797_,48.92
_19386_,48.92
u_aes128.ciphertext\[21\],48.92
net2202,48.9
u_auth_fsm.nonce_hist\[1\]\[77\],48.88
_09566_,48.86
_11961_,48.86
_11807_,48.84
_14268_,48.82
u_auth_fsm.aes_plaintext\[123\],48.8
_08607_,48.78
u_auth_fsm.nonce_hist\[1\]\[44\],48.765
u_aes128.ciphertext\[102\],48.74
u_auth_fsm.nonce_hist\[3\]\[19\],48.74
net824,48.74
_06947_,48.72
_08622_,48.685
u_auth_fsm.nonce_hist\[4\]\[3\],48.685
u_aes128.gen_state_sbox\[9\].sb_state.in\[6\],48.66
_13204_,48.64
_17915_,48.62
u_auth_fsm.nonce_hist\[7\]\[74\],48.62
fifo_nonce\[1\]\[78\],48.58
u_auth_fsm.nonce_hist\[1\]\[119\],48.58
u_auth_fsm.nonce_hist\[2\]\[35\],48.58
u_auth_fsm.nonce_hist\[3\]\[7\],48.57
_08555_,48.56
_06569_,48.54
_11305_,48.52
_17709_,48.5
fifo_nonce\[3\]\[78\],48.5
u_auth_fsm.nonce_hist\[1\]\[3\],48.495
_09558_,48.49
clknet_leaf_181_clk,48.48
_03626_,48.46
u_auth_fsm.nonce_hist\[3\]\[55\],48.46
_07003_,48.44
_06312_,48.38
_06450_,48.37
_07320_,48.36
_13613_,48.36
_10770_,48.32
u_auth_fsm.aes_key\[47\],48.3
_09142_,48.28
_16633_,48.22
_19079_,48.22
_12013_,48.2
_13365_,48.2
_11491_,48.18
_11795_,48.165
_12746_,48.16
_19329_,48.16
_06897_,48.14
u_uart_tx.state\[3\],48.14
u_aes128.gen_state_sbox\[12\].sb_state.in\[0\],48.12
u_aes128.gen_state_sbox\[12\].sb_state.in\[1\],48.08
net1441,48.08
_16872_,48.06
u_aes128.ciphertext\[120\],48.06
_08768_,48.04
u_auth_fsm.nonce_hist\[0\]\[24\],48.04
_08719_,47.96
_09147_,47.94
_11037_,47.94
fifo_rd_ptr\[2\],47.94
u_auth_fsm.nonce_hist\[6\]\[88\],47.94
_05892_,47.9
u_aes128.ciphertext\[83\],47.9
_12196_,47.84
_08658_,47.68
_10910_,47.68
u_auth_fsm.nonce_hist\[3\]\[18\],47.64
_03602_,47.625
_05850_,47.62
_06757_,47.61
_09981_,47.6
_13625_,47.6
_08246_,47.56
net354,47.56
_13251_,47.5
u_aes128.gen_state_sbox\[12\].sb_state.in\[2\],47.5
_19182_,47.48
_11511_,47.46
_19396_,47.46
_08320_,47.45
u_auth_fsm.nonce_hist\[5\]\[91\],47.44
net229,47.42
_07704_,47.36
_16943_,47.36
u_aes128.gen_state_sbox\[5\].sb_state.in\[7\],47.32
_17155_,47.28
u_auth_fsm.nonce_hist\[5\]\[10\],47.28
_11158_,47.26
u_auth_fsm.nonce_hist\[0\]\[93\],47.26
_05187_,47.22
_09594_,47.18
_18561_,47.16
_18694_,47.16
u_auth_fsm.nonce_hist\[6\]\[103\],47.145
_08814_,47.1
u_auth_fsm.nonce_hist\[2\]\[110\],47.1
_13311_,47.08
_11133_,47.06
_06381_,47.02
u_cmd_parser.nonce_reg\[88\],47.02
_05675_,47
_07037_,46.96
_10982_,46.95
_13463_,46.945
_12268_,46.94
u_auth_fsm.nonce_hist\[4\]\[69\],46.94
_10204_,46.92
_13506_,46.88
_14625_,46.88
u_auth_fsm.nonce_hist\[6\]\[12\],46.88
_12756_,46.875
_19609_,46.87
_10566_,46.86
clknet_leaf_317_clk,46.84
_06458_,46.76
_12297_,46.69
u_auth_fsm.nonce_hist\[7\]\[111\],46.675
u_auth_fsm.aes_key\[22\],46.67
_03609_,46.64
_11458_,46.64
u_auth_fsm.aes_key\[36\],46.64
_10292_,46.62
_18479_,46.6
net1858,46.6
u_auth_fsm.nonce_hist\[4\]\[29\],46.58
_08849_,46.57
u_auth_fsm.nonce_hist\[6\]\[77\],46.56
u_auth_fsm.tx_payload\[87\],46.56
fifo_wr_ptr\[1\],46.53
_05486_,46.52
clknet_leaf_272_clk,46.52
_09140_,46.5
_08691_,46.48
u_auth_fsm.nonce_hist\[6\]\[111\],46.475
_10632_,46.46
_13626_,46.46
_17925_,46.46
_08363_,46.44
_05786_,46.42
u_aes128.ciphertext\[69\],46.42
_05688_,46.38
_13237_,46.38
_19571_,46.38
u_uart_rx.clk_cnt\[4\],46.38
_03643_,46.37
clknet_leaf_343_clk,46.36
_09103_,46.3
_18619_,46.28
_11181_,46.22
u_aes128.ciphertext\[30\],46.18
u_auth_fsm.aes_key\[73\],46.155
_08159_,46.12
_12137_,46.12
u_auth_fsm.nonce_hist\[0\]\[20\],46.12
_09268_,46.11
_18811_,46.1
_08107_,46.06
_09277_,46.06
_10523_,46.06
net1981,46.06
_09289_,46.02
_13060_,46.02
_08209_,45.98
u_auth_fsm.nonce_hist\[7\]\[119\],45.96
_13470_,45.91
u_auth_fsm.nonce_hist\[4\]\[61\],45.905
u_auth_fsm.aes_key\[58\],45.9
clknet_leaf_337_clk,45.9
u_auth_fsm.nonce_hist\[5\]\[15\],45.88
u_aes128.gen_state_sbox\[1\].sb_state.in\[7\],45.87
u_uart_tx.bit_idx\[0\],45.87
_12235_,45.86
_08650_,45.84
_17489_,45.84
clknet_leaf_346_clk,45.84
_18236_,45.82
u_auth_fsm.tx_payload\[92\],45.82
_05433_,45.79
_07334_,45.79
_07373_,45.78
_07483_,45.76
net1884,45.76
_07427_,45.74
_19388_,45.74
u_auth_fsm.nonce_hist\[0\]\[11\],45.74
_10529_,45.73
u_auth_fsm.aes_key\[77\],45.72
_03605_,45.7
_06285_,45.68
_19226_,45.68
_05405_,45.62
_14785_,45.62
_16823_,45.6
u_auth_fsm.nonce_hist\[1\]\[2\],45.6
_12186_,45.54
u_auth_fsm.nonce_hist\[4\]\[77\],45.54
u_aes128.ciphertext\[96\],45.52
u_aes128.round_num\[3\],45.46
_13494_,45.44
_11767_,45.42
_13654_,45.42
fifo_nonce\[0\]\[125\],45.41
_09505_,45.4
_10481_,45.38
_09057_,45.36
_12354_,45.36
u_auth_fsm.nonce_hist\[3\]\[12\],45.36
_05943_,45.34
_10812_,45.34
_12942_,45.32
_18282_,45.32
_08835_,45.3
u_auth_fsm.tx_payload\[116\],45.3
clknet_leaf_334_clk,45.3
_11191_,45.26
u_auth_fsm.cur_nonce\[85\],45.26
net760,45.26
_09254_,45.22
_19416_,45.22
fifo_nonce\[0\]\[84\],45.2
_13543_,45.18
u_auth_fsm.nonce_hist\[5\]\[12\],45.18
_04973_,45.14
_11520_,45.14
_14510_,45.14
_09573_,45.1
_06717_,45.085
_06949_,45.06
_07512_,45.06
_08086_,45.04
_11351_,45.02
net1897,45.02
u_auth_fsm.nonce_hist\[1\]\[103\],45.005
fifo_nonce\[2\]\[78\],45
_11415_,44.98
_19478_,44.98
u_auth_fsm.aes_key\[38\],44.94
_09544_,44.92
_13096_,44.92
net563,44.92
_05618_,44.9
u_auth_fsm.nonce_hist\[0\]\[68\],44.9
clknet_leaf_325_clk,44.9
_10423_,44.86
_10439_,44.86
_03606_,44.845
_08483_,44.84
u_auth_fsm.nonce_hist\[4\]\[58\],44.82
_09496_,44.8
_09647_,44.78
_18649_,44.78
_12613_,44.74
_05676_,44.7
_06297_,44.68
fifo_nonce\[0\]\[123\],44.68
u_auth_fsm.cur_nonce\[82\],44.68
net720,44.68
_06094_,44.62
_06345_,44.62
_10255_,44.61
_08884_,44.6
_12889_,44.58
_14315_,44.58
u_aes128.ciphertext\[92\],44.58
u_auth_fsm.nonce_hist\[1\]\[73\],44.56
clknet_leaf_348_clk,44.56
_13779_,44.54
_14337_,44.48
u_auth_fsm.nonce_hist\[6\]\[87\],44.48
_05793_,44.46
_10283_,44.46
u_auth_fsm.nonce_hist\[0\]\[104\],44.46
_13764_,44.44
u_uart_tx.bit_idx\[1\],44.44
_14606_,44.4
u_auth_fsm.nonce_hist\[2\]\[60\],44.4
u_auth_fsm.nonce_hist\[4\]\[56\],44.385
_07409_,44.38
_07472_,44.36
net290,44.33
_09206_,44.32
_07874_,44.3
_10974_,44.3
_12738_,44.24
u_auth_fsm.nonce_hist\[1\]\[101\],44.24
_12912_,44.22
_13058_,44.22
u_auth_fsm.nonce_hist\[2\]\[120\],44.205
_12407_,44.2
_07310_,44.18
_08067_,44.14
_08264_,44.14
_09824_,44.14
net1876,44.14
_08528_,44.12
_08705_,44.12
u_auth_fsm.nonce_hist\[0\]\[94\],44.12
_06685_,44.1
u_auth_fsm.nonce_hist\[3\]\[20\],44.1
_07568_,44.08
_10350_,44.08
u_auth_fsm.nonce_hist\[4\]\[67\],44.08
_07936_,44.04
_11167_,44.02
_14630_,44
_09010_,43.98
_17239_,43.98
u_auth_fsm.nonce_hist\[2\]\[19\],43.975
_11995_,43.94
_09967_,43.92
_19324_,43.92
_18585_,43.9
u_auth_fsm.nonce_hist\[5\]\[75\],43.9
net2118,43.86
u_auth_fsm.nonce_hist\[1\]\[11\],43.845
_13659_,43.84
u_auth_fsm.nonce_hist\[2\]\[113\],43.84
_05391_,43.82
u_auth_fsm.nonce_hist\[7\]\[6\],43.82
_08659_,43.81
u_auth_fsm.nonce_hist\[0\]\[112\],43.8
_08750_,43.76
_05761_,43.75
_08870_,43.74
u_cmd_parser.nonce_reg\[55\],43.7
_10493_,43.68
_08198_,43.675
_05826_,43.66
_16803_,43.66
_06009_,43.65
clknet_leaf_395_clk,43.64
u_auth_fsm.aes_key\[4\],43.62
_10397_,43.6
u_auth_fsm.nonce_hist\[2\]\[43\],43.6
clknet_leaf_329_clk,43.6
_19180_,43.58
u_auth_fsm.nonce_hist\[2\]\[112\],43.58
_12345_,43.54
net1032,43.54
_08281_,43.52
_08538_,43.52
u_auth_fsm.nonce_hist\[4\]\[26\],43.5
u_auth_fsm.nonce_hist\[5\]\[71\],43.46
_09014_,43.42
_19312_,43.42
_14002_,43.38
net2285,43.38
_09958_,43.36
_12795_,43.35
_18847_,43.34
_19011_,43.34
u_auth_fsm.nonce_hist\[4\]\[11\],43.32
_09462_,43.3
u_auth_fsm.nonce_hist\[3\]\[16\],43.3
_12776_,43.28
u_auth_fsm.nonce_hist\[5\]\[109\],43.28
_04909_,43.16
_11200_,43.16
_13744_,43.14
_05697_,43.1
_10362_,43.1
_06215_,43.08
_12525_,43.08
_19502_,43.08
_06474_,43.055
_11198_,43.04
_14359_,43.04
u_aes128.round_num\[2\],43
_11483_,42.98
_12784_,42.98
_14100_,42.96
_14576_,42.96
_08811_,42.94
u_auth_fsm.nonce_hist\[7\]\[44\],42.94
_04914_,42.88
_11878_,42.88
_12127_,42.86
u_auth_fsm.nonce_hist\[7\]\[37\],42.845
_05672_,42.84
_06365_,42.84
_11968_,42.84
_13591_,42.84
u_auth_fsm.nonce_hist\[1\]\[121\],42.84
_09701_,42.76
_10385_,42.76
_19240_,42.76
_07972_,42.72
u_auth_fsm.nonce_hist\[6\]\[124\],42.7
_19621_,42.68
u_auth_fsm.nonce_hist\[4\]\[7\],42.675
_06644_,42.66
u_auth_fsm.nonce_hist\[5\]\[6\],42.66
u_aes128.ciphertext\[122\],42.64
u_auth_fsm.nonce_hist\[1\]\[14\],42.64
u_cmd_parser.nonce_reg\[95\],42.64
_16827_,42.63
_18976_,42.62
_07428_,42.61
_11388_,42.6
u_aes128.gen_state_sbox\[15\].sb_state.in\[1\],42.6
u_auth_fsm.tx_payload\[24\],42.58
u_auth_fsm.nonce_hist\[0\]\[15\],42.535
_06422_,42.525
_19542_,42.52
u_auth_fsm.hdr_idx\[1\],42.52
_07369_,42.5
_19400_,42.5
u_auth_fsm.nonce_hist\[7\]\[118\],42.5
_14512_,42.48
_06149_,42.46
_09355_,42.46
_09123_,42.44
_17393_,42.44
u_auth_fsm.nonce_hist\[1\]\[122\],42.44
u_auth_fsm.nonce_hist\[3\]\[124\],42.44
clknet_leaf_249_clk,42.44
_13156_,42.4
u_aes128.gen_state_sbox\[13\].sb_state.in\[7\],42.4
_05616_,42.34
_04908_,42.335
_19098_,42.32
clknet_leaf_414_clk,42.32
_09472_,42.28
_10514_,42.26
u_auth_fsm.nonce_hist\[5\]\[45\],42.215
u_aes128.ciphertext\[24\],42.16
_18758_,42.12
net1812,42.12
_11880_,42.1
u_auth_fsm.nonce_hist\[3\]\[83\],42.1
clknet_leaf_291_clk,42.1
_19516_,42.08
_06354_,42.06
_06439_,42.045
_06235_,42.04
_12224_,42.04
u_auth_fsm.tx_payload\[37\],42.04
net743,42.04
_18596_,42.02
_06029_,42
_13893_,42
_06957_,41.96
_06946_,41.94
_19152_,41.92
_12369_,41.9
_16842_,41.9
_19366_,41.9
u_auth_fsm.tx_payload\[121\],41.9
_13461_,41.88
u_auth_fsm.aes_key\[39\],41.88
_14575_,41.86
_18772_,41.86
_19216_,41.86
_09281_,41.82
_08170_,41.81
_19015_,41.8
u_auth_fsm.nonce_hist\[5\]\[18\],41.8
_09485_,41.79
_08175_,41.76
u_auth_fsm.nonce_hist\[2\]\[3\],41.76
_11581_,41.74
_12695_,41.74
_18726_,41.72
_13534_,41.7
u_auth_fsm.nonce_hist\[1\]\[78\],41.68
_09099_,41.63
u_auth_fsm.nonce_hist\[7\]\[87\],41.62
u_auth_fsm.tx_header\[4\],41.62
_06005_,41.58
_13154_,41.58
_18311_,41.58
u_auth_fsm.nonce_hist\[3\]\[57\],41.56
_06081_,41.54
_10742_,41.54
_11723_,41.54
_13783_,41.54
_14762_,41.525
u_cmd_parser.crc_reg\[11\],41.51
_12634_,41.5
_07638_,41.48
_08031_,41.46
u_aes128.ciphertext\[37\],41.46
u_auth_fsm.nonce_hist\[1\]\[38\],41.445
_06177_,41.42
_17912_,41.42
_06213_,41.4
net1730,41.38
u_aes128.ciphertext\[75\],41.36
u_auth_fsm.tx_payload\[57\],41.34
_18558_,41.32
net776,41.32
_07948_,41.3
_13014_,41.3
net515,41.28
_18517_,41.26
u_auth_fsm.nonce_hist\[5\]\[43\],41.22
_09274_,41.2
_18279_,41.2
u_cmd_parser.nonce_reg\[58\],41.2
_08467_,41.16
_12764_,41.16
u_auth_fsm.nonce_hist\[1\]\[24\],41.145
_14604_,41.14
_06866_,41.12
_12718_,41.1
_13146_,41.1
u_auth_fsm.cur_nonce\[15\],41.1
_12955_,41.08
_07710_,41.06
_18440_,41.06
u_aes128.gen_state_sbox\[4\].sb_state.in\[4\],41.06
_09889_,41.055
_13641_,41.04
_08025_,41
u_auth_fsm.nonce_hist\[4\]\[32\],41
_06827_,40.98
_09213_,40.98
_14438_,40.98
_14761_,40.98
_16639_,40.98
_18950_,40.98
_18201_,40.94
_10628_,40.9
u_auth_fsm.aes_key\[20\],40.9
_07947_,40.88
_03586_,40.86
_05912_,40.86
u_auth_fsm.nonce_hist\[5\]\[117\],40.86
u_auth_fsm.tx_payload\[63\],40.86
_18410_,40.85
u_auth_fsm.nonce_hist\[0\]\[61\],40.84
_13165_,40.8
_18275_,40.8
_18291_,40.8
net2358,40.78
_05832_,40.76
net803,40.76
u_auth_fsm.nonce_hist\[3\]\[78\],40.74
_19132_,40.71
u_auth_fsm.tx_payload\[15\],40.705
u_aes128.ciphertext\[27\],40.7
u_aes128.round_num\[0\],40.68
_08135_,40.64
_06427_,40.62
_06702_,40.58
_18300_,40.58
u_auth_fsm.tx_payload\[65\],40.58
_18257_,40.56
u_auth_fsm.nonce_hist\[5\]\[2\],40.56
_17439_,40.54
_19477_,40.54
_10376_,40.52
net781,40.52
_11857_,40.48
_08507_,40.44
_19251_,40.44
u_cmd_parser.nonce_reg\[28\],40.44
_13406_,40.42
_19002_,40.42
u_auth_fsm.aes_key\[106\],40.42
_11262_,40.4
_16933_,40.4
u_aes128.ciphertext\[72\],40.4
u_auth_fsm.nonce_hist\[7\]\[127\],40.4
u_auth_fsm.nonce_hist\[7\]\[54\],40.4
_08150_,40.38
u_auth_fsm.aes_key\[61\],40.38
u_auth_fsm.cur_nonce\[127\],40.38
_17981_,40.37
u_auth_fsm.aes_key\[126\],40.33
u_aes128.gen_state_sbox\[5\].sb_state.in\[2\],40.3
u_auth_fsm.nonce_hist\[6\]\[23\],40.3
_09428_,40.28
_10018_,40.28
_06406_,40.275
_09897_,40.26
_16447_,40.26
_19309_,40.24
u_auth_fsm.nonce_hist\[1\]\[114\],40.24
_10023_,40.2
u_auth_fsm.nonce_hist\[3\]\[119\],40.2
_07860_,40.18
_19150_,40.16
u_auth_fsm.nonce_hist\[2\]\[27\],40.16
_13020_,40.14
_01597_,40.125
_11425_,40.12
_14289_,40.12
net792,40.12
_07699_,40.11
_12856_,40.1
_04860_,40.06
net2165,40.06
_11488_,40.04
_19288_,40.04
_08021_,40.03
_06325_,40.02
_08052_,40.02
_14324_,40.02
_19022_,40
_05904_,39.88
_12918_,39.86
_18289_,39.86
clknet_leaf_111_clk,39.86
net706,39.86
_12820_,39.84
u_auth_fsm.aes_key\[75\],39.84
_09805_,39.835
_07528_,39.82
_14153_,39.82
_19283_,39.81
_06820_,39.8
_06102_,39.78
u_auth_fsm.nonce_hist\[6\]\[11\],39.78
_05979_,39.76
_18677_,39.76
clknet_leaf_441_clk,39.76
_04977_,39.74
_07792_,39.74
_03629_,39.72
u_auth_fsm.nonce_hist\[4\]\[53\],39.71
u_auth_fsm.nonce_hist\[0\]\[70\],39.63
_18375_,39.6
_16714_,39.58
u_auth_fsm.nonce_hist\[1\]\[104\],39.58
_12709_,39.56
_16821_,39.56
_18933_,39.56
net829,39.55
_12799_,39.54
u_aes128.ciphertext\[53\],39.54
_09562_,39.52
_18810_,39.52
fifo_nonce\[1\]\[67\],39.52
u_auth_fsm.nonce_hist\[7\]\[91\],39.52
_04920_,39.5
_14357_,39.5
net2214,39.5
_05948_,39.48
u_aes128.ciphertext\[84\],39.48
_06764_,39.46
_08838_,39.46
_04958_,39.44
_11187_,39.44
u_auth_fsm.nonce_hist\[0\]\[63\],39.44
_14551_,39.42
_11357_,39.41
_10264_,39.38
_19654_,39.38
_07917_,39.375
clknet_leaf_9_clk,39.36
_12802_,39.34
u_auth_fsm.nonce_hist\[4\]\[121\],39.34
_13392_,39.335
_07566_,39.325
_03557_,39.32
_06875_,39.28
_18320_,39.28
_14583_,39.26
_08955_,39.24
_13498_,39.24
u_auth_fsm.nonce_hist\[3\]\[27\],39.24
u_cmd_parser.crc_reg\[6\],39.23
_04907_,39.22
u_aes128.gen_state_sbox\[4\].sb_state.in\[3\],39.215
_09522_,39.2
_12287_,39.2
_05396_,39.18
_13655_,39.18
_19454_,39.18
_05617_,39.16
_11535_,39.14
_09518_,39.12
_06607_,39.115
_14815_,39.08
net1241,39.08
_13554_,39.07
u_auth_fsm.nonce_hist\[4\]\[25\],39.06
clknet_leaf_436_clk,39.04
_13784_,39.02
_06166_,38.98
_11773_,38.96
_07358_,38.94
_17792_,38.94
net805,38.94
_12916_,38.92
_18984_,38.92
_09881_,38.9
_16692_,38.9
_08053_,38.88
u_auth_fsm.tx_payload\[101\],38.88
_06571_,38.86
_10855_,38.86
_08386_,38.82
_10342_,38.82
_14503_,38.82
_04924_,38.8
clknet_leaf_252_clk,38.8
_11840_,38.78
u_auth_fsm.tx_payload\[115\],38.78
_13615_,38.76
u_auth_fsm.aes_key\[14\],38.76
_06227_,38.7
_11573_,38.7
_08664_,38.68
_10652_,38.66
_19713_,38.64
u_aes128.ciphertext\[51\],38.64
_05884_,38.62
_10865_,38.6
net1561,38.6
u_auth_fsm.tx_payload\[114\],38.58
_07005_,38.57
_18260_,38.54
u_auth_fsm.nonce_hist\[0\]\[55\],38.54
_12094_,38.48
_16747_,38.48
u_auth_fsm.tx_payload\[26\],38.48
_18760_,38.44
_09150_,38.4
_01594_,38.38
_08073_,38.38
_10377_,38.38
_13815_,38.38
_14401_,38.38
fifo_nonce\[4\]\[25\],38.38
_07104_,38.36
_12386_,38.36
_13868_,38.36
u_aes128.ciphertext\[41\],38.36
u_cmd_parser.nonce_reg\[11\],38.36
_11107_,38.355
_10562_,38.34
_18398_,38.32
_09493_,38.31
clknet_leaf_140_clk,38.28
_10355_,38.24
u_auth_fsm.aes_key\[92\],38.24
u_auth_fsm.nonce_hist\[1\]\[37\],38.205
u_auth_fsm.nonce_hist\[6\]\[41\],38.205
_11031_,38.2
u_aes128.round_key\[65\],38.18
_08752_,38.16
_13118_,38.16
net1934,38.16
clknet_leaf_347_clk,38.15
_08009_,38.14
net973,38.14
net2007,38.12
_06740_,38.11
_18255_,38.11
_04923_,38.1
u_aes128.gen_state_sbox\[10\].sb_state.in\[7\],38.09
_07403_,38.08
_10483_,38.08
_13511_,38.08
u_auth_fsm.aes_key\[74\],38.08
_05377_,38.06
_06100_,38.06
_10459_,38.06
_13242_,38.05
_06533_,38.02
_12307_,38.02
_14230_,38.02
u_auth_fsm.cur_nonce\[88\],38.02
u_auth_fsm.nonce_hist\[3\]\[42\],38.02
_03809_,38
u_aes128.ciphertext\[125\],38
_16437_,37.99
_06543_,37.98
_16938_,37.98
net457,37.98
net650,37.96
_11234_,37.92
_17444_,37.92
fifo_rd_ptr\[1\],37.88
_08484_,37.86
u_auth_fsm.nonce_hist\[7\]\[76\],37.86
_08803_,37.84
_06803_,37.82
_09904_,37.82
u_cmd_parser.nonce_reg\[17\],37.82
_13030_,37.8
_18740_,37.74
fifo_nonce\[2\]\[25\],37.74
u_auth_fsm.nonce_hist\[5\]\[101\],37.7
_10226_,37.68
_10348_,37.68
_14017_,37.66
u_auth_fsm.nonce_hist\[2\]\[123\],37.66
_12366_,37.645
_07474_,37.64
_13039_,37.64
net628,37.64
net2198,37.62
_13441_,37.61
_07466_,37.6
_12044_,37.6
_01610_,37.58
_14019_,37.58
_08288_,37.56
_10499_,37.56
_11503_,37.56
_11953_,37.56
u_auth_fsm.nonce_hist\[3\]\[127\],37.54
_19221_,37.52
_13092_,37.5
_17323_,37.5
_09591_,37.48
_18722_,37.48
u_cmd_parser.nonce_reg\[16\],37.48
_07878_,37.46
_13993_,37.44
u_auth_fsm.cur_nonce\[17\],37.44
_09275_,37.4
_08646_,37.38
_17228_,37.38
_06603_,37.36
_06537_,37.34
_09442_,37.34
_19422_,37.34
_12696_,37.32
_05615_,37.3
_08660_,37.29
_12172_,37.28
u_auth_fsm.nonce_hist\[6\]\[84\],37.28
clknet_leaf_226_clk,37.28
_13418_,37.27
_12242_,37.26
u_auth_fsm.nonce_hist\[3\]\[115\],37.26
_09987_,37.24
u_auth_fsm.nonce_hist\[3\]\[43\],37.22
_13469_,37.165
_06539_,37.16
_12269_,37.16
_13544_,37.16
u_auth_fsm.aes_plaintext\[92\],37.16
u_auth_fsm.aes_key\[44\],37.14
net514,37.14
_09693_,37.13
_12267_,37.12
u_auth_fsm.nonce_hist\[1\]\[6\],37.12
u_auth_fsm.tx_payload\[60\],37.12
_05664_,37.1
_13257_,37.1
_13259_,37.1
_18281_,37.1
_08276_,37.08
_11628_,37.08
_18799_,37.08
_10835_,37.06
clknet_leaf_281_clk,37.06
_19005_,37.04
_05588_,37.02
u_auth_fsm.nonce_hist\[5\]\[25\],36.975
_13649_,36.96
u_auth_fsm.aes_key\[2\],36.96
_07036_,36.92
_09610_,36.92
clknet_leaf_327_clk,36.92
_08813_,36.9
_09093_,36.9
_14843_,36.9
_16846_,36.9
u_auth_fsm.nonce_hist\[3\]\[37\],36.88
_07023_,36.86
_08502_,36.86
_09892_,36.86
_13422_,36.86
_14082_,36.86
_18336_,36.86
net778,36.86
_10054_,36.84
u_aes128.ciphertext\[94\],36.84
_08257_,36.82
u_auth_fsm.aes_key\[110\],36.82
_18401_,36.8
_18651_,36.79
_18862_,36.78
net1976,36.76
_11926_,36.75
_08449_,36.74
_14093_,36.74
_14726_,36.74
_13112_,36.7
_19238_,36.7
_07399_,36.68
_08850_,36.68
_10612_,36.64
u_aes128.gen_state_sbox\[6\].sb_state.in\[2\],36.64
_19420_,36.575
_16440_,36.56
_05879_,36.52
_12374_,36.52
_13292_,36.52
u_auth_fsm.nonce_hist\[4\]\[90\],36.52
_07794_,36.48
u_cmd_parser.state\[0\],36.48
u_cmd_parser.crc_reg\[2\],36.45
_07887_,36.44
clknet_leaf_363_clk,36.44
net748,36.44
u_auth_fsm.nonce_hist\[4\]\[76\],36.425
clknet_leaf_277_clk,36.42
_14923_,36.4
_18744_,36.4
u_auth_fsm.nonce_hist\[5\]\[104\],36.4
_18854_,36.38
_09265_,36.36
_11426_,36.36
_08877_,36.34
_09502_,36.34
_13188_,36.34
_14429_,36.32
u_aes128.gen_state_sbox\[1\].sb_state.in\[4\],36.32
_07421_,36.3
_12313_,36.3
_06844_,36.29
_04905_,36.28
_19349_,36.28
_14809_,36.26
u_auth_fsm.nonce_hist\[4\]\[21\],36.245
_06394_,36.22
_13218_,36.22
_14470_,36.22
u_aes128.ciphertext\[127\],36.22
u_auth_fsm.nonce_hist\[0\]\[106\],36.22
_09069_,36.2
u_auth_fsm.nonce_hist\[6\]\[17\],36.2
_18433_,36.18
clknet_leaf_244_clk,36.18
clknet_leaf_360_clk,36.18
u_cmd_parser.nonce_reg\[24\],36.14
u_auth_fsm.nonce_hist\[5\]\[53\],36.135
_18792_,36.12
u_auth_fsm.aes_key\[59\],36.12
_17104_,36.08
_05561_,36.065
_11062_,36.06
u_auth_fsm.nonce_hist\[3\]\[1\],36.06
u_auth_fsm.nonce_hist\[7\]\[125\],36.02
u_auth_fsm.tx_payload\[34\],36.02
_10574_,36.015
_06792_,36
_08798_,35.98
net934,35.98
_07463_,35.96
_08358_,35.96
_08486_,35.96
_12760_,35.94
u_auth_fsm.nonce_hist\[2\]\[41\],35.925
_10014_,35.92
_03634_,35.9
_05441_,35.9
_18637_,35.9
u_auth_fsm.nonce_hist\[3\]\[121\],35.9
_14485_,35.865
_13225_,35.86
_03580_,35.84
_12399_,35.84
_16813_,35.84
_05384_,35.835
u_auth_fsm.nonce_hist\[3\]\[14\],35.825
fifo_nonce\[0\]\[127\],35.82
net503,35.8
_07789_,35.735
_08318_,35.72
_09991_,35.72
_07766_,35.715
u_cmd_parser.nonce_reg\[20\],35.7
u_auth_fsm.nonce_hist\[4\]\[91\],35.68
net2061,35.64
_19335_,35.62
_14730_,35.6
net2249,35.6
_08596_,35.59
u_auth_fsm.nonce_hist\[5\]\[99\],35.575
net1153,35.56
_07440_,35.54
_10640_,35.535
fifo_nonce\[6\]\[25\],35.52
u_auth_fsm.nonce_hist\[2\]\[11\],35.52
u_auth_fsm.nonce_hist\[4\]\[28\],35.52
u_auth_fsm.nonce_hist\[5\]\[36\],35.52
_08324_,35.5
u_aes128.gen_state_sbox\[0\].sb_state.in\[6\],35.5
_12720_,35.48
_06646_,35.46
_07854_,35.46
_12642_,35.46
_10309_,35.44
_11406_,35.4
u_auth_fsm.aes_key\[116\],35.4
u_auth_fsm.nonce_hist\[5\]\[1\],35.4
u_auth_fsm.nonce_hist\[7\]\[114\],35.4
_08693_,35.36
_12797_,35.34
_18719_,35.32
net1732,35.32
_10842_,35.3
_13706_,35.3
u_auth_fsm.nonce_hist\[0\]\[14\],35.29
_19135_,35.28
u_auth_fsm.nonce_hist\[5\]\[24\],35.275
_05199_,35.24
_12707_,35.23
_19040_,35.2
u_auth_fsm.cur_nonce\[65\],35.2
_05443_,35.18
_10468_,35.18
_13596_,35.18
_05670_,35.16
_07701_,35.16
net1960,35.14
_09512_,35.13
_08325_,35.12
_03553_,35.1
_05603_,35.1
_11093_,35.1
_11890_,35.1
u_auth_fsm.nonce_hist\[4\]\[15\],35.085
_19617_,35.08
_11408_,35.06
u_auth_fsm.nonce_hist\[1\]\[72\],35.04
net1066,35.04
_09220_,35.02
_09704_,35.02
_12352_,35.02
net1073,35.02
_08277_,35.005
net2232,35
u_auth_fsm.nonce_hist\[2\]\[30\],34.985
_08971_,34.92
_13184_,34.92
_03857_,34.905
_10223_,34.9
_12067_,34.88
_01609_,34.86
u_auth_fsm.nonce_hist\[7\]\[116\],34.86
_07025_,34.84
_14101_,34.82
u_auth_fsm.nonce_hist\[4\]\[124\],34.82
_06267_,34.8
_17197_,34.8
_18842_,34.8
u_auth_fsm.nonce_hist\[6\]\[78\],34.8
u_auth_fsm.tx_payload\[73\],34.8
_05631_,34.78
_08234_,34.76
_08981_,34.76
_10094_,34.76
_11590_,34.74
_11862_,34.74
_18904_,34.74
fifo_nonce\[0\]\[24\],34.74
_06421_,34.72
net666,34.72
_08205_,34.7
_08912_,34.7
_14619_,34.7
_18742_,34.7
_11954_,34.68
net278,34.68
_07858_,34.66
net797,34.66
_08543_,34.64
u_auth_fsm.cur_nonce\[6\],34.64
net2254,34.64
_06995_,34.63
_11224_,34.625
_07612_,34.62
_16773_,34.62
_18544_,34.62
u_auth_fsm.tx_payload\[123\],34.62
_06763_,34.58
_19485_,34.58
u_auth_fsm.nonce_hist\[1\]\[115\],34.58
net1926,34.58
_08785_,34.52
_17606_,34.52
u_uart_rx.clk_cnt\[1\],34.52
u_auth_fsm.tx_payload\[52\],34.51
_05612_,34.5
_10934_,34.5
u_auth_fsm.nonce_hist\[6\]\[30\],34.485
_18391_,34.46
_10132_,34.44
u_auth_fsm.nonce_hist\[7\]\[1\],34.42
u_auth_fsm.aes_key\[114\],34.38
u_aes128.gen_key_sbox\[2\].sb_key.in\[2\],34.36
_18757_,34.32
_11704_,34.28
_13398_,34.28
_18935_,34.28
_10293_,34.26
_16436_,34.26
net868,34.26
_07574_,34.24
_11109_,34.24
net893,34.24
_10629_,34.23
_08380_,34.22
_05898_,34.2
u_auth_fsm.nonce_hist\[7\]\[71\],34.16
_05556_,34.14
fifo_nonce\[0\]\[81\],34.14
u_aes128.done,34.14
u_auth_fsm.nonce_hist\[0\]\[59\],34.14
u_auth_fsm.nonce_hist\[7\]\[57\],34.14
u_uart_tx.clk_cnt\[0\],34.14
u_uart_tx.tx_data\[5\],34.14
_13357_,34.12
_13401_,34.12
_19048_,34.12
fifo_nonce\[4\]\[110\],34.12
_11569_,34.11
_19685_,34.1
_11972_,34.09
_04939_,34.08
_10142_,34.08
_17365_,34.08
_05407_,34.06
_07016_,34.06
_12616_,34.06
_11642_,34.04
_10626_,34.02
u_auth_fsm.nonce_hist\[2\]\[7\],34
_10406_,33.99
_12372_,33.98
_11924_,33.96
_08597_,33.94
_18214_,33.94
_10965_,33.91
_18365_,33.9
_18819_,33.9
_08802_,33.88
_11835_,33.88
_13087_,33.88
_07977_,33.86
net2229,33.82
_06583_,33.8
_09666_,33.8
_12778_,33.8
u_auth_fsm.nonce_hist\[6\]\[82\],33.8
_19053_,33.78
u_auth_fsm.nonce_hist\[4\]\[24\],33.765
u_auth_fsm.nonce_hist\[6\]\[28\],33.76
_10778_,33.74
_12177_,33.74
net2238,33.74
_19077_,33.735
u_aes128.ciphertext\[57\],33.72
u_auth_fsm.tx_payload\[120\],33.72
_11301_,33.69
u_uart_rx.state\[3\],33.69
_06006_,33.67
u_auth_fsm.aes_key\[0\],33.64
_12218_,33.6
_13907_,33.6
u_auth_fsm.nonce_hist\[0\]\[37\],33.585
_08326_,33.58
_13094_,33.58
_10672_,33.56
_17942_,33.56
u_auth_fsm.nonce_hist\[1\]\[25\],33.54
_14497_,33.52
_07661_,33.5
_10734_,33.5
u_auth_fsm.nonce_hist\[4\]\[8\],33.49
_06417_,33.48
_06464_,33.48
u_auth_fsm.nonce_hist\[3\]\[28\],33.48
u_auth_fsm.nonce_hist\[1\]\[29\],33.475
_07833_,33.46
_10045_,33.46
_18486_,33.46
u_cmd_parser.crc_reg\[8\],33.435
_10577_,33.42
_13499_,33.42
u_cmd_parser.crc_hi_reg\[2\],33.42
_16799_,33.38
_08755_,33.365
_07724_,33.36
_09129_,33.36
u_auth_fsm.aes_key\[118\],33.36
u_auth_fsm.nonce_hist\[0\]\[9\],33.36
_13032_,33.34
_07381_,33.32
_12049_,33.32
_10030_,33.31
_08790_,33.3
_06647_,33.28
_10339_,33.28
_05995_,33.265
_06572_,33.26
_07828_,33.26
_14480_,33.26
_14561_,33.26
u_cmd_parser.timeout_cnt\[7\],33.24
net1454,33.24
fifo_nonce\[0\]\[88\],33.23
_07811_,33.22
_10479_,33.22
_18752_,33.22
_18644_,33.2
_03571_,33.18
_07410_,33.18
_18095_,33.18
_14534_,33.16
net1903,33.16
_10154_,33.14
u_auth_fsm.cooldown_cnt\[23\],33.14
_01621_,33.12
_13558_,33.12
_18420_,33.12
_17024_,33.11
net2423,33.1
_14216_,33.08
_18734_,33.06
_19262_,33.06
net768,33.04
_06472_,33.02
_18875_,33.02
u_auth_fsm.nonce_hist\[7\]\[9\],33.02
_09576_,33.01
_12671_,33
net1924,33
u_cmd_parser.nonce_reg\[10\],32.98
_12411_,32.96
_10729_,32.94
u_aes128.ciphertext\[70\],32.94
_05907_,32.92
_06290_,32.92
_19664_,32.92
u_auth_fsm.aes_start,32.92
u_auth_fsm.nonce_hist\[3\]\[6\],32.92
u_auth_fsm.nonce_hist\[7\]\[35\],32.92
_08370_,32.88
_08836_,32.88
_11027_,32.88
_09477_,32.86
_14543_,32.86
u_aes128.gen_state_sbox\[7\].sb_state.in\[0\],32.86
_09899_,32.84
u_aes128.gen_state_sbox\[15\].sb_state.in\[0\],32.84
_03587_,32.82
_18556_,32.82
u_aes128.ciphertext\[76\],32.82
u_uart_tx.clk_cnt\[1\],32.82
_18869_,32.8
_08917_,32.78
_11005_,32.78
_14225_,32.78
_06471_,32.76
_09868_,32.74
_17747_,32.73
_14060_,32.72
u_auth_fsm.cur_nonce\[84\],32.72
_09432_,32.7
_10450_,32.68
net617,32.68
u_auth_fsm.nonce_hist\[7\]\[80\],32.66
_18382_,32.62
_18613_,32.62
u_auth_fsm.nonce_hist\[5\]\[57\],32.61
_05885_,32.58
_06056_,32.54
_09801_,32.54
_10590_,32.54
_17819_,32.54
_19211_,32.54
u_auth_fsm.nonce_hist\[4\]\[16\],32.535
_08362_,32.52
u_cmd_parser.crc_reg\[3\],32.52
u_cmd_parser.nonce_reg\[51\],32.52
net2146,32.52
_07924_,32.5
u_auth_fsm.tx_payload\[93\],32.5
net1917,32.5
_11595_,32.48
_12009_,32.48
u_aes128.gen_key_sbox\[3\].sb_key.in\[0\],32.48
u_auth_fsm.aes_key\[34\],32.48
_19398_,32.46
u_auth_fsm.tx_payload\[3\],32.46
_09817_,32.425
_06153_,32.42
_12470_,32.42
_11156_,32.38
u_auth_fsm.nonce_hist\[5\]\[121\],32.36
_18474_,32.35
_07733_,32.34
_08474_,32.34
_13729_,32.34
_13083_,32.3
u_aes128.gen_state_sbox\[8\].sb_state.in\[1\],32.265
_11165_,32.26
_03582_,32.22
_17302_,32.22
fifo_nonce\[3\]\[90\],32.22
_09847_,32.19
u_auth_fsm.nonce_hist\[0\]\[27\],32.185
_13355_,32.18
_18373_,32.18
u_auth_fsm.nonce_hist\[2\]\[37\],32.18
_05554_,32.16
_11464_,32.16
u_aes128.round_key\[122\],32.16
_07892_,32.13
_05608_,32.12
_19591_,32.12
_06821_,32.1
_06140_,32.08
_12113_,32.08
_18423_,32.08
u_auth_fsm.nonce_hist\[3\]\[91\],32.08
_10105_,32.06
net880,32.06
u_auth_fsm.nonce_hist\[4\]\[60\],32.045
_03570_,32.04
_06900_,32.04
_07855_,32.02
u_auth_fsm.nonce_hist\[5\]\[68\],32.005
_07840_,32
_09885_,32
_10325_,32
_12410_,32
u_auth_fsm.nonce_hist\[1\]\[117\],31.975
net360,31.95
_12101_,31.94
_16658_,31.92
u_auth_fsm.cur_nonce\[47\],31.92
u_uart_rx.clk_cnt\[7\],31.915
u_auth_fsm.nonce_hist\[4\]\[1\],31.895
_09079_,31.88
_13597_,31.88
u_auth_fsm.aes_key\[40\],31.88
u_auth_fsm.aes_plaintext\[95\],31.88
_18435_,31.86
_12162_,31.855
_10894_,31.84
fifo_rd_ptr\[0\],31.83
_08309_,31.82
_17607_,31.82
_19497_,31.82
u_aes128.round_key\[72\],31.82
clknet_leaf_105_clk,31.82
_11245_,31.8
_08165_,31.78
_09690_,31.78
_05964_,31.76
_08894_,31.74
_11308_,31.74
_13866_,31.74
u_auth_fsm.aes_key\[54\],31.74
_14261_,31.7
u_auth_fsm.nonce_hist\[7\]\[10\],31.7
u_cmd_parser.nonce_reg\[15\],31.7
net2012,31.7
_12850_,31.68
u_auth_fsm.nonce_hist\[1\]\[0\],31.68
_13214_,31.62
_14740_,31.62
u_aes128.round_key\[105\],31.62
u_cmd_parser.crc_reg\[4\],31.61
_09839_,31.58
_12143_,31.58
_14803_,31.58
u_cmd_parser.timeout_cnt\[12\],31.58
_06511_,31.56
_09183_,31.56
_10670_,31.56
u_auth_fsm.nonce_hist\[4\]\[6\],31.56
_06109_,31.54
_06605_,31.54
_13727_,31.53
net641,31.52
_08164_,31.5
u_auth_fsm.nonce_hist\[7\]\[63\],31.48
_19606_,31.465
_16839_,31.46
net2033,31.46
clknet_leaf_352_clk,31.44
_11424_,31.42
u_auth_fsm.aes_key\[78\],31.42
u_aes128.ciphertext\[99\],31.4
fifo_count\[3\],31.395
_09673_,31.34
_19314_,31.32
_19327_,31.32
_07069_,31.3
_09827_,31.3
_19414_,31.3
_09989_,31.28
_11675_,31.28
_07004_,31.24
_08667_,31.24
_09635_,31.24
_19443_,31.24
net2187,31.24
u_auth_fsm.nonce_hist\[2\]\[50\],31.23
_05967_,31.22
fifo_nonce\[7\]\[116\],31.2
u_aes128.gen_state_sbox\[7\].sb_state.in\[3\],31.2
_13541_,31.18
net2049,31.18
_06681_,31.14
_04888_,31.08
_09574_,31.07
_10873_,31.06
u_auth_fsm.nonce_hist\[6\]\[118\],31.04
_05487_,31.035
_17268_,31
_10492_,30.98
u_auth_fsm.aes_key\[6\],30.98
_06057_,30.95
_16450_,30.9
_18363_,30.9
_09628_,30.88
_18908_,30.88
net2170,30.88
_14572_,30.86
u_cmd_parser.nonce_reg\[72\],30.86
u_auth_fsm.nonce_hist\[3\]\[35\],30.84
u_auth_fsm.state\[2\],30.84
u_uart_tx.tx_data\[7\],30.84
_06263_,30.82
_12312_,30.82
_19412_,30.8
_07798_,30.78
_09494_,30.78
_13560_,30.78
_18698_,30.78
_19682_,30.78
u_auth_fsm.nonce_hist\[2\]\[114\],30.78
_12596_,30.72
_06812_,30.7
_08224_,30.7
_16853_,30.7
_08751_,30.68
_11184_,30.66
_05419_,30.655
_05403_,30.64
_08109_,30.64
_08265_,30.64
u_auth_fsm.aes_key\[7\],30.64
_12318_,30.635
_06843_,30.62
_07458_,30.62
_14339_,30.62
_16443_,30.62
_19704_,30.62
u_cmd_parser.nonce_reg\[52\],30.62
u_cmd_parser.nonce_reg\[70\],30.62
_09672_,30.58
_13053_,30.58
u_aes128.ciphertext\[87\],30.58
u_aes128.gen_state_sbox\[1\].sb_state.in\[1\],30.58
u_auth_fsm.aes_key\[112\],30.58
_03608_,30.56
_07370_,30.56
_11244_,30.56
_12238_,30.56
_18791_,30.56
net750,30.56
_14091_,30.54
u_auth_fsm.nonce_hist\[6\]\[116\],30.54
_19068_,30.52
u_auth_fsm.pld_idx\[4\],30.51
_05740_,30.5
_11796_,30.46
_09925_,30.45
_11022_,30.44
_18924_,30.44
u_auth_fsm.nonce_hist\[2\]\[122\],30.425
fifo_nonce\[0\]\[32\],30.42
net845,30.42
_18953_,30.4
_19635_,30.4
net801,30.4
_08002_,30.38
_05658_,30.36
_13653_,30.36
_18795_,30.36
_05755_,30.34
_12038_,30.34
u_aes128.round_key\[70\],30.34
u_auth_fsm.nonce_hist\[0\]\[25\],30.325
_08378_,30.32
_09807_,30.32
_10838_,30.32
_18661_,30.32
_10123_,30.3
u_auth_fsm.nonce_hist\[7\]\[23\],30.3
u_auth_fsm.tx_payload\[11\],30.29
_06467_,30.28
_07461_,30.28
_10026_,30.28
_10410_,30.28
u_auth_fsm.nonce_hist\[3\]\[13\],30.28
_08918_,30.24
u_auth_fsm.tx_payload\[54\],30.22
_09996_,30.2
u_auth_fsm.tx_payload\[1\],30.2
u_auth_fsm.tx_payload\[22\],30.2
u_auth_fsm.nonce_hist\[4\]\[18\],30.195
_07838_,30.18
_19462_,30.18
fifo_nonce\[1\]\[2\],30.16
u_auth_fsm.tx_payload\[5\],30.16
net2064,30.16
u_auth_fsm.nonce_hist\[5\]\[41\],30.12
_11756_,30.11
_06301_,30.1
_10532_,30.1
_19195_,30.1
_19495_,30.1
_07563_,30.08
_09795_,30.08
_17660_,30.06
_19703_,30.06
_07987_,30.04
u_cmd_parser.timeout_cnt\[10\],30.02
_13453_,30.015
_07945_,30
_14463_,30
u_cmd_parser.nonce_reg\[50\],30
net811,30
_08398_,29.98
_10750_,29.98
_12466_,29.98
_16932_,29.98
_17798_,29.98
u_auth_fsm.aes_key\[104\],29.98
_13574_,29.96
_12072_,29.94
_16926_,29.94
_14103_,29.92
_06327_,29.905
_16861_,29.905
_13413_,29.9
_14718_,29.9
_18569_,29.9
u_uart_tx.tx_data\[0\],29.9
_13849_,29.88
u_auth_fsm.fail_cnt\[3\],29.88
_13186_,29.86
_18883_,29.86
net1828,29.86
u_auth_fsm.nonce_hist\[5\]\[3\],29.855
u_auth_fsm.nonce_hist\[7\]\[100\],29.855
_05423_,29.82
_06114_,29.82
_16458_,29.82
_19229_,29.82
net984,29.82
net1383,29.82
_06610_,29.8
u_auth_fsm.nonce_hist\[6\]\[94\],29.8
_11727_,29.78
_19184_,29.78
_19254_,29.74
_13236_,29.725
_06119_,29.72
_19625_,29.705
_14275_,29.7
_07635_,29.63
_06482_,29.62
fifo_nonce\[0\]\[27\],29.62
_07012_,29.6
_19467_,29.6
u_auth_fsm.nonce_hist\[5\]\[115\],29.6
u_auth_fsm.nonce_hist\[7\]\[120\],29.6
_06158_,29.58
_06307_,29.58
_08933_,29.58
u_auth_fsm.nonce_hist\[1\]\[99\],29.58
_09780_,29.57
_10883_,29.565
_09926_,29.54
_13652_,29.54
u_auth_fsm.nonce_hist\[4\]\[126\],29.52
_11754_,29.49
_19083_,29.48
u_cmd_parser.nonce_reg\[26\],29.48
_08286_,29.46
_19709_,29.44
_05718_,29.4
_05730_,29.4
_06097_,29.4
_08006_,29.4
_12251_,29.4
_16157_,29.37
u_cmd_parser.nonce_reg\[23\],29.36
_12706_,29.34
u_cmd_parser.nonce_reg\[27\],29.34
_03630_,29.32
_08723_,29.3
_09826_,29.3
_11982_,29.3
u_auth_fsm.nonce_hist\[1\]\[111\],29.3
u_auth_fsm.nonce_hist\[7\]\[42\],29.3
_05723_,29.28
_08390_,29.28
_09378_,29.28
net2447,29.26
_10120_,29.2
_10466_,29.2
_12866_,29.18
_19496_,29.16
u_auth_fsm.tx_payload\[100\],29.16
_08099_,29.14
_13023_,29.14
_18715_,29.14
u_auth_fsm.nonce_hist\[5\]\[42\],29.14
fifo_nonce\[0\]\[30\],29.12
u_auth_fsm.nonce_hist\[4\]\[38\],29.12
u_auth_fsm.nonce_hist\[7\]\[17\],29.12
_08881_,29.11
_10076_,29.105
_18512_,29.1
fifo_nonce\[0\]\[86\],29.1
_05865_,29.08
u_aes128.gen_state_sbox\[4\].sb_state.in\[1\],29.08
u_auth_fsm.nonce_hist\[1\]\[34\],29.08
_07944_,29.06
_11271_,29.06
_09720_,29.04
_14377_,29.04
_01622_,29.02
_16869_,29.02
u_auth_fsm.nonce_hist\[6\]\[92\],29
u_cmd_parser.timeout_cnt\[3\],29
_13021_,28.98
fifo_nonce\[3\]\[39\],28.98
net888,28.96
_06648_,28.94
_07921_,28.94
_08321_,28.94
_10110_,28.94
_13044_,28.94
u_uart_rx.clk_cnt\[11\],28.94
u_cmd_parser.nonce_reg\[18\],28.92
net746,28.92
u_auth_fsm.nonce_hist\[0\]\[30\],28.9
_13177_,28.88
u_auth_fsm.nonce_hist\[7\]\[113\],28.88
_08335_,28.86
_09965_,28.86
_18295_,28.86
clknet_leaf_350_clk,28.86
net838,28.84
_06805_,28.83
_19102_,28.82
u_auth_fsm.tx_payload\[126\],28.82
_09572_,28.8
_18308_,28.8
fifo_nonce\[0\]\[14\],28.8
u_auth_fsm.nonce_hist\[6\]\[1\],28.8
net431,28.8
u_aes128.gen_state_sbox\[0\].sb_state.in\[4\],28.78
_05753_,28.76
_07956_,28.76
_07485_,28.72
_05726_,28.7
_07659_,28.7
_11105_,28.7
_18001_,28.7
_18361_,28.68
_12002_,28.66
_13579_,28.63
_13458_,28.62
_08452_,28.605
_11322_,28.6
_14329_,28.58
u_aes128.ciphertext\[73\],28.58
u_auth_fsm.cooldown_cnt\[25\],28.58
_04948_,28.56
_05440_,28.54
_09784_,28.54
_10762_,28.54
_11778_,28.54
_12771_,28.54
_09017_,28.5
_09946_,28.5
_09905_,28.48
net1868,28.48
net1905,28.48
_17541_,28.44
_12429_,28.435
_04868_,28.42
_05503_,28.42
_09460_,28.42
_01855_,28.4
_18629_,28.4
_19425_,28.4
net1352,28.4
net1957,28.4
u_aes128.gen_state_sbox\[8\].sb_state.in\[0\],28.38
_12816_,28.36
_17758_,28.36
u_cmd_parser.nonce_reg\[108\],28.36
_11802_,28.32
_14356_,28.32
u_auth_fsm.nonce_hist\[1\]\[120\],28.3
_12861_,28.28
_18377_,28.28
_10633_,28.275
_06968_,28.26
_18682_,28.26
_19067_,28.25
_14552_,28.24
u_auth_fsm.cur_nonce\[53\],28.24
_09937_,28.22
_13456_,28.22
u_auth_fsm.aes_key\[31\],28.22
_06026_,28.2
_10203_,28.2
_18614_,28.2
u_auth_fsm.nonce_hist\[1\]\[109\],28.2
_07565_,28.185
_09105_,28.18
u_auth_fsm.aes_key\[5\],28.18
_10901_,28.14
_11423_,28.14
_19558_,28.14
_08735_,28.12
_12969_,28.12
u_auth_fsm.nonce_hist\[3\]\[10\],28.12
net1233,28.12
_12830_,28.11
u_auth_fsm.hdr_idx\[0\],28.1
_11097_,28.09
_04978_,28.08
_12284_,28.08
fifo_nonce\[0\]\[1\],28.08
u_aes128.ciphertext\[124\],28.08
u_auth_fsm.nonce_hist\[3\]\[100\],28.065
_06760_,28.06
_17909_,28.05
_14744_,28.04
net441,28.04
_06659_,28.02
_08956_,28.02
_10634_,28.02
_11728_,28.02
_12035_,28.02
_06138_,27.98
net722,27.98
net2154,27.98
_12587_,27.94
u_auth_fsm.nonce_hist\[6\]\[72\],27.94
u_auth_fsm.nonce_hist\[1\]\[30\],27.915
_09112_,27.91
_07684_,27.9
u_aes128.gen_key_sbox\[3\].sb_key.in\[1\],27.9
u_auth_fsm.aes_key\[33\],27.88
_08367_,27.86
_10731_,27.86
net2221,27.82
_06625_,27.8
u_cmd_parser.nonce_reg\[64\],27.8
_06040_,27.79
_06614_,27.78
_12027_,27.78
u_aes128.gen_state_sbox\[9\].sb_state.in\[2\],27.78
_18190_,27.755
_12855_,27.74
u_aes128.gen_state_sbox\[10\].sb_state.in\[1\],27.74
u_cmd_parser.nonce_reg\[73\],27.72
u_auth_fsm.nonce_hist\[7\]\[59\],27.7
_06447_,27.68
_10312_,27.68
_11984_,27.68
u_auth_fsm.nonce_hist\[7\]\[3\],27.66
u_cmd_parser.nonce_reg\[0\],27.66
u_auth_fsm.aes_key\[62\],27.64
u_cmd_parser.nonce_reg\[3\],27.64
_07877_,27.62
_17731_,27.62
net461,27.62
net817,27.6
u_auth_fsm.tx_payload\[14\],27.585
_10221_,27.58
_18781_,27.58
u_cmd_parser.nonce_reg\[19\],27.58
_05759_,27.56
_09036_,27.56
_10792_,27.56
_10856_,27.56
_13835_,27.56
u_auth_fsm.nonce_hist\[1\]\[1\],27.56
_05993_,27.54
_12200_,27.54
_14227_,27.52
u_aes128.round_key\[124\],27.52
_10074_,27.5
_18732_,27.5
_19280_,27.5
u_cmd_parser.nonce_reg\[110\],27.5
_13471_,27.485
_09169_,27.48
_10938_,27.48
_19153_,27.48
_18901_,27.46
u_uart_rx.clk_cnt\[2\],27.46
_08029_,27.44
u_auth_fsm.nonce_hist\[2\]\[54\],27.44
u_cmd_parser.nonce_reg\[54\],27.44
_13149_,27.42
_14578_,27.42
u_auth_fsm.nonce_hist\[6\]\[15\],27.4
_12548_,27.38
_19119_,27.36
u_auth_fsm.nonce_hist\[6\]\[54\],27.36
u_auth_fsm.nonce_hist\[7\]\[81\],27.36
_06857_,27.34
_08268_,27.34
_09922_,27.34
_18503_,27.34
u_auth_fsm.nonce_hist\[7\]\[38\],27.34
u_auth_fsm.nonce_hist\[7\]\[50\],27.34
u_auth_fsm.tx_payload\[12\],27.34
fifo_nonce\[0\]\[12\],27.32
net687,27.32
u_auth_fsm.nonce_hist\[1\]\[45\],27.315
_12732_,27.24
_14125_,27.24
_03848_,27.23
_07895_,27.22
u_aes128.gen_state_sbox\[3\].sb_state.in\[0\],27.22
_09216_,27.2
_14020_,27.2
u_auth_fsm.nonce_hist\[2\]\[15\],27.2
u_auth_fsm.nonce_hist\[3\]\[106\],27.2
_18481_,27.19
_08279_,27.18
_08858_,27.18
_10735_,27.18
_18173_,27.18
_19616_,27.18
u_cmd_parser.crc_hi_reg\[7\],27.18
_12660_,27.145
_06526_,27.14
fifo_nonce\[0\]\[16\],27.14
u_auth_fsm.aes_key\[56\],27.14
u_auth_fsm.nonce_hist\[6\]\[3\],27.14
_07457_,27.12
_13420_,27.12
clknet_leaf_431_clk,27.12
_18550_,27.1
_19124_,27.1
u_auth_fsm.nonce_hist\[5\]\[111\],27.1
u_cmd_parser.nonce_reg\[9\],27.1
_19679_,27.08
u_auth_fsm.hist_wr_ptr\[1\],27.06
u_auth_fsm.nonce_hist\[3\]\[44\],27.06
_11989_,27.04
net655,27.04
_10166_,27.02
_10925_,27.02
_12859_,27.02
_13074_,27.02
_18970_,27.02
u_auth_fsm.nonce_hist\[2\]\[12\],27.02
u_auth_fsm.nonce_hist\[5\]\[114\],27.02
u_uart_rx.clk_cnt\[3\],27.02
_14133_,27.01
_19317_,27
net790,27
_18986_,26.98
_19203_,26.98
u_auth_fsm.nonce_hist\[6\]\[0\],26.98
_09878_,26.96
_18555_,26.96
_12946_,26.94
u_auth_fsm.nonce_hist\[6\]\[106\],26.94
_07903_,26.9
_08010_,26.9
_14141_,26.9
_19081_,26.9
u_auth_fsm.nonce_hist\[5\]\[38\],26.9
u_cmd_parser.crc_reg\[15\],26.9
_16864_,26.88
_18270_,26.88
_18039_,26.86
net2272,26.86
_09205_,26.84
_13370_,26.83
_08620_,26.8
_11997_,26.8
fifo_nonce\[7\]\[124\],26.8
u_auth_fsm.tx_payload\[85\],26.8
_13528_,26.78
u_uart_rx.clk_cnt\[9\],26.76
net1462,26.76
_19501_,26.68
net2262,26.68
_03610_,26.66
u_auth_fsm.nonce_hist\[3\]\[68\],26.66
_07372_,26.64
_13717_,26.64
_14787_,26.64
u_auth_fsm.nonce_hist\[6\]\[25\],26.64
_10323_,26.63
_18930_,26.62
u_auth_fsm.nonce_hist\[0\]\[1\],26.615
_09767_,26.6
_09920_,26.6
_18956_,26.6
_19364_,26.6
u_auth_fsm.nonce_hist\[5\]\[35\],26.585
_13137_,26.58
_09674_,26.57
_09303_,26.56
_10755_,26.56
_17051_,26.56
_17919_,26.55
_10714_,26.54
_17374_,26.54
u_auth_fsm.nonce_hist\[1\]\[125\],26.54
net550,26.54
_05689_,26.52
u_cmd_parser.nonce_reg\[107\],26.52
_08682_,26.5
_07513_,26.48
_07517_,26.48
_08023_,26.48
u_auth_fsm.nonce_hist\[5\]\[119\],26.47
_14320_,26.46
u_auth_fsm.nonce_hist\[1\]\[39\],26.46
net505,26.44
_05445_,26.42
_09078_,26.42
_09947_,26.405
net84,26.4
net2023,26.4
u_auth_fsm.nonce_hist\[1\]\[17\],26.38
_08255_,26.36
_13135_,26.36
u_auth_fsm.nonce_hist\[2\]\[9\],26.36
u_auth_fsm.nonce_hist\[5\]\[13\],26.36
_12541_,26.34
u_auth_fsm.nonce_hist\[5\]\[30\],26.34
_08778_,26.3
u_auth_fsm.nonce_hist\[2\]\[64\],26.3
u_auth_fsm.nonce_hist\[5\]\[19\],26.3
_18400_,26.28
_08049_,26.26
_19564_,26.26
u_aes128.gen_state_sbox\[15\].sb_state.in\[7\],26.26
_18205_,26.24
_05524_,26.23
fifo_nonce\[0\]\[33\],26.22
u_auth_fsm.nonce_hist\[1\]\[123\],26.22
u_auth_fsm.nonce_hist\[2\]\[40\],26.22
_05537_,26.2
_08747_,26.2
_12979_,26.2
fifo_nonce\[4\]\[101\],26.2
_11143_,26.18
_14340_,26.18
clknet_leaf_234_clk,26.18
_14305_,26.16
u_cmd_parser.nonce_reg\[25\],26.16
_05629_,26.14
_09237_,26.14
_08616_,26.12
u_auth_fsm.nonce_hist\[6\]\[5\],26.12
_08852_,26.1
_11696_,26.1
_16936_,26.1
_19149_,26.1
_07128_,26.08
_12109_,26.08
u_aes128.ciphertext\[86\],26.08
_06356_,26.06
_18802_,26.06
u_auth_fsm.nonce_hist\[4\]\[23\],26.06
_17678_,26.05
_09736_,26.04
_18432_,26.04
u_cmd_parser.crc_reg\[12\],26.04
_10673_,26.02
u_auth_fsm.nonce_hist\[6\]\[71\],26.02
_07336_,26
_19639_,26
u_auth_fsm.aes_key\[35\],25.98
_07052_,25.975
u_auth_fsm.nonce_hist\[1\]\[46\],25.96
net2065,25.96
_06104_,25.94
net830,25.94
net1214,25.94
_12512_,25.92
_17276_,25.9
_19234_,25.88
_16809_,25.875
_06038_,25.87
_12870_,25.86
_18890_,25.86
u_auth_fsm.tx_payload\[98\],25.86
_06692_,25.84
_13684_,25.84
_18615_,25.82
u_auth_fsm.cur_nonce\[80\],25.82
net2267,25.82
_11199_,25.8
_18000_,25.8
u_aes128.ciphertext\[47\],25.8
net2258,25.8
_04883_,25.78
_09266_,25.78
_17885_,25.78
_19311_,25.78
u_cmd_parser.state\[1\],25.78
_08399_,25.76
_11152_,25.76
_12335_,25.745
_08690_,25.74
_11708_,25.74
_19242_,25.74
fifo_nonce\[0\]\[126\],25.74
_06896_,25.73
_07385_,25.72
_09399_,25.72
_08915_,25.675
u_auth_fsm.nonce_hist\[6\]\[65\],25.66
_12057_,25.65
_06609_,25.64
_14489_,25.64
_05525_,25.62
_11360_,25.62
_08332_,25.6
_16690_,25.6
_18523_,25.6
_19487_,25.6
u_cmd_parser.crc_hi_reg\[0\],25.6
_18366_,25.56
u_auth_fsm.nonce_hist\[5\]\[14\],25.54
_09621_,25.52
_18763_,25.52
_18881_,25.52
_19163_,25.52
_08425_,25.5
_17409_,25.5
_05757_,25.495
_05575_,25.48
_08350_,25.47
_11220_,25.45
u_aes128.gen_state_sbox\[5\].sb_state.in\[6\],25.45
_06484_,25.44
_14688_,25.44
_08410_,25.42
_12361_,25.42
fifo_nonce\[3\]\[121\],25.42
u_aes128.gen_key_sbox\[2\].sb_key.in\[1\],25.42
_04915_,25.4
_11214_,25.4
_11729_,25.4
_18409_,25.4
net2320,25.4
_14493_,25.395
_14473_,25.38
u_cmd_parser.timeout_cnt\[0\],25.37
_13536_,25.36
_19260_,25.36
net810,25.36
_10290_,25.34
_13747_,25.34
_14804_,25.34
_18591_,25.34
u_aes128.gen_state_sbox\[2\].sb_state.in\[1\],25.32
u_auth_fsm.nonce_hist\[0\]\[75\],25.32
_06147_,25.3
_07533_,25.3
_19434_,25.3
_07557_,25.28
_08307_,25.28
_18593_,25.28
_19531_,25.28
u_auth_fsm.cooldown_cnt\[19\],25.28
u_auth_fsm.nonce_hist\[4\]\[82\],25.265
_13510_,25.26
_17840_,25.26
u_auth_fsm.nonce_hist\[6\]\[91\],25.26
net738,25.26
_07353_,25.24
u_auth_fsm.nonce_hist\[6\]\[70\],25.24
u_cmd_parser.nonce_reg\[6\],25.24
_08639_,25.22
_12000_,25.22
_12112_,25.22
_13366_,25.22
_17201_,25.22
_07342_,25.21
_08561_,25.2
_18909_,25.2
u_auth_fsm.aes_key\[63\],25.2
_06588_,25.18
_08908_,25.18
net2185,25.18
_06822_,25.16
_11544_,25.16
u_auth_fsm.aes_key\[16\],25.16
u_auth_fsm.nonce_hist\[3\]\[38\],25.16
_11296_,25.155
_19471_,25.14
fifo_nonce\[1\]\[61\],25.14
u_aes128.ciphertext\[26\],25.14
_09543_,25.1
_10295_,25.1
_12056_,25.1
u_auth_fsm.nonce_hist\[7\]\[8\],25.1
net1973,25.1
_07915_,25.06
_08296_,25.06
_12121_,25.06
u_cmd_parser.crc_hi_reg\[4\],25.06
_13378_,25.04
_13645_,25.04
_19246_,25.04
_04961_,25.02
_08304_,25.02
_13569_,25.02
_10217_,24.98
_12322_,24.98
_17486_,24.98
fifo_nonce\[5\]\[116\],24.98
u_auth_fsm.nonce_hist\[3\]\[9\],24.98
_06782_,24.96
net2038,24.96
_08196_,24.95
_12471_,24.94
_13848_,24.94
_12808_,24.92
u_auth_fsm.nonce_hist\[6\]\[9\],24.92
u_auth_fsm.nonce_hist\[7\]\[109\],24.92
u_cmd_parser.nonce_reg\[57\],24.9
_07713_,24.89
_09499_,24.88
_13239_,24.86
_10246_,24.84
_17707_,24.84
u_auth_fsm.nonce_hist\[6\]\[60\],24.84
_10704_,24.82
_18212_,24.82
_07949_,24.8
_17514_,24.8
u_auth_fsm.aes_key\[127\],24.8
u_auth_fsm.nonce_hist\[1\]\[23\],24.8
net859,24.8
_07844_,24.76
_08738_,24.76
_13075_,24.76
_19461_,24.76
net2458,24.76
_08328_,24.74
u_auth_fsm.tx_payload\[4\],24.73
_05576_,24.72
_06252_,24.72
_11836_,24.72
_19031_,24.72
_19456_,24.72
_14078_,24.7
_19034_,24.68
_17376_,24.66
u_auth_fsm.cooldown_cnt\[8\],24.66
u_auth_fsm.nonce_hist\[5\]\[123\],24.66
_08055_,24.65
u_auth_fsm.cur_nonce\[9\],24.64
u_auth_fsm.nonce_hist\[7\]\[64\],24.64
_19530_,24.62
_07043_,24.6
_13691_,24.6
_19106_,24.6
fifo_nonce\[1\]\[25\],24.6
_11201_,24.58
_11710_,24.58
_18358_,24.56
fifo_nonce\[2\]\[99\],24.56
u_auth_fsm.cur_nonce\[23\],24.56
_05570_,24.54
_09896_,24.54
_17128_,24.54
fifo_count\[1\],24.54
u_auth_fsm.aes_key\[17\],24.54
fifo_nonce\[0\]\[17\],24.53
_07897_,24.495
_13690_,24.495
u_auth_fsm.tx_payload\[64\],24.49
_11270_,24.48
_17860_,24.48
_09677_,24.46
u_auth_fsm.nonce_hist\[7\]\[92\],24.46
net1366,24.46
_13308_,24.45
u_aes128.ciphertext\[108\],24.44
u_auth_fsm.nonce_hist\[2\]\[117\],24.44
_11275_,24.42
_13345_,24.42
_13538_,24.42
u_auth_fsm.nonce_hist\[0\]\[105\],24.42
_07696_,24.38
_08001_,24.38
_13666_,24.38
_19547_,24.38
_12110_,24.36
_12260_,24.36
_17227_,24.36
u_auth_fsm.nonce_hist\[1\]\[110\],24.355
_07939_,24.35
u_auth_fsm.nonce_hist\[5\]\[37\],24.345
_19156_,24.34
u_auth_fsm.nonce_hist\[1\]\[28\],24.34
_19700_,24.335
u_auth_fsm.nonce_hist\[1\]\[16\],24.335
_10024_,24.3
u_auth_fsm.cur_nonce\[29\],24.3
_06144_,24.28
_12206_,24.28
_18808_,24.28
u_auth_fsm.nonce_hist\[2\]\[13\],24.28
_11119_,24.26
_14550_,24.26
fifo_nonce\[0\]\[37\],24.26
u_aes128.ciphertext\[34\],24.26
u_auth_fsm.nonce_hist\[7\]\[14\],24.26
u_cmd_parser.crc_reg\[14\],24.26
_13518_,24.24
_14479_,24.24
_18415_,24.24
net1531,24.24
u_auth_fsm.tx_payload\[111\],24.23
_09454_,24.22
_10263_,24.22
_11190_,24.22
_12179_,24.22
_07914_,24.18
_08767_,24.18
_14540_,24.18
u_auth_fsm.tx_payload\[102\],24.16
_12654_,24.14
_16371_,24.14
_19265_,24.14
u_auth_fsm.nonce_hist\[7\]\[86\],24.14
_05796_,24.12
_11101_,24.12
_17448_,24.11
_12531_,24.1
u_auth_fsm.nonce_hist\[2\]\[44\],24.1
u_cmd_parser.crc_reg\[5\],24.09
_12020_,24.08
_12574_,24.08
u_auth_fsm.tx_payload\[0\],24.08
_06999_,24.06
_18907_,24.06
u_auth_fsm.aes_key\[42\],24.06
u_auth_fsm.aes_plaintext\[101\],24.06
_11735_,24.05
_05463_,24.02
_10207_,24.02
_10799_,24.02
net422,24.02
net1895,24.02
_13728_,24
_17735_,24
u_auth_fsm.nonce_hist\[3\]\[5\],24
net1993,24
_08805_,23.98
_06047_,23.96
u_uart_rx.clk_cnt\[12\],23.96
_12348_,23.94
_06224_,23.92
_09540_,23.92
_10112_,23.92
_19110_,23.92
_19122_,23.92
_09727_,23.9
u_auth_fsm.nonce_hist\[1\]\[12\],23.9
u_cmd_parser.crc_reg\[1\],23.885
_05889_,23.88
_08873_,23.88
_09064_,23.88
u_auth_fsm.nonce_hist\[6\]\[61\],23.88
u_uart_tx.bit_idx\[2\],23.88
_11586_,23.87
_19411_,23.86
_08156_,23.84
_18547_,23.84
_18778_,23.84
u_auth_fsm.nonce_hist\[0\]\[67\],23.84
_12714_,23.82
u_auth_fsm.nonce_hist\[5\]\[16\],23.815
_06131_,23.8
_17082_,23.8
u_auth_fsm.fail_cnt\[1\],23.8
_10412_,23.78
_07595_,23.76
_10343_,23.76
_13410_,23.76
u_auth_fsm.aes_key\[117\],23.76
_11553_,23.74
_14806_,23.74
_07814_,23.72
_10616_,23.72
u_auth_fsm.cur_nonce\[41\],23.72
u_auth_fsm.nonce_hist\[7\]\[27\],23.72
_09250_,23.7
_16628_,23.7
net2248,23.7
_16945_,23.68
net2270,23.68
_19010_,23.66
_14302_,23.64
_14664_,23.64
net837,23.62
net843,23.62
_17528_,23.61
_18898_,23.6
fifo_nonce\[1\]\[21\],23.6
u_auth_fsm.nonce_hist\[6\]\[27\],23.6
net899,23.6
_06077_,23.58
u_cmd_parser.timeout_cnt\[4\],23.58
_09426_,23.56
_19463_,23.56
u_cmd_parser.nonce_reg\[104\],23.56
_04919_,23.54
_13507_,23.54
u_auth_fsm.tx_payload\[39\],23.54
_11115_,23.53
_12036_,23.52
_13440_,23.52
_05182_,23.5
_07437_,23.48
_10724_,23.48
_13305_,23.48
u_uart_tx.clk_cnt\[7\],23.48
_09963_,23.46
_12248_,23.46
_19088_,23.46
_06608_,23.44
_07407_,23.44
_19672_,23.42
_11920_,23.4
_13434_,23.4
_14411_,23.36
_18328_,23.36
_11400_,23.34
_19355_,23.34
fifo_nonce\[5\]\[91\],23.34
u_auth_fsm.tx_payload\[84\],23.34
_09787_,23.32
_10801_,23.32
u_auth_fsm.tx_payload\[75\],23.32
u_aes128.ciphertext\[97\],23.3
_08845_,23.28
u_auth_fsm.nonce_hist\[2\]\[6\],23.265
_05596_,23.26
_06901_,23.26
_13002_,23.26
fifo_nonce\[5\]\[61\],23.26
u_auth_fsm.nonce_hist\[5\]\[64\],23.26
net608,23.26
_06578_,23.24
_19321_,23.24
_08235_,23.22
_08827_,23.22
_11014_,23.22
net528,23.22
_13193_,23.2
u_auth_fsm.nonce_hist\[3\]\[109\],23.2
_08577_,23.18
u_auth_fsm.tx_payload\[108\],23.17
_09184_,23.16
_19356_,23.16
_14364_,23.14
_18951_,23.14
u_auth_fsm.cur_nonce\[63\],23.14
u_auth_fsm.nonce_hist\[6\]\[74\],23.14
net784,23.14
_10043_,23.125
u_auth_fsm.aes_key\[41\],23.12
_08280_,23.115
_12824_,23.08
u_auth_fsm.aes_key\[32\],23.08
u_auth_fsm.nonce_hist\[7\]\[123\],23.065
_05840_,23.06
_09349_,23.06
_17014_,23.06
_07611_,23.05
_06976_,23.04
_08436_,23.04
_09691_,23.04
_18439_,23.04
u_auth_fsm.nonce_hist\[3\]\[61\],23.04
u_cmd_parser.nonce_reg\[66\],23.04
_12025_,23
_12370_,23
_18254_,23
_07841_,22.98
_09040_,22.98
_12104_,22.98
_18356_,22.98
_07652_,22.96
_07822_,22.96
_08034_,22.96
u_cmd_parser.nonce_reg\[21\],22.96
_07578_,22.94
_07859_,22.94
u_auth_fsm.aes_key\[57\],22.94
_12873_,22.925
u_auth_fsm.nonce_hist\[7\]\[5\],22.925
_05507_,22.92
_09625_,22.92
_10905_,22.92
_11095_,22.92
_17328_,22.92
_18333_,22.92
_18335_,22.92
_11680_,22.9
_04862_,22.88
_08611_,22.88
net468,22.88
_09517_,22.855
_12379_,22.84
clknet_leaf_320_clk,22.84
_13477_,22.8
_19359_,22.8
u_auth_fsm.tx_payload\[124\],22.8
u_auth_fsm.tx_payload\[33\],22.8
u_auth_fsm.tx_payload\[86\],22.79
_10147_,22.76
_13243_,22.76
_18011_,22.76
_08097_,22.74
_14130_,22.74
_18102_,22.74
_19459_,22.74
u_auth_fsm.nonce_hist\[1\]\[5\],22.74
_05703_,22.72
_08916_,22.72
_10303_,22.72
_11248_,22.72
u_auth_fsm.nonce_hist\[3\]\[97\],22.68
net876,22.68
_17241_,22.66
_07095_,22.64
_10472_,22.64
_12507_,22.64
_03591_,22.62
_12976_,22.62
_13610_,22.62
fifo_nonce\[0\]\[5\],22.62
_11672_,22.6
u_auth_fsm.nonce_hist\[5\]\[33\],22.6
_06718_,22.58
u_auth_fsm.aes_key\[105\],22.58
_08878_,22.56
u_aes128.ciphertext\[116\],22.56
u_auth_fsm.nonce_hist\[2\]\[29\],22.545
u_auth_fsm.nonce_hist\[6\]\[117\],22.545
_08201_,22.54
_09402_,22.54
_10821_,22.54
_17074_,22.54
net484,22.54
net2200,22.54
_16972_,22.53
fifo_nonce\[0\]\[21\],22.53
_08057_,22.52
u_auth_fsm.nonce_hist\[3\]\[74\],22.52
net600,22.52
_06859_,22.5
_08476_,22.5
_09778_,22.5
_14800_,22.5
_18056_,22.5
u_cmd_parser.timeout_cnt\[8\],22.5
_09872_,22.46
_16350_,22.46
_16435_,22.46
u_auth_fsm.aes_key\[10\],22.46
u_auth_fsm.tx_payload\[67\],22.46
u_uart_tx.tx_data\[3\],22.46
net773,22.46
_05748_,22.42
_06089_,22.42
_06445_,22.42
_11944_,22.42
u_auth_fsm.nonce_hist\[3\]\[126\],22.42
_10655_,22.4
_13208_,22.4
u_auth_fsm.tx_payload\[59\],22.4
_06725_,22.38
_16940_,22.38
u_auth_fsm.nonce_hist\[2\]\[79\],22.38
_08218_,22.365
_12734_,22.36
u_aes128.gen_state_sbox\[9\].sb_state.in\[1\],22.36
_06624_,22.34
_10509_,22.34
clknet_leaf_328_clk,22.34
u_cmd_parser.nonce_reg\[30\],22.32
_10507_,22.3
_12860_,22.3
_05555_,22.28
_06963_,22.28
_11611_,22.28
_18293_,22.28
_09321_,22.26
_08479_,22.25
_07564_,22.24
_17322_,22.24
_18413_,22.24
_18567_,22.24
u_aes128.gen_state_sbox\[0\].sb_state.in\[0\],22.24
u_auth_fsm.nonce_hist\[7\]\[28\],22.24
_08354_,22.22
fifo_nonce\[0\]\[83\],22.22
net833,22.22
net2207,22.2
_06048_,22.18
_10361_,22.18
_13813_,22.18
u_auth_fsm.nonce_hist\[5\]\[46\],22.16
u_auth_fsm.tx_payload\[79\],22.16
net2288,22.16
_08140_,22.14
_09271_,22.12
_10803_,22.12
_18327_,22.12
_18381_,22.12
_11913_,22.11
u_auth_fsm.nonce_hist\[7\]\[15\],22.1
_06105_,22.09
_05626_,22.08
_12358_,22.08
_07780_,22.06
_08357_,22.06
u_auth_fsm.nonce_hist\[0\]\[64\],22.06
u_auth_fsm.tx_payload\[91\],22.06
_12185_,22.04
_12674_,22.04
_12826_,22.04
fifo_nonce\[0\]\[15\],22.04
u_cmd_parser.payload_count\[0\],22.04
net1784,22.04
_11911_,22.02
_16667_,22.02
u_cmd_parser.nonce_reg\[22\],22.02
net2233,22.02
_08040_,22
_10311_,22
_13657_,22
_14769_,22
_18623_,22
fifo_nonce\[3\]\[116\],22
u_auth_fsm.tx_payload\[36\],22
u_cmd_parser.crc_hi_reg\[1\],22
_13402_,21.98
_09315_,21.96
_09895_,21.96
_14003_,21.96
fifo_wr_ptr\[2\],21.96
u_auth_fsm.cur_nonce\[83\],21.96
u_auth_fsm.payload_len\[0\],21.95
_13876_,21.94
_17997_,21.94
_18915_,21.94
_03573_,21.92
u_auth_fsm.cur_nonce\[126\],21.92
u_auth_fsm.nonce_hist\[2\]\[81\],21.915
_05973_,21.9
_09223_,21.9
_11832_,21.9
_07630_,21.88
_11450_,21.88
u_auth_fsm.cur_nonce\[44\],21.88
clknet_leaf_440_clk,21.88
u_auth_fsm.nonce_hist\[3\]\[0\],21.865
_08721_,21.84
_10477_,21.84
_10668_,21.84
_12683_,21.84
_18867_,21.84
u_auth_fsm.nonce_hist\[3\]\[117\],21.84
u_auth_fsm.nonce_hist\[5\]\[8\],21.84
net1965,21.84
_18232_,21.83
_17523_,21.82
_19351_,21.82
_06041_,21.8
_10516_,21.8
_12897_,21.8
fifo_nonce\[6\]\[73\],21.8
u_auth_fsm.nonce_hist\[7\]\[84\],21.8
_10354_,21.785
_12155_,21.78
_12514_,21.78
_17075_,21.78
_17772_,21.78
_19435_,21.78
_16923_,21.76
net1022,21.76
_07812_,21.74
_09586_,21.74
_18633_,21.74
u_auth_fsm.cooldown_cnt\[10\],21.74
u_auth_fsm.nonce_hist\[2\]\[45\],21.74
net2092,21.74
_09984_,21.73
_01606_,21.72
_09498_,21.7
_18208_,21.7
_07570_,21.68
_18990_,21.68
fifo_nonce\[0\]\[99\],21.68
_19510_,21.67
_05209_,21.66
_17234_,21.66
u_auth_fsm.nonce_hist\[1\]\[35\],21.66
u_auth_fsm.secret_key\[107\],21.66
net2445,21.66
u_auth_fsm.nonce_hist\[2\]\[32\],21.65
_09018_,21.64
_13249_,21.64
_19572_,21.64
u_auth_fsm.going_to_lockout,21.64
_06485_,21.62
_07583_,21.62
_12618_,21.62
_14074_,21.62
_05916_,21.6
_17875_,21.6
_18992_,21.6
_05945_,21.58
_09513_,21.58
_10093_,21.58
_19052_,21.58
fifo_nonce\[0\]\[11\],21.56
fifo_nonce\[3\]\[118\],21.56
net2223,21.56
_09529_,21.54
_12421_,21.54
_14756_,21.54
_18271_,21.54
_18982_,21.54
_19602_,21.54
_05473_,21.5
_10015_,21.5
_14651_,21.5
_01536_,21.485
_06377_,21.48
_06620_,21.48
_08679_,21.48
_09209_,21.48
_17263_,21.48
u_auth_fsm.nonce_hist\[3\]\[46\],21.47
_09607_,21.46
net430,21.46
net630,21.46
_05566_,21.445
_07510_,21.44
_09488_,21.44
net2209,21.44
_18088_,21.4
_12817_,21.395
_03810_,21.385
_04960_,21.38
u_auth_fsm.cooldown_cnt\[13\],21.38
u_auth_fsm.tx_payload\[29\],21.38
net787,21.36
_03596_,21.345
_03632_,21.34
_07645_,21.34
fifo_nonce\[2\]\[98\],21.34
u_aes128.gen_state_sbox\[4\].sb_state.in\[0\],21.34
u_auth_fsm.nonce_hist\[6\]\[45\],21.34
u_uart_tx.clk_cnt\[4\],21.34
_06589_,21.32
_06876_,21.32
_08334_,21.32
_19168_,21.32
_05409_,21.3
_07559_,21.3
_08146_,21.3
_10169_,21.3
_17371_,21.3
_17714_,21.3
u_auth_fsm.aes_key\[107\],21.3
net536,21.3
_13545_,21.28
_14325_,21.28
_17244_,21.27
_13442_,21.26
net813,21.26
net926,21.26
_04878_,21.24
_10211_,21.24
_14335_,21.24
u_aes128.ciphertext\[115\],21.24
_07899_,21.22
_13483_,21.22
_19043_,21.22
_05782_,21.2
_06548_,21.2
_09009_,21.2
_12852_,21.2
_16901_,21.2
_19228_,21.2
u_cmd_parser.crc_reg\[9\],21.19
_07837_,21.18
net736,21.18
_13887_,21.16
fifo_nonce\[0\]\[20\],21.16
kdf_state\[0\],21.16
u_aes128.ciphertext\[23\],21.16
u_auth_fsm.nonce_hist\[5\]\[47\],21.16
u_cmd_parser.nonce_reg\[60\],21.16
_09910_,21.14
fifo_nonce\[0\]\[9\],21.14
_07618_,21.12
_07847_,21.12
_13280_,21.12
_14529_,21.12
_19465_,21.12
net2066,21.12
_11125_,21.1
_11435_,21.1
u_auth_fsm.tx_payload\[6\],21.1
_06475_,21.08
_07015_,21.08
_11090_,21.08
_18027_,21.08
_18131_,21.08
_11280_,21.06
_08696_,21.055
u_auth_fsm.nonce_hist\[6\]\[123\],21.055
_17344_,21.045
_04926_,21.04
fifo_nonce\[2\]\[74\],21.04
net1287,21.04
_06918_,21.02
_12213_,21.02
_12625_,21.02
_19261_,21.02
_14161_,21
fifo_nonce\[0\]\[13\],21
_09032_,20.98
_16761_,20.98
_19075_,20.98
clknet_leaf_438_clk,20.98
u_cmd_parser.nonce_reg\[13\],20.96
net2150,20.96
_10650_,20.94
_17821_,20.94
u_auth_fsm.nonce_hist\[3\]\[24\],20.925
_11810_,20.92
fifo_nonce\[3\]\[91\],20.92
_08249_,20.9
_13228_,20.9
_17630_,20.9
_18572_,20.9
fifo_nonce\[0\]\[57\],20.9
_18216_,20.89
_09619_,20.88
_11186_,20.88
_18642_,20.88
_19286_,20.88
u_auth_fsm.nonce_hist\[2\]\[18\],20.88
u_auth_fsm.nonce_hist\[5\]\[103\],20.865
net698,20.86
_14737_,20.84
u_auth_fsm.aes_plaintext\[93\],20.84
_09264_,20.82
_11378_,20.82
_18495_,20.82
net504,20.82
_04968_,20.8
_06318_,20.78
_10827_,20.78
_12199_,20.78
_12497_,20.78
_14678_,20.78
u_auth_fsm.nonce_hist\[5\]\[40\],20.78
_19688_,20.77
_10038_,20.76
u_auth_fsm.nonce_hist\[0\]\[65\],20.76
_13326_,20.74
_18790_,20.74
_18892_,20.74
u_auth_fsm.nonce_hist\[0\]\[66\],20.74
_16818_,20.72
_03566_,20.7
_09709_,20.7
_17763_,20.7
u_auth_fsm.nonce_hist\[2\]\[70\],20.7
_08473_,20.68
_14426_,20.68
_06663_,20.66
_07378_,20.66
_18671_,20.66
_19430_,20.66
_11448_,20.645
_05666_,20.64
_07636_,20.64
u_auth_fsm.nonce_hist\[2\]\[119\],20.64
net783,20.64
_19232_,20.625
net2212,20.62
_04894_,20.6
_10924_,20.58
u_auth_fsm.cur_nonce\[123\],20.58
u_auth_fsm.hist_valid\[6\],20.58
u_auth_fsm.nonce_hist\[5\]\[122\],20.58
net2443,20.58
_09486_,20.57
_01932_,20.56
_11663_,20.56
_19060_,20.56
_19413_,20.56
u_auth_fsm.nonce_hist\[1\]\[47\],20.56
net2473,20.56
_05497_,20.54
_11211_,20.54
_18891_,20.54
net707,20.54
_19303_,20.52
_14081_,20.5
u_auth_fsm.nonce_hist\[7\]\[88\],20.5
_18927_,20.48
_19674_,20.48
_06775_,20.46
_18339_,20.46
_05799_,20.44
_07039_,20.44
_09530_,20.44
_09218_,20.43
_14659_,20.42
_17484_,20.42
u_aes128.gen_key_sbox\[0\].sb_key.in\[5\],20.4
u_auth_fsm.nonce_hist\[3\]\[120\],20.4
_06955_,20.38
fifo_nonce\[1\]\[45\],20.38
fifo_nonce\[2\]\[116\],20.38
u_auth_fsm.nonce_hist\[1\]\[21\],20.375
_08389_,20.36
_09035_,20.36
_13070_,20.36
_16929_,20.36
u_auth_fsm.nonce_hist\[3\]\[23\],20.36
_02791_,20.34
_03558_,20.34
_08781_,20.34
_09241_,20.34
_11142_,20.34
_13818_,20.34
_13871_,20.34
_16974_,20.34
_17856_,20.34
u_auth_fsm.nonce_hist\[7\]\[69\],20.325
_06529_,20.32
_06691_,20.32
_09127_,20.32
_11523_,20.32
fifo_nonce\[1\]\[18\],20.32
u_auth_fsm.cur_nonce\[24\],20.32
u_auth_fsm.nonce_hist\[7\]\[101\],20.305
_16473_,20.3
fifo_nonce\[5\]\[120\],20.3
fifo_nonce\[2\]\[107\],20.28
u_auth_fsm.aes_plaintext\[114\],20.28
u_auth_fsm.nonce_hist\[2\]\[101\],20.28
u_auth_fsm.nonce_hist\[3\]\[114\],20.28
fifo_nonce\[6\]\[16\],20.26
_06037_,20.24
_11519_,20.24
u_auth_fsm.tx_payload\[105\],20.23
_12615_,20.215
_06411_,20.2
_06769_,20.2
_07894_,20.2
_08997_,20.2
_10520_,20.2
_19528_,20.2
net1860,20.2
_05938_,20.185
fifo_nonce\[0\]\[10\],20.16
net946,20.16
_09697_,20.14
net2106,20.14
_10511_,20.125
_07090_,20.12
_13917_,20.12
fifo_nonce\[7\]\[51\],20.12
_11738_,20.1
_18685_,20.1
_12737_,20.08
u_auth_fsm.cooldown_cnt\[0\],20.08
_13754_,20.065
_12388_,20.06
_17581_,20.06
u_cmd_parser.nonce_reg\[114\],20.06
_07091_,20.04
_11855_,20.04
_12468_,20.04
_14042_,20.04
u_cmd_parser.timeout_cnt\[11\],20.04
_11120_,20
_13278_,20
net1822,20
_12885_,19.985
_03826_,19.98
net841,19.98
_07111_,19.96
_10964_,19.96
_12669_,19.96
_14797_,19.96
_19483_,19.96
u_auth_fsm.nonce_hist\[6\]\[6\],19.96
_07538_,19.94
_10533_,19.94
_06780_,19.92
_18268_,19.92
fifo_nonce\[6\]\[44\],19.92
u_auth_fsm.aes_key\[18\],19.92
u_auth_fsm.nonce_hist\[1\]\[43\],19.92
_03835_,19.9
_09130_,19.9
_12256_,19.9
_14677_,19.9
_19594_,19.9
fifo_nonce\[4\]\[91\],19.88
net1305,19.88
_09608_,19.86
_10689_,19.86
_10706_,19.86
_17977_,19.86
fifo_count\[0\],19.86
u_auth_fsm.tx_payload\[30\],19.86
_11533_,19.84
_11060_,19.805
_13430_,19.8
_13671_,19.78
_10793_,19.76
_12875_,19.76
_19271_,19.76
u_auth_fsm.tx_payload\[125\],19.76
net2509,19.76
_07573_,19.74
fifo_nonce\[6\]\[17\],19.74
u_auth_fsm.nonce_hist\[3\]\[122\],19.74
_16848_,19.72
_07806_,19.7
_10763_,19.7
_11512_,19.7
fifo_nonce\[7\]\[2\],19.7
u_auth_fsm.nonce_hist\[0\]\[26\],19.7
u_auth_fsm.nonce_hist\[2\]\[39\],19.7
net2024,19.7
_17437_,19.675
_01608_,19.66
_09356_,19.66
_10487_,19.66
_11036_,19.66
_12007_,19.66
fifo_nonce\[3\]\[100\],19.66
net497,19.66
_14352_,19.64
_17461_,19.64
u_auth_fsm.nonce_hist\[6\]\[24\],19.625
_04970_,19.62
_05644_,19.62
_11909_,19.62
_12045_,19.62
_12054_,19.62
_16471_,19.62
fifo_nonce\[3\]\[25\],19.62
u_auth_fsm.tx_payload\[70\],19.62
u_cmd_parser.timeout_cnt\[13\],19.605
_06916_,19.6
u_auth_fsm.tx_payload\[25\],19.6
_04892_,19.58
u_cmd_parser.timeout_cnt\[15\],19.58
_10027_,19.56
_13743_,19.56
_13061_,19.54
_14198_,19.54
_14693_,19.54
_18182_,19.54
_18824_,19.54
fifo_nonce\[7\]\[21\],19.54
u_auth_fsm.nonce_hist\[1\]\[26\],19.54
u_cmd_parser.timeout_cnt\[6\],19.54
u_uart_tx.clk_cnt\[6\],19.54
_04922_,19.52
_05886_,19.52
_13337_,19.52
net1907,19.515
_11693_,19.48
_14811_,19.48
u_auth_fsm.nonce_hist\[7\]\[32\],19.48
net1053,19.48
_18804_,19.46
fifo_nonce\[0\]\[34\],19.46
u_cmd_parser.nonce_reg\[81\],19.46
net2194,19.46
_07607_,19.44
net1685,19.44
_13874_,19.42
_14620_,19.42
_09245_,19.4
_12346_,19.4
_18133_,19.4
_12641_,19.38
_17559_,19.375
_03864_,19.36
_09930_,19.36
_17677_,19.36
u_aes128.round_key\[74\],19.36
_07059_,19.34
_09369_,19.34
_17053_,19.34
u_auth_fsm.payload_len\[1\],19.34
_07031_,19.32
_18376_,19.32
_19473_,19.32
_08756_,19.3
_09887_,19.3
_11733_,19.3
_01601_,19.28
_08435_,19.24
_11804_,19.24
_13099_,19.24
fifo_nonce\[5\]\[5\],19.24
u_aes128.round_key\[127\],19.24
u_auth_fsm.nonce_hist\[6\]\[38\],19.24
u_cmd_parser.nonce_reg\[29\],19.24
net1947,19.24
u_auth_fsm.nonce_hist\[5\]\[110\],19.215
_06216_,19.2
_18297_,19.2
u_aes128.gen_state_sbox\[2\].sb_state.in\[2\],19.2
net2476,19.2
_08387_,19.18
_11497_,19.18
_13207_,19.18
_16946_,19.18
_18341_,19.18
_18559_,19.18
net2348,19.18
u_auth_fsm.nonce_hist\[5\]\[78\],19.165
_18464_,19.16
u_auth_fsm.cur_nonce\[121\],19.16
_11263_,19.14
fifo_nonce\[1\]\[36\],19.14
u_auth_fsm.tx_payload\[127\],19.14
fifo_nonce\[0\]\[6\],19.12
fifo_nonce\[3\]\[13\],19.12
u_auth_fsm.nonce_hist\[6\]\[53\],19.12
_10839_,19.105
_09162_,19.1
_11994_,19.1
_17350_,19.1
u_auth_fsm.nonce_hist\[1\]\[27\],19.1
net807,19.1
_10878_,19.08
_18686_,19.08
_10304_,19.07
_06347_,19.06
_12762_,19.06
_12924_,19.06
_14701_,19.06
_16686_,19.06
_17623_,19.06
u_cmd_parser.nonce_reg\[31\],19.06
_18066_,19.05
_14111_,19.04
u_auth_fsm.hist_valid\[1\],19.04
_10798_,19.02
_18932_,19.02
_18977_,19
_10426_,18.98
_11409_,18.98
_19255_,18.98
_19649_,18.98
u_auth_fsm.nonce_hist\[2\]\[5\],18.98
u_auth_fsm.nonce_hist\[3\]\[123\],18.96
_09567_,18.94
_12182_,18.94
_14595_,18.94
_17260_,18.94
_18586_,18.94
_18857_,18.94
net819,18.94
_10338_,18.92
_12198_,18.92
fifo_nonce\[1\]\[68\],18.92
fifo_nonce\[4\]\[46\],18.92
_06997_,18.9
_18837_,18.9
u_auth_fsm.nonce_hist\[3\]\[107\],18.9
net1651,18.9
u_auth_fsm.aes_key\[108\],18.88
_05397_,18.86
_05934_,18.86
_06945_,18.86
_13502_,18.86
u_auth_fsm.tx_payload\[19\],18.86
_05567_,18.84
_12404_,18.84
_12800_,18.84
_19505_,18.84
fifo_nonce\[5\]\[71\],18.84
u_auth_fsm.nonce_hist\[2\]\[84\],18.84
_07942_,18.82
_09547_,18.82
_11604_,18.82
_18262_,18.82
_18587_,18.82
_19429_,18.82
fifo_nonce\[0\]\[82\],18.82
_06748_,18.81
_12880_,18.8
fifo_nonce\[3\]\[77\],18.8
u_auth_fsm.nonce_hist\[7\]\[106\],18.8
u_uart_rx.rx_shift\[3\],18.8
_05866_,18.78
u_aes128.round_key\[123\],18.78
_06242_,18.76
_16705_,18.76
_18602_,18.76
net2452,18.76
_11319_,18.74
_14650_,18.74
fifo_nonce\[3\]\[96\],18.74
fifo_nonce\[5\]\[122\],18.74
_09226_,18.72
_18710_,18.72
_18853_,18.72
_19131_,18.72
net1987,18.72
net2084,18.72
net2224,18.72
_13011_,18.71
_12095_,18.7
u_auth_fsm.nonce_hist\[4\]\[55\],18.7
_07580_,18.68
net660,18.68
_07380_,18.66
_10752_,18.66
_11971_,18.66
u_auth_fsm.nonce_hist\[2\]\[42\],18.66
u_auth_fsm.nonce_hist\[2\]\[53\],18.645
_11576_,18.64
_17415_,18.63
_10665_,18.62
_10775_,18.62
_14699_,18.62
_19277_,18.62
net2018,18.62
_06549_,18.6
_13123_,18.6
_09655_,18.58
_19578_,18.58
u_auth_fsm.nonce_hist\[6\]\[119\],18.56
_14913_,18.54
_17847_,18.54
fifo_nonce\[0\]\[29\],18.54
_08645_,18.52
_18383_,18.52
u_auth_fsm.nonce_hist\[2\]\[91\],18.52
_12637_,18.5
net678,18.5
u_auth_fsm.nonce_hist\[3\]\[11\],18.485
_09467_,18.48
_19185_,18.48
net540,18.48
_18638_,18.475
_06430_,18.46
_10611_,18.46
_14071_,18.46
_17127_,18.46
_17874_,18.46
fifo_nonce\[0\]\[35\],18.445
_06069_,18.44
_18196_,18.42
u_auth_fsm.aes_key\[49\],18.42
u_auth_fsm.tx_payload\[46\],18.42
net823,18.42
u_auth_fsm.nonce_hist\[6\]\[101\],18.415
_04930_,18.4
_09234_,18.4
_16957_,18.4
fifo_nonce\[6\]\[118\],18.4
fifo_nonce\[7\]\[120\],18.4
net808,18.4
net2197,18.4
_17331_,18.38
fifo_nonce\[2\]\[112\],18.38
fifo_type\[6\],18.38
u_auth_fsm.cur_nonce\[74\],18.38
fifo_nonce\[3\]\[69\],18.36
u_cmd_parser.nonce_reg\[12\],18.36
net427,18.36
net2131,18.36
_04904_,18.34
_13451_,18.34
_08976_,18.335
_05894_,18.32
_09541_,18.32
_10417_,18.32
_13031_,18.32
_17666_,18.32
_19554_,18.32
u_auth_fsm.nonce_hist\[6\]\[125\],18.32
_05735_,18.3
_13573_,18.28
_17267_,18.28
_18367_,18.28
u_auth_fsm.nonce_hist\[6\]\[44\],18.28
u_auth_fsm.nonce_hist\[7\]\[4\],18.28
net2051,18.28
_06833_,18.26
_09065_,18.26
_10550_,18.26
fifo_nonce\[4\]\[9\],18.26
u_auth_fsm.nonce_hist\[6\]\[122\],18.26
net459,18.26
u_cmd_parser.crc_reg\[0\],18.25
_04913_,18.24
_05476_,18.24
_18899_,18.24
fifo_nonce\[3\]\[73\],18.22
_06745_,18.2
fifo_nonce\[2\]\[42\],18.2
_08742_,18.185
_13807_,18.18
fifo_nonce\[5\]\[52\],18.18
_06360_,18.16
_12921_,18.16
net612,18.155
_10513_,18.14
_13476_,18.14
_13632_,18.14
_17506_,18.14
_19469_,18.14
u_auth_fsm.aes_key\[23\],18.13
_13742_,18.125
_04853_,18.12
_10885_,18.1
_14850_,18.1
_08749_,18.08
_12754_,18.08
_19050_,18.08
u_auth_fsm.cooldown_cnt\[17\],18.08
_10802_,18.06
net438,18.06
_06061_,18.04
_11506_,18.04
_18769_,18.02
_09248_,18
u_auth_fsm.nonce_hist\[4\]\[57\],18
_10774_,17.985
_03617_,17.98
_17783_,17.98
u_auth_fsm.nonce_hist\[2\]\[74\],17.98
u_cmd_parser.nonce_reg\[63\],17.98
_06257_,17.94
_09617_,17.94
_10830_,17.94
_13884_,17.94
_17432_,17.94
_17478_,17.94
_18324_,17.94
_18405_,17.94
_18437_,17.94
fifo_nonce\[3\]\[112\],17.94
_18768_,17.92
fifo_nonce\[2\]\[43\],17.92
net779,17.92
_08931_,17.91
_18052_,17.9
_19348_,17.9
net2152,17.9
_01923_,17.88
_04911_,17.88
_19136_,17.88
net1735,17.88
_05650_,17.86
_12578_,17.86
_12845_,17.86
_16709_,17.86
fifo_nonce\[2\]\[52\],17.86
u_auth_fsm.aes_plaintext\[60\],17.86
u_auth_fsm.cur_nonce\[106\],17.86
_09970_,17.84
_06023_,17.82
_07902_,17.82
_11845_,17.82
_14697_,17.82
_17458_,17.82
u_auth_fsm.nonce_hist\[2\]\[61\],17.82
u_auth_fsm.nonce_hist\[7\]\[78\],17.82
u_cmd_parser.nonce_reg\[79\],17.82
_17611_,17.815
_07988_,17.8
_10867_,17.8
_11009_,17.8
_11686_,17.8
_14136_,17.8
u_auth_fsm.nonce_hist\[7\]\[115\],17.8
u_auth_fsm.tx_payload\[107\],17.79
_12364_,17.785
_03635_,17.78
_08470_,17.78
_10281_,17.78
_12974_,17.78
_19492_,17.775
_18952_,17.765
_09681_,17.76
_10057_,17.76
_17908_,17.76
u_auth_fsm.cooldown_cnt\[31\],17.76
u_auth_fsm.nonce_hist\[7\]\[18\],17.76
u_uart_rx.rx_shift\[1\],17.76
_11915_,17.745
_05724_,17.74
_12539_,17.74
_14121_,17.74
net652,17.74
_14603_,17.72
_15688_,17.72
_17048_,17.72
_09267_,17.715
_09641_,17.71
_06986_,17.7
_09527_,17.7
_13711_,17.7
_18422_,17.7
u_auth_fsm.nonce_hist\[1\]\[18\],17.7
u_auth_fsm.nonce_hist\[3\]\[80\],17.7
net2044,17.7
_17273_,17.69
_06446_,17.68
net475,17.68
net988,17.68
_06948_,17.675
_10862_,17.67
_13120_,17.67
_13170_,17.66
_18386_,17.66
u_auth_fsm.nonce_hist\[2\]\[24\],17.66
u_auth_fsm.tx_payload\[110\],17.65
net2164,17.64
_07515_,17.62
_11494_,17.62
_11567_,17.62
_19561_,17.62
_19623_,17.62
_08315_,17.6
_14332_,17.6
_19410_,17.59
_06106_,17.58
_07405_,17.58
_11441_,17.58
_13051_,17.58
_06223_,17.56
_11659_,17.56
u_auth_fsm.aes_key\[72\],17.56
_06402_,17.54
_10899_,17.54
_18980_,17.54
_07970_,17.52
_12480_,17.52
_13341_,17.52
u_auth_fsm.aes_plaintext\[63\],17.5
u_uart_tx.tx_data\[1\],17.5
_06087_,17.48
fifo_nonce\[2\]\[20\],17.48
fifo_nonce\[5\]\[54\],17.48
u_auth_fsm.tx_payload\[117\],17.48
_17766_,17.47
_11820_,17.46
net643,17.46
net1723,17.46
_17572_,17.455
u_auth_fsm.aes_key\[19\],17.45
_14387_,17.44
_16463_,17.44
fifo_nonce\[6\]\[43\],17.43
_13210_,17.42
_13598_,17.42
_01755_,17.4
_13881_,17.4
_19025_,17.4
_19535_,17.4
fifo_nonce\[0\]\[120\],17.4
fifo_nonce\[3\]\[84\],17.4
u_auth_fsm.nonce_hist\[6\]\[32\],17.4
net2250,17.4
_14743_,17.385
_11974_,17.375
_09657_,17.37
_14590_,17.36
_17364_,17.36
u_auth_fsm.cur_nonce\[27\],17.36
u_cmd_parser.cmd_reg\[1\],17.36
_12061_,17.34
_14847_,17.34
_18647_,17.34
net623,17.34
_06574_,17.33
_19331_,17.325
_06716_,17.32
_10206_,17.32
u_auth_fsm.nonce_hist\[2\]\[115\],17.32
net1963,17.32
_10118_,17.305
_18616_,17.305
u_auth_fsm.nonce_hist\[6\]\[100\],17.29
_17584_,17.28
_19357_,17.28
_13673_,17.27
u_auth_fsm.state\[0\],17.26
_07449_,17.24
_09008_,17.24
u_auth_fsm.cur_nonce\[37\],17.24
u_auth_fsm.tx_header\[16\],17.24
net2151,17.23
_11764_,17.22
_14713_,17.22
_17380_,17.22
_17429_,17.22
net1791,17.22
net2056,17.22
_07601_,17.2
_07680_,17.2
_12243_,17.2
_13117_,17.2
u_auth_fsm.nonce_hist\[5\]\[26\],17.2
u_auth_fsm.tx_payload\[20\],17.2
_09029_,17.18
_09086_,17.18
_12876_,17.18
u_auth_fsm.nonce_hist\[2\]\[0\],17.18
_09706_,17.16
_19210_,17.16
u_auth_fsm.nonce_hist\[2\]\[63\],17.16
u_auth_fsm.nonce_hist\[6\]\[109\],17.16
_05930_,17.14
_06465_,17.14
_13750_,17.14
u_auth_fsm.cur_nonce\[30\],17.14
net2069,17.14
_09308_,17.12
_10156_,17.12
_10709_,17.12
_08806_,17.1
_10121_,17.1
u_auth_fsm.nonce_hist\[6\]\[59\],17.1
_18820_,17.09
_11692_,17.08
_13572_,17.08
_06425_,17.06
_07442_,17.06
_11039_,17.06
net531,17.045
_12847_,17.04
u_auth_fsm.nonce_hist\[1\]\[41\],17.04
u_auth_fsm.tx_payload\[41\],17.04
_05606_,17.035
fifo_nonce\[2\]\[23\],17.035
_06700_,17.02
_09025_,17.02
_10869_,17.02
_12774_,17.02
_12811_,17.02
_14636_,17.02
_19107_,17.02
u_auth_fsm.nonce_hist\[4\]\[51\],17.02
_01414_,17
_08560_,16.98
fifo_nonce\[2\]\[18\],16.98
u_auth_fsm.tx_payload\[89\],16.98
net844,16.98
net1995,16.98
_09376_,16.96
_11299_,16.96
_09175_,16.94
_10993_,16.94
_13816_,16.94
_13985_,16.94
u_auth_fsm.aes_key\[3\],16.94
net1890,16.94
_03597_,16.92
_05836_,16.9
_11236_,16.9
_11508_,16.9
_19372_,16.9
clknet_leaf_322_clk,16.9
_01607_,16.88
_08911_,16.88
_09131_,16.88
_13162_,16.88
fifo_nonce\[5\]\[59\],16.88
_04895_,16.86
_07446_,16.86
_13277_,16.86
_14257_,16.86
_16439_,16.86
u_auth_fsm.nonce_hist\[2\]\[59\],16.86
u_auth_fsm.nonce_hist\[2\]\[86\],16.86
net2113,16.86
_05185_,16.85
_17921_,16.84
_18006_,16.84
_19137_,16.84
u_aes128.ciphertext\[50\],16.84
u_uart_rx.clk_cnt\[8\],16.84
net1132,16.84
_10215_,16.82
fifo_nonce\[2\]\[126\],16.82
fifo_nonce\[2\]\[15\],16.82
u_auth_fsm.cur_nonce\[64\],16.82
_03592_,16.81
fifo_nonce\[0\]\[85\],16.805
_08242_,16.8
_10460_,16.8
_11285_,16.8
fifo_nonce\[5\]\[60\],16.8
u_auth_fsm.tx_payload\[62\],16.8
_13065_,16.785
_10920_,16.78
_10962_,16.78
_12837_,16.78
_13289_,16.78
_14772_,16.78
_17742_,16.78
_17967_,16.78
fifo_nonce\[0\]\[4\],16.78
_08906_,16.76
_17137_,16.76
_17245_,16.76
_06847_,16.74
_19126_,16.74
net2182,16.74
_05952_,16.72
_09699_,16.72
_16771_,16.72
_19370_,16.72
u_auth_fsm.aes_key\[37\],16.72
u_auth_fsm.nonce_hist\[5\]\[34\],16.72
net2188,16.72
_07056_,16.7
fifo_nonce\[1\]\[96\],16.7
_07575_,16.68
_09879_,16.68
_11068_,16.68
u_auth_fsm.nonce_hist\[2\]\[31\],16.66
u_auth_fsm.secret_key\[42\],16.66
_18081_,16.64
u_aes128.round_key\[75\],16.64
u_auth_fsm.nonce_hist\[5\]\[5\],16.64
fifo_nonce\[2\]\[36\],16.62
fifo_nonce\[6\]\[122\],16.62
u_cmd_parser.timeout_cnt\[1\],16.62
net1384,16.62
_05802_,16.6
_10442_,16.6
_11721_,16.6
_14891_,16.6
u_auth_fsm.nonce_hist\[6\]\[63\],16.6
u_auth_fsm.tx_payload\[48\],16.6
net1457,16.6
fifo_nonce\[6\]\[48\],16.595
_04972_,16.58
_06795_,16.56
_10201_,16.56
_10319_,16.56
_14238_,16.56
_18189_,16.56
fifo_nonce\[2\]\[46\],16.56
fifo_nonce\[3\]\[18\],16.56
_07000_,16.54
_08992_,16.52
fifo_nonce\[1\]\[11\],16.52
u_auth_fsm.tx_payload\[112\],16.52
_14680_,16.51
_17294_,16.5
_19118_,16.5
_07002_,16.48
_07667_,16.48
_09487_,16.48
fifo_nonce\[0\]\[3\],16.48
fifo_nonce\[3\]\[20\],16.48
net593,16.48
net1827,16.48
_07788_,16.465
_11287_,16.46
_13570_,16.42
_14280_,16.42
_18500_,16.42
_18872_,16.42
_11042_,16.415
_18873_,16.405
_13834_,16.4
fifo_nonce\[5\]\[25\],16.4
u_auth_fsm.nonce_hist\[6\]\[64\],16.4
net508,16.4
_13571_,16.38
fifo_nonce\[7\]\[63\],16.38
u_auth_fsm.aes_plaintext\[46\],16.38
_03242_,16.36
_04962_,16.36
_06134_,16.36
fifo_nonce\[6\]\[69\],16.36
u_auth_fsm.nonce_hist\[4\]\[37\],16.36
u_auth_fsm.nonce_hist\[6\]\[76\],16.36
net2141,16.36
_17729_,16.355
_09441_,16.345
_07379_,16.34
_12226_,16.34
_17391_,16.34
_18844_,16.34
fifo_nonce\[1\]\[29\],16.34
u_auth_fsm.nonce_hist\[6\]\[69\],16.325
_05564_,16.32
_06541_,16.32
_10949_,16.32
fifo_nonce\[5\]\[40\],16.32
fifo_nonce\[5\]\[62\],16.32
net2241,16.32
_18314_,16.31
clknet_leaf_417_clk,16.31
_05638_,16.3
_10954_,16.3
_11613_,16.3
_17438_,16.3
_18721_,16.3
_19608_,16.3
u_auth_fsm.nonce_hist\[6\]\[39\],16.3
net2172,16.3
_10716_,16.28
_19377_,16.28
fifo_nonce\[4\]\[112\],16.28
u_auth_fsm.nonce_hist\[3\]\[101\],16.28
_03575_,16.26
_03578_,16.26
_05860_,16.26
_12819_,16.26
u_auth_fsm.nonce_hist\[6\]\[56\],16.26
_12359_,16.24
fifo_nonce\[1\]\[20\],16.24
fifo_nonce\[3\]\[124\],16.24
fifo_nonce\[5\]\[111\],16.24
u_auth_fsm.cooldown_cnt\[1\],16.24
net492,16.24
net717,16.24
_17995_,16.235
_06965_,16.22
_07035_,16.22
_08773_,16.22
_09083_,16.22
_09873_,16.22
_09936_,16.22
_11398_,16.22
_13462_,16.22
_18625_,16.22
_18989_,16.22
_19645_,16.22
u_auth_fsm.cur_nonce\[66\],16.22
net2184,16.22
_05456_,16.2
_06910_,16.2
fifo_nonce\[5\]\[33\],16.2
u_aes128.round_key\[38\],16.2
_08058_,16.18
_08077_,16.18
u_auth_fsm.nonce_hist\[1\]\[126\],16.18
net1593,16.18
u_auth_fsm.hist_wr_ptr\[2\],16.17
_08532_,16.16
u_cmd_parser.crc_reg\[10\],16.16
_06552_,16.14
_10874_,16.14
_19127_,16.14
fifo_nonce\[5\]\[42\],16.14
fifo_nonce\[7\]\[25\],16.14
_09260_,16.12
_14516_,16.12
net2034,16.12
u_auth_fsm.nonce_hist\[7\]\[24\],16.105
_08496_,16.1
_11500_,16.1
_12833_,16.1
_18226_,16.1
fifo_nonce\[5\]\[7\],16.1
_06372_,16.07
_09115_,16.06
u_auth_fsm.nonce_hist\[3\]\[64\],16.06
_06544_,16.04
_12713_,16.04
fifo_nonce\[5\]\[115\],16.04
_14639_,16.02
_18813_,16.02
_19007_,16.02
_19207_,16.02
_19419_,16.02
u_aes128.round_key\[34\],16.02
u_auth_fsm.cur_nonce\[39\],16.02
u_auth_fsm.tx_payload\[122\],16.02
_18658_,16.005
_04849_,16
_10814_,16
_11392_,16
u_auth_fsm.nonce_hist\[2\]\[23\],16
u_cmd_parser.nonce_reg\[8\],16
net495,16
_18441_,15.985
_01179_,15.98
_05663_,15.98
_12414_,15.98
_14481_,15.98
u_auth_fsm.aes_key\[48\],15.98
u_auth_fsm.nonce_hist\[7\]\[121\],15.98
clknet_leaf_11_clk,15.98
net814,15.98
net861,15.98
_03243_,15.96
_05140_,15.96
_06320_,15.96
_10359_,15.96
_11151_,15.96
_14598_,15.96
_19201_,15.96
fifo_nonce\[7\]\[119\],15.96
net2412,15.96
_11258_,15.94
_19670_,15.94
u_auth_fsm.nonce_hist\[4\]\[64\],15.94
u_auth_fsm.nonce_hist\[7\]\[56\],15.94
net1510,15.94
net1569,15.94
_17430_,15.925
u_auth_fsm.tx_payload\[27\],15.92
u_cmd_parser.nonce_reg\[40\],15.92
net1,15.92
net1879,15.92
_17928_,15.91
u_auth_fsm.nonce_hist\[5\]\[126\],15.91
_14501_,15.905
_19482_,15.9
fifo_nonce\[3\]\[10\],15.9
u_auth_fsm.nonce_hist\[5\]\[62\],15.9
_13034_,15.885
_06619_,15.88
_08500_,15.88
fifo_nonce\[1\]\[125\],15.88
u_auth_fsm.tx_payload\[56\],15.88
_07494_,15.86
_17876_,15.86
_19615_,15.86
u_aes128.ciphertext\[123\],15.86
u_auth_fsm.aes_plaintext\[66\],15.86
u_auth_fsm.nonce_hist\[7\]\[122\],15.86
net684,15.86
_06994_,15.84
_08780_,15.84
_09820_,15.84
_13954_,15.84
_17723_,15.84
_18515_,15.84
net1755,15.84
_06098_,15.82
_07640_,15.82
_14069_,15.82
_08815_,15.8
_11612_,15.8
_14151_,15.8
_18635_,15.8
_04850_,15.78
_11194_,15.78
_15889_,15.78
u_auth_fsm.nonce_hist\[2\]\[28\],15.78
u_auth_fsm.nonce_hist\[3\]\[25\],15.78
net627,15.78
net1524,15.78
_11579_,15.77
_06928_,15.765
_05577_,15.76
_13203_,15.76
u_auth_fsm.aes_plaintext\[59\],15.76
net820,15.76
net2053,15.76
_01381_,15.74
u_cmd_parser.cmd_reg\[3\],15.74
_08886_,15.72
_12593_,15.72
_18142_,15.72
u_aes128.round_key\[84\],15.72
u_auth_fsm.nonce_hist\[2\]\[25\],15.72
net2144,15.72
_07484_,15.7
_08789_,15.7
_18462_,15.7
fifo_nonce\[1\]\[40\],15.7
_08291_,15.695
_10366_,15.68
_17643_,15.68
_18450_,15.68
net476,15.68
net675,15.68
_03636_,15.66
_05963_,15.66
_11499_,15.66
_18378_,15.66
_06409_,15.64
_08415_,15.64
_10198_,15.64
_11713_,15.64
_18086_,15.64
_18347_,15.64
u_auth_fsm.hist_wr_ptr\[0\],15.64
net953,15.64
_17653_,15.635
_13567_,15.625
_05562_,15.62
_06092_,15.62
_06531_,15.62
_08821_,15.62
_10425_,15.62
_10845_,15.62
_13670_,15.62
_18277_,15.62
fifo_nonce\[1\]\[81\],15.62
net1936,15.62
net2043,15.62
_06499_,15.6
_13101_,15.6
_14172_,15.6
fifo_nonce\[6\]\[68\],15.6
u_aes128.round_key\[108\],15.6
_16847_,15.595
fifo_nonce\[2\]\[111\],15.58
_09957_,15.56
_12763_,15.56
_13915_,15.56
fifo_nonce\[1\]\[46\],15.56
fifo_nonce\[3\]\[123\],15.56
u_auth_fsm.aes_plaintext\[12\],15.56
u_cmd_parser.timeout_cnt\[9\],15.56
net2366,15.56
_18679_,15.54
fifo_count\[2\],15.54
net2008,15.54
_03556_,15.52
_07756_,15.52
u_auth_fsm.nonce_hist\[6\]\[67\],15.52
u_uart_tx.clk_cnt\[2\],15.52
u_auth_fsm.aes_key\[51\],15.515
_01430_,15.5
_06190_,15.5
_10340_,15.5
_11969_,15.5
_18599_,15.5
u_auth_fsm.nonce_hist\[3\]\[17\],15.5
net1845,15.5
_14418_,15.48
_16445_,15.48
u_auth_fsm.cur_nonce\[42\],15.48
net1225,15.48
_01432_,15.46
_10872_,15.46
_17613_,15.46
u_auth_fsm.cooldown_cnt\[7\],15.46
_10994_,15.44
_19431_,15.44
u_auth_fsm.aes_key\[55\],15.44
net1623,15.44
_01417_,15.42
_06677_,15.42
_07606_,15.42
_07927_,15.42
_03563_,15.4
_09186_,15.4
_13555_,15.4
_14076_,15.4
locked_out_o,15.4
u_auth_fsm.nonce_hist\[3\]\[32\],15.4
_12589_,15.39
_08656_,15.38
_14144_,15.38
u_auth_fsm.nonce_hist\[4\]\[5\],15.38
_05471_,15.365
_06944_,15.36
_08084_,15.36
_08166_,15.36
_12653_,15.36
_17736_,15.36
_05823_,15.34
_09141_,15.34
_11169_,15.34
_19699_,15.34
fifo_nonce\[5\]\[109\],15.34
u_auth_fsm.nonce_hist\[2\]\[127\],15.34
u_auth_fsm.nonce_hist\[7\]\[16\],15.34
clknet_leaf_366_clk,15.34
_04925_,15.32
_06477_,15.32
_09037_,15.32
_19306_,15.32
fifo_nonce\[3\]\[49\],15.32
u_auth_fsm.fail_cnt\[0\],15.32
u_cmd_parser.nonce_reg\[102\],15.32
_17539_,15.315
_03545_,15.3
_09949_,15.3
_09983_,15.3
_11919_,15.3
_12710_,15.3
_18849_,15.3
fifo_nonce\[3\]\[23\],15.3
net2083,15.3
_18118_,15.285
_05635_,15.28
_05640_,15.28
_05790_,15.28
_08731_,15.28
_10418_,15.28
_16452_,15.28
_19267_,15.28
u_auth_fsm.nonce_hist\[3\]\[15\],15.265
_05706_,15.26
_07422_,15.26
_07481_,15.26
_18045_,15.26
_18670_,15.26
u_cmd_parser.nonce_reg\[39\],15.26
net2039,15.26
fifo_nonce\[0\]\[28\],15.245
_19614_,15.24
fifo_nonce\[5\]\[119\],15.24
u_auth_fsm.nonce_hist\[3\]\[73\],15.24
fifo_nonce\[7\]\[15\],15.23
_03201_,15.22
_08401_,15.22
_11144_,15.22
_12309_,15.22
fifo_nonce\[5\]\[97\],15.22
u_aes128.gen_key_sbox\[3\].sb_key.in\[5\],15.22
u_auth_fsm.cooldown_cnt\[26\],15.22
u_auth_fsm.nonce_hist\[6\]\[97\],15.22
_19328_,15.2
_01078_,15.195
_07823_,15.18
_17638_,15.18
u_auth_fsm.nonce_hist\[6\]\[113\],15.18
_03589_,15.17
_08103_,15.16
_11114_,15.16
_13209_,15.16
u_uart_tx.clk_cnt\[11\],15.16
_04959_,15.14
_08403_,15.14
_09385_,15.14
_11548_,15.14
_18234_,15.14
fifo_nonce\[5\]\[107\],15.14
net1377,15.14
_11110_,15.13
_10000_,15.12
_18402_,15.12
_13844_,15.1
_17310_,15.1
_18126_,15.1
_18461_,15.1
_18995_,15.1
fifo_nonce\[3\]\[24\],15.1
fifo_nonce\[3\]\[99\],15.1
u_auth_fsm.hdr_idx\[2\],15.1
u_auth_fsm.nonce_hist\[7\]\[25\],15.1
_03625_,15.09
_12883_,15.08
_19269_,15.08
net1014,15.08
_12482_,15.06
_18702_,15.06
fifo_nonce\[0\]\[53\],15.06
net729,15.06
_19651_,15.045
_08887_,15.04
_13414_,15.04
_19595_,15.02
_19655_,15.02
fifo_nonce\[3\]\[1\],15.02
u_cmd_parser.nonce_reg\[91\],15.02
_14209_,15.01
_01395_,15
_05052_,15
_07477_,15
_08465_,15
_14671_,15
_19450_,15
_06152_,14.98
_07244_,14.98
u_auth_fsm.nonce_hist\[7\]\[82\],14.98
_04949_,14.96
_13238_,14.96
u_auth_fsm.nonce_hist\[7\]\[107\],14.96
net1114,14.96
_03585_,14.94
_09951_,14.94
_14824_,14.94
_17123_,14.94
fifo_nonce\[1\]\[80\],14.94
u_auth_fsm.secret_key\[43\],14.94
u_auth_fsm.tx_payload\[51\],14.94
net2166,14.94
u_auth_fsm.nonce_hist\[4\]\[66\],14.935
_08819_,14.93
_11306_,14.92
_11891_,14.92
_12907_,14.92
_13185_,14.92
_13396_,14.92
_17284_,14.92
u_auth_fsm.nonce_hist\[1\]\[112\],14.92
_17563_,14.91
_09542_,14.9
_11155_,14.9
fifo_nonce\[3\]\[35\],14.9
fifo_nonce\[5\]\[26\],14.9
_11958_,14.89
_08351_,14.88
_11182_,14.88
u_auth_fsm.aes_plaintext\[116\],14.88
u_auth_fsm.cur_nonce\[19\],14.88
u_auth_fsm.nonce_hist\[4\]\[87\],14.88
net1900,14.88
_17177_,14.87
_05812_,14.86
_14304_,14.86
_19076_,14.86
fifo_nonce\[3\]\[7\],14.86
fifo_nonce\[4\]\[90\],14.86
fifo_nonce\[4\]\[92\],14.86
u_auth_fsm.nonce_hist\[7\]\[0\],14.845
u_auth_fsm.nonce_hist\[1\]\[13\],14.84
u_uart_rx.clk_cnt\[10\],14.84
_01893_,14.82
_10860_,14.82
_18753_,14.82
fifo_nonce\[4\]\[44\],14.82
u_aes128.gen_state_sbox\[5\].sb_state.in\[5\],14.82
net619,14.82
_03831_,14.8
_13459_,14.8
_19597_,14.8
net1940,14.8
_19573_,14.795
_01317_,14.785
_09139_,14.78
_11682_,14.78
_13220_,14.78
_13897_,14.78
fifo_nonce\[5\]\[39\],14.78
net2107,14.78
_00921_,14.76
_06894_,14.76
_12012_,14.76
_19223_,14.76
net2102,14.76
_04742_,14.74
u_auth_fsm.nonce_hist\[4\]\[13\],14.74
_03213_,14.72
_17485_,14.72
_19019_,14.72
_05623_,14.7
net943,14.7
u_auth_fsm.nonce_hist\[7\]\[53\],14.685
_05679_,14.68
_06209_,14.68
_09179_,14.68
_09816_,14.68
_11536_,14.68
_18329_,14.68
_18737_,14.68
fifo_nonce\[1\]\[119\],14.68
fifo_nonce\[1\]\[84\],14.68
u_aes128.round_key\[87\],14.68
_08572_,14.665
_10351_,14.66
fifo_nonce\[6\]\[116\],14.66
net2096,14.66
u_cmd_parser.timeout_cnt\[5\],14.65
_04050_,14.64
_05805_,14.64
_17385_,14.64
_17935_,14.64
fifo_nonce\[2\]\[2\],14.64
_06355_,14.62
_07508_,14.62
fifo_nonce\[3\]\[38\],14.62
u_auth_fsm.cur_nonce\[89\],14.62
net638,14.62
net2115,14.62
_10159_,14.6
fifo_nonce\[1\]\[62\],14.6
u_auth_fsm.nonce_hist\[1\]\[75\],14.6
u_cmd_parser.nonce_reg\[76\],14.6
_05727_,14.58
_05909_,14.58
_12106_,14.58
_17108_,14.575
_18021_,14.575
fifo_nonce\[2\]\[86\],14.56
u_auth_fsm.aes_plaintext\[125\],14.56
u_auth_fsm.aes_plaintext\[94\],14.56
_18860_,14.55
net552,14.54
_07739_,14.52
_09279_,14.52
_16897_,14.52
_19323_,14.52
fifo_nonce\[5\]\[6\],14.52
u_auth_fsm.nonce_hist\[5\]\[39\],14.52
_03818_,14.5
_16934_,14.5
fifo_nonce\[4\]\[94\],14.5
u_auth_fsm.nonce_hist\[3\]\[69\],14.495
_07985_,14.48
_11404_,14.48
_18968_,14.48
u_aes128.ciphertext\[121\],14.48
u_auth_fsm.nonce_hist\[6\]\[121\],14.48
net2063,14.48
net2105,14.48
net2142,14.48
_06481_,14.46
_08007_,14.46
_08085_,14.46
_10003_,14.46
_10733_,14.46
_13321_,14.46
_13503_,14.46
_14341_,14.46
_18470_,14.46
fifo_nonce\[2\]\[84\],14.46
u_auth_fsm.tx_payload\[90\],14.46
net1910,14.46
net2057,14.46
net2145,14.45
_13255_,14.44
_16428_,14.44
_17504_,14.44
fifo_nonce\[2\]\[102\],14.44
net1906,14.44
_17621_,14.435
_04912_,14.42
_06030_,14.42
_07665_,14.42
_10191_,14.42
_10381_,14.42
_11824_,14.42
_19142_,14.42
fifo_nonce\[7\]\[71\],14.42
net2291,14.42
_00770_,14.405
_11792_,14.4
_12871_,14.4
_14185_,14.4
_14567_,14.4
fifo_nonce\[5\]\[46\],14.4
_06414_,14.39
_08680_,14.38
_12617_,14.38
_12902_,14.38
_13581_,14.38
u_auth_fsm.nonce_hist\[6\]\[81\],14.38
net426,14.38
_14788_,14.375
_17483_,14.36
net1101,14.36
_19279_,14.34
_19474_,14.34
u_aes128.ciphertext\[52\],14.34
_09111_,14.32
_09215_,14.32
_18249_,14.32
fifo_nonce\[2\]\[85\],14.32
_17010_,14.305
_07013_,14.3
fifo_nonce\[0\]\[50\],14.3
fifo_nonce\[0\]\[58\],14.3
fifo_nonce\[7\]\[17\],14.3
_10649_,14.28
u_aes128.round_key\[40\],14.28
_01159_,14.26
_08883_,14.26
_14486_,14.26
_17571_,14.26
fifo_nonce\[1\]\[5\],14.26
_08012_,14.24
_08116_,14.24
_13576_,14.24
_15795_,14.24
_19506_,14.24
u_auth_fsm.hist_valid\[4\],14.24
net1468,14.24
net2140,14.22
_06838_,14.2
fifo_nonce\[6\]\[29\],14.2
net2253,14.2
_12301_,14.18
_16441_,14.18
_17187_,14.18
_19619_,14.18
u_auth_fsm.aes_key\[21\],14.18
_09144_,14.165
net2171,14.16
_08238_,14.14
_13273_,14.14
_13904_,14.14
_13979_,14.14
u_auth_fsm.secret_key\[103\],14.14
_10084_,14.125
fifo_nonce\[7\]\[101\],14.12
fifo_nonce\[3\]\[61\],14.105
_06051_,14.1
_13095_,14.1
_17863_,14.1
_19475_,14.1
u_aes128.round_key\[73\],14.1
net2125,14.1
_03852_,14.08
_16348_,14.08
net791,14.08
u_auth_fsm.tx_payload\[106\],14.065
_08371_,14.06
_17097_,14.06
_17776_,14.06
_18305_,14.06
u_auth_fsm.nonce_hist\[2\]\[124\],14.06
u_auth_fsm.nonce_hist\[4\]\[31\],14.06
_08396_,14.04
_10490_,14.04
_10567_,14.04
net522,14.04
_08728_,14.02
_09579_,14.02
_11168_,14.02
_17252_,14.02
net1295,14.02
_05810_,14
_06432_,14
_07695_,14
_10939_,14
_17356_,14
u_auth_fsm.nonce_hist\[2\]\[125\],13.99
_08323_,13.98
_09288_,13.98
_09877_,13.98
_09932_,13.98
_13716_,13.98
_12690_,13.965
_06189_,13.96
_09938_,13.96
_09977_,13.96
_10278_,13.96
_10914_,13.96
_18782_,13.96
u_auth_fsm.cur_nonce\[22\],13.96
u_auth_fsm.nonce_hist\[6\]\[68\],13.96
net606,13.96
net848,13.96
net1834,13.96
net2071,13.96
_13270_,13.94
_09553_,13.9
_09584_,13.9
_17812_,13.9
fifo_nonce\[3\]\[67\],13.9
u_cmd_parser.crc_hi_reg\[6\],13.9
net762,13.9
_11540_,13.88
_13656_,13.88
_17164_,13.88
_19648_,13.88
net2143,13.88
fifo_nonce\[5\]\[75\],13.865
_12066_,13.86
_13793_,13.86
_16579_,13.86
net1355,13.86
net2403,13.86
_05522_,13.845
_07669_,13.84
_10902_,13.84
_17470_,13.84
fifo_nonce\[3\]\[51\],13.84
_17188_,13.835
_10989_,13.8
_15674_,13.78
_19209_,13.78
fifo_nonce\[2\]\[41\],13.78
_07352_,13.76
_08851_,13.76
_11052_,13.76
fifo_nonce\[5\]\[41\],13.76
u_auth_fsm.tx_payload\[99\],13.76
net1902,13.76
_07233_,13.755
_07499_,13.74
_08856_,13.74
_09813_,13.74
_13327_,13.74
_19036_,13.74
u_auth_fsm.nonce_hist\[4\]\[22\],13.74
net1690,13.74
net2076,13.74
u_auth_fsm.tx_payload\[8\],13.73
_01909_,13.725
_04074_,13.72
_04709_,13.72
_11162_,13.72
_17835_,13.72
fifo_nonce\[3\]\[19\],13.72
fifo_nonce\[3\]\[53\],13.72
u_auth_fsm.secret_key\[49\],13.72
net1509,13.72
net2513,13.72
u_uart_tx.tx_data\[2\],13.705
_05494_,13.7
_13529_,13.7
_14917_,13.7
_19698_,13.7
_06729_,13.68
_07503_,13.68
_12003_,13.68
_12462_,13.68
_12941_,13.68
_19367_,13.68
fifo_nonce\[2\]\[26\],13.68
net2014,13.68
net2074,13.68
net2190,13.68
_06293_,13.675
_07509_,13.66
_13522_,13.66
_18570_,13.66
_19169_,13.66
u_aes128.round_key\[33\],13.66
u_auth_fsm.tx_payload\[83\],13.66
net954,13.66
_12864_,13.64
_14579_,13.64
_18887_,13.64
fifo_nonce\[0\]\[26\],13.64
u_auth_fsm.nonce_hist\[1\]\[40\],13.64
_18141_,13.635
_15422_,13.62
_19104_,13.62
net2169,13.62
net2402,13.62
_07180_,13.6
_19566_,13.6
fifo_nonce\[2\]\[40\],13.6
fifo_nonce\[2\]\[8\],13.6
u_auth_fsm.aes_plaintext\[17\],13.6
u_auth_fsm.nonce_hist\[3\]\[39\],13.6
_07637_,13.58
_08448_,13.58
_12123_,13.58
_12178_,13.58
_13606_,13.58
_14056_,13.58
fifo_nonce\[5\]\[100\],13.58
fifo_nonce\[7\]\[66\],13.58
u_auth_fsm.nonce_hist\[5\]\[72\],13.58
u_auth_fsm.tx_payload\[76\],13.58
_06956_,13.56
_07933_,13.56
_14139_,13.56
_15221_,13.56
u_auth_fsm.nonce_hist\[6\]\[42\],13.56
net464,13.56
net546,13.56
u_auth_fsm.nonce_hist\[4\]\[4\],13.545
_04254_,13.54
_04956_,13.54
_06564_,13.54
_08144_,13.54
_10819_,13.54
_13254_,13.54
fifo_nonce\[1\]\[17\],13.54
u_cmd_parser.cmd_reg\[5\],13.54
net2134,13.54
_07941_,13.52
_17254_,13.52
_19057_,13.52
fifo_nonce\[3\]\[125\],13.52
u_auth_fsm.nonce_hist\[6\]\[14\],13.515
_04288_,13.5
_08293_,13.5
_09154_,13.5
_10826_,13.5
_11635_,13.5
_16475_,13.5
_18107_,13.5
_18826_,13.5
_19133_,13.5
u_auth_fsm.aes_plaintext\[50\],13.5
u_auth_fsm.nonce_hist\[7\]\[70\],13.5
u_auth_fsm.secret_key\[2\],13.5
u_cmd_parser.nonce_reg\[1\],13.5
net1775,13.5
net2117,13.5
net2482,13.5
_14838_,13.49
_15740_,13.48
_16159_,13.48
fifo_nonce\[6\]\[91\],13.48
net735,13.48
_02103_,13.46
_05325_,13.46
fifo_nonce\[5\]\[118\],13.46
u_cmd_parser.state\[2\],13.46
_04833_,13.44
_06819_,13.44
_07001_,13.44
_07633_,13.44
_08784_,13.44
fifo_nonce\[4\]\[7\],13.44
u_cmd_parser.crc_reg\[13\],13.44
net1356,13.44
_06107_,13.42
_10009_,13.42
_13288_,13.42
_13669_,13.42
_17549_,13.42
_18241_,13.42
_19527_,13.42
u_cmd_parser.payload_count\[2\],13.42
fifo_nonce\[7\]\[122\],13.415
_14247_,13.4
_19027_,13.4
_07619_,13.38
_09707_,13.38
_10848_,13.38
_14731_,13.38
_18285_,13.38
_19579_,13.38
fifo_nonce\[1\]\[37\],13.38
u_auth_fsm.aes_key\[50\],13.38
u_auth_fsm.tx_payload\[113\],13.38
net840,13.38
net1116,13.38
_11580_,13.36
kdf_state\[1\],13.36
_07784_,13.34
_15803_,13.34
_17353_,13.34
fifo_nonce\[5\]\[103\],13.34
u_aes128.gen_state_sbox\[12\].sb_state.in\[6\],13.34
u_cmd_parser.timeout_cnt\[17\],13.34
fifo_nonce\[6\]\[11\],13.335
_08748_,13.32
_17345_,13.32
net2089,13.32
net2451,13.32
net1269,13.315
_05609_,13.3
_08663_,13.3
_10988_,13.3
_13067_,13.3
_13943_,13.3
_17160_,13.3
fifo_nonce\[3\]\[63\],13.3
fifo_nonce\[7\]\[118\],13.3
u_aes128.gen_key_sbox\[3\].sb_key.in\[3\],13.3
u_auth_fsm.nonce_hist\[6\]\[8\],13.3
u_auth_fsm.nonce_hist\[7\]\[39\],13.3
u_auth_fsm.secret_key\[65\],13.3
u_cmd_parser.nonce_reg\[4\],13.3
net2355,13.3
_11273_,13.285
_14004_,13.28
fifo_nonce\[3\]\[74\],13.28
fifo_nonce\[3\]\[76\],13.28
net1015,13.28
net2128,13.28
_10427_,13.27
_04701_,13.26
_05550_,13.26
_06262_,13.26
_16527_,13.26
_17040_,13.26
_18348_,13.26
_19341_,13.26
fifo_nonce\[3\]\[0\],13.26
fifo_nonce\[3\]\[80\],13.26
u_auth_fsm.nonce_hist\[5\]\[112\],13.26
_12821_,13.255
u_auth_fsm.nonce_hist\[5\]\[17\],13.255
_13054_,13.25
_02767_,13.24
fifo_nonce\[2\]\[70\],13.24
net2189,13.24
_18055_,13.225
_06188_,13.22
_13119_,13.22
_13316_,13.22
_18476_,13.22
u_auth_fsm.aes_key\[119\],13.22
u_auth_fsm.nonce_hist\[5\]\[73\],13.22
net1068,13.22
net2360,13.22
_13163_,13.21
_01612_,13.2
_06891_,13.2
_08614_,13.2
_11029_,13.2
_11669_,13.2
_12320_,13.2
_17012_,13.2
_17335_,13.2
_18150_,13.2
_19342_,13.2
u_auth_fsm.nonce_hist\[1\]\[32\],13.2
_09616_,13.195
_06967_,13.18
_08083_,13.18
_08506_,13.18
_11709_,13.18
fifo_nonce\[4\]\[120\],13.18
fifo_nonce\[7\]\[3\],13.18
net502,13.18
_14836_,13.165
net744,13.165
_03361_,13.16
_05989_,13.16
_08816_,13.16
_12347_,13.16
_15892_,13.16
_18385_,13.16
fifo_nonce\[2\]\[108\],13.16
net697,13.145
_17703_,13.14
_17937_,13.14
_19600_,13.14
fifo_nonce\[6\]\[83\],13.14
_10976_,13.135
_03633_,13.12
_06184_,13.12
_07224_,13.12
_13159_,13.12
fifo_nonce\[2\]\[51\],13.12
u_auth_fsm.cur_nonce\[76\],13.12
u_cmd_parser.cmd_get_id,13.12
net1021,13.12
_05828_,13.1
_06899_,13.1
_16998_,13.1
_17815_,13.1
fifo_nonce\[2\]\[121\],13.1
u_auth_fsm.secret_key\[54\],13.1
_08685_,13.085
_04537_,13.08
_06871_,13.08
_07971_,13.08
_09515_,13.08
_13241_,13.08
_15408_,13.08
_18929_,13.08
_19155_,13.08
_19433_,13.08
_01112_,13.065
_06133_,13.06
_14409_,13.06
_14753_,13.06
net2247,13.06
_01330_,13.04
_06010_,13.04
_07604_,13.04
_08120_,13.04
_10636_,13.04
_12073_,13.04
_14812_,13.04
fifo_nonce\[3\]\[79\],13.04
u_auth_fsm.cur_nonce\[4\],13.04
net2098,13.04
_03740_,13.02
_04511_,13.02
_10840_,13.02
_17179_,13.02
_18949_,13.02
u_auth_fsm.cooldown_cnt\[24\],13.02
_10784_,13
_14530_,13
_17423_,13
_17555_,13
_18306_,13
u_auth_fsm.nonce_hist\[4\]\[2\],13
net423,13
net621,13
net822,13
_11834_,12.99
_00411_,12.985
fifo_nonce\[1\]\[64\],12.985
_03555_,12.98
_07030_,12.98
_08702_,12.98
_10833_,12.98
_14694_,12.98
_18771_,12.98
_01619_,12.96
_05489_,12.96
_06966_,12.96
_07711_,12.96
_10871_,12.96
_11089_,12.96
_11588_,12.96
_15945_,12.96
_16357_,12.96
_16545_,12.96
_16570_,12.96
_17593_,12.96
_18936_,12.96
net2025,12.96
u_auth_fsm.nonce_hist\[3\]\[40\],12.95
_07417_,12.94
_10399_,12.94
_10846_,12.94
_14653_,12.94
_19692_,12.94
u_auth_fsm.nonce_hist\[1\]\[31\],12.94
net780,12.94
_05876_,12.92
_07620_,12.92
_11276_,12.92
_12552_,12.92
_13539_,12.92
_17768_,12.92
_18183_,12.92
_18783_,12.92
_19618_,12.92
fifo_nonce\[5\]\[51\],12.92
u_aes128.round_key\[63\],12.92
u_auth_fsm.cooldown_cnt\[16\],12.92
u_auth_fsm.fail_cnt\[2\],12.92
net1382,12.92
_02096_,12.9
fifo_nonce\[3\]\[65\],12.9
u_auth_fsm.nonce_hist\[1\]\[33\],12.9
net1549,12.9
_17845_,12.885
_01719_,12.88
_05560_,12.88
_11865_,12.88
_17224_,12.88
_17590_,12.88
u_auth_fsm.tx_payload\[21\],12.88
u_cmd_parser.timeout_cnt\[14\],12.88
_12214_,12.865
_15947_,12.86
_17959_,12.86
_18042_,12.86
_18213_,12.86
net924,12.86
net942,12.86
net2175,12.86
_11677_,12.845
_13773_,12.84
_13837_,12.84
_14207_,12.84
_17556_,12.84
_17844_,12.84
u_auth_fsm.tx_payload\[94\],12.84
u_uart_tx.tx_data\[4\],12.84
net1806,12.84
net2177,12.84
_09097_,12.825
_04760_,12.82
_10896_,12.82
_19097_,12.82
fifo_nonce\[1\]\[44\],12.82
net2054,12.82
_05216_,12.8
_05976_,12.8
_08481_,12.8
_09680_,12.8
_09792_,12.8
_12809_,12.8
_14086_,12.8
_18750_,12.8
fifo_nonce\[4\]\[1\],12.8
fifo_nonce\[6\]\[72\],12.8
u_aes128.round_key\[67\],12.8
u_auth_fsm.aes_key\[125\],12.8
u_auth_fsm.tx_payload\[88\],12.8
net1744,12.8
_10797_,12.785
fifo_nonce\[3\]\[40\],12.785
_03271_,12.78
_03844_,12.78
_12913_,12.78
_19339_,12.78
fifo_nonce\[3\]\[5\],12.78
_06454_,12.76
_08466_,12.76
_09120_,12.76
_11188_,12.76
_13527_,12.76
_19711_,12.76
fifo_nonce\[1\]\[123\],12.76
fifo_nonce\[1\]\[51\],12.76
u_auth_fsm.aes_plaintext\[113\],12.76
u_auth_fsm.nonce_hist\[1\]\[20\],12.76
u_auth_fsm.nonce_hist\[7\]\[98\],12.76
net1125,12.76
net1727,12.76
_11303_,12.75
_17900_,12.75
_06331_,12.745
_09675_,12.745
_01383_,12.74
_01598_,12.74
_02340_,12.74
_02747_,12.74
_03623_,12.74
_06145_,12.74
_09705_,12.74
_17505_,12.74
_19308_,12.74
fifo_nonce\[4\]\[16\],12.74
u_auth_fsm.tx_payload\[58\],12.74
_17495_,12.73
_05696_,12.725
_04916_,12.72
_04985_,12.72
_07072_,12.72
_17538_,12.72
_18228_,12.72
_19488_,12.72
fifo_nonce\[1\]\[105\],12.72
u_auth_fsm.nonce_hist\[3\]\[93\],12.72
u_auth_fsm.nonce_hist\[7\]\[13\],12.72
_04443_,12.7
_06654_,12.7
_10052_,12.7
fifo_nonce\[0\]\[2\],12.7
uart_rx_i,12.7
net2133,12.7
net2514,12.7
_04936_,12.68
_08582_,12.68
_17902_,12.68
_08969_,12.675
_14721_,12.675
_13076_,12.67
_04608_,12.66
_09269_,12.66
_17727_,12.66
_19401_,12.66
fifo_nonce\[2\]\[14\],12.66
u_auth_fsm.aes_plaintext\[99\],12.66
net542,12.66
_05304_,12.64
_08687_,12.64
_19208_,12.64
fifo_nonce\[2\]\[119\],12.64
u_auth_fsm.cur_nonce\[48\],12.64
u_auth_fsm.nonce_hist\[7\]\[40\],12.64
_17629_,12.63
fifo_nonce\[4\]\[20\],12.63
_17634_,12.625
_01354_,12.62
_05946_,12.62
_07957_,12.62
_09776_,12.62
_10266_,12.62
_12900_,12.62
_16448_,12.62
_17218_,12.62
_17487_,12.62
_17954_,12.62
_19634_,12.62
fifo_nonce\[2\]\[11\],12.62
fifo_nonce\[2\]\[19\],12.62
u_auth_fsm.nonce_hist\[7\]\[66\],12.62
net971,12.62
_10473_,12.6
_16967_,12.6
_17833_,12.6
_19074_,12.6
net1306,12.6
_09684_,12.58
_13323_,12.58
_19427_,12.58
fifo_nonce\[1\]\[28\],12.58
fifo_nonce\[6\]\[84\],12.58
fifo_nonce\[6\]\[94\],12.58
u_aes128.gen_state_sbox\[1\].sb_state.in\[6\],12.58
u_auth_fsm.cur_nonce\[2\],12.58
u_auth_fsm.cur_nonce\[34\],12.58
net1935,12.58
net2101,12.58
_03679_,12.56
_04870_,12.56
_19037_,12.56
fifo_nonce\[4\]\[124\],12.56
net1961,12.56
_14736_,12.545
net460,12.545
_00841_,12.54
_04339_,12.54
_04864_,12.54
_05827_,12.54
_11016_,12.54
_12722_,12.54
_15959_,12.54
_18759_,12.54
_00219_,12.52
_00463_,12.52
_01454_,12.52
_09214_,12.52
_14934_,12.52
_05691_,12.51
_01817_,12.5
_03614_,12.5
_05139_,12.5
_07076_,12.5
_11689_,12.5
_12898_,12.5
_14879_,12.5
_16912_,12.5
_17232_,12.5
fifo_nonce\[1\]\[3\],12.5
fifo_nonce\[6\]\[126\],12.5
net2295,12.5
net2449,12.5
_08104_,12.48
_11785_,12.48
_12721_,12.48
_16346_,12.48
fifo_nonce\[2\]\[12\],12.48
_13515_,12.47
_06975_,12.46
_12164_,12.46
_17853_,12.46
fifo_nonce\[1\]\[14\],12.46
u_auth_fsm.cur_nonce\[104\],12.46
net1516,12.46
_14832_,12.45
_04899_,12.44
_07289_,12.44
_17728_,12.44
fifo_nonce\[3\]\[14\],12.44
net879,12.44
net1169,12.44
net2037,12.44
_03600_,12.42
_09717_,12.42
_11288_,12.42
_11364_,12.42
fifo_nonce\[2\]\[127\],12.42
net1505,12.42
_17602_,12.4
_19439_,12.4
net473,12.4
net1807,12.4
net2148,12.4
_07952_,12.39
_13181_,12.385
_02803_,12.38
_07593_,12.38
_10642_,12.38
_15967_,12.38
fifo_nonce\[5\]\[50\],12.38
_07414_,12.365
_09722_,12.36
_10022_,12.36
_14155_,12.36
fifo_nonce\[1\]\[19\],12.36
net1413,12.36
_08567_,12.355
fifo_nonce\[3\]\[75\],12.345
_01799_,12.34
_03822_,12.34
_04019_,12.34
_06095_,12.34
_13843_,12.34
_14210_,12.34
_17222_,12.34
_18789_,12.34
u_aes128.round_key\[56\],12.34
u_auth_fsm.cur_nonce\[72\],12.34
u_auth_fsm.nonce_hist\[4\]\[62\],12.34
net1781,12.34
net2471,12.34
net558,12.32
net1519,12.32
_01445_,12.3
_03568_,12.3
_06317_,12.3
_06554_,12.3
_10552_,12.3
_10844_,12.3
_13608_,12.3
_13802_,12.3
_16643_,12.3
_17246_,12.3
_17650_,12.3
_19219_,12.3
fifo_nonce\[1\]\[23\],12.3
net633,12.3
net2109,12.3
_13275_,12.285
_03222_,12.28
_04719_,12.28
_07049_,12.28
_07829_,12.28
_11210_,12.28
_13721_,12.28
_18082_,12.28
fifo_nonce\[3\]\[9\],12.28
u_auth_fsm.nonce_hist\[0\]\[62\],12.28
u_auth_fsm.tx_payload\[35\],12.28
net577,12.28
net1785,12.28
net1912,12.28
_06560_,12.26
_12387_,12.26
_13737_,12.26
_17102_,12.26
fifo_nonce\[2\]\[37\],12.26
u_aes128.round_key\[78\],12.26
u_auth_fsm.cur_nonce\[69\],12.26
u_auth_fsm.secret_key\[83\],12.26
_09067_,12.255
_03839_,12.24
_04060_,12.24
_10452_,12.24
_11517_,12.24
_12633_,12.24
_13674_,12.24
_14637_,12.24
_18064_,12.24
_18068_,12.24
_18427_,12.24
fifo_nonce\[4\]\[78\],12.24
_01347_,12.22
_06807_,12.22
_08772_,12.22
_14573_,12.22
_19432_,12.22
fifo_nonce\[7\]\[46\],12.22
u_auth_fsm.aes_plaintext\[49\],12.22
u_auth_fsm.nonce_hist\[0\]\[116\],12.22
_07234_,12.215
_17162_,12.215
_11610_,12.21
fifo_nonce\[0\]\[55\],12.21
u_auth_fsm.tx_payload\[9\],12.205
_07569_,12.2
_10378_,12.2
_19695_,12.2
fifo_nonce\[4\]\[74\],12.2
u_auth_fsm.aes_plaintext\[98\],12.2
u_auth_fsm.cur_nonce\[16\],12.2
_01673_,12.18
_05015_,12.18
_10461_,12.18
_12209_,12.18
_12544_,12.18
fifo_nonce\[5\]\[79\],12.18
u_cmd_parser.nonce_reg\[71\],12.18
net700,12.18
_04980_,12.16
_08913_,12.16
_11671_,12.16
_12675_,12.16
_13139_,12.16
_13351_,12.16
_13547_,12.16
_13829_,12.16
_15756_,12.16
_17250_,12.16
_18227_,12.16
fifo_nonce\[1\]\[93\],12.16
fifo_nonce\[6\]\[42\],12.16
net2204,12.16
_07883_,12.15
_05147_,12.14
_05186_,12.14
_05495_,12.14
_05942_,12.14
_08741_,12.14
_11633_,12.14
_12447_,12.14
_19144_,12.14
_19620_,12.14
fifo_nonce\[0\]\[18\],12.14
fifo_nonce\[2\]\[0\],12.14
u_auth_fsm.nonce_hist\[4\]\[75\],12.14
u_auth_fsm.nonce_hist\[6\]\[13\],12.14
_04107_,12.12
_04725_,12.12
_09978_,12.12
_14094_,12.12
_16504_,12.12
_16752_,12.12
_17285_,12.12
fifo_nonce\[2\]\[105\],12.12
fifo_nonce\[6\]\[39\],12.12
fifo_nonce\[7\]\[11\],12.12
fifo_nonce\[7\]\[8\],12.12
net654,12.12
net737,12.12
net2003,12.12
net2110,12.12
net2425,12.12
_04738_,12.1
_05361_,12.1
_09870_,12.1
_18562_,12.1
fifo_nonce\[1\]\[107\],12.1
fifo_nonce\[5\]\[83\],12.1
u_aes128.round_key\[62\],12.1
u_aes128.round_key\[98\],12.1
net1656,12.1
_12401_,12.095
_01367_,12.08
_04557_,12.08
_04607_,12.08
_04951_,12.08
_09190_,12.08
_14851_,12.08
fifo_nonce\[5\]\[73\],12.08
fifo_nonce\[7\]\[90\],12.08
u_auth_fsm.tx_payload\[45\],12.08
u_cmd_parser.payload_count\[1\],12.08
_09859_,12.06
_13157_,12.06
_14657_,12.06
_19667_,12.06
fifo_nonce\[4\]\[114\],12.06
fifo_nonce\[4\]\[50\],12.06
fifo_nonce\[4\]\[93\],12.06
fifo_nonce\[5\]\[28\],12.06
_01355_,12.04
_03216_,12.04
_06623_,12.04
_06816_,12.04
_07553_,12.04
_09203_,12.04
_09808_,12.04
_11496_,12.04
_11959_,12.04
_11987_,12.04
_12259_,12.04
_13582_,12.04
_14388_,12.04
_14523_,12.04
_16893_,12.04
_17136_,12.04
_17313_,12.04
_17708_,12.04
_18492_,12.04
_18624_,12.04
_19151_,12.04
_19581_,12.04
u_auth_fsm.cooldown_cnt\[14\],12.04
u_cmd_parser.nonce_reg\[111\],12.04
net651,12.04
net1347,12.04
net2318,12.04
net2390,12.04
_17661_,12.03
_03550_,12.025
_09306_,12.02
_15139_,12.02
_15593_,12.02
_19657_,12.02
u_auth_fsm.cooldown_cnt\[15\],12.02
net1774,12.02
_08450_,12
fifo_nonce\[1\]\[103\],12
fifo_nonce\[1\]\[70\],12
fifo_nonce\[6\]\[117\],12
u_aes128.round_key\[121\],12
u_auth_fsm.aes_plaintext\[55\],12
u_auth_fsm.aes_plaintext\[81\],12
u_auth_fsm.tx_payload\[66\],12
net2015,12
_17205_,11.995
_07290_,11.98
_11839_,11.98
u_auth_fsm.nonce_hist\[2\]\[82\],11.98
net474,11.98
net2231,11.98
_01438_,11.96
_05692_,11.96
_09745_,11.96
_10062_,11.96
_14170_,11.96
_14717_,11.96
_17477_,11.96
_17027_,11.95
_01184_,11.94
_03272_,11.94
_03426_,11.94
_09297_,11.94
_10586_,11.94
_17217_,11.94
_19179_,11.94
net452,11.94
_10056_,11.93
_07082_,11.92
_08661_,11.92
_11330_,11.92
_19524_,11.92
u_auth_fsm.aes_plaintext\[80\],11.92
_14420_,11.91
_02660_,11.9
_02960_,11.9
_10184_,11.9
_18032_,11.9
_18785_,11.9
net1460,11.9
net2278,11.9
_07081_,11.895
_06980_,11.885
_09189_,11.885
_12759_,11.88
_14118_,11.88
_16040_,11.88
u_aes128.ciphertext\[36\],11.88
u_aes128.round_key\[46\],11.88
u_auth_fsm.aes_plaintext\[86\],11.88
u_auth_fsm.cur_nonce\[45\],11.88
u_auth_fsm.tx_payload\[44\],11.88
u_cmd_parser.rx_byte\[3\],11.88
_13360_,11.86
_15555_,11.86
fifo_nonce\[2\]\[38\],11.86
net1103,11.86
net2075,11.86
_06497_,11.84
_07108_,11.84
_10786_,11.84
_11789_,11.84
_17668_,11.84
u_auth_fsm.secret_key\[87\],11.84
net671,11.84
net708,11.84
net716,11.84
net775,11.84
net827,11.84
_02166_,11.82
_04135_,11.82
_05756_,11.82
_06577_,11.82
_07995_,11.82
_08898_,11.82
_10746_,11.82
_10930_,11.82
_12108_,11.82
_14365_,11.82
_18108_,11.82
fifo_nonce\[1\]\[9\],11.82
fifo_nonce\[6\]\[71\],11.82
u_auth_fsm.cooldown_cnt\[5\],11.82
u_auth_fsm.cur_nonce\[60\],11.82
net573,11.82
net782,11.82
net2222,11.82
_05972_,11.8
_06942_,11.8
_10508_,11.8
_16956_,11.8
_18345_,11.8
_18834_,11.8
fifo_nonce\[3\]\[98\],11.8
net635,11.8
net1997,11.8
_02270_,11.78
_02691_,11.78
_04828_,11.78
_05335_,11.78
_09362_,11.78
_16574_,11.78
_17627_,11.78
fifo_nonce\[0\]\[31\],11.78
fifo_nonce\[3\]\[113\],11.78
fifo_nonce\[4\]\[28\],11.78
rst_n,11.78
u_aes128.gen_state_sbox\[12\].sb_state.in\[4\],11.78
net511,11.78
net856,11.78
net1102,11.78
_12058_,11.765
_02815_,11.76
_08740_,11.76
_10676_,11.76
_12273_,11.76
fifo_nonce\[3\]\[60\],11.76
fifo_nonce\[6\]\[50\],11.76
u_auth_fsm.nonce_hist\[7\]\[61\],11.76
net1168,11.76
u_auth_fsm.nonce_hist\[7\]\[31\],11.755
_10395_,11.745
_11171_,11.745
_12006_,11.74
_13455_,11.74
_18526_,11.74
u_auth_fsm.aes_plaintext\[110\],11.74
_17952_,11.73
_06902_,11.72
_07395_,11.72
_08689_,11.72
_08972_,11.72
_09600_,11.72
_11227_,11.72
_11549_,11.72
_12881_,11.72
_17701_,11.72
_19650_,11.72
fifo_nonce\[5\]\[66\],11.72
fifo_nonce\[5\]\[67\],11.72
net812,11.72
net818,11.72
net2085,11.72
_01590_,11.705
_01592_,11.705
_02642_,11.7
_03953_,11.7
_06172_,11.7
_06808_,11.7
_07643_,11.7
_11674_,11.7
_12527_,11.7
_14397_,11.7
_15535_,11.7
_16449_,11.7
fifo_nonce\[7\]\[127\],11.7
u_auth_fsm.secret_key\[123\],11.7
net1083,11.7
net2313,11.7
_07382_,11.68
_08862_,11.68
_09749_,11.68
_16122_,11.68
fifo_nonce\[7\]\[23\],11.68
u_auth_fsm.aes_plaintext\[88\],11.68
_12062_,11.67
_04047_,11.66
_06368_,11.66
_07153_,11.66
_10805_,11.66
_12501_,11.66
_15340_,11.66
_16105_,11.66
u_aes128.gen_state_sbox\[7\].sb_state.in\[1\],11.66
u_auth_fsm.cur_nonce\[113\],11.66
u_auth_fsm.nonce_hist\[5\]\[65\],11.66
_04087_,11.64
_05292_,11.64
_08794_,11.64
_09480_,11.64
_16523_,11.64
_19526_,11.64
fifo_nonce\[3\]\[55\],11.64
fifo_nonce\[4\]\[49\],11.64
fifo_nonce\[4\]\[55\],11.64
fifo_nonce\[5\]\[101\],11.64
u_auth_fsm.nonce_hist\[3\]\[125\],11.635
_11618_,11.63
_04232_,11.62
_04584_,11.62
_05637_,11.62
_06914_,11.62
_08392_,11.62
_16070_,11.62
_17149_,11.62
_17474_,11.62
_18223_,11.62
_18414_,11.62
fifo_nonce\[6\]\[120\],11.62
fifo_nonce\[6\]\[67\],11.62
u_auth_fsm.nonce_hist\[1\]\[8\],11.62
u_auth_fsm.nonce_hist\[6\]\[110\],11.62
_03559_,11.6
_11223_,11.6
_11447_,11.6
_13661_,11.6
u_auth_fsm.nonce_hist\[6\]\[31\],11.6
net1805,11.6
net1966,11.6
net2293,11.6
u_auth_fsm.nonce_hist\[3\]\[29\],11.585
_04794_,11.58
_07230_,11.58
_09259_,11.58
_12240_,11.58
_16294_,11.58
_18280_,11.58
_19193_,11.58
fifo_nonce\[0\]\[22\],11.58
fifo_nonce\[2\]\[87\],11.58
fifo_nonce\[7\]\[93\],11.58
u_auth_fsm.cur_nonce\[46\],11.58
net832,11.58
net1135,11.58
net2227,11.58
_10515_,11.56
_19164_,11.56
fifo_nonce\[3\]\[62\],11.56
net751,11.56
net1769,11.56
_05206_,11.54
_14214_,11.54
fifo_nonce\[6\]\[9\],11.54
u_aes128.round_key\[120\],11.54
net770,11.54
net839,11.54
net1369,11.54
net1767,11.54
net1915,11.54
_17134_,11.52
_17720_,11.52
_19517_,11.52
u_auth_fsm.nonce_hist\[7\]\[43\],11.52
net853,11.52
net2028,11.52
_09713_,11.51
_07057_,11.5
_11216_,11.5
_16381_,11.5
_18215_,11.5
fifo_nonce\[3\]\[120\],11.5
_10005_,11.48
_11138_,11.48
_11800_,11.48
_12078_,11.48
_17421_,11.48
net1392,11.48
fifo_nonce\[0\]\[80\],11.47
_02902_,11.46
_03560_,11.46
_09587_,11.46
_11123_,11.46
_11690_,11.46
_13114_,11.46
_18051_,11.46
_18121_,11.46
_18313_,11.46
_18871_,11.46
fifo_nonce\[0\]\[8\],11.46
fifo_nonce\[5\]\[53\],11.46
u_auth_fsm.nonce_hist\[4\]\[49\],11.46
u_auth_fsm.nonce_hist\[6\]\[86\],11.46
net740,11.46
net749,11.46
net919,11.46
net1968,11.445
_08615_,11.44
fifo_nonce\[1\]\[55\],11.44
u_auth_fsm.secret_key\[38\],11.44
net2273,11.44
u_auth_fsm.nonce_hist\[0\]\[103\],11.425
_06759_,11.42
_07622_,11.42
_08776_,11.42
_09588_,11.42
_10749_,11.42
_13129_,11.42
_19525_,11.42
fifo_nonce\[1\]\[79\],11.42
fifo_nonce\[5\]\[34\],11.42
fifo_nonce\[7\]\[64\],11.42
u_auth_fsm.aes_plaintext\[85\],11.42
_09986_,11.4
fifo_nonce\[3\]\[2\],11.4
net2329,11.4
_00181_,11.38
_06640_,11.38
_08635_,11.38
_17191_,11.38
_19378_,11.38
fifo_nonce\[3\]\[44\],11.38
net454,11.38
net681,11.38
net788,11.38
net794,11.38
net1458,11.38
net1918,11.38
_17283_,11.37
_05307_,11.36
_05534_,11.36
_07974_,11.36
_08770_,11.36
_08888_,11.36
_10761_,11.36
_10851_,11.36
_11771_,11.36
_11788_,11.36
_15202_,11.36
_16836_,11.36
_17338_,11.36
_17360_,11.36
u_auth_fsm.secret_key\[66\],11.36
net661,11.36
net667,11.36
net1615,11.36
net2072,11.36
_11106_,11.35
_13678_,11.35
_10238_,11.345
_10570_,11.34
_13760_,11.34
_17966_,11.34
fifo_nonce\[2\]\[16\],11.34
fifo_nonce\[2\]\[24\],11.34
fifo_nonce\[3\]\[88\],11.34
u_auth_fsm.hist_valid\[2\],11.34
_17582_,11.33
_00008_,11.32
_01316_,11.32
_04757_,11.32
_05887_,11.32
_05974_,11.32
_06220_,11.32
_06436_,11.32
_07455_,11.32
_11529_,11.32
_11744_,11.32
_13482_,11.32
_15305_,11.32
fifo_nonce\[1\]\[58\],11.32
u_auth_fsm.secret_key\[5\],11.32
net437,11.32
net992,11.32
net2016,11.32
_08937_,11.3
_18019_,11.3
_18072_,11.3
_18350_,11.3
fifo_nonce\[3\]\[41\],11.3
u_aes128.round_key\[50\],11.3
u_auth_fsm.cooldown_cnt\[6\],11.3
net462,11.3
net1525,11.3
u_auth_fsm.nonce_hist\[2\]\[69\],11.295
_17854_,11.29
_04198_,11.28
_05763_,11.28
_08062_,11.28
_09890_,11.28
_14162_,11.28
_14777_,11.28
_15027_,11.28
_16234_,11.28
_18309_,11.28
_18691_,11.28
fifo_nonce\[3\]\[127\],11.28
u_aes128.round_key\[77\],11.28
u_auth_fsm.cur_nonce\[125\],11.28
net1974,11.28
_05435_,11.26
_05981_,11.26
_11208_,11.26
_11650_,11.26
_12832_,11.26
_13180_,11.26
_17237_,11.26
_19189_,11.26
_19272_,11.26
fifo_nonce\[6\]\[33\],11.26
u_auth_fsm.cur_nonce\[33\],11.26
_00263_,11.24
_03023_,11.24
_05733_,11.24
_06641_,11.24
_09643_,11.24
_09880_,11.24
_11405_,11.24
_11731_,11.24
_12119_,11.24
_12931_,11.24
_14367_,11.24
_18307_,11.24
_19072_,11.24
fifo_nonce\[5\]\[85\],11.24
u_auth_fsm.tx_payload\[69\],11.24
net553,11.24
net557,11.24
net1697,11.24
net1804,11.24
net1998,11.24
net2342,11.24
net2419,11.24
net2457,11.24
_10695_,11.22
_11174_,11.22
fifo_nonce\[4\]\[82\],11.22
net1715,11.22
_01336_,11.2
_04015_,11.2
_08074_,11.2
_09440_,11.2
_10517_,11.2
_10544_,11.2
_12330_,11.2
_14400_,11.2
_14419_,11.2
_16311_,11.2
fifo_nonce\[2\]\[4\],11.2
fifo_nonce\[6\]\[30\],11.2
fifo_nonce\[6\]\[4\],11.2
fifo_nonce\[7\]\[32\],11.2
net771,11.2
net1557,11.2
net2073,11.2
net2399,11.2
_04743_,11.18
_05306_,11.18
_11046_,11.18
_13281_,11.18
_13660_,11.18
_17054_,11.18
fifo_nonce\[4\]\[52\],11.18
fifo_nonce\[5\]\[95\],11.18
u_auth_fsm.nonce_hist\[1\]\[9\],11.18
u_auth_fsm.nonce_hist\[7\]\[65\],11.18
_17793_,11.175
_00433_,11.165
_00622_,11.165
u_auth_fsm.nonce_hist\[2\]\[100\],11.165
_04753_,11.16
_05788_,11.16
_06207_,11.16
_09285_,11.16
_10126_,11.16
_15279_,11.16
_17330_,11.16
_18218_,11.16
fifo_nonce\[6\]\[106\],11.16
fifo_nonce\[7\]\[97\],11.16
_17740_,11.155
_03668_,11.14
_03821_,11.14
_17794_,11.14
_18579_,11.14
net913,11.14
net2046,11.14
net2047,11.13
_03703_,11.12
_07272_,11.12
_07705_,11.12
_08027_,11.12
_08393_,11.12
_09101_,11.12
_10654_,11.12
_13723_,11.12
_14362_,11.12
_14856_,11.12
_17492_,11.12
_18087_,11.12
_18969_,11.12
_19066_,11.12
fifo_type\[5\],11.12
u_aes128.round_key\[35\],11.12
net935,11.12
net1428,11.12
net1821,11.12
net2082,11.12
_14627_,11.11
net798,11.105
_06161_,11.1
_09163_,11.1
_13115_,11.1
_19055_,11.1
net1002,11.1
u_auth_fsm.tx_payload\[109\],11.085
_12319_,11.08
_16914_,11.08
fifo_nonce\[5\]\[92\],11.08
u_auth_fsm.aes_key\[124\],11.08
u_auth_fsm.nonce_hist\[2\]\[17\],11.08
u_auth_fsm.nonce_hist\[4\]\[65\],11.08
net931,11.08
net2103,11.08
net2174,11.08
_19500_,11.07
_01420_,11.065
_08477_,11.06
_08692_,11.06
_12168_,11.06
fifo_nonce\[5\]\[112\],11.06
net1708,11.06
net1757,11.06
_13222_,11.04
_17355_,11.04
fifo_nonce\[1\]\[113\],11.04
fifo_nonce\[7\]\[4\],11.04
net562,11.04
net590,11.04
net618,11.04
net646,11.04
_02677_,11.02
_08621_,11.02
_10886_,11.02
_12323_,11.02
_12485_,11.02
_12780_,11.02
_12782_,11.02
_16495_,11.02
_16855_,11.02
_17196_,11.02
_17951_,11.02
_18389_,11.02
net2429,11.02
_06046_,11.01
_12016_,11.01
_06206_,11
_07080_,11
_07271_,11
_08093_,11
_11102_,11
_12515_,11
_14641_,11
_18159_,11
fifo_nonce\[1\]\[126\],11
fifo_nonce\[3\]\[71\],11
u_auth_fsm.nonce_hist\[3\]\[112\],11
_01405_,10.98
_05923_,10.98
_07992_,10.98
_18863_,10.98
fifo_nonce\[6\]\[32\],10.98
u_aes128.round_key\[126\],10.98
_04874_,10.96
_06315_,10.96
_10111_,10.96
_10841_,10.96
fifo_nonce\[7\]\[7\],10.96
u_auth_fsm.cur_nonce\[1\],10.96
u_auth_fsm.nonce_hist\[2\]\[106\],10.96
u_auth_fsm.nonce_hist\[6\]\[79\],10.96
u_auth_fsm.nonce_hist\[7\]\[110\],10.96
net929,10.96
_11268_,10.95
_06072_,10.945
_12758_,10.94
_17272_,10.94
u_aes128.round_key\[80\],10.94
_01656_,10.92
_01976_,10.92
_09942_,10.92
_16874_,10.92
net664,10.92
net2478,10.92
_17354_,10.91
_00989_,10.905
_10701_,10.905
_04655_,10.9
_05295_,10.9
_07715_,10.9
_09660_,10.9
_11732_,10.9
_12449_,10.9
_14528_,10.9
_17396_,10.9
u_auth_fsm.cooldown_cnt\[21\],10.9
u_auth_fsm.tx_byte\[2\],10.9
net521,10.9
net580,10.9
net721,10.9
net766,10.9
net1547,10.9
net2161,10.9
net2289,10.9
net2504,10.9
_12467_,10.89
_01063_,10.885
_07740_,10.88
_09038_,10.88
_10776_,10.88
_19018_,10.88
fifo_nonce\[3\]\[27\],10.875
_02348_,10.86
_02495_,10.86
_04132_,10.86
_06003_,10.86
_06044_,10.86
_08076_,10.86
_08791_,10.86
_11067_,10.86
_12890_,10.86
_12911_,10.86
_13340_,10.86
_15270_,10.86
_16024_,10.86
_19493_,10.86
u_cmd_parser.nonce_reg\[113\],10.86
net802,10.86
net1109,10.86
net1388,10.86
net2079,10.86
net2435,10.86
_01124_,10.845
_02017_,10.84
_02877_,10.84
_07891_,10.84
fifo_nonce\[5\]\[80\],10.84
fifo_nonce\[6\]\[123\],10.84
fifo_nonce\[6\]\[46\],10.84
fifo_nonce\[7\]\[27\],10.84
u_aes128.round_key\[48\],10.84
u_auth_fsm.nonce_hist\[7\]\[75\],10.84
_05188_,10.82
_05224_,10.82
_09659_,10.82
_10653_,10.82
_11912_,10.82
_13618_,10.82
_16135_,10.82
_18648_,10.82
fifo_nonce\[4\]\[39\],10.82
fifo_nonce\[4\]\[47\],10.82
u_auth_fsm.aes_plaintext\[44\],10.82
u_auth_fsm.cur_nonce\[112\],10.82
u_auth_fsm.cur_nonce\[119\],10.82
u_uart_rx.bit_idx\[2\],10.82
_18074_,10.81
_06697_,10.805
_03178_,10.8
_05075_,10.8
_13426_,10.8
_15329_,10.8
_15933_,10.8
_18507_,10.8
_19173_,10.8
fifo_nonce\[3\]\[104\],10.8
net2124,10.8
_09601_,10.795
_01318_,10.78
_06969_,10.78
_07285_,10.78
_07954_,10.78
_08132_,10.78
_09386_,10.78
_10907_,10.78
_12887_,10.78
_13261_,10.78
_14283_,10.78
_17242_,10.78
_18158_,10.78
_18962_,10.78
fifo_nonce\[1\]\[27\],10.78
net690,10.78
net726,10.78
net1406,10.78
net2330,10.78
_03249_,10.76
_17103_,10.76
net2259,10.76
net2292,10.76
_07179_,10.75
_00033_,10.74
_07523_,10.74
_09419_,10.74
_10317_,10.74
_10935_,10.74
_11326_,10.74
_12230_,10.74
_14152_,10.74
_16304_,10.74
_16513_,10.74
_16562_,10.74
_16607_,10.74
_16995_,10.74
fifo_nonce\[6\]\[86\],10.74
fifo_nonce\[6\]\[87\],10.74
fifo_nonce\[7\]\[62\],10.74
fifo_nonce\[7\]\[92\],10.74
u_auth_fsm.nonce_hist\[7\]\[33\],10.74
u_auth_fsm.tx_payload\[95\],10.74
net1341,10.74
net1675,10.74
net1724,10.74
net1771,10.74
net2021,10.74
_00489_,10.725
_04031_,10.72
_04514_,10.72
_05233_,10.72
_06064_,10.72
_09087_,10.72
_15332_,10.72
_16693_,10.72
_17233_,10.72
_18659_,10.72
fifo_nonce\[1\]\[38\],10.72
fifo_nonce\[6\]\[40\],10.72
fifo_nonce\[7\]\[40\],10.72
_03212_,10.7
_05310_,10.7
_06086_,10.7
_06536_,10.7
_06665_,10.7
_09614_,10.7
_13552_,10.7
_15988_,10.7
_16682_,10.7
_18560_,10.7
fifo_nonce\[5\]\[30\],10.7
u_aes128.round_key\[42\],10.7
u_auth_fsm.cooldown_cnt\[9\],10.7
_11897_,10.69
_00408_,10.685
_06695_,10.68
_07691_,10.68
_08420_,10.68
_09598_,10.68
_12037_,10.68
fifo_nonce\[4\]\[51\],10.68
fifo_nonce\[4\]\[72\],10.68
net1170,10.68
net1313,10.68
net2335,10.68
_04189_,10.66
_05129_,10.66
_07675_,10.66
_10349_,10.66
_10721_,10.66
_12810_,10.66
_12950_,10.66
_17114_,10.66
_17406_,10.66
_18085_,10.66
_18666_,10.66
_19115_,10.66
fifo_nonce\[7\]\[6\],10.66
net2138,10.66
_02766_,10.64
_03616_,10.64
_03918_,10.64
_08206_,10.64
_12757_,10.64
_14288_,10.64
_15612_,10.64
_17467_,10.64
_18628_,10.64
_19532_,10.64
fifo_nonce\[5\]\[4\],10.64
net1560,10.64
net2112,10.64
net2345,10.64
_03373_,10.62
_10301_,10.62
_11593_,10.62
_12446_,10.62
fifo_nonce\[7\]\[123\],10.62
u_aes128.round_key\[118\],10.62
u_aes128.round_key\[82\],10.62
u_aes128.round_key\[94\],10.62
u_auth_fsm.aes_plaintext\[1\],10.62
net1921,10.62
net2078,10.62
net761,10.605
_17290_,10.6
net1172,10.6
net1327,10.6
net2086,10.6
net2454,10.6
_01007_,10.585
_01720_,10.58
_03388_,10.58
_08714_,10.58
_13996_,10.58
_14640_,10.58
_17566_,10.58
_19278_,10.58
u_auth_fsm.cooldown_cnt\[12\],10.58
net959,10.58
net2192,10.58
_00313_,10.56
_04065_,10.56
_04360_,10.56
_04525_,10.56
_16096_,10.56
_17553_,10.56
_17988_,10.56
_18687_,10.56
_18747_,10.56
fifo_nonce\[1\]\[122\],10.56
fifo_nonce\[2\]\[3\],10.56
u_auth_fsm.nonce_hist\[6\]\[115\],10.56
_05144_,10.54
_07158_,10.54
_17618_,10.54
u_auth_fsm.nonce_hist\[3\]\[85\],10.54
u_auth_fsm.nonce_hist\[5\]\[116\],10.54
u_auth_fsm.secret_key\[13\],10.54
net610,10.54
net1695,10.54
net1951,10.54
net2181,10.54
net2347,10.54
u_uart_tx.tx_data\[6\],10.525
_02569_,10.52
_07126_,10.52
_08119_,10.52
_18554_,10.52
fifo_nonce\[0\]\[52\],10.52
fifo_nonce\[2\]\[113\],10.52
fifo_nonce\[7\]\[9\],10.52
net1956,10.52
_00597_,10.505
_00721_,10.505
_03811_,10.5
_04759_,10.5
_07129_,10.5
_11565_,10.5
_12315_,10.5
_17368_,10.5
fifo_nonce\[0\]\[87\],10.5
u_aes128.round_key\[52\],10.5
u_aes128.round_key\[76\],10.5
u_auth_fsm.aes_plaintext\[117\],10.5
u_auth_fsm.cur_nonce\[40\],10.5
u_auth_fsm.nonce_hist\[0\]\[39\],10.5
u_auth_fsm.nonce_hist\[7\]\[124\],10.5
_05982_,10.48
_18516_,10.48
_17644_,10.465
_01906_,10.46
_05716_,10.46
_06888_,10.46
_13045_,10.46
_16941_,10.46
_17326_,10.46
_17482_,10.46
_17497_,10.46
_18531_,10.46
_18944_,10.46
fifo_nonce\[1\]\[42\],10.46
fifo_nonce\[7\]\[68\],10.46
u_auth_fsm.cooldown_cnt\[2\],10.46
u_auth_fsm.cooldown_cnt\[4\],10.46
u_auth_fsm.tx_payload\[40\],10.46
u_cmd_parser.payload_count\[3\],10.46
net713,10.46
net999,10.46
_06181_,10.45
_01180_,10.44
_03521_,10.44
_14720_,10.44
_17803_,10.44
_18119_,10.44
_19539_,10.44
fifo_nonce\[4\]\[105\],10.44
u_auth_fsm.cooldown_cnt\[20\],10.44
u_auth_fsm.secret_key\[114\],10.44
u_auth_fsm.secret_key\[17\],10.44
net450,10.44
net516,10.44
net1315,10.44
net1368,10.44
net1583,10.44
net1946,10.44
_02509_,10.42
_02977_,10.42
_04934_,10.42
_17782_,10.42
u_aes128.round_key\[58\],10.42
_10692_,10.415
_18652_,10.41
_00931_,10.405
_01369_,10.4
_03174_,10.4
_03238_,10.4
_04953_,10.4
_05780_,10.4
_07210_,10.4
_08970_,10.4
_12082_,10.4
_12703_,10.4
_14158_,10.4
_14831_,10.4
_15865_,10.4
_16134_,10.4
_17379_,10.4
fifo_nonce\[0\]\[79\],10.4
fifo_nonce\[1\]\[35\],10.4
fifo_nonce\[2\]\[31\],10.4
u_aes128.gen_state_sbox\[14\].sb_state.in\[2\],10.4
u_auth_fsm.aes_plaintext\[4\],10.4
u_auth_fsm.secret_key\[4\],10.4
net715,10.4
net1226,10.4
net2265,10.4
_05519_,10.38
_07229_,10.38
_14398_,10.38
_17583_,10.38
fifo_nonce\[6\]\[113\],10.38
u_auth_fsm.cur_nonce\[97\],10.38
_09788_,10.37
_17978_,10.37
_19508_,10.365
u_auth_fsm.nonce_hist\[6\]\[40\],10.365
_05986_,10.36
_07150_,10.36
_13633_,10.36
_13692_,10.36
_14191_,10.36
_16515_,10.36
_16560_,10.36
_18037_,10.36
fifo_nonce\[4\]\[33\],10.36
fifo_nonce\[4\]\[69\],10.36
u_aes128.round_key\[93\],10.36
u_auth_fsm.nonce_hist\[6\]\[127\],10.36
net1857,10.36
_06863_,10.34
_09116_,10.34
_09653_,10.34
_12100_,10.34
_18388_,10.34
_18447_,10.34
_18620_,10.34
fifo_nonce\[5\]\[21\],10.34
_01244_,10.32
_06657_,10.32
_07870_,10.32
_12813_,10.32
_13557_,10.32
_14180_,10.32
_14569_,10.32
_16303_,10.32
_17042_,10.32
_17223_,10.32
_19045_,10.32
fifo_nonce\[2\]\[104\],10.32
u_auth_fsm.cur_nonce\[114\],10.32
u_auth_fsm.cur_nonce\[18\],10.32
net1004,10.32
net1087,10.32
net1105,10.32
net1160,10.32
net1404,10.32
net1522,10.32
net1914,10.32
_17864_,10.315
_06090_,10.3
_08764_,10.3
_09422_,10.3
_00297_,10.285
_04624_,10.28
_05296_,10.28
_10092_,10.28
_14034_,10.28
_14519_,10.28
_16400_,10.28
_17141_,10.28
_17207_,10.28
_17680_,10.28
_17696_,10.28
_17806_,10.28
_17824_,10.28
_17917_,10.28
_19266_,10.28
fifo_nonce\[5\]\[9\],10.28
fifo_nonce\[6\]\[56\],10.28
u_aes128.round_key\[59\],10.28
u_auth_fsm.cur_nonce\[81\],10.28
u_auth_fsm.cur_nonce\[93\],10.28
u_auth_fsm.nonce_hist\[6\]\[126\],10.28
net539,10.28
net795,10.28
net1115,10.28
net1815,10.28
net2120,10.28
net2240,10.28
_18004_,10.27
_03798_,10.26
_04790_,10.26
_06195_,10.26
_10075_,10.26
_15045_,10.26
_15618_,10.26
_15619_,10.26
_19545_,10.26
fifo_nonce\[4\]\[41\],10.26
fifo_nonce\[4\]\[42\],10.26
fifo_nonce\[7\]\[30\],10.26
u_cmd_parser.nonce_reg\[82\],10.26
_03323_,10.245
_04277_,10.24
_05203_,10.24
_10506_,10.24
_11311_,10.24
_15896_,10.24
_18777_,10.24
_19310_,10.24
_19544_,10.24
fifo_nonce\[3\]\[102\],10.24
_04164_,10.23
_10625_,10.23
_00003_,10.22
_04174_,10.22
_06341_,10.22
_10234_,10.22
_17087_,10.22
_17916_,10.22
_18005_,10.22
_18355_,10.22
net1945,10.22
net2364,10.22
_17756_,10.215
_02743_,10.2
_04197_,10.2
_05033_,10.2
_06519_,10.2
_07609_,10.2
_07686_,10.2
_10389_,10.2
_11501_,10.2
_11542_,10.2
_12794_,10.2
_18605_,10.2
_18739_,10.2
_18994_,10.2
fifo_nonce\[2\]\[5\],10.2
net1880,10.2
net2333,10.2
_01431_,10.18
_06825_,10.18
_17652_,10.18
net1378,10.18
net1832,10.18
net2001,10.18
_01455_,10.16
_06885_,10.16
_07824_,10.16
_08783_,10.16
_16807_,10.16
_17804_,10.16
_18780_,10.16
fifo_nonce\[2\]\[29\],10.16
u_aes128.round_key\[68\],10.16
u_aes128.round_key\[90\],10.16
u_auth_fsm.nonce_hist\[7\]\[67\],10.16
u_auth_fsm.secret_key\[121\],10.16
net1646,10.16
net2163,10.16
net2281,10.16
_09715_,10.14
_11032_,10.14
_11528_,10.14
fifo_nonce\[6\]\[53\],10.14
u_aes128.round_key\[109\],10.14
net2040,10.14
_19017_,10.135
_02920_,10.125
_19498_,10.125
_04966_,10.12
_07544_,10.12
_19215_,10.12
_19601_,10.12
fifo_nonce\[2\]\[22\],10.12
fifo_nonce\[5\]\[84\],10.12
u_auth_fsm.aes_plaintext\[100\],10.12
net1988,10.12
_01352_,10.1
_03638_,10.1
_05228_,10.1
_09257_,10.1
_15864_,10.1
_16432_,10.1
_16726_,10.1
_16944_,10.1
_17405_,10.1
_18540_,10.1
_19376_,10.1
net582,10.1
net985,10.1
net1843,10.1
net2217,10.1
net2245,10.1
_17765_,10.09
_07073_,10.085
_12001_,10.085
_00384_,10.08
_02969_,10.08
_03598_,10.08
_10893_,10.08
_18681_,10.08
_19537_,10.08
fifo_nonce\[5\]\[0\],10.08
fifo_nonce\[7\]\[91\],10.08
net1374,10.08
net1768,10.08
_01331_,10.065
_01553_,10.065
_02897_,10.06
_07054_,10.06
_10286_,10.06
_11007_,10.06
u_aes128.round_key\[101\],10.06
net898,10.06
net1299,10.06
net1734,10.06
net1780,10.06
net1970,10.06
_14706_,10.055
_01023_,10.045
_04811_,10.04
_04971_,10.04
_09284_,10.04
_10374_,10.04
_10864_,10.04
_12331_,10.04
_13853_,10.04
fifo_nonce\[1\]\[15\],10.04
fifo_nonce\[7\]\[72\],10.04
u_aes128.round_key\[110\],10.04
u_auth_fsm.aes_plaintext\[127\],10.04
u_auth_fsm.aes_plaintext\[57\],10.04
u_auth_fsm.aes_plaintext\[6\],10.04
u_auth_fsm.nonce_hist\[7\]\[85\],10.04
net976,10.04
net2059,10.04
_12704_,10.035
_08294_,10.025
_08424_,10.02
_09185_,10.02
_17777_,10.02
_19239_,10.02
fifo_nonce\[6\]\[19\],10.02
_18449_,10.015
_07089_,10.005
_01707_,10
_01929_,10
_03395_,10
_06321_,10
_08812_,10
_09429_,10
_09822_,10
_18868_,10
fifo_nonce\[4\]\[98\],10
fifo_nonce\[5\]\[81\],10
fifo_nonce\[6\]\[6\],10
fifo_nonce\[7\]\[111\],10
u_auth_fsm.tx_payload\[38\],10
net682,10
net2031,10
net2135,10
_01403_,9.98
_04687_,9.98
_05424_,9.98
_06176_,9.98
_06920_,9.98
_07083_,9.98
_07206_,9.98
_09721_,9.98
net535,9.98
net659,9.98
net1010,9.98
net1152,9.98
net1672,9.98
net1717,9.98
net1872,9.98
net1919,9.98
net1931,9.98
_03567_,9.96
_05002_,9.96
_09421_,9.96
_13004_,9.96
_14366_,9.96
fifo_nonce\[5\]\[12\],9.96
fifo_nonce\[5\]\[58\],9.96
fifo_nonce\[7\]\[76\],9.96
net1613,9.96
_07363_,9.955
_03992_,9.94
_04573_,9.94
_04771_,9.94
_05824_,9.94
_07227_,9.94
_07291_,9.94
_12632_,9.94
_12919_,9.94
_15438_,9.94
_15868_,9.94
_16177_,9.94
_16479_,9.94
_19114_,9.94
fifo_nonce\[1\]\[114\],9.94
fifo_nonce\[1\]\[60\],9.94
fifo_nonce\[2\]\[44\],9.94
fifo_nonce\[4\]\[127\],9.94
fifo_nonce\[4\]\[57\],9.94
u_aes128.round_key\[57\],9.94
u_auth_fsm.nonce_hist\[2\]\[75\],9.94
u_auth_fsm.secret_key\[40\],9.94
u_cmd_parser.nonce_reg\[78\],9.94
net499,9.94
net1348,9.94
net1797,9.94
net1810,9.94
net1977,9.94
net2026,9.94
net2058,9.94
net2136,9.94
_07071_,9.93
_07270_,9.92
_07973_,9.92
_13791_,9.92
_14670_,9.92
_17343_,9.92
net2308,9.92
fifo_nonce\[6\]\[8\],9.915
_00799_,9.905
_01044_,9.905
_03708_,9.9
_04123_,9.9
_04141_,9.9
_07192_,9.9
_09682_,9.9
_10528_,9.9
_11964_,9.9
_12504_,9.9
_17469_,9.9
_19590_,9.9
u_auth_fsm.cur_nonce\[62\],9.9
net857,9.9
_17084_,9.885
_05613_,9.88
_14245_,9.88
_14266_,9.88
_15545_,9.88
_16314_,9.88
_16584_,9.88
u_aes128.round_key\[116\],9.88
u_aes128.round_key\[69\],9.88
net568,9.88
_03816_,9.87
_18174_,9.87
_00382_,9.865
_03177_,9.86
_03619_,9.86
_03945_,9.86
_04389_,9.86
_05341_,9.86
_07776_,9.86
_07967_,9.86
_08799_,9.86
_13826_,9.86
_18109_,9.86
_18240_,9.86
_19383_,9.86
_19549_,9.86
_19605_,9.86
fifo_nonce\[7\]\[83\],9.86
net560,9.86
net1146,9.86
net1310,9.86
net1325,9.86
net1698,9.86
net2286,9.86
net2362,9.86
net2370,9.86
_10663_,9.855
_00338_,9.845
_08494_,9.84
_11298_,9.84
_13272_,9.84
_15345_,9.84
_15505_,9.84
_18344_,9.84
fifo_nonce\[4\]\[99\],9.84
u_aes128.round_key\[88\],9.84
u_auth_fsm.cooldown_cnt\[11\],9.84
net1308,9.84
_01276_,9.82
_01360_,9.82
_01674_,9.82
_02899_,9.82
_06650_,9.82
_07138_,9.82
_07214_,9.82
_08826_,9.82
_09325_,9.82
_12505_,9.82
_14783_,9.82
_15343_,9.82
_15983_,9.82
_16470_,9.82
_16576_,9.82
_19347_,9.82
fifo_nonce\[5\]\[72\],9.82
fifo_nonce\[7\]\[74\],9.82
net981,9.82
net1274,9.82
net1393,9.82
_00445_,9.815
_02882_,9.8
_03574_,9.8
_05321_,9.8
_15900_,9.8
_15926_,9.8
fifo_nonce\[4\]\[6\],9.8
fifo_nonce\[6\]\[18\],9.8
_17062_,9.795
_01028_,9.785
_01060_,9.785
_03360_,9.78
_03875_,9.78
_04732_,9.78
_05671_,9.78
_07664_,9.78
_10635_,9.78
_10940_,9.78
_14242_,9.78
_14765_,9.78
_16526_,9.78
_19042_,9.78
fifo_nonce\[5\]\[124\],9.78
u_aes128.round_key\[95\],9.78
_03805_,9.76
_04236_,9.76
_10247_,9.76
_16430_,9.76
_17529_,9.76
fifo_nonce\[4\]\[22\],9.76
fifo_nonce\[4\]\[60\],9.76
net538,9.76
net1012,9.76
net1107,9.76
net1415,9.76
net1515,9.76
net1563,9.76
net2300,9.76
net2480,9.76
net2502,9.76
_06937_,9.74
_08501_,9.74
_17513_,9.74
_17687_,9.74
_18099_,9.74
_18858_,9.74
u_auth_fsm.nonce_hist\[3\]\[75\],9.74
net869,9.74
net1039,9.74
net1164,9.74
net1452,9.74
net2111,9.74
net2203,9.74
u_auth_fsm.nonce_hist\[5\]\[0\],9.73
_06093_,9.72
_06581_,9.72
_08406_,9.72
_09901_,9.72
fifo_nonce\[3\]\[92\],9.72
net895,9.72
net1281,9.72
net1692,9.72
net1748,9.72
net1922,9.72
_12922_,9.71
u_auth_fsm.nonce_hist\[6\]\[29\],9.705
_04837_,9.7
_05262_,9.7
_05614_,9.7
_07495_,9.7
_07769_,9.7
_08422_,9.7
_10482_,9.7
_11505_,9.7
_13999_,9.7
_16160_,9.7
_19675_,9.7
fifo_nonce\[1\]\[56\],9.7
fifo_nonce\[2\]\[124\],9.7
fifo_nonce\[4\]\[66\],9.7
u_auth_fsm.nonce_hist\[4\]\[63\],9.7
net799,9.7
net851,9.7
net1095,9.7
net1261,9.7
net1302,9.7
net1619,9.7
_09979_,9.69
_01697_,9.685
_11028_,9.68
_11763_,9.68
_15250_,9.68
_17152_,9.68
_18477_,9.68
_19404_,9.68
u_aes128.round_key\[89\],9.68
net2505,9.68
_02679_,9.665
_05680_,9.66
_08497_,9.66
_11664_,9.66
_16289_,9.66
_18667_,9.66
fifo_nonce\[5\]\[69\],9.66
u_uart_tx.clk_cnt\[8\],9.66
net1082,9.66
u_auth_fsm.nonce_hist\[7\]\[93\],9.655
_18003_,9.65
_00531_,9.645
_05344_,9.64
_12125_,9.64
_12437_,9.64
_18050_,9.64
_18084_,9.64
_18617_,9.64
fifo_nonce\[7\]\[85\],9.64
net491,9.64
net1050,9.64
net1338,9.64
net1813,9.64
net2371,9.64
_13726_,9.63
_12382_,9.625
_17253_,9.625
_06007_,9.62
_08314_,9.62
_08864_,9.62
_17243_,9.62
fifo_nonce\[1\]\[117\],9.62
fifo_nonce\[1\]\[75\],9.62
u_auth_fsm.nonce_hist\[3\]\[59\],9.62
net949,9.62
fifo_nonce\[4\]\[77\],9.61
_06443_,9.605
_01326_,9.6
_02339_,9.6
_04933_,9.6
_10100_,9.6
_10859_,9.6
_12430_,9.6
_13578_,9.6
u_auth_fsm.nonce_hist\[7\]\[79\],9.6
net1180,9.6
net1894,9.6
net1985,9.6
net2193,9.6
u_auth_fsm.nonce_hist\[7\]\[117\],9.585
_04166_,9.58
_06398_,9.58
_10447_,9.58
_11373_,9.58
_12568_,9.58
fifo_nonce\[7\]\[42\],9.58
u_auth_fsm.aes_plaintext\[56\],9.58
net2081,9.58
_04897_,9.56
net2122,9.56
_01091_,9.54
_08283_,9.54
_08414_,9.54
_09059_,9.54
_09076_,9.54
_11641_,9.54
_13593_,9.54
_14344_,9.54
_14690_,9.54
_17029_,9.54
_17612_,9.54
fifo_nonce\[0\]\[19\],9.54
fifo_nonce\[3\]\[33\],9.54
u_auth_fsm.aes_plaintext\[96\],9.54
u_auth_fsm.cur_nonce\[10\],9.54
u_auth_fsm.cur_nonce\[120\],9.54
net711,9.54
_01758_,9.52
_04663_,9.52
_05183_,9.52
_06214_,9.52
_06785_,9.52
_06874_,9.52
_09849_,9.52
_10485_,9.52
_11434_,9.52
_12043_,9.52
_13284_,9.52
_15839_,9.52
_17047_,9.52
u_uart_rx.rx_shift\[2\],9.52
net592,9.52
net599,9.52
net676,9.52
net703,9.52
net733,9.52
net1446,9.52
net1753,9.52
net2042,9.52
net2121,9.52
_17135_,9.515
u_auth_fsm.nonce_hist\[2\]\[121\],9.515
_03984_,9.5
_05532_,9.5
_06203_,9.5
_14660_,9.5
_15217_,9.5
_16820_,9.5
_18530_,9.5
_18928_,9.5
fifo_nonce\[5\]\[48\],9.5
_10771_,9.485
_04040_,9.48
_12658_,9.48
_15247_,9.48
_15538_,9.48
_16581_,9.48
_18806_,9.48
_19073_,9.48
u_cmd_parser.cmd_reg\[4\],9.48
u_uart_tx.clk_cnt\[5\],9.48
net1928,9.48
_01679_,9.46
_07299_,9.46
_10252_,9.46
_18097_,9.46
_19587_,9.46
u_aes128.round_key\[36\],9.46
u_auth_fsm.nonce_hist\[6\]\[66\],9.46
u_cmd_parser.nonce_reg\[89\],9.46
_17986_,9.45
_00658_,9.445
_00845_,9.445
_03940_,9.44
_04817_,9.44
_05272_,9.44
_10441_,9.44
_13663_,9.44
_16808_,9.44
_18238_,9.44
_18519_,9.44
_18764_,9.44
fifo_nonce\[7\]\[81\],9.44
u_auth_fsm.aes_plaintext\[115\],9.44
u_auth_fsm.aes_plaintext\[121\],9.44
_12606_,9.43
_17960_,9.43
_04068_,9.42
_04280_,9.42
_04316_,9.42
_05895_,9.42
_06243_,9.42
_06304_,9.42
_08069_,9.42
_12874_,9.42
_13766_,9.42
_14560_,9.42
_15275_,9.42
_16108_,9.42
_16260_,9.42
_17911_,9.42
_18246_,9.42
u_auth_fsm.cur_nonce\[68\],9.42
net625,9.42
fifo_nonce\[2\]\[32\],9.41
_01408_,9.4
_02611_,9.4
_03112_,9.4
_03943_,9.4
_07344_,9.4
_10807_,9.4
_11021_,9.4
_11413_,9.4
_11688_,9.4
_12491_,9.4
_16666_,9.4
_16908_,9.4
_18524_,9.4
_18886_,9.4
_19281_,9.4
_19457_,9.4
_19686_,9.4
fifo_nonce\[3\]\[82\],9.4
fifo_nonce\[6\]\[58\],9.4
fifo_nonce\[7\]\[125\],9.4
u_auth_fsm.aes_plaintext\[68\],9.4
net467,9.4
net692,9.4
net903,9.4
net1419,9.4
net1538,9.4
net2097,9.4
net2242,9.4
net2309,9.4
net2361,9.4
_01072_,9.385
_07225_,9.38
_07807_,9.38
_07820_,9.38
_11113_,9.38
_12140_,9.38
_19612_,9.38
fifo_nonce\[3\]\[16\],9.38
u_auth_fsm.nonce_hist\[2\]\[87\],9.38
_18996_,9.37
net754,9.365
_01461_,9.36
_02931_,9.36
_03082_,9.36
_03322_,9.36
_04384_,9.36
_04705_,9.36
_05265_,9.36
_05480_,9.36
_06052_,9.36
_08287_,9.36
_10480_,9.36
_11559_,9.36
_14623_,9.36
_15132_,9.36
_15323_,9.36
_15396_,9.36
_15457_,9.36
_16250_,9.36
_17231_,9.36
_18426_,9.36
_18773_,9.36
fifo_nonce\[2\]\[93\],9.36
fifo_nonce\[3\]\[26\],9.36
fifo_nonce\[6\]\[105\],9.36
fifo_nonce\[6\]\[114\],9.36
fifo_nonce\[6\]\[115\],9.36
fifo_nonce\[7\]\[28\],9.36
fifo_type\[2\],9.36
u_aes128.gen_state_sbox\[4\].sb_state.in\[2\],9.36
u_auth_fsm.aes_plaintext\[20\],9.36
net677,9.36
net1394,9.36
net1496,9.36
net1502,9.36
net1558,9.36
net1647,9.36
net1680,9.36
net2060,9.36
_09423_,9.355
_19397_,9.35
_03263_,9.34
_03594_,9.34
_06809_,9.34
_15776_,9.34
_16629_,9.34
_19078_,9.34
fifo_nonce\[2\]\[64\],9.34
fifo_nonce\[2\]\[73\],9.34
fifo_nonce\[4\]\[27\],9.34
u_aes128.round_key\[117\],9.34
u_auth_fsm.aes_key\[111\],9.34
_00049_,9.325
_00383_,9.325
_01319_,9.32
_04479_,9.32
_08754_,9.32
_10040_,9.32
_11159_,9.32
_12086_,9.32
_14331_,9.32
_14798_,9.32
_15116_,9.32
_16484_,9.32
_17488_,9.32
_17929_,9.32
u_aes128.round_key\[86\],9.32
_05693_,9.31
_03329_,9.3
_03754_,9.3
_06265_,9.3
_07105_,9.3
_19082_,9.3
net1037,9.3
net1260,9.3
net1542,9.3
net1833,9.3
net2196,9.3
net2269,9.3
net2365,9.3
_06789_,9.285
_08914_,9.285
fifo_nonce\[5\]\[31\],9.285
_03698_,9.28
_04910_,9.28
_06939_,9.28
_07207_,9.28
_08407_,9.28
_09319_,9.28
_10392_,9.28
_14244_,9.28
_16058_,9.28
_18972_,9.28
_19428_,9.28
fifo_nonce\[2\]\[115\],9.28
fifo_nonce\[6\]\[60\],9.28
fifo_nonce\[7\]\[39\],9.28
net435,9.28
net1826,9.28
net1984,9.28
_08290_,9.275
_03843_,9.26
_07496_,9.26
_08343_,9.26
_09711_,9.26
_15028_,9.26
_17750_,9.26
net1618,9.26
net1991,9.26
_17336_,9.245
_01665_,9.24
_01704_,9.24
_05138_,9.24
_07697_,9.24
_10190_,9.24
_11606_,9.24
_14129_,9.24
_19109_,9.24
fifo_nonce\[1\]\[115\],9.24
fifo_nonce\[7\]\[70\],9.24
u_aes128.ciphertext\[119\],9.24
u_auth_fsm.cur_nonce\[13\],9.24
u_auth_fsm.tx_payload\[72\],9.24
net1090,9.24
_05270_,9.22
_06830_,9.22
_10681_,9.22
_11082_,9.22
_15723_,9.22
_15807_,9.22
_16343_,9.22
_17431_,9.22
_18553_,9.22
_01529_,9.205
_08822_,9.2
_08842_,9.2
_10174_,9.2
_14379_,9.2
_16828_,9.2
_17056_,9.2
_19154_,9.2
fifo_nonce\[2\]\[71\],9.2
net1814,9.2
_08340_,9.185
net1999,9.185
_01185_,9.18
_01638_,9.18
_01759_,9.18
_04222_,9.18
_04266_,9.18
_04630_,9.18
_04675_,9.18
_04685_,9.18
_04763_,9.18
_06294_,9.18
_15257_,9.18
_15883_,9.18
_19299_,9.18
net647,9.18
net1482,9.18
net2211,9.18
_11053_,9.17
_17203_,9.165
_14343_,9.16
_19275_,9.16
fifo_nonce\[4\]\[111\],9.16
fifo_nonce\[4\]\[67\],9.16
fifo_nonce\[7\]\[41\],9.16
fifo_nonce\[7\]\[65\],9.16
u_auth_fsm.nonce_hist\[3\]\[87\],9.16
u_auth_fsm.secret_key\[108\],9.16
u_auth_fsm.tx_payload\[32\],9.16
net544,9.16
net1376,9.16
net2410,9.16
_02233_,9.145
_00734_,9.14
_02616_,9.14
_13703_,9.14
_17658_,9.14
_19381_,9.14
_19599_,9.14
fifo_nonce\[6\]\[14\],9.14
fifo_nonce\[7\]\[36\],9.14
net1099,9.14
net1764,9.14
net2030,9.14
_06222_,9.12
_07181_,9.12
_08089_,9.12
_10097_,9.12
_13043_,9.12
_16506_,9.12
fifo_nonce\[1\]\[47\],9.12
fifo_nonce\[2\]\[13\],9.12
fifo_nonce\[3\]\[89\],9.12
fifo_nonce\[4\]\[24\],9.12
fifo_nonce\[4\]\[3\],9.12
u_aes128.round_key\[54\],9.12
u_auth_fsm.aes_key\[109\],9.12
u_auth_fsm.nonce_hist\[7\]\[112\],9.12
_00242_,9.105
_01398_,9.1
_06489_,9.1
_06854_,9.1
_08909_,9.1
_11242_,9.1
net642,9.1
net892,9.1
_00744_,9.085
_10808_,9.085
_11694_,9.085
_17095_,9.085
_03198_,9.08
_06274_,9.08
_06953_,9.08
_07087_,9.08
_07532_,9.08
_08867_,9.08
_09316_,9.08
_10060_,9.08
_11939_,9.08
_13227_,9.08
_14190_,9.08
_17807_,9.08
_18981_,9.08
fifo_nonce\[1\]\[1\],9.08
fifo_nonce\[7\]\[109\],9.08
fifo_nonce\[7\]\[57\],9.08
fifo_nonce\[7\]\[95\],9.08
u_auth_fsm.secret_key\[98\],9.08
net2475,9.08
_00279_,9.065
_00533_,9.065
_00577_,9.065
_01834_,9.06
_02335_,9.06
_02437_,9.06
_03226_,9.06
_04072_,9.06
_04647_,9.06
_05833_,9.06
_06701_,9.06
_09005_,9.06
_10806_,9.06
_13283_,9.06
_14539_,9.06
_17822_,9.06
_18298_,9.06
_19100_,9.06
_19637_,9.06
u_auth_fsm.aes_plaintext\[18\],9.06
net429,9.06
net494,9.06
net1046,9.06
net1497,9.06
net1660,9.06
net1665,9.06
net1899,9.06
_04152_,9.055
_17800_,9.045
_01384_,9.04
_03544_,9.04
_03735_,9.04
_04064_,9.04
_06332_,9.04
_09833_,9.04
_11929_,9.04
_12478_,9.04
_12535_,9.04
_14541_,9.04
_15993_,9.04
_16772_,9.04
fifo_nonce\[1\]\[111\],9.04
fifo_nonce\[5\]\[10\],9.04
net440,9.04
net1245,9.04
net1344,9.04
net1402,9.04
net1503,9.04
_01362_,9.02
_03196_,9.02
_03718_,9.02
_04364_,9.02
_04382_,9.02
_04404_,9.02
_05309_,9.02
_05785_,9.02
_06012_,9.02
_07288_,9.02
_08774_,9.02
_10486_,9.02
_12435_,9.02
_12523_,9.02
_12553_,9.02
_13105_,9.02
_14918_,9.02
_15360_,9.02
_15605_,9.02
_15706_,9.02
_15863_,9.02
_16065_,9.02
_16474_,9.02
_16558_,9.02
_16610_,9.02
_16913_,9.02
_18684_,9.02
_19200_,9.02
_19244_,9.02
fifo_nonce\[0\]\[121\],9.02
fifo_nonce\[3\]\[81\],9.02
fifo_nonce\[4\]\[64\],9.02
fifo_nonce\[6\]\[31\],9.02
net1409,9.02
net1620,9.02
net1648,9.02
net2317,9.02
_11707_,9
fifo_nonce\[2\]\[81\],9
fifo_nonce\[6\]\[104\],9
u_aes128.round_key\[66\],9
u_auth_fsm.nonce_hist\[6\]\[52\],9
net793,9
_01547_,8.985
_00218_,8.98
_02958_,8.98
_06342_,8.98
_08227_,8.98
_10086_,8.98
_14782_,8.98
_15390_,8.98
_15550_,8.98
_17968_,8.98
_19470_,8.98
fifo_wr_ptr\[0\],8.98
u_auth_fsm.cur_nonce\[0\],8.98
u_auth_fsm.nonce_hist\[6\]\[98\],8.98
_19105_,8.97
_01131_,8.965
_12134_,8.965
_02989_,8.96
_05264_,8.96
_05340_,8.96
_05784_,8.96
_08461_,8.96
_12443_,8.96
_14676_,8.96
_16931_,8.96
fifo_nonce\[3\]\[32\],8.96
fifo_overflow_o,8.96
_02752_,8.94
_03279_,8.94
_03906_,8.94
_04199_,8.94
_05350_,8.94
_05975_,8.94
_06264_,8.94
_07170_,8.94
_08996_,8.94
_09174_,8.94
_14088_,8.94
_14447_,8.94
_15882_,8.94
_15916_,8.94
_17367_,8.94
_17801_,8.94
_18013_,8.94
_19084_,8.94
fifo_nonce\[1\]\[33\],8.94
fifo_nonce\[4\]\[21\],8.94
fifo_nonce\[7\]\[10\],8.94
u_auth_fsm.hist_valid\[3\],8.94
u_auth_fsm.nonce_hist\[6\]\[112\],8.94
net922,8.94
net1236,8.94
net1601,8.94
net1642,8.94
net1706,8.94
net1712,8.94
net2328,8.94
net2334,8.94
net2338,8.94
net2461,8.94
_02008_,8.92
_02759_,8.92
_03644_,8.92
_07011_,8.92
_13994_,8.92
_18393_,8.92
_19424_,8.92
fifo_nonce\[1\]\[112\],8.92
fifo_nonce\[1\]\[76\],8.92
fifo_type\[3\],8.92
net1659,8.92
_03097_,8.905
_03470_,8.905
_14770_,8.905
u_auth_fsm.tx_payload\[104\],8.905
net501,8.905
_01646_,8.9
_02259_,8.9
_03814_,8.9
_04181_,8.9
_04901_,8.9
_05148_,8.9
_05444_,8.9
_06132_,8.9
_06175_,8.9
_07101_,8.9
_07706_,8.9
_08048_,8.9
_08060_,8.9
_11313_,8.9
_11619_,8.9
_12492_,8.9
_13693_,8.9
_14828_,8.9
_15339_,8.9
_15401_,8.9
_15913_,8.9
_16114_,8.9
_16176_,8.9
_16611_,8.9
_16699_,8.9
_18997_,8.9
u_aes128.round_key\[47\],8.9
u_auth_fsm.aes_plaintext\[73\],8.9
net866,8.9
net878,8.9
net1098,8.9
net1328,8.9
net1523,8.9
net1641,8.9
net1763,8.9
net2304,8.9
net2349,8.9
net2397,8.9
net2416,8.9
net2512,8.9
_17173_,8.895
_04004_,8.88
_05133_,8.88
_07038_,8.88
_12272_,8.88
_13223_,8.88
_15398_,8.88
_16110_,8.88
u_auth_fsm.cooldown_cnt\[18\],8.88
_00517_,8.865
_04597_,8.86
_05831_,8.86
_05990_,8.86
_07149_,8.86
_07252_,8.86
_08492_,8.86
_08745_,8.86
_09528_,8.86
_09971_,8.86
_10012_,8.86
_12271_,8.86
_15434_,8.86
_15866_,8.86
_16697_,8.86
_17938_,8.86
_18793_,8.86
fifo_nonce\[4\]\[48\],8.86
fifo_nonce\[7\]\[16\],8.86
u_auth_fsm.cur_nonce\[115\],8.86
_04156_,8.84
_04258_,8.84
_04689_,8.84
_04768_,8.84
_12717_,8.84
fifo_nonce\[7\]\[73\],8.84
net1365,8.84
net1389,8.84
net1729,8.84
net1855,8.84
net1971,8.84
net2383,8.84
net2430,8.84
u_aes128.round_key\[113\],8.83
_00222_,8.82
_04444_,8.82
_05266_,8.82
_06870_,8.82
_07096_,8.82
_07243_,8.82
_07337_,8.82
_09575_,8.82
_11318_,8.82
_12294_,8.82
_17599_,8.82
_17710_,8.82
_18111_,8.82
_18125_,8.82
_18316_,8.82
fifo_nonce\[2\]\[80\],8.82
fifo_nonce\[5\]\[82\],8.82
fifo_nonce\[6\]\[112\],8.82
fifo_nonce\[6\]\[55\],8.82
net674,8.82
net826,8.82
net915,8.82
net967,8.82
net1024,8.82
net1495,8.82
_04100_,8.8
_05331_,8.8
_08761_,8.8
_11352_,8.8
_11970_,8.8
_13715_,8.8
_13920_,8.8
_15020_,8.8
_16877_,8.8
_17388_,8.8
_18835_,8.8
fifo_nonce\[5\]\[125\],8.8
net877,8.8
net983,8.8
net995,8.8
net1011,8.8
net1045,8.8
net1122,8.8
net1173,8.8
net1196,8.8
net1670,8.8
net1738,8.8
net2396,8.8
fifo_nonce\[3\]\[106\],8.795
_18959_,8.79
_08632_,8.78
_10271_,8.78
_15289_,8.78
_15290_,8.78
_17511_,8.78
_17774_,8.78
_18643_,8.78
fifo_nonce\[1\]\[118\],8.78
fifo_nonce\[2\]\[59\],8.78
_01564_,8.765
_02579_,8.765
_00062_,8.76
_04730_,8.76
_08508_,8.76
_11410_,8.76
_12279_,8.76
_16647_,8.76
_16668_,8.76
fifo_nonce\[4\]\[61\],8.76
_17834_,8.755
_01709_,8.74
_06219_,8.74
_07981_,8.74
_11564_,8.74
_17086_,8.74
_17520_,8.74
_18411_,8.74
_18803_,8.74
_19305_,8.74
_19384_,8.74
fifo_nonce\[1\]\[94\],8.74
u_auth_fsm.aes_plaintext\[97\],8.74
net918,8.74
net1049,8.74
net1798,8.74
net2437,8.74
_07692_,8.725
_00029_,8.72
_01149_,8.72
_01670_,8.72
_01832_,8.72
_09481_,8.72
_17449_,8.72
_18075_,8.72
net525,8.72
net595,8.72
net800,8.72
net885,8.72
net2035,8.72
_06893_,8.71
_00109_,8.7
_01157_,8.7
_01163_,8.7
_03799_,8.7
_03807_,8.7
_12099_,8.7
_13823_,8.7
_14700_,8.7
_18680_,8.7
fifo_nonce\[2\]\[103\],8.7
fifo_nonce\[4\]\[2\],8.7
fifo_nonce\[5\]\[113\],8.7
u_auth_fsm.aes_plaintext\[67\],8.7
u_auth_fsm.cur_nonce\[111\],8.7
net1220,8.7
net1499,8.7
net2041,8.7
net2332,8.7
net2422,8.7
_01589_,8.685
_02090_,8.685
_09828_,8.685
_01934_,8.68
_02982_,8.68
_08137_,8.68
_08457_,8.68
_11703_,8.68
_12079_,8.68
_12089_,8.68
fifo_nonce\[4\]\[89\],8.68
net1243,8.68
_00674_,8.665
_04091_,8.66
_06431_,8.66
_10810_,8.66
_12150_,8.66
_14689_,8.66
_15216_,8.66
_16548_,8.66
fifo_nonce\[1\]\[102\],8.66
fifo_nonce\[2\]\[94\],8.66
fifo_nonce\[4\]\[73\],8.66
fifo_nonce\[5\]\[86\],8.66
fifo_nonce\[5\]\[98\],8.66
fifo_nonce\[6\]\[57\],8.66
fifo_nonce\[7\]\[0\],8.66
u_aes128.round_key\[100\],8.66
u_auth_fsm.cur_nonce\[77\],8.66
u_cmd_parser.nonce_reg\[101\],8.66
_00427_,8.645
_14868_,8.645
_02169_,8.64
_02810_,8.64
_07365_,8.64
_07721_,8.64
_19080_,8.64
_02351_,8.62
_02708_,8.62
_02717_,8.62
_02750_,8.62
_03128_,8.62
_07045_,8.62
_07273_,8.62
_07614_,8.62
_07965_,8.62
_08039_,8.62
_08454_,8.62
_11209_,8.62
_13675_,8.62
_14301_,8.62
_18098_,8.62
fifo_nonce\[5\]\[64\],8.62
fifo_nonce\[7\]\[87\],8.62
net487,8.62
net1633,8.62
_02338_,8.605
_06369_,8.605
_00058_,8.6
_01008_,8.6
_01351_,8.6
_02628_,8.6
_03615_,8.6
_07261_,8.6
_08043_,8.6
_09239_,8.6
_10333_,8.6
_11243_,8.6
_11698_,8.6
_12327_,8.6
_12479_,8.6
_13224_,8.6
_14001_,8.6
_15176_,8.6
_16050_,8.6
_17636_,8.6
u_auth_fsm.nonce_hist\[5\]\[51\],8.6
u_cmd_parser.nonce_reg\[77\],8.6
net601,8.6
net632,8.6
net637,8.6
net1013,8.6
net1062,8.6
net1183,8.6
net1474,8.6
net1564,8.6
net1643,8.6
net1733,8.6
net1803,8.6
net2494,8.6
_01365_,8.58
_04619_,8.58
_05695_,8.58
_07882_,8.58
_09110_,8.58
_10712_,8.58
_10912_,8.58
_11998_,8.58
_12420_,8.58
_12886_,8.58
_15990_,8.58
_19555_,8.58
fifo_nonce\[1\]\[89\],8.58
fifo_nonce\[2\]\[1\],8.58
fifo_nonce\[5\]\[17\],8.58
u_auth_fsm.tx_payload\[77\],8.58
net2036,8.58
_00486_,8.575
_17547_,8.57
_18100_,8.57
_01169_,8.56
_02499_,8.56
_03184_,8.56
_03461_,8.56
_03993_,8.56
_04027_,8.56
_04747_,8.56
_06796_,8.56
_08899_,8.56
_09165_,8.56
_10431_,8.56
_10607_,8.56
_10780_,8.56
_11366_,8.56
_11850_,8.56
_12030_,8.56
_12828_,8.56
_15894_,8.56
_15928_,8.56
_15950_,8.56
_16043_,8.56
_16055_,8.56
_16125_,8.56
_16173_,8.56
_16602_,8.56
_17072_,8.56
_18801_,8.56
_18958_,8.56
_19548_,8.56
fifo_nonce\[1\]\[121\],8.56
u_aes128.round_key\[55\],8.56
u_aes128.round_key\[83\],8.56
u_aes128.round_key\[91\],8.56
u_auth_fsm.aes_plaintext\[76\],8.56
u_auth_fsm.nonce_hist\[2\]\[83\],8.56
u_auth_fsm.secret_key\[46\],8.56
u_cmd_parser.crc_hi_reg\[3\],8.56
net432,8.56
net723,8.56
net1218,8.56
net1242,8.56
net1948,8.56
_06741_,8.55
u_auth_fsm.nonce_hist\[7\]\[29\],8.55
_07416_,8.54
_17092_,8.54
_17578_,8.54
fifo_nonce\[2\]\[95\],8.54
u_auth_fsm.tx_payload\[61\],8.54
_01052_,8.535
_06867_,8.535
_01040_,8.525
_03165_,8.52
_04378_,8.52
_04940_,8.52
_05237_,8.52
_05571_,8.52
_05627_,8.52
_06580_,8.52
_06634_,8.52
_07237_,8.52
_07535_,8.52
_09861_,8.52
_10297_,8.52
_10700_,8.52
_12475_,8.52
_14779_,8.52
_15410_,8.52
_15412_,8.52
_16451_,8.52
_16781_,8.52
_17202_,8.52
_18368_,8.52
net940,8.52
_12068_,8.51
_03942_,8.5
_04244_,8.5
_04645_,8.5
_05213_,8.5
_05242_,8.5
_05320_,8.5
_06016_,8.5
_08078_,8.5
_12326_,8.5
_12418_,8.5
_14274_,8.5
_16130_,8.5
_16825_,8.5
_18153_,8.5
net1091,8.5
_17748_,8.49
_00473_,8.485
_00646_,8.485
_01535_,8.485
_01337_,8.48
_04185_,8.48
_04594_,8.48
_04935_,8.48
_05091_,8.48
_05222_,8.48
_06747_,8.48
_06974_,8.48
_08065_,8.48
_08564_,8.48
_09912_,8.48
_11323_,8.48
_11932_,8.48
_13318_,8.48
_13580_,8.48
_14182_,8.48
_14509_,8.48
_15015_,8.48
_15205_,8.48
_16158_,8.48
_16498_,8.48
_16642_,8.48
_16810_,8.48
_18186_,8.48
_18417_,8.48
_18571_,8.48
_18877_,8.48
fifo_nonce\[2\]\[53\],8.48
net747,8.48
net867,8.48
net1023,8.48
net1088,8.48
net1128,8.48
net1151,8.48
net1166,8.48
net1178,8.48
net1206,8.48
net1224,8.48
net1229,8.48
net1283,8.48
net2020,8.48
net2413,8.48
net2432,8.48
net2139,8.475
_05991_,8.46
_09883_,8.46
_12341_,8.46
_18261_,8.46
_18403_,8.46
fifo_nonce\[4\]\[79\],8.46
fifo_nonce\[5\]\[44\],8.46
fifo_nonce\[7\]\[105\],8.46
u_auth_fsm.nonce_hist\[2\]\[46\],8.46
_06642_,8.455
_14128_,8.455
_01613_,8.445
_11108_,8.445
_02745_,8.44
_04366_,8.44
_04395_,8.44
_04621_,8.44
_05327_,8.44
_06424_,8.44
_07113_,8.44
_07843_,8.44
_09160_,8.44
_09627_,8.44
_11253_,8.44
_12753_,8.44
_14867_,8.44
_15426_,8.44
_15497_,8.44
_15520_,8.44
_15954_,8.44
_15960_,8.44
_15966_,8.44
_16054_,8.44
_16079_,8.44
_16266_,8.44
_16446_,8.44
_16589_,8.44
_16655_,8.44
_16789_,8.44
_17749_,8.44
_18247_,8.44
fifo_nonce\[1\]\[0\],8.44
fifo_nonce\[2\]\[35\],8.44
fifo_nonce\[2\]\[89\],8.44
u_aes128.round_key\[37\],8.44
u_aes128.round_key\[71\],8.44
u_auth_fsm.cur_nonce\[7\],8.44
u_auth_fsm.nonce_hist\[2\]\[109\],8.44
u_auth_fsm.nonce_hist\[6\]\[33\],8.44
net863,8.44
net882,8.44
net990,8.44
net1100,8.44
net1346,8.44
net1508,8.44
net1958,8.44
net2050,8.44
net2389,8.44
net2463,8.44
_00620_,8.425
_00688_,8.425
_04552_,8.42
_14309_,8.42
_15992_,8.42
_17184_,8.42
fifo_nonce\[4\]\[5\],8.42
_18888_,8.41
_01406_,8.405
_03576_,8.4
_03705_,8.4
_03861_,8.4
_03951_,8.4
_04301_,8.4
_08855_,8.4
_13176_,8.4
_13745_,8.4
_14428_,8.4
_17979_,8.4
_18404_,8.4
_19130_,8.4
_19551_,8.4
fifo_nonce\[6\]\[38\],8.4
_00394_,8.385
_07116_,8.38
_07525_,8.38
_10787_,8.38
_13183_,8.38
net1056,8.38
net1184,8.38
net1230,8.38
net1336,8.38
net1362,8.38
net1518,8.38
net1541,8.38
net1555,8.38
net1854,8.38
net1990,8.38
net2220,8.38
net2225,8.38
net2244,8.38
net2431,8.38
_01046_,8.365
_00535_,8.36
_04976_,8.36
_06473_,8.36
_09531_,8.36
_12550_,8.36
_13739_,8.36
_13798_,8.36
_17987_,8.36
fifo_nonce\[2\]\[65\],8.36
fifo_nonce\[5\]\[89\],8.36
fifo_nonce\[6\]\[96\],8.36
net905,8.36
net957,8.36
net2282,8.36
net2325,8.36
_09771_,8.35
_03344_,8.345
_02264_,8.34
_11135_,8.34
_12679_,8.34
_14960_,8.34
_18518_,8.34
fifo_nonce\[7\]\[86\],8.34
net865,8.34
net1060,8.34
net1138,8.34
net1234,8.34
net1240,8.34
net1545,8.34
net1575,8.34
net1592,8.34
net1671,8.34
net1776,8.34
net1823,8.34
net2168,8.34
net2337,8.34
net2387,8.34
net2511,8.34
_01960_,8.32
_02916_,8.32
_07464_,8.32
_11600_,8.32
_13639_,8.32
_17685_,8.32
_19589_,8.32
fifo_nonce\[1\]\[13\],8.32
fifo_nonce\[1\]\[88\],8.32
fifo_nonce\[7\]\[26\],8.32
u_aes128.round_key\[119\],8.32
u_aes128.round_key\[99\],8.32
u_auth_fsm.aes_plaintext\[51\],8.32
u_auth_fsm.nonce_hist\[6\]\[85\],8.32
net932,8.32
net2421,8.32
_01057_,8.305
_00493_,8.3
_02451_,8.3
_06516_,8.3
_16733_,8.3
_19373_,8.3
_01011_,8.285
_01469_,8.285
_12126_,8.285
_17936_,8.285
_00291_,8.28
_00326_,8.28
_00481_,8.28
_01167_,8.28
_04713_,8.28
_06676_,8.28
_07631_,8.28
_10347_,8.28
_11812_,8.28
_13803_,8.28
_16537_,8.28
u_aes128.round_key\[115\],8.28
net1996,8.28
net2404,8.28
_00899_,8.265
_01009_,8.265
_11290_,8.265
_00144_,8.26
_03498_,8.26
_08837_,8.26
_12131_,8.26
_17704_,8.26
_18576_,8.26
_19332_,8.26
net455,8.26
net1994,8.26
net2019,8.26
_03359_,8.245
_00804_,8.24
_02011_,8.24
_03352_,8.24
_08824_,8.24
_09108_,8.24
_09862_,8.24
_10822_,8.24
_12928_,8.24
_14948_,8.24
_16490_,8.24
_17795_,8.24
_19407_,8.24
fifo_nonce\[3\]\[34\],8.24
fifo_nonce\[3\]\[43\],8.24
fifo_nonce\[5\]\[3\],8.24
fifo_nonce\[5\]\[90\],8.24
fifo_nonce\[7\]\[45\],8.24
net576,8.24
net1492,8.24
_03346_,8.22
_11847_,8.22
_17540_,8.22
fifo_nonce\[6\]\[111\],8.22
u_uart_tx.clk_cnt\[9\],8.22
net881,8.22
_08673_,8.21
_10739_,8.21
_04851_,8.2
_05468_,8.2
_07625_,8.2
_13862_,8.2
_14472_,8.2
_16784_,8.2
fifo_nonce\[2\]\[27\],8.2
fifo_nonce\[3\]\[31\],8.2
fifo_nonce\[6\]\[2\],8.2
net1033,8.2
_01393_,8.18
_01702_,8.18
_03137_,8.18
_09960_,8.18
_17893_,8.18
fifo_nonce\[2\]\[122\],8.18
_11232_,8.17
_00800_,8.165
_02336_,8.16
_02503_,8.16
_03378_,8.16
_06142_,8.16
_07912_,8.16
_11916_,8.16
_11951_,8.16
_12064_,8.16
_17659_,8.16
_17676_,8.16
_19402_,8.16
fifo_nonce\[7\]\[22\],8.16
net616,8.16
net1939,8.16
_00776_,8.155
_03815_,8.155
_10766_,8.155
_01054_,8.145
_01304_,8.145
_10858_,8.145
_00043_,8.14
_01291_,8.14
_01456_,8.14
_01935_,8.14
_02959_,8.14
_03194_,8.14
_03380_,8.14
_03611_,8.14
_03813_,8.14
_06660_,8.14
_07610_,8.14
_08046_,8.14
_08270_,8.14
_08608_,8.14
_08962_,8.14
_09030_,8.14
_09247_,8.14
_09296_,8.14
_10296_,8.14
_11058_,8.14
_12046_,8.14
_13338_,8.14
_14460_,8.14
_14566_,8.14
_14614_,8.14
_15368_,8.14
_15603_,8.14
_15907_,8.14
_18061_,8.14
_18122_,8.14
_19603_,8.14
fifo_nonce\[5\]\[55\],8.14
fifo_nonce\[5\]\[88\],8.14
u_aes128.round_key\[60\],8.14
u_auth_fsm.cur_nonce\[61\],8.14
u_auth_fsm.secret_key\[3\],8.14
u_auth_fsm.secret_key\[99\],8.14
u_auth_fsm.tx_payload\[78\],8.14
net479,8.14
net527,8.14
net1447,8.14
net2316,8.14
_00509_,8.125
_10352_,8.125
_00010_,8.12
_02475_,8.12
_03443_,8.12
_04082_,8.12
_04179_,8.12
_05006_,8.12
_06734_,8.12
_07221_,8.12
_13164_,8.12
_14877_,8.12
_16511_,8.12
_17466_,8.12
u_aes128.gen_key_sbox\[1\].sb_key.in\[6\],8.12
net1760,8.12
_17468_,8.115
_01735_,8.1
_03181_,8.1
_04035_,8.1
_05143_,8.1
_05839_,8.1
_07511_,8.1
_09757_,8.1
_10310_,8.1
_10866_,8.1
_11358_,8.1
_12935_,8.1
_13315_,8.1
_15039_,8.1
_15346_,8.1
_15354_,8.1
_15369_,8.1
_15374_,8.1
_15651_,8.1
_15677_,8.1
_15684_,8.1
_15730_,8.1
_16111_,8.1
_16121_,8.1
_16466_,8.1
_16532_,8.1
_17589_,8.1
_18250_,8.1
_18276_,8.1
_19245_,8.1
fifo_nonce\[1\]\[34\],8.1
fifo_nonce\[3\]\[3\],8.1
fifo_nonce\[4\]\[19\],8.1
u_aes128.gen_state_sbox\[1\].sb_state.in\[2\],8.1
u_cmd_parser.nonce_reg\[41\],8.1
net489,8.1
net1625,8.1
net1635,8.1
net1666,8.1
_11237_,8.08
_19206_,8.08
fifo_nonce\[2\]\[9\],8.08
fifo_nonce\[7\]\[49\],8.08
u_auth_fsm.tx_payload\[55\],8.08
_01525_,8.065
_09039_,8.065
_01416_,8.06
_03771_,8.06
_04429_,8.06
_04581_,8.06
_04627_,8.06
_12083_,8.06
_12409_,8.06
_12484_,8.06
_14270_,8.06
_14563_,8.06
_15915_,8.06
_16701_,8.06
_18452_,8.06
_18695_,8.06
_18866_,8.06
_19287_,8.06
fifo_nonce\[3\]\[48\],8.06
fifo_nonce\[4\]\[0\],8.06
fifo_nonce\[4\]\[26\],8.06
_00736_,8.055
_05624_,8.04
_05999_,8.04
_10542_,8.04
_12069_,8.04
_13987_,8.04
_17417_,8.04
_17877_,8.04
_18337_,8.04
_16011_,8.03
_01256_,8.02
_02967_,8.02
_04656_,8.02
_04683_,8.02
_05825_,8.02
_06167_,8.02
_06892_,8.02
_07253_,8.02
_07265_,8.02
_07267_,8.02
_07298_,8.02
_07579_,8.02
_11092_,8.02
_11439_,8.02
_11541_,8.02
_11870_,8.02
_12389_,8.02
_12442_,8.02
_12477_,8.02
_13090_,8.02
_13718_,8.02
_13761_,8.02
_14780_,8.02
_15328_,8.02
_15813_,8.02
_16265_,8.02
_16533_,8.02
_16935_,8.02
_17073_,8.02
_17920_,8.02
_19550_,8.02
u_aes128.round_key\[51\],8.02
u_auth_fsm.tx_payload\[42\],8.02
net425,8.02
net607,8.02
net834,8.02
net890,8.02
net969,8.02
net1195,8.02
net1219,8.02
net1291,8.02
net1319,8.02
net1628,8.02
net1652,8.02
net1702,8.02
net1703,8.02
net1877,8.02
net2099,8.02
net2239,8.02
net2256,8.02
net2427,8.02
_18699_,8.01
_01093_,8
_01810_,8
_01995_,8
_06491_,8
_08051_,8
_09343_,8
_11221_,8
_13492_,8
_16012_,8
_16102_,8
_16163_,8
_16641_,8
fifo_nonce\[2\]\[76\],8
fifo_nonce\[4\]\[43\],8
fifo_nonce\[7\]\[98\],8
u_auth_fsm.secret_key\[67\],8
u_cmd_parser.cmd_reg\[0\],8
_00511_,7.985
_01838_,7.985
_03664_,7.98
_03682_,7.98
_03958_,7.98
_04269_,7.98
_04272_,7.98
_04298_,7.98
_04391_,7.98
_04503_,7.98
_05337_,7.98
_05705_,7.98
_06978_,7.98
_06987_,7.98
_09669_,7.98
_10596_,7.98
_10623_,7.98
_10756_,7.98
_13694_,7.98
_14347_,7.98
_14415_,7.98
_15013_,7.98
_15066_,7.98
_15314_,7.98
_15372_,7.98
_15386_,7.98
_15400_,7.98
_15445_,7.98
_15711_,7.98
_15783_,7.98
_15831_,7.98
_15832_,7.98
_15877_,7.98
_15878_,7.98
_15938_,7.98
_16098_,7.98
_17631_,7.98
_17943_,7.98
_18063_,7.98
_18730_,7.98
fifo_nonce\[5\]\[13\],7.98
fifo_nonce\[5\]\[24\],7.98
fifo_nonce\[6\]\[127\],7.98
fifo_nonce\[6\]\[88\],7.98
fifo_nonce\[7\]\[12\],7.98
fifo_nonce\[7\]\[82\],7.98
u_auth_fsm.cur_nonce\[122\],7.98
net958,7.98
net987,7.98
net1077,7.98
net1370,7.98
net1440,7.98
net1572,7.98
net1850,7.98
net1967,7.98
net739,7.965
_05339_,7.96
_07360_,7.96
_11254_,7.96
_12394_,7.96
_15407_,7.96
_15833_,7.96
_16976_,7.96
fifo_nonce\[5\]\[123\],7.96
fifo_nonce\[7\]\[52\],7.96
_17292_,7.955
_00120_,7.94
_01681_,7.94
_04369_,7.94
_05238_,7.94
_05255_,7.94
_06675_,7.94
_07173_,7.94
_09980_,7.94
_11884_,7.94
_12029_,7.94
_12741_,7.94
_14975_,7.94
_15078_,7.94
_15342_,7.94
_16113_,7.94
fifo_nonce\[2\]\[114\],7.94
fifo_nonce\[4\]\[38\],7.94
fifo_nonce\[6\]\[35\],7.94
net2507,7.94
_17521_,7.935
_01576_,7.92
_05890_,7.92
_12412_,7.92
net950,7.92
net1126,7.92
net1161,7.92
net1203,7.92
net1207,7.92
net1277,7.92
net1464,7.92
net1475,7.92
net1511,7.92
net1526,7.92
net1570,7.92
net1943,7.92
net2260,7.92
net2324,7.92
_00738_,7.905
_01926_,7.9
_02763_,7.9
_03451_,7.9
_03753_,7.9
_03912_,7.9
_04187_,7.9
_06260_,7.9
_06714_,7.9
_07268_,7.9
_07487_,7.9
_08319_,7.9
_09294_,7.9
_10884_,7.9
_11691_,7.9
_14079_,7.9
_14285_,7.9
_16370_,7.9
_17958_,7.9
_18351_,7.9
_18424_,7.9
fifo_nonce\[3\]\[37\],7.9
fifo_nonce\[5\]\[15\],7.9
net567,7.9
net1616,7.9
net1824,7.9
net2307,7.9
_12417_,7.895
_11121_,7.89
_01051_,7.885
_05324_,7.88
_07554_,7.88
_08511_,7.88
_12840_,7.88
_14085_,7.88
_14239_,7.88
_18612_,7.88
_18846_,7.88
_19447_,7.88
net862,7.88
net1136,7.88
net1149,7.88
net1350,7.88
net1473,7.88
net1653,7.88
net1811,7.88
net2274,7.88
_02292_,7.86
_02511_,7.86
_08866_,7.86
_13008_,7.86
u_aes128.round_key\[112\],7.86
u_auth_fsm.aes_plaintext\[47\],7.86
_07676_,7.84
_08068_,7.84
_13452_,7.84
_16796_,7.84
_17093_,7.84
_17475_,7.84
fifo_nonce\[2\]\[30\],7.84
_06021_,7.83
_01538_,7.825
_03275_,7.825
_02585_,7.82
_03622_,7.82
_13437_,7.82
_13662_,7.82
_13888_,7.82
_18529_,7.82
_18736_,7.82
net485,7.82
net994,7.82
net1079,7.82
net1186,7.82
net2226,7.82
net2235,7.82
net2344,7.82
net2391,7.82
net2393,7.82
net2490,7.82
_01542_,7.805
_11185_,7.805
_00105_,7.8
_01148_,7.8
_01687_,7.8
_01738_,7.8
_03333_,7.8
_06662_,7.8
_08312_,7.8
_08345_,7.8
_12839_,7.8
_17066_,7.8
_17321_,7.8
_17890_,7.8
_18707_,7.8
fifo_nonce\[7\]\[19\],7.8
net588,7.8
net656,7.8
net804,7.8
net1596,7.8
net2411,7.8
_09708_,7.79
_01930_,7.78
_02626_,7.78
_06065_,7.78
_07546_,7.78
_08513_,7.78
_10630_,7.78
_12493_,7.78
_13233_,7.78
_16442_,7.78
_18171_,7.78
_18369_,7.78
_18457_,7.78
fifo_nonce\[1\]\[48\],7.78
fifo_nonce\[2\]\[101\],7.78
fifo_nonce\[2\]\[10\],7.78
fifo_nonce\[5\]\[65\],7.78
fifo_nonce\[7\]\[33\],7.78
u_auth_fsm.cur_nonce\[52\],7.78
u_auth_fsm.secret_key\[125\],7.78
u_auth_fsm.tx_byte\[5\],7.78
u_cmd_parser.nonce_reg\[5\],7.78
net2228,7.78
net2311,7.78
_17883_,7.775
_14306_,7.77
_00546_,7.765
_00028_,7.76
_00191_,7.76
_01865_,7.76
_03048_,7.76
_03170_,7.76
_07872_,7.76
_08232_,7.76
_08707_,7.76
_10448_,7.76
_13085_,7.76
_17163_,7.76
_18322_,7.76
fifo_nonce\[0\]\[75\],7.76
net753,7.76
net2506,7.76
u_auth_fsm.nonce_hist\[3\]\[81\],7.745
_06658_,7.74
_12915_,7.74
_17255_,7.74
fifo_nonce\[1\]\[26\],7.74
fifo_nonce\[6\]\[27\],7.74
fifo_nonce\[6\]\[45\],7.74
fifo_nonce\[6\]\[62\],7.74
fifo_nonce\[7\]\[126\],7.74
u_aes128.round_key\[103\],7.74
u_auth_fsm.aes_plaintext\[43\],7.74
u_auth_fsm.cur_nonce\[49\],7.74
net1318,7.74
_00420_,7.725
_01207_,7.72
_01914_,7.72
_03257_,7.72
_03469_,7.72
_12406_,7.72
_19091_,7.72
_07209_,7.715
_01197_,7.7
_03003_,7.7
_03439_,7.7
_04856_,7.7
_06379_,7.7
_13361_,7.7
_18023_,7.7
_19453_,7.7
net604,7.7
_18124_,7.69
_01654_,7.68
_01882_,7.68
_02065_,7.68
_03525_,7.68
_04036_,7.68
_04208_,7.68
_04237_,7.68
_05137_,7.68
_05628_,7.68
_06524_,7.68
_06930_,7.68
_08113_,7.68
_08409_,7.68
_08708_,7.68
_09523_,7.68
_09863_,7.68
_10248_,7.68
_10765_,7.68
_11477_,7.68
_11615_,7.68
_12362_,7.68
_12376_,7.68
_12910_,7.68
_13190_,7.68
_13247_,7.68
_13896_,7.68
_15233_,7.68
_15755_,7.68
_15784_,7.68
_15912_,7.68
_16254_,7.68
_16550_,7.68
_16563_,7.68
_18112_,7.68
_19385_,7.68
u_aes128.ciphertext\[2\],7.68
u_cmd_parser.nonce_reg\[7\],7.68
u_uart_rx.rx_shift\[7\],7.68
net2,7.68
net481,7.68
net894,7.68
net960,7.68
net1165,7.68
net1405,7.68
net1507,7.68
net1534,7.68
net1598,7.68
net1674,7.68
net1800,7.68
net1952,7.68
net2088,7.68
net2486,7.68
_07790_,7.67
_10837_,7.67
_02050_,7.66
_03246_,7.66
_03368_,7.66
_03670_,7.66
_04109_,7.66
_05318_,7.66
_05364_,7.66
_05968_,7.66
_07070_,7.66
_07314_,7.66
_07641_,7.66
_07662_,7.66
_08882_,7.66
_09514_,7.66
_10180_,7.66
_11103_,7.66
_12076_,7.66
_12516_,7.66
_12542_,7.66
_13037_,7.66
_13683_,7.66
_13776_,7.66
_15855_,7.66
_16798_,7.66
_18408_,7.66
fifo_nonce\[2\]\[45\],7.66
fifo_nonce\[3\]\[115\],7.66
fifo_nonce\[5\]\[18\],7.66
fifo_nonce\[7\]\[103\],7.66
fifo_nonce\[7\]\[24\],7.66
fifo_nonce\[7\]\[69\],7.66
fifo_nonce\[7\]\[84\],7.66
net1818,7.66
_00555_,7.655
_00875_,7.64
_01181_,7.64
_01259_,7.64
_01672_,7.64
_01851_,7.64
_02497_,7.64
_04402_,7.64
_04512_,7.64
_04724_,7.64
_05291_,7.64
_05621_,7.64
_06173_,7.64
_07203_,7.64
_09246_,7.64
_09585_,7.64
_10414_,7.64
_11942_,7.64
_11986_,7.64
_12088_,7.64
_12129_,7.64
_12518_,7.64
_12958_,7.64
_14351_,7.64
_15191_,7.64
_15455_,7.64
_15608_,7.64
_15998_,7.64
_16573_,7.64
_16577_,7.64
_16591_,7.64
_16622_,7.64
_17387_,7.64
_17552_,7.64
_18053_,7.64
_18483_,7.64
_19678_,7.64
fifo_nonce\[3\]\[95\],7.64
fifo_nonce\[4\]\[113\],7.64
fifo_nonce\[4\]\[123\],7.64
fifo_nonce\[5\]\[43\],7.64
u_auth_fsm.nonce_hist\[6\]\[43\],7.64
u_auth_fsm.secret_key\[30\],7.64
net486,7.64
net670,7.64
net1537,7.64
net2433,7.64
_01890_,7.62
_02272_,7.62
_08192_,7.62
_08338_,7.62
_11131_,7.62
_13551_,7.62
_19196_,7.62
fifo_nonce\[2\]\[92\],7.62
fifo_nonce\[3\]\[86\],7.62
_17702_,7.61
_00624_,7.605
_01340_,7.6
_01397_,7.6
_01740_,7.6
_03774_,7.6
_03842_,7.6
_04890_,7.6
_08642_,7.6
_08994_,7.6
_09164_,7.6
_10435_,7.6
_11583_,7.6
_14887_,7.6
_15267_,7.6
_16261_,7.6
_16670_,7.6
_16678_,7.6
_19016_,7.6
fifo_nonce\[5\]\[108\],7.6
u_auth_fsm.cur_nonce\[108\],7.6
net586,7.6
_17721_,7.59
_04278_,7.58
_04338_,7.58
_09301_,7.58
_09475_,7.58
_09582_,7.58
_13601_,7.58
_14259_,7.58
_16878_,7.58
_17655_,7.58
_17962_,7.58
net564,7.58
net1938,7.58
net1972,7.58
_00495_,7.565
_01507_,7.565
_00086_,7.56
_01320_,7.56
_01954_,7.56
_02289_,7.56
_02319_,7.56
_03565_,7.56
_03785_,7.56
_03787_,7.56
_03791_,7.56
_03796_,7.56
_03880_,7.56
_03896_,7.56
_03932_,7.56
_04075_,7.56
_04183_,7.56
_04253_,7.56
_04259_,7.56
_05132_,7.56
_07033_,7.56
_07868_,7.56
_08718_,7.56
_09533_,7.56
_09712_,7.56
_10228_,7.56
_11267_,7.56
_13658_,7.56
_14391_,7.56
_14445_,7.56
_14826_,7.56
_14961_,7.56
_15338_,7.56
_15597_,7.56
_15765_,7.56
_15995_,7.56
_16013_,7.56
_16276_,7.56
_16391_,7.56
_16408_,7.56
_16489_,7.56
_16496_,7.56
_16661_,7.56
_18626_,7.56
_19250_,7.56
_19444_,7.56
fifo_nonce\[3\]\[111\],7.56
fifo_nonce\[5\]\[29\],7.56
fifo_nonce\[6\]\[64\],7.56
fifo_nonce\[7\]\[121\],7.56
fifo_nonce\[7\]\[29\],7.56
u_aes128.gen_state_sbox\[9\].sb_state.in\[5\],7.56
net448,7.56
net565,7.56
net896,7.56
net900,7.56
net1133,7.56
net1292,7.56
net1521,7.56
net1585,7.56
net1610,7.56
net1629,7.56
net1714,7.56
net1770,7.56
net1982,7.56
_09095_,7.55
_01382_,7.54
_01642_,7.54
_03061_,7.54
_03290_,7.54
_03778_,7.54
_04383_,7.54
_05316_,7.54
_08221_,7.54
_08863_,7.54
_09743_,7.54
_15429_,7.54
_18912_,7.54
fifo_nonce\[1\]\[92\],7.54
net1773,7.54
_03281_,7.525
_01449_,7.52
_01842_,7.52
_02174_,7.52
_03688_,7.52
_03741_,7.52
_04180_,7.52
_04201_,7.52
_04227_,7.52
_04496_,7.52
_04700_,7.52
_04748_,7.52
_04752_,7.52
_04932_,7.52
_04963_,7.52
_06143_,7.52
_06585_,7.52
_06765_,7.52
_07184_,7.52
_07275_,7.52
_08431_,7.52
_08437_,7.52
_09227_,7.52
_10922_,7.52
_11261_,7.52
_11660_,7.52
_12964_,7.52
_14728_,7.52
_15178_,7.52
_15256_,7.52
_15261_,7.52
_15474_,7.52
_15508_,7.52
_15678_,7.52
_15737_,7.52
_15898_,7.52
_15962_,7.52
_16059_,7.52
_16140_,7.52
_16225_,7.52
_16351_,7.52
_16790_,7.52
_17383_,7.52
_17930_,7.52
_18482_,7.52
_18654_,7.52
_18828_,7.52
_18882_,7.52
_19198_,7.52
_19256_,7.52
_19671_,7.52
fifo_nonce\[5\]\[87\],7.52
fifo_nonce\[7\]\[104\],7.52
net1052,7.52
net1076,7.52
net1188,7.52
net1399,7.52
net1476,7.52
net2439,7.52
_08349_,7.5
_18850_,7.5
_00569_,7.485
_01045_,7.485
_01059_,7.485
_02435_,7.485
_01313_,7.48
_04076_,7.48
_04413_,7.48
_04680_,7.48
_12614_,7.48
_14985_,7.48
_16120_,7.48
_16342_,7.48
_17947_,7.48
_18594_,7.48
_18786_,7.48
_18815_,7.48
_18876_,7.48
_17805_,7.475
_03659_,7.46
_03823_,7.46
_05431_,7.46
_07819_,7.46
_08299_,7.46
_13350_,7.46
_16395_,7.46
fifo_nonce\[3\]\[85\],7.46
net955,7.46
net978,7.46
net1020,7.46
net1031,7.46
net1187,7.46
net1451,7.46
net1595,7.46
net1636,7.46
net1644,7.46
net1704,7.46
net1772,7.46
net1817,7.46
net1840,7.46
net2157,7.46
net2264,7.46
_11981_,7.45
_04218_,7.44
_05299_,7.44
_05311_,7.44
_05504_,7.44
_07280_,7.44
_07628_,7.44
_08168_,7.44
_08215_,7.44
_08832_,7.44
_10769_,7.44
_10773_,7.44
_11048_,7.44
_12034_,7.44
_14626_,7.44
_15733_,7.44
_15901_,7.44
_16500_,7.44
_17456_,7.44
_19448_,7.44
fifo_nonce\[1\]\[10\],7.44
fifo_nonce\[1\]\[91\],7.44
fifo_nonce\[2\]\[61\],7.44
fifo_nonce\[3\]\[47\],7.44
fifo_nonce\[7\]\[31\],7.44
u_aes128.round_key\[96\],7.44
net970,7.44
net1201,7.44
net1461,7.44
net2284,7.44
_00499_,7.42
_01187_,7.42
_02635_,7.42
_04172_,7.42
_07916_,7.42
_09126_,7.42
_09413_,7.42
_13116_,7.42
_15794_,7.42
fifo_nonce\[4\]\[119\],7.42
net904,7.42
net1237,7.42
net1359,7.42
net1373,7.42
net1427,7.42
net1600,7.42
net2464,7.42
fifo_nonce\[2\]\[118\],7.415
net421,7.4
_02961_,7.4
_03446_,7.4
_03561_,7.4
_06179_,7.4
_19247_,7.4
fifo_nonce\[2\]\[60\],7.4
fifo_nonce\[7\]\[43\],7.4
u_aes128.round_key\[41\],7.4
u_auth_fsm.cooldown_cnt\[3\],7.4
u_auth_fsm.cur_nonce\[109\],7.4
_00379_,7.385
_01761_,7.385
_02919_,7.385
_07605_,7.38
_08675_,7.38
_11486_,7.38
_14255_,7.38
_17918_,7.38
_18264_,7.38
_18399_,7.38
net2108,7.38
net2442,7.38
_01070_,7.365
_02728_,7.365
_12325_,7.36
_14186_,7.36
_16345_,7.36
_18724_,7.36
_19146_,7.36
net1061,7.36
net1139,7.36
net1787,7.36
net2453,7.36
_06135_,7.345
_00085_,7.34
_01210_,7.34
_02255_,7.34
_03059_,7.34
_05212_,7.34
_07293_,7.34
_07758_,7.34
_07842_,7.34
_11985_,7.34
_13971_,7.34
_16507_,7.34
_17317_,7.34
_17970_,7.34
fifo_nonce\[6\]\[20\],7.34
net496,7.34
net1071,7.34
net1124,7.34
net1638,7.34
_02257_,7.32
_02313_,7.32
_02646_,7.32
_05595_,7.32
_07452_,7.32
_07500_,7.32
_07550_,7.32
_13121_,7.32
_14593_,7.32
_19318_,7.32
fifo_nonce\[1\]\[12\],7.32
fifo_nonce\[2\]\[106\],7.32
fifo_nonce\[3\]\[58\],7.32
fifo_nonce\[4\]\[102\],7.32
fifo_nonce\[5\]\[8\],7.32
fifo_nonce\[6\]\[1\],7.32
fifo_nonce\[6\]\[28\],7.32
fifo_nonce\[7\]\[55\],7.32
fifo_nonce\[7\]\[56\],7.32
u_auth_fsm.aes_plaintext\[70\],7.32
_02310_,7.3
_07258_,7.3
_10382_,7.3
_10401_,7.3
_18147_,7.3
_18384_,7.3
_19442_,7.3
fifo_nonce\[4\]\[35\],7.3
fifo_nonce\[4\]\[85\],7.3
net644,7.3
_00952_,7.28
_04020_,7.28
_08712_,7.28
_11073_,7.28
_11197_,7.28
_14011_,7.28
_18975_,7.28
fifo_nonce\[3\]\[45\],7.28
fifo_nonce\[4\]\[107\],7.28
fifo_nonce\[4\]\[118\],7.28
fifo_nonce\[4\]\[13\],7.28
fifo_nonce\[4\]\[34\],7.28
u_auth_fsm.aes_plaintext\[103\],7.28
u_auth_fsm.nonce_hist\[1\]\[116\],7.28
u_auth_fsm.nonce_hist\[7\]\[97\],7.28
net2236,7.28
fifo_nonce\[2\]\[82\],7.26
_08016_,7.25
_00890_,7.245
_07124_,7.245
_05829_,7.24
_06506_,7.24
_06835_,7.24
_08445_,7.24
_08495_,7.24
_09929_,7.24
_10036_,7.24
_10398_,7.24
_12052_,7.24
_13132_,7.24
_17031_,7.24
_18033_,7.24
_18603_,7.24
u_auth_fsm.secret_key\[32\],7.24
net471,7.24
net1480,7.24
net1581,7.24
_18165_,7.23
_00619_,7.225
_01546_,7.225
_02314_,7.225
_00014_,7.22
_01328_,7.22
_01396_,7.22
_01616_,7.22
_01662_,7.22
_01699_,7.22
_01925_,7.22
_02129_,7.22
_02913_,7.22
_03287_,7.22
_03569_,7.22
_03650_,7.22
_03731_,7.22
_03734_,7.22
_03899_,7.22
_04482_,7.22
_05358_,7.22
_06488_,7.22
_07065_,7.22
_08250_,7.22
_08408_,7.22
_08439_,7.22
_08609_,7.22
_09232_,7.22
_09580_,7.22
_09679_,7.22
_11179_,7.22
_11859_,7.22
_11935_,7.22
_12540_,7.22
_13175_,7.22
_13189_,7.22
_13271_,7.22
_14023_,7.22
_14163_,7.22
_14345_,7.22
_14514_,7.22
_15249_,7.22
_15302_,7.22
_15451_,7.22
_15586_,7.22
_15617_,7.22
_15622_,7.22
_15835_,7.22
_15841_,7.22
_15923_,7.22
_16080_,7.22
_16499_,7.22
_16502_,7.22
_16707_,7.22
_16750_,7.22
fifo_nonce\[1\]\[116\],7.22
fifo_nonce\[4\]\[108\],7.22
fifo_nonce\[4\]\[36\],7.22
fifo_nonce\[5\]\[105\],7.22
u_auth_fsm.secret_key\[101\],7.22
u_auth_fsm.secret_key\[68\],7.22
net545,7.22
net554,7.22
net566,7.22
net615,7.22
net1030,7.22
net1065,7.22
net1163,7.22
net1289,7.22
net1871,7.22
_07022_,7.215
_00076_,7.2
_03637_,7.2
_05305_,7.2
_05439_,7.2
_06433_,7.2
_07852_,7.2
_08070_,7.2
_08433_,7.2
_09222_,7.2
_10760_,7.2
_11196_,7.2
_12750_,7.2
_13269_,7.2
_13282_,7.2
_13953_,7.2
_14213_,7.2
_14663_,7.2
_16146_,7.2
fifo_nonce\[3\]\[64\],7.2
fifo_nonce\[5\]\[104\],7.2
fifo_nonce\[5\]\[20\],7.2
fifo_nonce\[6\]\[3\],7.2
u_auth_fsm.nonce_hist\[3\]\[31\],7.2
net1063,7.2
_00113_,7.18
_01450_,7.18
_01754_,7.18
_01867_,7.18
_02153_,7.18
_02274_,7.18
_03102_,7.18
_03444_,7.18
_03892_,7.18
_04067_,7.18
_04691_,7.18
_04808_,7.18
_04846_,7.18
_05038_,7.18
_05106_,7.18
_05252_,7.18
_05259_,7.18
_07125_,7.18
_10356_,7.18
_10371_,7.18
_10900_,7.18
_12731_,7.18
_12783_,7.18
_13681_,7.18
_13751_,7.18
_13805_,7.18
_14465_,7.18
_15126_,7.18
_15234_,7.18
_15423_,7.18
_15598_,7.18
_15968_,7.18
_16112_,7.18
_16253_,7.18
_16316_,7.18
_16356_,7.18
_16604_,7.18
_16713_,7.18
_17450_,7.18
_17684_,7.18
_18310_,7.18
_18595_,7.18
_19064_,7.18
_19199_,7.18
_19253_,7.18
_19369_,7.18
_19455_,7.18
fifo_nonce\[0\]\[56\],7.18
fifo_nonce\[4\]\[45\],7.18
fifo_nonce\[4\]\[76\],7.18
u_auth_fsm.nonce_hist\[6\]\[107\],7.18
u_auth_fsm.secret_key\[75\],7.18
net772,7.18
net1530,7.18
net1731,7.18
net1825,7.18
net2500,7.18
_02907_,7.16
_08044_,7.16
_13559_,7.16
_17985_,7.16
fifo_nonce\[7\]\[100\],7.16
_00933_,7.145
_02470_,7.14
_04016_,7.14
_04337_,7.14
_04498_,7.14
_04515_,7.14
_04588_,7.14
_04706_,7.14
_04741_,7.14
_05069_,7.14
_05351_,7.14
_08094_,7.14
_09394_,7.14
_12829_,7.14
_15468_,7.14
_16150_,7.14
_16256_,7.14
_16394_,7.14
_16676_,7.14
_16716_,7.14
_16785_,7.14
_18239_,7.14
_18896_,7.14
_18941_,7.14
_19436_,7.14
u_auth_fsm.cur_nonce\[12\],7.14
u_auth_fsm.cur_nonce\[50\],7.14
u_auth_fsm.secret_key\[100\],7.14
net2497,7.14
_01385_,7.12
_03613_,7.12
_04474_,7.12
_05643_,7.12
_06322_,7.12
_06649_,7.12
_06810_,7.12
_07164_,7.12
_07827_,7.12
_08275_,7.12
_08713_,7.12
_08734_,7.12
_08920_,7.12
_09091_,7.12
_09146_,7.12
_09187_,7.12
_09314_,7.12
_09592_,7.12
_10090_,7.12
_12018_,7.12
_14709_,7.12
_15232_,7.12
_15428_,7.12
_16477_,7.12
_18265_,7.12
_19441_,7.12
net520,7.12
_17442_,7.115
_00477_,7.105
_00806_,7.105
_00950_,7.105
_07668_,7.105
_01356_,7.1
_01718_,7.1
_02010_,7.1
_03460_,7.1
_03660_,7.1
_03960_,7.1
_04039_,7.1
_04569_,7.1
_04673_,7.1
_04826_,7.1
_05208_,7.1
_05280_,7.1
_05681_,7.1
_06208_,7.1
_06362_,7.1
_07046_,7.1
_07068_,7.1
_07118_,7.1
_07571_,7.1
_08489_,7.1
_08797_,7.1
_10269_,7.1
_10699_,7.1
_11456_,7.1
_11973_,7.1
_12844_,7.1
_12893_,7.1
_13325_,7.1
_14048_,7.1
_14666_,7.1
_15064_,7.1
_15098_,7.1
_15616_,7.1
_15640_,7.1
_15946_,7.1
_16005_,7.1
_16566_,7.1
_16727_,7.1
_16806_,7.1
_17400_,7.1
_17828_,7.1
_18248_,7.1
_18580_,7.1
_19252_,7.1
_19437_,7.1
fifo_nonce\[2\]\[109\],7.1
fifo_nonce\[2\]\[39\],7.1
fifo_nonce\[2\]\[54\],7.1
fifo_nonce\[6\]\[0\],7.1
fifo_nonce\[6\]\[66\],7.1
fifo_type\[0\],7.1
fifo_type\[7\],7.1
u_aes128.round_key\[92\],7.1
net1043,7.1
net1058,7.1
net1354,7.1
net1792,7.1
_00500_,7.095
_00007_,7.08
_01885_,7.08
_04034_,7.08
_08468_,7.08
_09155_,7.08
_12490_,7.08
_14632_,7.08
_16217_,7.08
_18983_,7.08
fifo_nonce\[3\]\[107\],7.08
fifo_nonce\[4\]\[121\],7.08
fifo_nonce\[7\]\[102\],7.08
u_auth_fsm.cur_nonce\[56\],7.08
_07171_,7.075
u_auth_fsm.nonce_hist\[3\]\[56\],7.075
_01668_,7.065
_03072_,7.06
_03302_,7.06
_03681_,7.06
_03980_,7.06
_04120_,7.06
_04138_,7.06
_04207_,7.06
_05029_,7.06
_05031_,7.06
_05231_,7.06
_05669_,7.06
_06268_,7.06
_07174_,7.06
_07220_,7.06
_07702_,7.06
_08384_,7.06
_10465_,7.06
_11554_,7.06
_11634_,7.06
_11805_,7.06
_11888_,7.06
_12428_,7.06
_12557_,7.06
_14371_,7.06
_14842_,7.06
_14869_,7.06
_15362_,7.06
_15417_,7.06
_15419_,7.06
_15572_,7.06
_15699_,7.06
_16053_,7.06
_16155_,7.06
_16270_,7.06
_16409_,7.06
_16735_,7.06
_17993_,7.06
_18028_,7.06
_18485_,7.06
_19070_,7.06
_19468_,7.06
_19697_,7.06
fifo_nonce\[1\]\[22\],7.06
fifo_nonce\[2\]\[79\],7.06
fifo_nonce\[5\]\[127\],7.06
fifo_nonce\[6\]\[100\],7.06
fifo_nonce\[7\]\[50\],7.06
fifo_nonce\[7\]\[96\],7.06
u_auth_fsm.tx_payload\[80\],7.06
net975,7.06
net1484,7.06
net2017,7.06
net2130,7.06
net2388,7.06
_18965_,7.055
_00424_,7.045
_03180_,7.04
_06682_,7.04
_14105_,7.04
_15837_,7.04
_16875_,7.04
_18546_,7.04
fifo_nonce\[3\]\[46\],7.04
_00488_,7.025
_00565_,7.015
_01404_,7
_01854_,7
_03179_,7
_06449_,7
_06898_,7
_09125_,7
_09210_,7
_09287_,7
_11999_,7
_12785_,7
_13097_,7
_16327_,7
fifo_nonce\[1\]\[69\],7
fifo_nonce\[6\]\[92\],7
net873,7
net909,7
net912,7
net1131,7
net1155,7
net1190,7
net1209,7
net1270,7
net1278,7
net1309,7
net1311,7
net1408,7
net1422,7
net1426,7
net1512,7
net1536,7
net1611,7
net1624,7
net1664,7
net1673,7
net1678,7
net1862,7
net1878,7
net1929,7
net2400,7
net2448,7
_16991_,6.995
_18807_,6.99
_00902_,6.985
_01275_,6.98
_01424_,6.98
_01686_,6.98
_01796_,6.98
_03928_,6.98
_04613_,6.98
_04618_,6.98
_06197_,6.98
_09022_,6.98
_09605_,6.98
_10085_,6.98
_10478_,6.98
_10978_,6.98
_12920_,6.98
_13217_,6.98
_14745_,6.98
_15567_,6.98
_16609_,6.98
_17416_,6.98
_19588_,6.98
fifo_nonce\[2\]\[48\],6.98
fifo_nonce\[3\]\[72\],6.98
fifo_nonce\[3\]\[93\],6.98
fifo_nonce\[4\]\[80\],6.98
fifo_nonce\[5\]\[47\],6.98
fifo_nonce\[7\]\[37\],6.98
u_aes128.round_key\[49\],6.98
u_auth_fsm.tx_payload\[118\],6.98
u_cmd_parser.nonce_reg\[75\],6.98
u_cmd_parser.timeout_cnt\[16\],6.98
net1398,6.98
net1752,6.98
net1788,6.98
net2009,6.98
_00643_,6.965
_01667_,6.96
_06182_,6.96
_08329_,6.96
_08510_,6.96
_10682_,6.96
_12932_,6.96
_13730_,6.96
_14469_,6.96
_16942_,6.96
_17755_,6.96
_18317_,6.96
_19111_,6.96
_19162_,6.96
fifo_nonce\[4\]\[86\],6.96
fifo_nonce\[7\]\[75\],6.96
u_aes128.round_key\[53\],6.96
net1086,6.96
net1244,6.96
net1588,6.96
net1612,6.96
net1750,6.96
_06428_,6.95
_00229_,6.94
_01728_,6.94
_01943_,6.94
_02448_,6.94
_02722_,6.94
_02962_,6.94
_03548_,6.94
_06638_,6.94
_09589_,6.94
fifo_nonce\[1\]\[106\],6.94
fifo_nonce\[1\]\[86\],6.94
fifo_nonce\[3\]\[103\],6.94
u_aes128.round_key\[79\],6.94
u_auth_fsm.nonce_hist\[7\]\[46\],6.94
net2484,6.94
_00507_,6.925
_01969_,6.925
_02905_,6.92
_06973_,6.92
_07862_,6.92
_09313_,6.92
_12349_,6.92
_15162_,6.92
fifo_nonce\[5\]\[56\],6.92
_03326_,6.905
_05768_,6.905
_05442_,6.9
_11314_,6.9
_18779_,6.9
net850,6.9
net989,6.9
net1111,6.9
net1459,6.9
net2266,6.9
_09900_,6.89
_00213_,6.88
_01682_,6.88
_01801_,6.88
_05221_,6.88
_07377_,6.88
_08471_,6.88
_10186_,6.88
_14066_,6.88
_15888_,6.88
_17646_,6.88
_18191_,6.88
fifo_nonce\[6\]\[95\],6.88
net443,6.88
net555,6.88
net965,6.88
net1254,6.88
net1312,6.88
_17637_,6.875
_01600_,6.865
_00012_,6.86
_02741_,6.86
_06779_,6.86
_07873_,6.86
_08935_,6.86
_09972_,6.86
_10904_,6.86
_12210_,6.86
_12237_,6.86
_13313_,6.86
_13542_,6.86
_15447_,6.86
_18038_,6.86
_18938_,6.86
_19300_,6.86
fifo_nonce\[4\]\[59\],6.86
fifo_nonce\[7\]\[44\],6.86
u_auth_fsm.tx_payload\[119\],6.86
_01013_,6.845
_01101_,6.845
_00217_,6.84
_01651_,6.84
_01713_,6.84
_02426_,6.84
_02481_,6.84
_02834_,6.84
_02952_,6.84
_03389_,6.84
_05130_,6.84
_07534_,6.84
_11340_,6.84
_11726_,6.84
_12689_,6.84
_17424_,6.84
_19536_,6.84
fifo_nonce\[6\]\[22\],6.84
_07189_,6.835
_00290_,6.825
_00534_,6.825
_00600_,6.825
_01125_,6.825
_01502_,6.825
_01561_,6.825
_02186_,6.82
_03612_,6.82
_06836_,6.82
_09290_,6.82
_13017_,6.82
_14089_,6.82
_17694_,6.82
fifo_nonce\[1\]\[101\],6.82
fifo_nonce\[6\]\[37\],6.82
_03808_,6.79
_08653_,6.785
_01452_,6.78
_03190_,6.78
_03252_,6.78
_06505_,6.78
_07674_,6.78
_09305_,6.78
_09640_,6.78
_11207_,6.78
_11421_,6.78
_11879_,6.78
_12929_,6.78
_13756_,6.78
_13960_,6.78
_14353_,6.78
_17697_,6.78
net559,6.78
net679,6.78
net789,6.78
net1300,6.78
net1978,6.78
net2201,6.78
_00709_,6.765
_01419_,6.76
_02192_,6.76
_02629_,6.76
_02761_,6.76
_03029_,6.76
_04407_,6.76
_04476_,6.76
_04492_,6.76
_04516_,6.76
_05008_,6.76
_05020_,6.76
_05287_,6.76
_05684_,6.76
_06706_,6.76
_06793_,6.76
_06929_,6.76
_09380_,6.76
_11154_,6.76
_11525_,6.76
_11531_,6.76
_11539_,6.76
_12647_,6.76
_12699_,6.76
_12867_,6.76
_12884_,6.76
_13331_,6.76
_15055_,6.76
_15991_,6.76
_16399_,6.76
_16767_,6.76
_17159_,6.76
_18181_,6.76
_19294_,6.76
fifo_nonce\[1\]\[53\],6.76
u_auth_fsm.cur_nonce\[95\],6.76
u_auth_fsm.nonce_hist\[6\]\[83\],6.76
u_auth_fsm.secret_key\[127\],6.76
u_cmd_parser.nonce_reg\[115\],6.76
net523,6.76
net605,6.76
net714,6.76
net1144,6.76
net1154,6.76
net1232,6.76
net1442,6.76
net1602,6.76
net1831,6.76
net1882,6.76
net2126,6.76
_06923_,6.745
_00259_,6.74
_02684_,6.74
_04764_,6.74
_07102_,6.74
_07492_,6.74
_10531_,6.74
_13312_,6.74
_13732_,6.74
_15557_,6.74
_16264_,6.74
_18664_,6.74
_19001_,6.74
_19717_,6.74
fifo_nonce\[5\]\[37\],6.74
fifo_nonce\[7\]\[114\],6.74
u_aes128.round_key\[104\],6.74
_06366_,6.73
_00015_,6.72
_01689_,6.72
_01746_,6.72
_01752_,6.72
_01791_,6.72
_02398_,6.72
_03269_,6.72
_04106_,6.72
_04170_,6.72
_04252_,6.72
_04440_,6.72
_04484_,6.72
_04720_,6.72
_04745_,6.72
_04765_,6.72
_04917_,6.72
_05088_,6.72
_06241_,6.72
_08404_,6.72
_08512_,6.72
_09224_,6.72
_09278_,6.72
_09906_,6.72
_09990_,6.72
_10002_,6.72
_10500_,6.72
_10661_,6.72
_11099_,6.72
_11645_,6.72
_12118_,6.72
_14436_,6.72
_14455_,6.72
_15190_,6.72
_15192_,6.72
_15321_,6.72
_15778_,6.72
_15821_,6.72
_15893_,6.72
_15902_,6.72
_16156_,6.72
_16323_,6.72
_16530_,6.72
_16538_,6.72
_16617_,6.72
_16723_,6.72
_16800_,6.72
_18852_,6.72
_19315_,6.72
fifo_nonce\[1\]\[73\],6.72
fifo_nonce\[1\]\[77\],6.72
fifo_nonce\[2\]\[6\],6.72
u_auth_fsm.cur_nonce\[105\],6.72
u_auth_fsm.cur_nonce\[59\],6.72
u_auth_fsm.hist_valid\[7\],6.72
u_auth_fsm.nonce_hist\[5\]\[9\],6.72
u_auth_fsm.secret_key\[60\],6.72
u_cmd_parser.nonce_reg\[118\],6.72
net1909,6.72
_00503_,6.705
_00908_,6.705
_00154_,6.7
_01156_,6.7
_01967_,6.7
_02856_,6.7
_07246_,6.7
_14628_,6.7
_15743_,6.7
_16378_,6.7
_19264_,6.7
fifo_nonce\[3\]\[105\],6.7
_18357_,6.695
_00856_,6.685
_01388_,6.66
_01434_,6.66
_02465_,6.66
_03172_,6.66
_03230_,6.66
_03927_,6.66
_04367_,6.66
_04469_,6.66
_04886_,6.66
_06008_,6.66
_06180_,6.66
_07223_,6.66
_07993_,6.66
_08079_,6.66
_08106_,6.66
_09286_,6.66
_10557_,6.66
_13508_,6.66
_15062_,6.66
_15785_,6.66
_16232_,6.66
_16632_,6.66
_16741_,6.66
_17662_,6.66
_18645_,6.66
_19134_,6.66
_19204_,6.66
fifo_nonce\[3\]\[109\],6.66
fifo_nonce\[6\]\[103\],6.66
fifo_nonce\[6\]\[41\],6.66
fifo_nonce\[6\]\[52\],6.66
fifo_nonce\[7\]\[113\],6.66
net1096,6.66
_05678_,6.65
_00712_,6.645
_00774_,6.645
_01426_,6.64
_01772_,6.64
_02019_,6.64
_02928_,6.64
_03009_,6.64
_03108_,6.64
_03683_,6.64
_04124_,6.64
_04361_,6.64
_04416_,6.64
_05039_,6.64
_05053_,6.64
_05120_,6.64
_05145_,6.64
_05226_,6.64
_05286_,6.64
_05908_,6.64
_06256_,6.64
_06845_,6.64
_07067_,6.64
_07084_,6.64
_07194_,6.64
_07199_,6.64
_07242_,6.64
_08341_,6.64
_09177_,6.64
_09609_,6.64
_09702_,6.64
_10108_,6.64
_10370_,6.64
_10455_,6.64
_10728_,6.64
_11204_,6.64
_12111_,6.64
_12796_,6.64
_12936_,6.64
_13421_,6.64
_13749_,6.64
_14629_,6.64
_14735_,6.64
_14878_,6.64
_15235_,6.64
_15303_,6.64
_15316_,6.64
_15439_,6.64
_15791_,6.64
_15871_,6.64
_16090_,6.64
_16100_,6.64
_16299_,6.64
_16529_,6.64
_16569_,6.64
_16572_,6.64
_16612_,6.64
_16615_,6.64
_16746_,6.64
_16939_,6.64
_17635_,6.64
_17790_,6.64
_18092_,6.64
_18256_,6.64
_18718_,6.64
_19161_,6.64
_19460_,6.64
_19503_,6.64
fifo_nonce\[1\]\[31\],6.64
fifo_nonce\[6\]\[102\],6.64
fifo_nonce\[6\]\[24\],6.64
fifo_nonce\[6\]\[63\],6.64
fifo_nonce\[6\]\[65\],6.64
fifo_nonce\[6\]\[97\],6.64
fifo_nonce\[7\]\[18\],6.64
fifo_nonce\[7\]\[58\],6.64
u_aes128.round_key\[61\],6.64
net478,6.64
net1008,6.64
net1194,6.64
net1215,6.64
net1445,6.64
net1470,6.64
net1528,6.64
net2022,6.64
net2080,6.64
net2230,6.64
_00081_,6.62
_00664_,6.62
_03118_,6.62
_04196_,6.62
_07672_,6.62
_10070_,6.62
_13306_,6.62
_14863_,6.62
_15501_,6.62
_15683_,6.62
_19405_,6.62
_19559_,6.62
fifo_nonce\[1\]\[87\],6.62
fifo_nonce\[3\]\[8\],6.62
fifo_nonce\[4\]\[125\],6.62
fifo_nonce\[4\]\[65\],6.62
fifo_nonce\[5\]\[114\],6.62
_03301_,6.605
_18728_,6.605
_03579_,6.6
_03860_,6.6
_03884_,6.6
_03930_,6.6
_04388_,6.6
_04428_,6.6
_04532_,6.6
_04677_,6.6
_04695_,6.6
_04832_,6.6
_05016_,6.6
_05223_,6.6
_05769_,6.6
_06612_,6.6
_07650_,6.6
_07678_,6.6
_08670_,6.6
_08763_,6.6
_09994_,6.6
_10124_,6.6
_10383_,6.6
_10618_,6.6
_11463_,6.6
_11570_,6.6
_12692_,6.6
_13178_,6.6
_14930_,6.6
_15241_,6.6
_15607_,6.6
_15747_,6.6
_15854_,6.6
_16029_,6.6
_16076_,6.6
_16101_,6.6
_16296_,6.6
_16601_,6.6
_16715_,6.6
_16791_,6.6
_17198_,6.6
_17976_,6.6
_18076_,6.6
_18287_,6.6
_18848_,6.6
_19028_,6.6
_19666_,6.6
fifo_nonce\[1\]\[95\],6.6
fifo_nonce\[2\]\[50\],6.6
fifo_nonce\[2\]\[62\],6.6
fifo_nonce\[2\]\[67\],6.6
fifo_nonce\[2\]\[72\],6.6
fifo_nonce\[2\]\[96\],6.6
fifo_nonce\[6\]\[119\],6.6
fifo_nonce\[6\]\[15\],6.6
u_auth_fsm.aes_plaintext\[52\],6.6
net980,6.6
net1517,6.6
net2215,6.6
net2271,6.6
_09048_,6.58
_15717_,6.58
_16020_,6.58
_18584_,6.58
_18588_,6.58
fifo_nonce\[4\]\[23\],6.58
u_auth_fsm.secret_key\[26\],6.58
u_uart_tx.clk_cnt\[10\],6.575
_01106_,6.565
_02671_,6.565
_19035_,6.56
_00512_,6.545
_00699_,6.545
_06136_,6.54
_10237_,6.54
_10496_,6.54
_10588_,6.54
_12952_,6.54
_15511_,6.54
_18273_,6.54
_18627_,6.54
_19063_,6.54
_19375_,6.54
fifo_nonce\[4\]\[109\],6.54
fifo_nonce\[6\]\[13\],6.54
net923,6.54
net1035,6.54
net1047,6.54
net1177,6.54
net1181,6.54
net1259,6.54
net1264,6.54
net1284,6.54
net1317,6.54
net1485,6.54
net1488,6.54
net1576,6.54
net1829,6.54
net2013,6.54
net2352,6.54
net2398,6.54
net2409,6.54
_00892_,6.535
_02910_,6.52
_06622_,6.52
_08222_,6.52
_08683_,6.52
_11023_,6.52
_12405_,6.52
_13286_,6.52
_14006_,6.52
_14171_,6.52
_14873_,6.52
_15977_,6.52
_16552_,6.52
_16918_,6.52
_17259_,6.52
_17897_,6.52
_18444_,6.52
_19046_,6.52
fifo_nonce\[4\]\[75\],6.52
u_aes128.ciphertext\[44\],6.52
u_auth_fsm.nonce_hist\[6\]\[93\],6.52
u_cmd_parser.nonce_reg\[2\],6.52
net1118,6.52
_01539_,6.515
_05742_,6.515
_04426_,6.5
_04891_,6.5
_05241_,6.5
_05254_,6.5
_07502_,6.5
_08047_,6.5
_08490_,6.5
_09503_,6.5
_10919_,6.5
_11563_,6.5
_13599_,6.5
_14068_,6.5
_15285_,6.5
_17059_,6.5
_17946_,6.5
_17994_,6.5
_18020_,6.5
net964,6.5
net1253,6.5
net1416,6.5
net1853,6.5
net2095,6.5
net2378,6.5
_08184_,6.49
_01333_,6.48
_01339_,6.48
_01630_,6.48
_01684_,6.48
_02146_,6.48
_02148_,6.48
_02203_,6.48
_02649_,6.48
_03045_,6.48
_03458_,6.48
_11885_,6.48
_12494_,6.48
_13546_,6.48
_17236_,6.48
_17746_,6.48
_18475_,6.48
fifo_nonce\[5\]\[63\],6.48
u_auth_fsm.nonce_hist\[0\]\[31\],6.48
u_auth_fsm.nonce_hist\[2\]\[85\],6.48
net416,6.48
net1423,6.48
net1466,6.48
net1809,6.48
_01048_,6.465
_01530_,6.465
net456,6.465
_02121_,6.46
_08453_,6.46
_17412_,6.46
_18466_,6.46
_00256_,6.445
_03038_,6.445
_08228_,6.445
_09433_,6.445
_12508_,6.445
_17216_,6.445
_05214_,6.44
_05622_,6.44
_09208_,6.44
_14208_,6.44
_16332_,6.44
net658,6.44
net758,6.44
net977,6.44
net1069,6.44
net1112,6.44
net1228,6.44
net1367,6.44
net1385,6.44
net1630,6.44
net1713,6.44
net1847,6.44
net1908,6.44
net2010,6.44
net2351,6.44
net2373,6.44
net2375,6.44
net2379,6.44
_00990_,6.425
_07371_,6.425
_08771_,6.425
_08902_,6.425
_12469_,6.425
_13427_,6.425
_01357_,6.42
_01412_,6.42
_01437_,6.42
_01717_,6.42
_01788_,6.42
_01862_,6.42
_02388_,6.42
_02551_,6.42
_02786_,6.42
_02935_,6.42
_03277_,6.42
_03305_,6.42
_03946_,6.42
_04062_,6.42
_05097_,6.42
_05150_,6.42
_08592_,6.42
_09074_,6.42
_13628_,6.42
_15559_,6.42
_16556_,6.42
_16571_,6.42
_17460_,6.42
_18101_,6.42
_19165_,6.42
_19295_,6.42
net718,6.42
net1923,6.42
_07197_,6.415
_17775_,6.415
_08278_,6.41
u_uart_rx.rx_d1,6.41
_02352_,6.4
_03054_,6.4
_03168_,6.4
_04866_,6.4
_07274_,6.4
_07572_,6.4
_07875_,6.4
_14389_,6.4
_14474_,6.4
_14789_,6.4
_18712_,6.4
_19307_,6.4
fifo_nonce\[1\]\[83\],6.4
fifo_nonce\[6\]\[80\],6.4
u_auth_fsm.nonce_hist\[6\]\[46\],6.4
net1235,6.4
net2350,6.4
_09546_,6.395
_00452_,6.385
_00212_,6.38
_01240_,6.38
_01282_,6.38
_01407_,6.38
_01700_,6.38
_01850_,6.38
_01910_,6.38
_01966_,6.38
_02236_,6.38
_02461_,6.38
_02968_,6.38
_08411_,6.38
_17363_,6.38
_18717_,6.38
fifo_nonce\[2\]\[125\],6.38
fifo_nonce\[2\]\[33\],6.38
net2305,6.38
net2496,6.38
_00398_,6.365
_00536_,6.365
_00547_,6.365
_00596_,6.365
_00957_,6.365
_05698_,6.365
_17235_,6.365
_06643_,6.36
_07154_,6.36
_07591_,6.36
_09724_,6.36
_18012_,6.36
_18577_,6.36
_19636_,6.36
fifo_nonce\[1\]\[108\],6.36
fifo_nonce\[4\]\[122\],6.36
fifo_nonce\[5\]\[45\],6.36
u_auth_fsm.nonce_hist\[2\]\[97\],6.36
u_cmd_parser.timeout_cnt\[18\],6.36
_01575_,6.355
_00402_,6.345
_02142_,6.345
_09638_,6.34
_01164_,6.32
_01346_,6.32
_01375_,6.32
_01418_,6.32
_01428_,6.32
_01446_,6.32
_02779_,6.32
_02979_,6.32
_03171_,6.32
_03185_,6.32
_03204_,6.32
_03233_,6.32
_03262_,6.32
_04965_,6.32
_05728_,6.32
_05870_,6.32
_05929_,6.32
_06169_,6.32
_06230_,6.32
_06466_,6.32
_06604_,6.32
_07006_,6.32
_07590_,6.32
_08823_,6.32
_09262_,6.32
_09962_,6.32
_11589_,6.32
_11625_,6.32
_11666_,6.32
_12454_,6.32
_13052_,6.32
_13150_,6.32
_13301_,6.32
_13712_,6.32
_13916_,6.32
_14594_,6.32
_17146_,6.32
_17226_,6.32
_17608_,6.32
u_aes128.gen_state_sbox\[2\].sb_state.in\[6\],6.32
u_auth_fsm.cooldown_cnt\[28\],6.32
net1429,6.32
net2160,6.32
net2237,6.32
_08779_,6.31
_18565_,6.31
_07581_,6.305
_10243_,6.305
_01401_,6.3
_01460_,6.3
_01742_,6.3
_01771_,6.3
_01880_,6.3
_01956_,6.3
_02039_,6.3
_02694_,6.3
_02950_,6.3
_03096_,6.3
_03163_,6.3
_03183_,6.3
_03282_,6.3
_03554_,6.3
_03966_,6.3
_04063_,6.3
_04310_,6.3
_04317_,6.3
_04427_,6.3
_04470_,6.3
_04478_,6.3
_04523_,6.3
_04545_,6.3
_04605_,6.3
_04654_,6.3
_04844_,6.3
_05294_,6.3
_06655_,6.3
_07042_,6.3
_07088_,6.3
_07930_,6.3
_08075_,6.3
_08684_,6.3
_08975_,6.3
_09263_,6.3
_09652_,6.3
_10446_,6.3
_10522_,6.3
_10790_,6.3
_11490_,6.3
_11534_,6.3
_12145_,6.3
_12499_,6.3
_12891_,6.3
_13252_,6.3
_13689_,6.3
_14113_,6.3
_14319_,6.3
_14521_,6.3
_14548_,6.3
_14554_,6.3
_14793_,6.3
_15213_,6.3
_15415_,6.3
_15442_,6.3
_15448_,6.3
_15809_,6.3
_15829_,6.3
_16022_,6.3
_16360_,6.3
_16363_,6.3
_16599_,6.3
_16777_,6.3
_17852_,6.3
_18163_,6.3
_18471_,6.3
_18805_,6.3
_18821_,6.3
_19379_,6.3
fifo_nonce\[4\]\[115\],6.3
fifo_nonce\[5\]\[11\],6.3
u_auth_fsm.secret_key\[102\],6.3
u_auth_fsm.tx_payload\[28\],6.3
net446,6.3
net611,6.3
net732,6.3
net917,6.3
net1106,6.3
net1223,6.3
net1471,6.3
net1796,6.3
net1837,6.3
net2424,6.3
net2465,6.3
_18988_,6.29
_00026_,6.28
_02631_,6.28
_02827_,6.28
_04937_,6.28
_05425_,6.28
_08618_,6.28
_09196_,6.28
_13130_,6.28
_14385_,6.28
_14533_,6.28
_14559_,6.28
_14752_,6.28
_15473_,6.28
_15806_,6.28
_18639_,6.28
_18688_,6.28
fifo_nonce\[3\]\[126\],6.28
fifo_nonce\[5\]\[106\],6.28
fifo_nonce\[5\]\[126\],6.28
fifo_nonce\[5\]\[93\],6.28
fifo_nonce\[6\]\[61\],6.28
fifo_nonce\[7\]\[5\],6.28
u_aes128.round_key\[45\],6.28
u_auth_fsm.tx_payload\[7\],6.28
_00617_,6.275
_00365_,6.265
_00822_,6.265
_01228_,6.26
_01464_,6.26
_01710_,6.26
_01766_,6.26
_01899_,6.26
_02594_,6.26
_03673_,6.26
_03692_,6.26
_03769_,6.26
_03794_,6.26
_03847_,6.26
_04098_,6.26
_04234_,6.26
_04697_,6.26
_04726_,6.26
_04751_,6.26
_04781_,6.26
_05207_,6.26
_05248_,6.26
_05284_,6.26
_05303_,6.26
_05386_,6.26
_05711_,6.26
_06895_,6.26
_07990_,6.26
_08220_,6.26
_08388_,6.26
_08602_,6.26
_08872_,6.26
_09124_,6.26
_09648_,6.26
_10197_,6.26
_10471_,6.26
_10817_,6.26
_10915_,6.26
_11478_,6.26
_11712_,6.26
_11934_,6.26
_12005_,6.26
_12136_,6.26
_12371_,6.26
_14010_,6.26
_14939_,6.26
_15175_,6.26
_15353_,6.26
_15409_,6.26
_15437_,6.26
_15443_,6.26
_15789_,6.26
_15838_,6.26
_15922_,6.26
_15943_,6.26
_15949_,6.26
_15956_,6.26
_15989_,6.26
_16030_,6.26
_16034_,6.26
_16415_,6.26
_16478_,6.26
_16779_,6.26
_17050_,6.26
_17881_,6.26
_18855_,6.26
_19056_,6.26
_19101_,6.26
_19236_,6.26
_19358_,6.26
_19523_,6.26
fifo_nonce\[3\]\[36\],6.26
fifo_nonce\[4\]\[70\],6.26
u_aes128.round_key\[102\],6.26
u_auth_fsm.cur_nonce\[54\],6.26
u_auth_fsm.secret_key\[18\],6.26
u_auth_fsm.secret_key\[51\],6.26
u_auth_fsm.secret_key\[70\],6.26
u_auth_fsm.secret_key\[79\],6.26
u_auth_fsm.secret_key\[97\],6.26
u_cmd_parser.cmd_reg\[2\],6.26
u_cmd_parser.nonce_reg\[116\],6.26
net2091,6.26
_09521_,6.255
_00034_,6.24
u_aes128.round_key\[114\],6.24
u_auth_fsm.secret_key\[110\],6.24
u_auth_fsm.secret_key\[69\],6.24
net1246,6.24
_00276_,6.225
_00320_,6.225
_00541_,6.225
_01087_,6.225
_01473_,6.225
_01501_,6.225
fifo_nonce\[4\]\[37\],6.225
key_ready_o,6.21
_01015_,6.205
_03691_,6.2
_04192_,6.2
_04327_,6.2
_04500_,6.2
_04662_,6.2
_04715_,6.2
_05086_,6.2
_06248_,6.2
_08480_,6.2
_08520_,6.2
_09483_,6.2
_09489_,6.2
_09551_,6.2
_09716_,6.2
_10405_,6.2
_11716_,6.2
_12495_,6.2
_12744_,6.2
_13676_,6.2
_13969_,6.2
_15516_,6.2
_15775_,6.2
_15814_,6.2
_15884_,6.2
_15921_,6.2
_16476_,6.2
_16480_,6.2
_17670_,6.2
_18453_,6.2
fifo_nonce\[6\]\[109\],6.2
fifo_nonce\[6\]\[23\],6.2
fifo_nonce\[6\]\[51\],6.2
fifo_nonce\[6\]\[70\],6.2
fifo_nonce\[7\]\[88\],6.2
net1051,6.2
net1414,6.2
net2263,6.2
net2322,6.2
net2417,6.2
_01088_,6.185
_00013_,6.18
_00077_,6.18
_00133_,6.18
_00362_,6.18
_01964_,6.18
_03342_,6.18
_03543_,6.18
_03676_,6.18
_03868_,6.18
_04023_,6.18
_04094_,6.18
_04194_,6.18
_04333_,6.18
_04353_,6.18
_04419_,6.18
_04468_,6.18
_04521_,6.18
_04660_,6.18
_05004_,6.18
_05282_,6.18
_06217_,6.18
_07040_,6.18
_07137_,6.18
_07389_,6.18
_07693_,6.18
_08112_,6.18
_08382_,6.18
_08671_,6.18
_08860_,6.18
_09508_,6.18
_10253_,6.18
_10387_,6.18
_10678_,6.18
_11164_,6.18
_11206_,6.18
_11643_,6.18
_11975_,6.18
_12263_,6.18
_12289_,6.18
_12487_,6.18
_12697_,6.18
_12698_,6.18
_13064_,6.18
_13317_,6.18
_13356_,6.18
_13537_,6.18
_13638_,6.18
_13709_,6.18
_13914_,6.18
_14193_,6.18
_14754_,6.18
_15169_,6.18
_15179_,6.18
_15599_,6.18
_15729_,6.18
_15815_,6.18
_15891_,6.18
_16209_,6.18
_16243_,6.18
_16528_,6.18
_16862_,6.18
_17811_,6.18
_18274_,6.18
_18319_,6.18
_18668_,6.18
_18751_,6.18
_18971_,6.18
fifo_nonce\[0\]\[51\],6.18
fifo_nonce\[0\]\[7\],6.18
fifo_nonce\[1\]\[41\],6.18
fifo_nonce\[2\]\[66\],6.18
fifo_nonce\[5\]\[74\],6.18
fifo_nonce\[7\]\[54\],6.18
fifo_nonce\[7\]\[67\],6.18
net526,6.18
net669,6.18
net1003,6.18
net1036,6.18
net1268,6.18
net1565,6.18
net1886,6.18
net1911,6.18
net1983,6.18
_19344_,6.165
_02176_,6.16
_02180_,6.16
_03148_,6.16
_04414_,6.16
_04795_,6.16
_07946_,6.16
_09047_,6.16
_09225_,6.16
_09364_,6.16
_10129_,6.16
_10141_,6.16
_13986_,6.16
_14615_,6.16
_17617_,6.16
_18706_,6.16
_19087_,6.16
fifo_nonce\[3\]\[30\],6.16
fifo_nonce\[4\]\[18\],6.16
fifo_nonce\[4\]\[71\],6.16
fifo_type\[4\],6.16
_18459_,6.155
_02228_,6.145
_02601_,6.145
_02667_,6.145
_03008_,6.14
_03702_,6.14
_03939_,6.14
_03998_,6.14
_04134_,6.14
_04205_,6.14
_04699_,6.14
_04703_,6.14
_04819_,6.14
_04991_,6.14
_05021_,6.14
_05072_,6.14
_05244_,6.14
_05330_,6.14
_05336_,6.14
_06168_,6.14
_06245_,6.14
_06887_,6.14
_06990_,6.14
_08472_,6.14
_08796_,6.14
_10049_,6.14
_10691_,6.14
_11317_,6.14
_11585_,6.14
_11699_,6.14
_12392_,6.14
_13266_,6.14
_13319_,6.14
_13339_,6.14
_13624_,6.14
_13705_,6.14
_13720_,6.14
_13755_,6.14
_14609_,6.14
_14621_,6.14
_14946_,6.14
_15253_,6.14
_15292_,6.14
_15406_,6.14
_15600_,6.14
_15689_,6.14
_15917_,6.14
_15980_,6.14
_16075_,6.14
_16094_,6.14
_16095_,6.14
_16144_,6.14
_16231_,6.14
_16280_,6.14
_16301_,6.14
_16593_,6.14
_16679_,6.14
_16866_,6.14
_17382_,6.14
_17674_,6.14
_19452_,6.14
_19504_,6.14
fifo_nonce\[6\]\[47\],6.14
fifo_nonce\[6\]\[77\],6.14
u_aes128.gen_key_sbox\[1\].sb_key.in\[7\],6.14
u_aes128.round_key\[44\],6.14
u_auth_fsm.aes_plaintext\[77\],6.14
u_auth_fsm.cur_nonce\[11\],6.14
net1198,6.14
net1265,6.14
net1321,6.14
net2428,6.14
_06060_,6.135
_03728_,6.12
_06762_,6.12
_16196_,6.12
_17454_,6.12
_17476_,6.115
_12378_,6.11
_00347_,6.105
_00803_,6.105
_00912_,6.105
_03074_,6.105
_06570_,6.1
_18967_,6.085
_00560_,6.08
_01459_,6.08
_02695_,6.08
_05677_,6.08
_05758_,6.08
_06616_,6.08
_07278_,6.08
_08440_,6.08
_10025_,6.08
_11166_,6.08
_11658_,6.08
_12305_,6.08
_12528_,6.08
_13206_,6.08
_13785_,6.08
_13847_,6.08
_15341_,6.08
_15487_,6.08
_15639_,6.08
_15642_,6.08
_15749_,6.08
_16023_,6.08
_18746_,6.08
_19297_,6.08
fifo_nonce\[4\]\[88\],6.08
net710,6.08
net757,6.08
net816,6.08
net1263,6.08
net1349,6.08
net1361,6.08
net1566,6.08
net1657,6.08
net1889,6.08
net2087,6.08
net2210,6.08
net2343,6.08
net2363,6.08
net2470,6.08
_17038_,6.075
_00390_,6.065
_01110_,6.065
_10740_,6.065
_00075_,6.06
_01358_,6.06
_01756_,6.06
_03173_,6.06
_03542_,6.06
_04238_,6.06
_05485_,6.06
_05553_,6.06
_06652_,6.06
_07277_,6.06
_08131_,6.06
_08136_,6.06
_08830_,6.06
_11375_,6.06
_11639_,6.06
_11725_,6.06
_12448_,6.06
_13765_,6.06
_13926_,6.06
_14104_,6.06
_14846_,6.06
_15563_,6.06
_15969_,6.06
_16200_,6.06
_17204_,6.06
_17846_,6.06
fifo_nonce\[2\]\[77\],6.06
fifo_nonce\[4\]\[100\],6.06
fifo_nonce\[4\]\[11\],6.06
u_aes128.round_key\[32\],6.06
u_cmd_parser.cmd_reg\[7\],6.06
u_uart_tx.clk_cnt\[3\],6.06
net622,6.06
net1148,6.06
net1304,6.06
_18942_,6.05
_06678_,6.04
_06979_,6.04
_07907_,6.04
_11153_,6.04
_11178_,6.04
_12914_,6.04
_14750_,6.04
_15504_,6.04
_15624_,6.04
_16238_,6.04
_18138_,6.04
_18198_,6.04
_18286_,6.04
_18539_,6.04
_19008_,6.04
_19096_,6.04
net938,6.04
net1042,6.04
net1465,6.04
net1722,6.04
net2315,6.04
net2455,6.04
u_auth_fsm.nonce_hist\[7\]\[83\],6.035
fifo_nonce\[3\]\[11\],6.025
_00157_,6.02
_00172_,6.02
_00199_,6.02
_02985_,6.02
_02987_,6.02
_03033_,6.02
_07168_,6.02
_08423_,6.02
_17352_,6.02
fifo_nonce\[1\]\[52\],6.02
fifo_nonce\[3\]\[29\],6.02
fifo_nonce\[3\]\[6\],6.02
fifo_nonce\[3\]\[83\],6.02
u_auth_fsm.aes_plaintext\[120\],6.02
u_auth_fsm.cooldown_cnt\[27\],6.02
_10019_,6.015
_00686_,6.005
_00714_,6.005
_00842_,6.005
_00652_,5.995
_17311_,5.995
_13935_,5.99
_00316_,5.985
_00819_,5.985
_02107_,5.985
_07375_,5.98
_10457_,5.98
_12503_,5.98
_13928_,5.98
_17764_,5.98
net956,5.98
net1064,5.98
net1266,5.98
net1272,5.98
net1276,5.98
net1314,5.98
net1353,5.98
net1364,5.98
net1453,5.98
net1481,5.98
net1568,5.98
net1649,5.98
net1742,5.98
net1747,5.98
net2100,5.98
net2218,5.98
net2290,5.98
net2299,5.98
net2306,5.98
net2346,5.98
net2376,5.98
net2392,5.98
net2446,5.98
_18199_,5.975
net2129,5.975
_00478_,5.965
_00687_,5.965
_01488_,5.965
_07682_,5.965
_08273_,5.965
_09623_,5.965
_01170_,5.96
_01178_,5.96
_01232_,5.96
_01972_,5.96
_02158_,5.96
_02863_,5.96
_02887_,5.96
_03019_,5.96
_03536_,5.96
_06412_,5.96
_10039_,5.96
_12836_,5.96
_13179_,5.96
_15623_,5.96
_16426_,5.96
_17855_,5.96
_18397_,5.96
_19415_,5.96
net730,5.96
net1410,5.96
net1888,5.96
net2070,5.96
_00790_,5.945
_00897_,5.945
_01117_,5.94
_01173_,5.94
_01341_,5.94
_01632_,5.94
_01853_,5.94
_02048_,5.94
_02087_,5.94
_02762_,5.94
_02777_,5.94
_02784_,5.94
_03085_,5.94
_03479_,5.94
_04425_,5.94
_06601_,5.94
_08202_,5.94
_11976_,5.94
_13701_,5.94
_14025_,5.94
_18532_,5.94
_19202_,5.94
_19702_,5.94
fifo_nonce\[5\]\[68\],5.94
fifo_nonce\[6\]\[107\],5.94
_11806_,5.925
_00018_,5.92
_00110_,5.92
_02124_,5.92
_02170_,5.92
_02400_,5.92
_02600_,5.92
_02951_,5.92
_02988_,5.92
_03011_,5.92
_03063_,5.92
_04813_,5.92
_04927_,5.92
_07160_,5.92
_07161_,5.92
_10741_,5.92
_14083_,5.92
_16469_,5.92
_18176_,5.92
fifo_nonce\[6\]\[89\],5.92
u_aes128.round_key\[111\],5.92
net1699,5.92
_10047_,5.91
_00654_,5.905
_00876_,5.905
_04873_,5.9
_16787_,5.9
_18065_,5.9
_18943_,5.9
_19039_,5.9
fifo_nonce\[2\]\[17\],5.9
fifo_nonce\[2\]\[34\],5.9
fifo_nonce\[6\]\[34\],5.9
_00570_,5.885
_15522_,5.88
_01361_,5.86
_01892_,5.86
_02859_,5.86
_02970_,5.86
_05521_,5.86
_06115_,5.86
_06150_,5.86
_06520_,5.86
_07044_,5.86
_08017_,5.86
_09646_,5.86
_09919_,5.86
_10831_,5.86
_11170_,5.86
_11327_,5.86
_11537_,5.86
_12373_,5.86
_13309_,5.86
_13677_,5.86
_13795_,5.86
_14520_,5.86
_16062_,5.86
_16347_,5.86
_17308_,5.86
_17390_,5.86
_17496_,5.86
net901,5.86
net948,5.86
net1038,5.86
net1329,5.86
net1543,5.86
net1955,5.86
net1975,5.86
_17564_,5.85
_00811_,5.845
_02230_,5.845
_05218_,5.845
_00047_,5.84
_00092_,5.84
_00104_,5.84
_00155_,5.84
_01153_,5.84
_01234_,5.84
_01378_,5.84
_01392_,5.84
_01413_,5.84
_01451_,5.84
_01675_,5.84
_01691_,5.84
_01873_,5.84
_02049_,5.84
_02072_,5.84
_02156_,5.84
_02261_,5.84
_02627_,5.84
_02837_,5.84
_03044_,5.84
_03080_,5.84
_03191_,5.84
_03276_,5.84
_03384_,5.84
_04085_,5.84
_04102_,5.84
_04299_,5.84
_04300_,5.84
_04342_,5.84
_04664_,5.84
_04802_,5.84
_04865_,5.84
_05362_,5.84
_07217_,5.84
_07245_,5.84
_07639_,5.84
_07690_,5.84
_07886_,5.84
_08014_,5.84
_08020_,5.84
_08634_,5.84
_08792_,5.84
_09148_,5.84
_09392_,5.84
_09458_,5.84
_09754_,5.84
_09838_,5.84
_09975_,5.84
_10210_,5.84
_10602_,5.84
_10680_,5.84
_10888_,5.84
_11083_,5.84
_11215_,5.84
_11292_,5.84
_11328_,5.84
_11649_,5.84
_11910_,5.84
_12139_,5.84
_12736_,5.84
_13001_,5.84
_13172_,5.84
_13335_,5.84
_13789_,5.84
_13940_,5.84
_13990_,5.84
_14410_,5.84
_14599_,5.84
_14897_,5.84
_15005_,5.84
_15211_,5.84
_15272_,5.84
_15347_,5.84
_15395_,5.84
_16354_,5.84
_16457_,5.84
_16539_,5.84
_16587_,5.84
_17791_,5.84
_17829_,5.84
_18206_,5.84
_18387_,5.84
_18460_,5.84
_18487_,5.84
fifo_nonce\[0\]\[49\],5.84
fifo_nonce\[0\]\[54\],5.84
fifo_nonce\[1\]\[16\],5.84
fifo_nonce\[6\]\[5\],5.84
u_auth_fsm.cooldown_cnt\[29\],5.84
u_auth_fsm.cur_nonce\[87\],5.84
u_auth_fsm.secret_key\[48\],5.84
u_auth_fsm.secret_key\[64\],5.84
u_auth_fsm.tx_byte\[1\],5.84
net574,5.84
net597,5.84
net662,5.84
net1238,5.84
net1631,5.84
net1751,5.84
net1783,5.84
net2006,5.84
_01306_,5.82
_02315_,5.82
_04380_,5.82
_04941_,5.82
_05901_,5.82
_07959_,5.82
_08628_,5.82
_09011_,5.82
_09654_,5.82
_12989_,5.82
_14043_,5.82
_14282_,5.82
_14844_,5.82
_15167_,5.82
_17349_,5.82
_19157_,5.82
fifo_nonce\[6\]\[59\],5.82
_18521_,5.815
_00278_,5.805
_00022_,5.8
_00082_,5.8
_00354_,5.8
_01219_,5.8
_01237_,5.8
_01745_,5.8
_01852_,5.8
_02219_,5.8
_02327_,5.8
_03164_,5.8
_03311_,5.8
_03314_,5.8
_03693_,5.8
_03765_,5.8
_03905_,5.8
_03979_,5.8
_04147_,5.8
_04155_,5.8
_04296_,5.8
_04490_,5.8
_04526_,5.8
_04542_,5.8
_04603_,5.8
_05322_,5.8
_05835_,5.8
_07204_,5.8
_08108_,5.8
_08114_,5.8
_08385_,5.8
_08678_,5.8
_09024_,5.8
_09559_,5.8
_09645_,5.8
_12789_,5.8
_12903_,5.8
_13575_,5.8
_13713_,5.8
_13911_,5.8
_14090_,5.8
_15044_,5.8
_15067_,5.8
_15100_,5.8
_15260_,5.8
_15349_,5.8
_15383_,5.8
_15441_,5.8
_15479_,5.8
_15630_,5.8
_15675_,5.8
_15709_,5.8
_15827_,5.8
_16028_,5.8
_16033_,5.8
_16044_,5.8
_16295_,5.8
_16382_,5.8
_16543_,5.8
_16691_,5.8
_18321_,5.8
_19123_,5.8
_19552_,5.8
u_aes128.gen_state_sbox\[6\].sb_state.in\[3\],5.8
u_auth_fsm.cur_nonce\[116\],5.8
u_auth_fsm.secret_key\[118\],5.8
u_auth_fsm.secret_key\[44\],5.8
net470,5.8
net1395,5.8
net1930,5.8
net2216,5.8
net2246,5.8
net2359,5.8
_16223_,5.78
u_auth_fsm.tx_payload\[43\],5.78
_01475_,5.775
_01134_,5.765
_09318_,5.765
_18731_,5.75
_09182_,5.745
_18445_,5.745
_03627_,5.74
_03662_,5.74
_03730_,5.74
_03908_,5.74
_03924_,5.74
_03962_,5.74
_03994_,5.74
_04000_,5.74
_04003_,5.74
_04007_,5.74
_04117_,5.74
_04271_,5.74
_04352_,5.74
_04408_,5.74
_04847_,5.74
_04885_,5.74
_04993_,5.74
_04997_,5.74
_05003_,5.74
_05007_,5.74
_05026_,5.74
_05049_,5.74
_05061_,5.74
_05062_,5.74
_05064_,5.74
_05065_,5.74
_05066_,5.74
_05087_,5.74
_05103_,5.74
_05107_,5.74
_05118_,5.74
_05135_,5.74
_06595_,5.74
_07294_,5.74
_07539_,5.74
_07613_,5.74
_07626_,5.74
_08037_,5.74
_08841_,5.74
_09948_,5.74
_10103_,5.74
_10783_,5.74
_12715_,5.74
_12814_,5.74
_12841_,5.74
_13322_,5.74
_13650_,5.74
_13830_,5.74
_13840_,5.74
_13982_,5.74
_14065_,5.74
_14097_,5.74
_14109_,5.74
_14117_,5.74
_14127_,5.74
_14176_,5.74
_14189_,5.74
_14233_,5.74
_14295_,5.74
_14441_,5.74
_14467_,5.74
_14536_,5.74
_14592_,5.74
_14705_,5.74
_14963_,5.74
_15049_,5.74
_15148_,5.74
_15194_,5.74
_15209_,5.74
_15224_,5.74
_15238_,5.74
_15291_,5.74
_15333_,5.74
_15335_,5.74
_15364_,5.74
_15366_,5.74
_15384_,5.74
_15389_,5.74
_15391_,5.74
_15404_,5.74
_15405_,5.74
_15418_,5.74
_15435_,5.74
_15530_,5.74
_15581_,5.74
_15583_,5.74
_15611_,5.74
_15634_,5.74
_15662_,5.74
_15673_,5.74
_15687_,5.74
_15846_,5.74
_15859_,5.74
_15862_,5.74
_15876_,5.74
_15880_,5.74
_15887_,5.74
_15890_,5.74
_15911_,5.74
_15925_,5.74
_15936_,5.74
_15944_,5.74
_15948_,5.74
_15986_,5.74
_16018_,5.74
_16032_,5.74
_16039_,5.74
_16048_,5.74
_16051_,5.74
_16061_,5.74
_16064_,5.74
_16069_,5.74
_16118_,5.74
_16124_,5.74
_16142_,5.74
_16201_,5.74
_16212_,5.74
_16215_,5.74
_16218_,5.74
_16233_,5.74
_16306_,5.74
_16330_,5.74
_16431_,5.74
_16501_,5.74
_16514_,5.74
_16541_,5.74
_16583_,5.74
_16646_,5.74
_16725_,5.74
_16748_,5.74
_16819_,5.74
_16922_,5.74
_18497_,5.74
_19103_,5.74
_19353_,5.74
_19515_,5.74
fifo_nonce\[5\]\[76\],5.74
net1681,5.74
_06611_,5.73
_11730_,5.73
_00810_,5.725
_00910_,5.725
fifo_nonce\[3\]\[28\],5.725
_01257_,5.72
_01425_,5.72
_02303_,5.72
_02356_,5.72
_02556_,5.72
_03720_,5.72
_03894_,5.72
_04046_,5.72
_04283_,5.72
_04439_,5.72
_04506_,5.72
_04507_,5.72
_04562_,5.72
_04682_,5.72
_04707_,5.72
_04881_,5.72
_05005_,5.72
_05180_,5.72
_05271_,5.72
_05285_,5.72
_05919_,5.72
_06014_,5.72
_06045_,5.72
_07212_,5.72
_07296_,5.72
_07453_,5.72
_07519_,5.72
_07608_,5.72
_07647_,5.72
_07708_,5.72
_08004_,5.72
_08243_,5.72
_08519_,5.72
_08605_,5.72
_08681_,5.72
_09310_,5.72
_09563_,5.72
_10029_,5.72
_10065_,5.72
_10614_,5.72
_10644_,5.72
_11212_,5.72
_11279_,5.72
_11662_,5.72
_11957_,5.72
_12422_,5.72
_12543_,5.72
_12730_,5.72
_13100_,5.72
_13213_,5.72
_13310_,5.72
_13314_,5.72
_13947_,5.72
_14373_,5.72
_14381_,5.72
_14450_,5.72
_14586_,5.72
_14645_,5.72
_14698_,5.72
_14742_,5.72
_14790_,5.72
_14987_,5.72
_15244_,5.72
_15299_,5.72
_15387_,5.72
_15575_,5.72
_15726_,5.72
_15727_,5.72
_15920_,5.72
_16195_,5.72
_16197_,5.72
_16220_,5.72
_17645_,5.72
_17843_,5.72
_18749_,5.72
_19336_,5.72
fifo_nonce\[3\]\[101\],5.72
fifo_nonce\[6\]\[101\],5.72
fifo_nonce\[6\]\[10\],5.72
fifo_nonce\[7\]\[48\],5.72
u_auth_fsm.aes_plaintext\[107\],5.72
u_auth_fsm.cur_nonce\[26\],5.72
u_auth_fsm.nonce_hist\[5\]\[31\],5.72
net626,5.72
net648,5.72
net846,5.72
net874,5.72
net1081,5.72
net1120,5.72
net1189,5.72
net1761,5.72
net1782,5.72
net1986,5.72
net2374,5.72
net2462,5.72
_00264_,5.705
_00728_,5.7
_01241_,5.7
_02711_,5.7
_02918_,5.7
_02943_,5.7
_07459_,5.7
_10424_,5.7
_10436_,5.7
_12026_,5.7
_13514_,5.7
_19538_,5.7
fifo_nonce\[4\]\[15\],5.7
fifo_nonce\[5\]\[2\],5.7
fifo_nonce\[7\]\[115\],5.7
_01491_,5.695
_06083_,5.695
_07864_,5.69
_01353_,5.685
_01849_,5.685
_02738_,5.685
_03070_,5.68
_03350_,5.68
_03577_,5.68
_03647_,5.68
_03690_,5.68
_03694_,5.68
_03773_,5.68
_03830_,5.68
_03874_,5.68
_03876_,5.68
_03902_,5.68
_03934_,5.68
_03935_,5.68
_03938_,5.68
_03997_,5.68
_04014_,5.68
_04200_,5.68
_04257_,5.68
_04321_,5.68
_04331_,5.68
_04410_,5.68
_04412_,5.68
_04454_,5.68
_04458_,5.68
_04606_,5.68
_04629_,5.68
_04639_,5.68
_04661_,5.68
_04704_,5.68
_04714_,5.68
_04731_,5.68
_04784_,5.68
_04789_,5.68
_04797_,5.68
_04829_,5.68
_04831_,5.68
_04943_,5.68
_04994_,5.68
_05127_,5.68
_05263_,5.68
_05275_,5.68
_05317_,5.68
_06025_,5.68
_06501_,5.68
_06518_,5.68
_06998_,5.68
_07541_,5.68
_08342_,5.68
_09136_,5.68
_09658_,5.68
_09688_,5.68
_10316_,5.68
_10451_,5.68
_10887_,5.68
_12521_,5.68
_12843_,5.68
_14013_,5.68
_14199_,5.68
_14218_,5.68
_14378_,5.68
_14433_,5.68
_14618_,5.68
_14906_,5.68
_15002_,5.68
_15054_,5.68
_15060_,5.68
_15134_,5.68
_15156_,5.68
_15296_,5.68
_15318_,5.68
_15327_,5.68
_15427_,5.68
_15475_,5.68
_15509_,5.68
_15540_,5.68
_15587_,5.68
_15633_,5.68
_15754_,5.68
_15786_,5.68
_15937_,5.68
_15957_,5.68
_16019_,5.68
_16031_,5.68
_16149_,5.68
_16188_,5.68
_16483_,5.68
_16487_,5.68
_16510_,5.68
_16698_,5.68
_17741_,5.68
_18143_,5.68
_18964_,5.68
_19049_,5.68
u_auth_fsm.cur_nonce\[117\],5.68
u_cmd_parser.cmd_reg\[6\],5.68
_00761_,5.625
_00594_,5.62
_02781_,5.62
_05838_,5.62
_07094_,5.62
_11552_,5.62
_13724_,5.62
_16015_,5.62
_16729_,5.62
_17008_,5.62
_17359_,5.62
_17414_,5.62
_17899_,5.62
_17910_,5.62
_18979_,5.62
_19235_,5.62
_19486_,5.62
_19689_,5.62
fifo_nonce\[4\]\[117\],5.62
fifo_nonce\[4\]\[63\],5.62
fifo_nonce\[4\]\[8\],5.62
net872,5.62
net1108,5.62
net1147,5.62
net1345,5.62
net1380,5.62
net1479,5.62
net1739,5.62
net1749,5.62
net1920,5.62
net2123,5.62
net2127,5.62
net2158,5.62
net2380,5.62
net2394,5.62
net2434,5.62
_07986_,5.61
_00243_,5.605
_00310_,5.605
_01680_,5.6
_01748_,5.6
_01816_,5.6
_02285_,5.6
_02581_,5.6
_02992_,5.6
_03064_,5.6
_03122_,5.6
_03283_,5.6
_03289_,5.6
_03362_,5.6
_04212_,5.6
_04275_,5.6
_04374_,5.6
_04485_,5.6
_04657_,5.6
_04995_,5.6
_06053_,5.6
_06970_,5.6
_07411_,5.6
_08072_,5.6
_08840_,5.6
_10745_,5.6
_11743_,5.6
_11966_,5.6
_12070_,5.6
_12509_,5.6
_13299_,5.6
_13468_,5.6
_13621_,5.6
_14711_,5.6
_15463_,5.6
_15650_,5.6
_15694_,5.6
_15984_,5.6
_16948_,5.6
_17408_,5.6
_17546_,5.6
_18974_,5.6
_19175_,5.6
_19613_,5.6
fifo_nonce\[3\]\[94\],5.6
fifo_nonce\[5\]\[35\],5.6
fifo_nonce\[7\]\[106\],5.6
u_auth_fsm.nonce_hist\[6\]\[62\],5.6
u_auth_fsm.tx_payload\[18\],5.6
u_auth_fsm.tx_payload\[49\],5.6
net534,5.6
net1054,5.6
_07028_,5.595
_03921_,5.58
_08157_,5.58
_09718_,5.58
_16373_,5.58
_19141_,5.58
_19270_,5.58
fifo_nonce\[2\]\[123\],5.58
net1025,5.58
net1719,5.58
_02086_,5.565
_01828_,5.56
_02222_,5.56
_02389_,5.56
_02419_,5.56
_02453_,5.56
_03047_,5.56
_10388_,5.56
_14633_,5.56
_17580_,5.56
fifo_nonce\[1\]\[4\],5.56
fifo_nonce\[1\]\[65\],5.56
fifo_nonce\[3\]\[108\],5.56
fifo_nonce\[3\]\[114\],5.56
fifo_nonce\[3\]\[70\],5.56
u_auth_fsm.cur_nonce\[96\],5.56
_00360_,5.545
_00525_,5.545
_00537_,5.545
_01050_,5.545
_01127_,5.545
_01541_,5.545
_00446_,5.535
_12135_,5.53
_00696_,5.525
_02652_,5.525
_03077_,5.525
_01183_,5.52
_10017_,5.52
_10050_,5.52
_11736_,5.52
_11996_,5.52
_13966_,5.52
_16315_,5.52
_16320_,5.52
_16414_,5.52
_16423_,5.52
_18465_,5.52
_19661_,5.52
_19696_,5.52
net685,5.52
net695,5.52
net849,5.52
net852,5.52
net855,5.52
net860,5.52
net870,5.52
net875,5.52
net883,5.52
net884,5.52
net886,5.52
net887,5.52
net891,5.52
net908,5.52
net911,5.52
net914,5.52
net916,5.52
net927,5.52
net928,5.52
net930,5.52
net933,5.52
net937,5.52
net952,5.52
net961,5.52
net962,5.52
net963,5.52
net966,5.52
net979,5.52
net997,5.52
net1000,5.52
net1001,5.52
net1007,5.52
net1009,5.52
net1016,5.52
net1018,5.52
net1034,5.52
net1040,5.52
net1044,5.52
net1057,5.52
net1070,5.52
net1072,5.52
net1075,5.52
net1078,5.52
net1080,5.52
net1084,5.52
net1085,5.52
net1089,5.52
net1097,5.52
net1113,5.52
net1119,5.52
net1121,5.52
net1123,5.52
net1129,5.52
net1130,5.52
net1134,5.52
net1141,5.52
net1143,5.52
net1171,5.52
net1176,5.52
net1179,5.52
net1182,5.52
net1197,5.52
net1212,5.52
net1216,5.52
net1227,5.52
net1231,5.52
net1248,5.52
net1249,5.52
net1256,5.52
net1262,5.52
net1280,5.52
net1285,5.52
net1290,5.52
net1298,5.52
net1303,5.52
net1307,5.52
net1320,5.52
net1323,5.52
net1324,5.52
net1326,5.52
net1332,5.52
net1335,5.52
net1337,5.52
net1340,5.52
net1351,5.52
net1381,5.52
net1417,5.52
net1418,5.52
net1420,5.52
net1434,5.52
net1436,5.52
net1450,5.52
net1487,5.52
net1489,5.52
net1533,5.52
net1582,5.52
net1594,5.52
net1604,5.52
net1679,5.52
net1691,5.52
net1693,5.52
net1701,5.52
net1790,5.52
net1795,5.52
net1830,5.52
net1842,5.52
net1848,5.52
net1851,5.52
net1863,5.52
net1885,5.52
net1916,5.52
net1925,5.52
net1927,5.52
net1949,5.52
net1950,5.52
net1980,5.52
net2000,5.52
net2045,5.52
net2048,5.52
net2114,5.52
net2206,5.52
net2268,5.52
net2277,5.52
net2279,5.52
net2296,5.52
net2298,5.52
net2310,5.52
net2312,5.52
net2319,5.52
net2327,5.52
net2331,5.52
net2339,5.52
net2340,5.52
net2368,5.52
net2377,5.52
net2382,5.52
net2384,5.52
net2406,5.52
net2407,5.52
net2414,5.52
net2415,5.52
net2441,5.52
net2450,5.52
net2456,5.52
net2459,5.52
net2474,5.52
net2495,5.52
_12033_,5.51
_00702_,5.505
_00911_,5.505
_01055_,5.505
_13250_,5.505
_00635_,5.5
_01581_,5.5
_01723_,5.5
_01917_,5.5
_01931_,5.5
_02306_,5.5
_02308_,5.5
_02401_,5.5
_02422_,5.5
_02673_,5.5
_02800_,5.5
_02802_,5.5
_03367_,5.5
_06470_,5.5
_06576_,5.5
_06687_,5.5
_07085_,5.5
_07142_,5.5
_07940_,5.5
_09153_,5.5
_10053_,5.5
_10433_,5.5
_10809_,5.5
_17049_,5.5
_17064_,5.5
_17601_,5.5
_17722_,5.5
_17767_,5.5
_18494_,5.5
_18701_,5.5
_18916_,5.5
_19181_,5.5
_19638_,5.5
net513,5.5
net699,5.5
net889,5.5
net1801,5.5
_00874_,5.48
_02455_,5.48
_02840_,5.48
_02954_,5.48
_03154_,5.48
_03517_,5.48
_06070_,5.48
_09935_,5.48
_10854_,5.48
_10882_,5.48
_11249_,5.48
_11654_,5.48
_12882_,5.48
_14132_,5.48
_15547_,5.48
_16324_,5.48
_17319_,5.48
_18154_,5.48
_18590_,5.48
_18693_,5.48
_18878_,5.48
fifo_nonce\[1\]\[120\],5.48
fifo_nonce\[1\]\[43\],5.48
fifo_nonce\[2\]\[75\],5.48
fifo_nonce\[3\]\[68\],5.48
fifo_nonce\[5\]\[49\],5.48
fifo_type\[1\],5.48
u_cmd_parser.timeout_cnt\[2\],5.48
_00268_,5.475
_00737_,5.465
_00020_,5.46
_00206_,5.46
_01309_,5.46
_01629_,5.46
_01789_,5.46
_01806_,5.46
_02106_,5.46
_02263_,5.46
_02502_,5.46
_02885_,5.46
_03432_,5.46
_03515_,5.46
_03516_,5.46
_07114_,5.46
_07797_,5.46
_09664_,5.46
_14597_,5.46
_17548_,5.46
_18022_,5.46
_19345_,5.46
fifo_nonce\[4\]\[40\],5.46
fifo_nonce\[6\]\[26\],5.46
net2276,5.46
_06530_,5.45
fifo_nonce\[7\]\[35\],5.45
_08028_,5.44
_10413_,5.44
_13865_,5.44
_14864_,5.44
_18180_,5.44
fifo_nonce\[1\]\[63\],5.44
net686,5.44
_00665_,5.435
_00727_,5.435
_00905_,5.435
_00992_,5.435
_01042_,5.435
_00808_,5.425
_01921_,5.425
_05342_,5.42
_11291_,5.42
_00959_,5.405
_01618_,5.4
_01866_,5.4
_01912_,5.4
_01994_,5.4
_02229_,5.4
_02280_,5.4
_02843_,5.4
_03345_,5.4
_05200_,5.4
_05834_,5.4
_06517_,5.4
_07283_,5.4
_07530_,5.4
_07621_,5.4
_07707_,5.4
_08903_,5.4
_09902_,5.4
_10717_,5.4
_10937_,5.4
_11269_,5.4
_12270_,5.4
_13707_,5.4
_13752_,5.4
_13828_,5.4
_14272_,5.4
_14490_,5.4
_14607_,5.4
_14814_,5.4
_16879_,5.4
_17312_,5.4
_18188_,5.4
_18833_,5.4
_18985_,5.4
_19556_,5.4
u_auth_fsm.nonce_hist\[3\]\[33\],5.4
u_auth_fsm.secret_key\[16\],5.4
u_auth_fsm.secret_key\[8\],5.4
net986,5.4
net1074,5.4
net1286,5.4
net1401,5.4
net1439,5.4
net1571,5.4
net1874,5.4
net2011,5.4
net2062,5.4
net2369,5.4
net2488,5.4
net2491,5.4
_10820_,5.39
_00048_,5.38
_00119_,5.38
_00223_,5.38
_00228_,5.38
_01136_,5.38
_01224_,5.38
_01252_,5.38
_01285_,5.38
_01387_,5.38
_01390_,5.38
_01615_,5.38
_01635_,5.38
_01676_,5.38
_01694_,5.38
_01731_,5.38
_01798_,5.38
_02007_,5.38
_02201_,5.38
_02256_,5.38
_02320_,5.38
_02546_,5.38
_02880_,5.38
_03032_,5.38
_03187_,5.38
_03210_,5.38
_03599_,5.38
_03710_,5.38
_03750_,5.38
_03779_,5.38
_03855_,5.38
_04119_,5.38
_04243_,5.38
_04303_,5.38
_04418_,5.38
_04471_,5.38
_04596_,5.38
_04758_,5.38
_04773_,5.38
_04779_,5.38
_04945_,5.38
_05001_,5.38
_05013_,5.38
_05077_,5.38
_05095_,5.38
_05446_,5.38
_05599_,5.38
_05941_,5.38
_06183_,5.38
_06303_,5.38
_06453_,5.38
_07034_,5.38
_07303_,5.38
_07834_,5.38
_08019_,5.38
_08194_,5.38
_08263_,5.38
_08482_,5.38
_09244_,5.38
_09439_,5.38
_09612_,5.38
_10069_,5.38
_10262_,5.38
_10561_,5.38
_10804_,5.38
_10836_,5.38
_10916_,5.38
_11112_,5.38
_11819_,5.38
_12128_,5.38
_12461_,5.38
_12628_,5.38
_12645_,5.38
_12894_,5.38
_13389_,5.38
_13600_,5.38
_13679_,5.38
_13753_,5.38
_13965_,5.38
_14051_,5.38
_14098_,5.38
_14181_,5.38
_14277_,5.38
_14545_,5.38
_15304_,5.38
_15350_,5.38
_15380_,5.38
_15568_,5.38
_15638_,5.38
_16291_,5.38
_16605_,5.38
_16753_,5.38
_16776_,5.38
_17598_,5.38
_18419_,5.38
_18604_,5.38
_18673_,5.38
_19192_,5.38
fifo_nonce\[1\]\[32\],5.38
fifo_nonce\[4\]\[97\],5.38
u_auth_fsm.cur_nonce\[101\],5.38
net493,5.38
net547,5.38
net728,5.38
net786,5.38
net864,5.38
net1157,5.38
net1762,5.38
net1891,5.38
net1969,5.38
net2104,5.38
net2173,5.38
net2199,5.38
net2208,5.38
_05845_,5.375
_11977_,5.375
_17784_,5.37
_02510_,5.36
_02908_,5.36
_04329_,5.36
_05611_,5.36
_06071_,5.36
_06521_,5.36
_06615_,5.36
_07301_,5.36
_08857_,5.36
_11430_,5.36
_12580_,5.36
_14197_,5.36
_14892_,5.36
_16582_,5.36
fifo_nonce\[3\]\[4\],5.36
fifo_nonce\[3\]\[97\],5.36
fifo_nonce\[6\]\[108\],5.36
fifo_nonce\[6\]\[90\],5.36
fifo_nonce\[7\]\[107\],5.36
_00301_,5.355
_00428_,5.345
_01496_,5.345
_00195_,5.34
_01146_,5.34
_01290_,5.34
_01327_,5.34
_02358_,5.34
_02929_,5.34
_03073_,5.34
_03146_,5.34
_03501_,5.34
_03502_,5.34
_03562_,5.34
_03806_,5.34
_03936_,5.34
_04026_,5.34
_04079_,5.34
_04083_,5.34
_04154_,5.34
_04161_,5.34
_04230_,5.34
_04362_,5.34
_04522_,5.34
_04535_,5.34
_04536_,5.34
_04560_,5.34
_04563_,5.34
_04734_,5.34
_04761_,5.34
_04785_,5.34
_05032_,5.34
_05328_,5.34
_05484_,5.34
_05800_,5.34
_06059_,5.34
_06211_,5.34
_06839_,5.34
_07050_,5.34
_07107_,5.34
_07216_,5.34
_07239_,5.34
_07266_,5.34
_07717_,5.34
_07909_,5.34
_07934_,5.34
_08893_,5.34
_09058_,5.34
_09449_,5.34
_09583_,5.34
_09943_,5.34
_09998_,5.34
_10155_,5.34
_10390_,5.34
_10694_,5.34
_11337_,5.34
_11462_,5.34
_12419_,5.34
_12476_,5.34
_13604_,5.34
_13922_,5.34
_14921_,5.34
_15070_,5.34
_15151_,5.34
_15183_,5.34
_15223_,5.34
_15227_,5.34
_15248_,5.34
_15252_,5.34
_15363_,5.34
_15411_,5.34
_15498_,5.34
_15551_,5.34
_15553_,5.34
_15564_,5.34
_15656_,5.34
_15696_,5.34
_15718_,5.34
_15748_,5.34
_15758_,5.34
_15851_,5.34
_16077_,5.34
_16193_,5.34
_16269_,5.34
_16481_,5.34
_17889_,5.34
_18233_,5.34
_19069_,5.34
_19121_,5.34
_19490_,5.34
_19574_,5.34
_19629_,5.34
fifo_nonce\[1\]\[30\],5.34
fifo_nonce\[4\]\[103\],5.34
fifo_nonce\[5\]\[70\],5.34
u_aes128.gen_state_sbox\[6\].sb_state.in\[6\],5.34
u_auth_fsm.cur_nonce\[67\],5.34
u_auth_fsm.secret_key\[23\],5.34
u_auth_fsm.secret_key\[35\],5.34
u_auth_fsm.secret_key\[39\],5.34
u_auth_fsm.secret_key\[63\],5.34
u_auth_fsm.secret_key\[81\],5.34
net1477,5.34
net1720,5.34
net1802,5.34
_00682_,5.315
_01004_,5.315
_00363_,5.305
_00514_,5.305
_00556_,5.305
_00703_,5.305
_00753_,5.305
_00888_,5.305
_00970_,5.305
_01034_,5.305
_17300_,5.29
_03618_,5.28
_03675_,5.28
_03757_,5.28
_04520_,5.28
_04643_,5.28
_04684_,5.28
_05128_,5.28
_05227_,5.28
_05260_,5.28
_05348_,5.28
_05401_,5.28
_05961_,5.28
_06550_,5.28
_07020_,5.28
_07264_,5.28
_07284_,5.28
_07900_,5.28
_08253_,5.28
_08833_,5.28
_09448_,5.28
_09466_,5.28
_09794_,5.28
_11128_,5.28
_11295_,5.28
_11333_,5.28
_12059_,5.28
_12532_,5.28
_13104_,5.28
_14072_,5.28
_14110_,5.28
_14297_,5.28
_14408_,5.28
_14522_,5.28
_14565_,5.28
_14707_,5.28
_14771_,5.28
_15975_,5.28
_16099_,5.28
_16333_,5.28
_16624_,5.28
_16640_,5.28
_18884_,5.28
_19669_,5.28
net1913,5.28
_00234_,5.265
_00380_,5.265
_00465_,5.265
_00673_,5.265
_00680_,5.265
_00698_,5.265
_00971_,5.265
_00904_,5.26
_02127_,5.26
_02258_,5.26
_02350_,5.26
_02534_,5.26
_02620_,5.26
_03356_,5.26
_03583_,5.26
_03677_,5.26
_03729_,5.26
_04104_,5.26
_04116_,5.26
_04145_,5.26
_04226_,5.26
_04251_,5.26
_04268_,5.26
_04273_,5.26
_04292_,5.26
_04417_,5.26
_04580_,5.26
_04633_,5.26
_04834_,5.26
_05125_,5.26
_05319_,5.26
_05333_,5.26
_05354_,5.26
_06218_,5.26
_06689_,5.26
_06696_,5.26
_06800_,5.26
_06864_,5.26
_07121_,5.26
_07141_,5.26
_07151_,5.26
_07287_,5.26
_07297_,5.26
_07884_,5.26
_08361_,5.26
_08458_,5.26
_08460_,5.26
_08846_,5.26
_09015_,5.26
_09304_,5.26
_09375_,5.26
_09568_,5.26
_09624_,5.26
_09639_,5.26
_09823_,5.26
_10394_,5.26
_10458_,5.26
_10667_,5.26
_10779_,5.26
_11226_,5.26
_11286_,5.26
_11325_,5.26
_11334_,5.26
_11695_,5.26
_11746_,5.26
_12556_,5.26
_13219_,5.26
_13672_,5.26
_13833_,5.26
_13921_,5.26
_14131_,5.26
_14484_,5.26
_14778_,5.26
_14858_,5.26
_14912_,5.26
_14989_,5.26
_15326_,5.26
_15394_,5.26
_15430_,5.26
_15491_,5.26
_15523_,5.26
_15627_,5.26
_16141_,5.26
_16153_,5.26
_16271_,5.26
_16367_,5.26
_16488_,5.26
_16524_,5.26
_16953_,5.26
_17510_,5.26
_17953_,5.26
_18010_,5.26
_18380_,5.26
_18484_,5.26
_18636_,5.26
_18874_,5.26
_19033_,5.26
_19380_,5.26
fifo_nonce\[1\]\[57\],5.26
fifo_nonce\[3\]\[17\],5.26
fifo_nonce\[3\]\[22\],5.26
fifo_nonce\[3\]\[66\],5.26
fifo_nonce\[4\]\[53\],5.26
fifo_nonce\[5\]\[94\],5.26
fifo_nonce\[6\]\[74\],5.26
fifo_nonce\[6\]\[98\],5.26
u_aes128.round_key\[81\],5.26
u_auth_fsm.nonce_hist\[1\]\[51\],5.26
u_cmd_parser.nonce_reg\[106\],5.26
net581,5.26
net688,5.26
net2055,5.26
_00340_,5.245
_00395_,5.24
_02190_,5.24
_02754_,5.24
_03294_,5.24
_05731_,5.24
_07103_,5.24
_09663_,5.24
_10373_,5.24
_11264_,5.24
_12142_,5.24
_13320_,5.24
_14894_,5.24
_15769_,5.24
_18934_,5.24
fifo_nonce\[4\]\[14\],5.24
fifo_nonce\[4\]\[87\],5.24
fifo_nonce\[6\]\[36\],5.24
fifo_nonce\[6\]\[81\],5.24
fifo_nonce\[7\]\[38\],5.24
_14714_,5.235
_17329_,5.23
net665,5.225
net420,5.22
_03564_,5.22
_03724_,5.22
_03760_,5.22
_03862_,5.22
_04012_,5.22
_04028_,5.22
_04051_,5.22
_04092_,5.22
_04137_,5.22
_04248_,5.22
_04249_,5.22
_04330_,5.22
_04373_,5.22
_04377_,5.22
_04385_,5.22
_04438_,5.22
_04451_,5.22
_04598_,5.22
_04628_,5.22
_04652_,5.22
_04746_,5.22
_04823_,5.22
_04838_,5.22
_04884_,5.22
_05102_,5.22
_05300_,5.22
_05313_,5.22
_06587_,5.22
_07139_,5.22
_07186_,5.22
_07255_,5.22
_08695_,5.22
_09725_,5.22
_11312_,5.22
_12375_,5.22
_12742_,5.22
_12812_,5.22
_13913_,5.22
_14143_,5.22
_14226_,5.22
_14456_,5.22
_14587_,5.22
_14799_,5.22
_15036_,5.22
_15075_,5.22
_15079_,5.22
_15087_,5.22
_15158_,5.22
_15198_,5.22
_15265_,5.22
_15476_,5.22
_15481_,5.22
_15482_,5.22
_15512_,5.22
_15562_,5.22
_15584_,5.22
_15606_,5.22
_15676_,5.22
_15722_,5.22
_15799_,5.22
_15861_,5.22
_16066_,5.22
_16148_,5.22
_16199_,5.22
_16239_,5.22
_16287_,5.22
_16302_,5.22
_16534_,5.22
_16580_,5.22
_16623_,5.22
_16683_,5.22
_16721_,5.22
_16765_,5.22
_17293_,5.22
_17814_,5.22
_18067_,5.22
_18865_,5.22
_19159_,5.22
_19227_,5.22
_19399_,5.22
fifo_nonce\[2\]\[28\],5.22
fifo_nonce\[6\]\[76\],5.22
u_aes128.round_key\[107\],5.22
_17628_,5.19
_00308_,5.185
_01111_,5.185
_02028_,5.185
_02787_,5.185
_11979_,5.17
_08720_,5.165
_00292_,5.16
_00656_,5.16
_00964_,5.16
_01113_,5.16
_02875_,5.16
_05217_,5.16
_05924_,5.16
_06621_,5.16
_07269_,5.16
_10404_,5.16
_11646_,5.16
_12039_,5.16
_12122_,5.16
_12332_,5.16
_13635_,5.16
_16383_,5.16
_18029_,5.16
_18634_,5.16
net945,5.16
net996,5.16
net1117,5.16
net1158,5.16
net1199,5.16
net1222,5.16
net1288,5.16
net1343,5.16
net1532,5.16
net1599,5.16
net1741,5.16
net1866,5.16
net1904,5.16
net1942,5.16
net1979,5.16
net2029,5.16
net2508,5.16
_06952_,5.15
_01830_,5.14
_02260_,5.14
_02491_,5.14
_02874_,5.14
_02976_,5.14
_03526_,5.14
_03955_,5.14
_04472_,5.14
_04528_,5.14
_04611_,5.14
_04783_,5.14
_05239_,5.14
_05569_,5.14
_05633_,5.14
_06992_,5.14
_07010_,5.14
_07585_,5.14
_08152_,5.14
_08831_,5.14
_09192_,5.14
_09630_,5.14
_11172_,5.14
_12031_,5.14
_14169_,5.14
_14708_,5.14
_17169_,5.14
_17282_,5.14
_17610_,5.14
fifo_nonce\[1\]\[85\],5.14
fifo_nonce\[5\]\[117\],5.14
fifo_nonce\[5\]\[57\],5.14
u_aes128.round_key\[39\],5.14
u_auth_fsm.cur_nonce\[55\],5.14
u_auth_fsm.secret_key\[36\],5.14
u_auth_fsm.tx_payload\[17\],5.14
_04787_,5.12
_08038_,5.12
_09911_,5.12
_10072_,5.12
_10510_,5.12
_11741_,5.12
_16749_,5.12
_18823_,5.12
fifo_nonce\[2\]\[117\],5.12
u_auth_fsm.secret_key\[25\],5.12
net939,5.12
net993,5.12
net1104,5.12
net1211,5.12
net1273,5.12
net1728,5.12
net2077,5.12
_00437_,5.115
_16860_,5.115
fifo_nonce\[3\]\[50\],5.115
_08982_,5.11
_00192_,5.1
_00196_,5.1
_02093_,5.1
_14122_,5.1
u_cmd_parser.nonce_reg\[61\],5.1
_01716_,5.095
_00330_,5.085
_00576_,5.085
_00701_,5.085
_00732_,5.085
_01016_,5.085
net809,5.085
_01982_,5.065
_02109_,5.065
_03087_,5.065
_01797_,5.06
_05844_,5.06
_06255_,5.06
_07835_,5.06
_09096_,5.06
_10020_,5.06
_11061_,5.06
_12684_,5.06
_12779_,5.06
_12901_,5.06
_12945_,5.06
_16313_,5.06
_16376_,5.06
_18290_,5.06
net469,5.06
net602,5.06
net649,5.06
net657,5.06
net745,5.06
net821,5.06
net991,5.06
net1027,5.06
net1028,5.06
net1048,5.06
net1059,5.06
net1092,5.06
net1093,5.06
net1094,5.06
net1110,5.06
net1127,5.06
net1142,5.06
net1150,5.06
net1159,5.06
net1167,5.06
net1174,5.06
net1193,5.06
net1200,5.06
net1202,5.06
net1204,5.06
net1205,5.06
net1210,5.06
net1213,5.06
net1239,5.06
net1247,5.06
net1258,5.06
net1267,5.06
net1271,5.06
net1282,5.06
net1293,5.06
net1294,5.06
net1297,5.06
net1330,5.06
net1342,5.06
net1357,5.06
net1358,5.06
net1360,5.06
net1371,5.06
net1375,5.06
net1379,5.06
net1390,5.06
net1403,5.06
net1411,5.06
net1412,5.06
net1425,5.06
net1430,5.06
net1431,5.06
net1432,5.06
net1435,5.06
net1437,5.06
net1438,5.06
net1444,5.06
net1449,5.06
net1455,5.06
net1456,5.06
net1472,5.06
net1478,5.06
net1483,5.06
net1486,5.06
net1490,5.06
net1498,5.06
net1501,5.06
net1506,5.06
net1513,5.06
net1514,5.06
net1527,5.06
net1535,5.06
net1540,5.06
net1546,5.06
net1548,5.06
net1550,5.06
net1551,5.06
net1553,5.06
net1554,5.06
net1559,5.06
net1562,5.06
net1567,5.06
net1573,5.06
net1586,5.06
net1587,5.06
net1590,5.06
net1597,5.06
net1605,5.06
net1606,5.06
net1608,5.06
net1617,5.06
net1621,5.06
net1622,5.06
net1626,5.06
net1627,5.06
net1637,5.06
net1639,5.06
net1640,5.06
net1655,5.06
net1658,5.06
net1661,5.06
net1663,5.06
net1667,5.06
net1668,5.06
net1677,5.06
net1683,5.06
net1684,5.06
net1686,5.06
net1687,5.06
net1696,5.06
net1705,5.06
net1707,5.06
net1711,5.06
net1718,5.06
net1726,5.06
net1740,5.06
net1745,5.06
net1746,5.06
net1756,5.06
net1765,5.06
net1766,5.06
net1777,5.06
net1778,5.06
net1789,5.06
net1794,5.06
net1819,5.06
net1820,5.06
net1835,5.06
net1838,5.06
net1841,5.06
net1844,5.06
net1846,5.06
net1849,5.06
net1852,5.06
net1861,5.06
net1864,5.06
net1867,5.06
net1870,5.06
net1875,5.06
net1883,5.06
net1893,5.06
net1933,5.06
net1944,5.06
net1989,5.06
net2004,5.06
net2032,5.06
net2162,5.06
net2252,5.06
net2302,5.06
net2314,5.06
net2321,5.06
net2326,5.06
net2336,5.06
net2353,5.06
net2354,5.06
net2356,5.06
net2357,5.06
net2381,5.06
net2385,5.06
net2386,5.06
net2395,5.06
net2401,5.06
net2405,5.06
net2408,5.06
net2418,5.06
net2426,5.06
net2436,5.06
net2460,5.06
net2487,5.06
net2493,5.06
net2498,5.06
net2499,5.06
_00322_,5.045
_00538_,5.045
_00632_,5.045
_00694_,5.045
_00979_,5.045
_01026_,5.045
_12905_,5.045
_00039_,5.04
_00090_,5.04
_00216_,5.04
_01144_,5.04
_01712_,5.04
_01836_,5.04
_01904_,5.04
_01970_,5.04
_02238_,5.04
_02279_,5.04
_02283_,5.04
_02566_,5.04
_02568_,5.04
_02656_,5.04
_02946_,5.04
_03399_,5.04
_03478_,5.04
_05794_,5.04
_07400_,5.04
_07456_,5.04
_08110_,5.04
_09134_,5.04
_09409_,5.04
_11338_,5.04
_12114_,5.04
_19417_,5.04
net694,5.04
net756,5.04
_01497_,5.035
_14024_,5.035
_09549_,5.03
_00198_,5.02
_02162_,5.02
_02599_,5.02
_02849_,5.02
_07026_,5.02
_07527_,5.02
_13623_,5.02
_13762_,5.02
_14446_,5.02
_17773_,5.02
_17927_,5.02
_18880_,5.02
fifo_nonce\[2\]\[57\],5.02
fifo_nonce\[2\]\[83\],5.02
fifo_nonce\[2\]\[90\],5.02
fifo_nonce\[2\]\[91\],5.02
fifo_nonce\[3\]\[59\],5.02
fifo_nonce\[5\]\[27\],5.02
fifo_nonce\[6\]\[7\],5.02
fifo_nonce\[7\]\[53\],5.02
fifo_nonce\[7\]\[61\],5.02
fifo_nonce\[7\]\[77\],5.02
fifo_nonce\[7\]\[80\],5.02
u_aes128.ciphertext\[32\],5.02
u_auth_fsm.nonce_hist\[6\]\[75\],5.02
u_cmd_parser.payload_count\[4\],5.02
_00317_,5.005
_00169_,5
_01296_,5
_01620_,5
_01868_,5
_01884_,5
_01898_,5
_02000_,5
_02429_,5
_02464_,5
_02740_,5
_02868_,5
_03234_,5
_03416_,5
_03452_,5
_06050_,5
_07922_,5
_10889_,5
_17713_,5
_18775_,5
fifo_nonce\[4\]\[17\],5
_00604_,4.985
_00614_,4.985
_00969_,4.985
_00515_,4.975
_00605_,4.975
_00627_,4.975
_00903_,4.975
_00296_,4.965
_01374_,4.94
_01818_,4.94
_01920_,4.94
_02947_,4.94
_05662_,4.94
_05787_,4.94
_06043_,4.94
_06164_,4.94
_07222_,4.94
_07279_,4.94
_07295_,4.94
_07488_,4.94
_09311_,4.94
_09644_,4.94
_09843_,4.94
_10494_,4.94
_10519_,4.94
_11122_,4.94
_11180_,4.94
_11272_,4.94
_11278_,4.94
_12450_,4.94
_12502_,4.94
_12524_,4.94
_12815_,4.94
_12878_,4.94
_13040_,4.94
_13454_,4.94
_14237_,4.94
_14369_,4.94
_14406_,4.94
_14471_,4.94
_14515_,4.94
_14781_,4.94
_14870_,4.94
_16308_,4.94
_17996_,4.94
_18175_,4.94
_18514_,4.94
_18598_,4.94
_18770_,4.94
_18894_,4.94
_18926_,4.94
_18939_,4.94
fifo_nonce\[1\]\[99\],4.94
u_auth_fsm.secret_key\[19\],4.94
net2275,4.94
_07014_,4.93
_17554_,4.93
_00562_,4.925
_01872_,4.925
_00016_,4.92
_00106_,4.92
_00211_,4.92
_01165_,4.92
_01168_,4.92
_01215_,4.92
_01263_,4.92
_01338_,4.92
_01363_,4.92
_01421_,4.92
_01427_,4.92
_01462_,4.92
_01663_,4.92
_01701_,4.92
_01815_,4.92
_01877_,4.92
_01948_,4.92
_01953_,4.92
_02047_,4.92
_02226_,4.92
_02467_,4.92
_02604_,4.92
_02614_,4.92
_02617_,4.92
_02764_,4.92
_02765_,4.92
_02833_,4.92
_02878_,4.92
_03132_,4.92
_03156_,4.92
_03308_,4.92
_03313_,4.92
_03317_,4.92
_03375_,4.92
_03475_,4.92
_03481_,4.92
_03522_,4.92
_03527_,4.92
_03983_,4.92
_04002_,4.92
_04013_,4.92
_04048_,4.92
_04096_,4.92
_04118_,4.92
_04122_,4.92
_04136_,4.92
_04203_,4.92
_04211_,4.92
_04223_,4.92
_04270_,4.92
_04311_,4.92
_04483_,4.92
_04668_,4.92
_04822_,4.92
_04998_,4.92
_05073_,4.92
_05177_,4.92
_05578_,4.92
_05710_,4.92
_05808_,4.92
_06258_,4.92
_06503_,4.92
_06886_,4.92
_06941_,4.92
_07007_,4.92
_07119_,4.92
_07263_,4.92
_07698_,4.92
_07983_,4.92
_08041_,4.92
_08095_,4.92
_08355_,4.92
_08405_,4.92
_08419_,4.92
_08451_,4.92
_08548_,4.92
_08910_,4.92
_09062_,4.92
_09676_,4.92
_09793_,4.92
_09928_,4.92
_10408_,4.92
_10615_,4.92
_10850_,4.92
_10875_,4.92
_11045_,4.92
_11141_,4.92
_11457_,4.92
_11609_,4.92
_11637_,4.92
_11711_,4.92
_11907_,4.92
_12015_,4.92
_12391_,4.92
_12549_,4.92
_12723_,4.92
_12849_,4.92
_12930_,4.92
_13147_,4.92
_13248_,4.92
_13532_,4.92
_13586_,4.92
_13587_,4.92
_13612_,4.92
_14055_,4.92
_14140_,4.92
_14399_,4.92
_14876_,4.92
_15276_,4.92
_15446_,4.92
_15536_,4.92
_15671_,4.92
_15682_,4.92
_15796_,4.92
_15940_,4.92
_15976_,4.92
_16092_,4.92
_16230_,4.92
_16321_,4.92
_16711_,4.92
_16720_,4.92
_16801_,4.92
_17081_,4.92
_17195_,4.92
_17934_,4.92
_17950_,4.92
_18568_,4.92
_18931_,4.92
_18978_,4.92
_19021_,4.92
_19687_,4.92
fifo_nonce\[1\]\[24\],4.92
fifo_nonce\[1\]\[7\],4.92
u_aes128.gen_key_sbox\[2\].sb_key.in\[7\],4.92
u_auth_fsm.cur_nonce\[32\],4.92
u_auth_fsm.secret_key\[126\],4.92
u_auth_fsm.secret_key\[14\],4.92
u_auth_fsm.secret_key\[31\],4.92
u_auth_fsm.secret_key\[56\],4.92
u_auth_fsm.secret_key\[89\],4.92
net591,4.92
net673,4.92
net691,4.92
net705,4.92
net769,4.92
net825,4.92
net831,4.92
net835,4.92
net1387,4.92
net1869,4.92
net1937,4.92
net2481,4.92
_02712_,4.905
_00271_,4.9
_00410_,4.9
_01195_,4.9
_01664_,4.9
_06538_,4.9
_08732_,4.9
_09719_,4.9
_09891_,4.9
_13298_,4.9
_14061_,4.9
_14679_,4.9
_14830_,4.9
_15874_,4.9
fifo_nonce\[2\]\[21\],4.9
fifo_nonce\[2\]\[58\],4.9
fifo_nonce\[3\]\[21\],4.9
fifo_nonce\[3\]\[56\],4.9
fifo_nonce\[6\]\[82\],4.9
fifo_nonce\[6\]\[99\],4.9
fifo_nonce\[7\]\[20\],4.9
u_aes128.round_key\[97\],4.9
u_auth_fsm.cur_nonce\[58\],4.895
_00353_,4.885
_00490_,4.885
_01002_,4.885
_01540_,4.885
_01203_,4.88
_01221_,4.88
_01229_,4.88
_01315_,4.88
_01617_,4.88
_01649_,4.88
_02117_,4.88
_02462_,4.88
_02508_,4.88
_03002_,4.88
_03015_,4.88
_03025_,4.88
_03319_,4.88
_03518_,4.88
_03696_,4.88
_03706_,4.88
_03721_,4.88
_03758_,4.88
_04081_,4.88
_04101_,4.88
_04186_,4.88
_04219_,4.88
_04281_,4.88
_04319_,4.88
_04371_,4.88
_04386_,4.88
_04387_,4.88
_04437_,4.88
_04538_,4.88
_04555_,4.88
_04601_,4.88
_04646_,4.88
_04649_,4.88
_04717_,4.88
_04729_,4.88
_04737_,4.88
_04786_,4.88
_04983_,4.88
_05059_,4.88
_05068_,4.88
_05070_,4.88
_05079_,4.88
_05085_,4.88
_05098_,4.88
_05109_,4.88
_05230_,4.88
_05293_,4.88
_05355_,4.88
_05937_,4.88
_06627_,4.88
_07178_,4.88
_07231_,4.88
_07616_,4.88
_07700_,4.88
_07984_,4.88
_08313_,4.88
_09511_,4.88
_09933_,4.88
_09992_,4.88
_09999_,4.88
_10081_,4.88
_10527_,4.88
_10876_,4.88
_10880_,4.88
_11617_,4.88
_11676_,4.88
_11992_,4.88
_12092_,4.88
_12408_,4.88
_12869_,4.88
_13589_,4.88
_13942_,4.88
_14038_,4.88
_14138_,4.88
_14145_,4.88
_14279_,4.88
_14925_,4.88
_14954_,4.88
_14970_,4.88
_14995_,4.88
_15048_,4.88
_15188_,4.88
_15277_,4.88
_15357_,4.88
_15365_,4.88
_15371_,4.88
_15382_,4.88
_15388_,4.88
_15399_,4.88
_15486_,4.88
_15546_,4.88
_15556_,4.88
_15585_,4.88
_15589_,4.88
_15700_,4.88
_15811_,4.88
_15849_,4.88
_15997_,4.88
_16007_,4.88
_16139_,4.88
_16175_,4.88
_16187_,4.88
_16211_,4.88
_16242_,4.88
_16255_,4.88
_16274_,4.88
_16281_,4.88
_16319_,4.88
_16355_,4.88
_16429_,4.88
_16472_,4.88
_16557_,4.88
_16648_,4.88
_16669_,4.88
_16719_,4.88
_16728_,4.88
_17871_,4.88
_17873_,4.88
_18859_,4.88
_19249_,4.88
fifo_nonce\[1\]\[82\],4.88
fifo_nonce\[4\]\[4\],4.88
fifo_nonce\[5\]\[38\],4.88
u_auth_fsm.cur_nonce\[100\],4.88
u_auth_fsm.cur_nonce\[20\],4.88
u_auth_fsm.cur_nonce\[78\],4.88
u_auth_fsm.cur_nonce\[79\],4.88
u_auth_fsm.secret_key\[124\],4.88
u_cmd_parser.nonce_reg\[119\],4.88
uart_tx_o,4.85
_00300_,4.845
_00305_,4.845
_00722_,4.845
_00832_,4.845
_00999_,4.845
_01049_,4.845
_15558_,4.84
_19421_,4.84
_00539_,4.82
_00603_,4.82
_01160_,4.82
_01376_,4.82
_03717_,4.82
_04840_,4.82
_04947_,4.82
_05043_,4.82
_05104_,4.82
_05747_,4.82
_05801_,4.82
_06494_,4.82
_06563_,4.82
_06694_,4.82
_06912_,4.82
_07029_,4.82
_07845_,4.82
_08800_,4.82
_09590_,4.82
_10789_,4.82
_10791_,4.82
_11471_,4.82
_11594_,4.82
_11866_,4.82
_12459_,4.82
_12822_,4.82
_13595_,4.82
_13738_,4.82
_14032_,4.82
_14049_,4.82
_14273_,4.82
_14427_,4.82
_14558_,4.82
_15174_,4.82
_15201_,4.82
_15271_,4.82
_15526_,4.82
_15672_,4.82
_16073_,4.82
_16482_,4.82
_16652_,4.82
_16736_,4.82
_17214_,4.82
_17562_,4.82
_18425_,4.82
_18528_,4.82
_19472_,4.82
_19557_,4.82
fifo_nonce\[1\]\[39\],4.82
fifo_nonce\[1\]\[6\],4.82
fifo_nonce\[3\]\[119\],4.82
fifo_nonce\[3\]\[12\],4.82
fifo_nonce\[3\]\[15\],4.82
fifo_nonce\[3\]\[42\],4.82
fifo_nonce\[3\]\[52\],4.82
fifo_nonce\[5\]\[121\],4.82
fifo_nonce\[5\]\[1\],4.82
fifo_nonce\[5\]\[32\],4.82
fifo_nonce\[6\]\[75\],4.82
_00236_,4.805
_00318_,4.805
_00929_,4.805
_07803_,4.805
_08011_,4.805
_00065_,4.8
_00103_,4.8
_02268_,4.8
_02570_,4.8
_03503_,4.8
_03607_,4.8
_03709_,4.8
_03974_,4.8
_04103_,4.8
_04202_,4.8
_04233_,4.8
_04242_,4.8
_04345_,4.8
_04400_,4.8
_04406_,4.8
_04415_,4.8
_04455_,4.8
_04533_,4.8
_04553_,4.8
_04591_,4.8
_04754_,4.8
_04769_,4.8
_04816_,4.8
_05017_,4.8
_05041_,4.8
_05232_,4.8
_05273_,4.8
_05289_,4.8
_05478_,4.8
_06527_,4.8
_06532_,4.8
_06626_,4.8
_07251_,4.8
_08180_,4.8
_08322_,4.8
_08366_,4.8
_09094_,4.8
_09138_,4.8
_10068_,4.8
_10240_,4.8
_10270_,4.8
_10336_,4.8
_10849_,4.8
_10995_,4.8
_11629_,4.8
_11683_,4.8
_11947_,4.8
_12144_,4.8
_12624_,4.8
_13433_,4.8
_13688_,4.8
_13855_,4.8
_13899_,4.8
_13908_,4.8
_14314_,4.8
_14384_,4.8
_14453_,4.8
_14476_,4.8
_14564_,4.8
_14605_,4.8
_14665_,4.8
_14776_,4.8
_14852_,4.8
_15103_,4.8
_15352_,4.8
_15594_,4.8
_15739_,4.8
_16241_,4.8
_16549_,4.8
_16551_,4.8
_16775_,4.8
_16804_,4.8
_16962_,4.8
_17106_,4.8
_17443_,4.8
_17892_,4.8
_18192_,4.8
_18438_,4.8
_18745_,4.8
_18900_,4.8
_18993_,4.8
_19095_,4.8
fifo_nonce\[7\]\[47\],4.8
fifo_nonce\[7\]\[59\],4.8
u_uart_tx.state\[2\],4.8
net620,4.8
net1407,4.8
net2195,4.8
net2479,4.8
_00638_,4.785
_01777_,4.78
_03175_,4.78
_03219_,4.78
_03713_,4.78
_04590_,4.78
_08081_,4.78
_10462_,4.78
_12937_,4.78
_18172_,4.78
_19680_,4.78
fifo_nonce\[4\]\[83\],4.78
_13533_,4.77
_17407_,4.77
_00093_,4.765
_00551_,4.765
_01500_,4.765
_01715_,4.765
_03056_,4.765
_03017_,4.76
_03759_,4.76
_04005_,4.76
_04045_,4.76
_04053_,4.76
_04071_,4.76
_04108_,4.76
_04114_,4.76
_04126_,4.76
_04148_,4.76
_04169_,4.76
_04204_,4.76
_04229_,4.76
_04245_,4.76
_04246_,4.76
_04287_,4.76
_04334_,4.76
_04392_,4.76
_04403_,4.76
_04460_,4.76
_04466_,4.76
_04477_,4.76
_04510_,4.76
_04513_,4.76
_04517_,4.76
_04546_,4.76
_04558_,4.76
_04567_,4.76
_04568_,4.76
_04716_,4.76
_04739_,4.76
_04803_,4.76
_04804_,4.76
_04814_,4.76
_04836_,4.76
_05028_,4.76
_05240_,4.76
_05283_,4.76
_05332_,4.76
_06961_,4.76
_07202_,4.76
_07256_,4.76
_07989_,4.76
_09345_,4.76
_09570_,4.76
_10091_,4.76
_11956_,4.76
_14087_,4.76
_14290_,4.76
_14363_,4.76
_14549_,4.76
_14649_,4.76
_14729_,4.76
_14802_,4.76
_15214_,4.76
_15274_,4.76
_15310_,4.76
_15432_,4.76
_15449_,4.76
_15467_,4.76
_15483_,4.76
_15539_,4.76
_15542_,4.76
_15570_,4.76
_15625_,4.76
_15629_,4.76
_15679_,4.76
_15751_,4.76
_15770_,4.76
_16014_,4.76
_16263_,4.76
_16614_,4.76
_16671_,4.76
_16731_,4.76
_18272_,4.76
_19117_,4.76
_19360_,4.76
_19610_,4.76
_19633_,4.76
_10530_,4.73
_00298_,4.725
_00475_,4.725
_00896_,4.725
_01033_,4.725
_01350_,4.725
_03512_,4.725
_11238_,4.725
_01090_,4.72
_08372_,4.71
_12702_,4.71
_00327_,4.7
_00591_,4.7
_00675_,4.7
_00726_,4.7
_00782_,4.7
_00829_,4.7
_00869_,4.7
_01570_,4.7
_02021_,4.7
_02539_,4.7
_04372_,4.7
_08545_,4.7
_09476_,4.7
_12257_,4.7
_12923_,4.7
_14026_,4.7
_14292_,4.7
_16329_,4.7
net1017,4.7
net1208,4.7
net1372,4.7
net1391,4.7
net1397,4.7
net1544,4.7
net1694,4.7
net1799,4.7
net1836,4.7
net1892,4.7
net2301,4.7
net2466,4.7
_00030_,4.68
_02492_,4.68
_03723_,4.68
_03877_,4.68
_04600_,4.68
_04854_,4.68
_05063_,4.68
_05752_,4.68
_06249_,4.68
_07468_,4.68
_09255_,4.68
_09317_,4.68
_10497_,4.68
_10710_,4.68
_11163_,4.68
_15579_,4.68
_17190_,4.68
_17802_,4.68
_18073_,4.68
_19701_,4.68
fifo_nonce\[1\]\[72\],4.68
fifo_nonce\[1\]\[97\],4.68
fifo_nonce\[2\]\[7\],4.68
fifo_nonce\[5\]\[36\],4.68
fifo_nonce\[7\]\[60\],4.68
_17306_,4.67
_02073_,4.66
_13487_,4.66
_16416_,4.66
_18030_,4.66
_18921_,4.66
_19166_,4.66
net1137,4.66
net1316,4.66
net1504,4.66
net1645,4.66
net1700,4.66
net1865,4.66
_10302_,4.65
_00924_,4.635
_00484_,4.625
_00540_,4.625
_00666_,4.625
_09459_,4.615
_17600_,4.615
fifo_nonce\[5\]\[14\],4.61
_01467_,4.605
_02331_,4.605
_05751_,4.605
_01845_,4.6
_07906_,4.6
_08416_,4.6
_10101_,4.6
_10440_,4.6
_10898_,4.6
_11321_,4.6
_12433_,4.6
_12943_,4.6
_13740_,4.6
_14829_,4.6
_17037_,4.6
_18919_,4.6
_19273_,4.6
net1577,4.6
_12949_,4.59
_00685_,4.585
_00725_,4.585
_00749_,4.585
_00980_,4.585
_01017_,4.585
_01089_,4.585
_01531_,4.585
_00311_,4.58
_01633_,4.58
_01639_,4.58
_01744_,4.58
_01782_,4.58
_01843_,4.58
_01933_,4.58
_01961_,4.58
_01980_,4.58
_02030_,4.58
_02054_,4.58
_02136_,4.58
_02194_,4.58
_02298_,4.58
_02300_,4.58
_02472_,4.58
_02607_,4.58
_02618_,4.58
_02636_,4.58
_02659_,4.58
_02686_,4.58
_02723_,4.58
_02735_,4.58
_02842_,4.58
_03021_,4.58
_03114_,4.58
_03117_,4.58
_03377_,4.58
_03435_,4.58
_03471_,4.58
_03535_,4.58
_05685_,4.58
_06054_,4.58
_06460_,4.58
_06667_,4.58
_07066_,4.58
_10341_,4.58
_12047_,4.58
_12488_,4.58
_13584_,4.58
_14403_,4.58
_17654_,4.58
_17901_,4.58
_18219_,4.58
net483,4.58
net543,4.58
net594,4.58
net741,4.58
net907,4.58
net1333,4.58
net2367,4.58
_01213_,4.565
_03530_,4.565
_17457_,4.565
_00021_,4.56
_01343_,4.56
_02053_,4.56
_06240_,4.56
_07086_,4.56
_13611_,4.56
_13812_,4.56
_14308_,4.56
_14375_,4.56
_15760_,4.56
_16700_,4.56
_17116_,4.56
_17307_,4.56
_17420_,4.56
_17626_,4.56
_17711_,4.56
_18527_,4.56
_19143_,4.56
_19668_,4.56
fifo_nonce\[2\]\[56\],4.56
fifo_nonce\[2\]\[63\],4.56
fifo_nonce\[6\]\[12\],4.56
fifo_nonce\[7\]\[112\],4.56
fifo_nonce\[7\]\[34\],4.56
fifo_nonce\[7\]\[99\],4.56
u_auth_fsm.nonce_hist\[6\]\[47\],4.56
u_auth_fsm.nonce_hist\[7\]\[126\],4.56
u_auth_fsm.secret_key\[115\],4.56
u_auth_fsm.tx_payload\[81\],4.56
_00543_,4.545
_00131_,4.54
_00173_,4.54
_00202_,4.54
_00204_,4.54
_01166_,4.54
_01949_,4.54
_02037_,4.54
_02058_,4.54
_02160_,4.54
_02211_,4.54
_02249_,4.54
_02814_,4.54
_03004_,4.54
_03020_,4.54
_03066_,4.54
_03337_,4.54
_03387_,4.54
_03467_,4.54
_06137_,4.54
_06387_,4.54
_13667_,4.54
_16763_,4.54
_17337_,4.54
_17530_,4.54
fifo_nonce\[2\]\[100\],4.54
fifo_nonce\[6\]\[125\],4.54
_00482_,4.525
_00582_,4.525
_00789_,4.525
_04900_,4.52
_15490_,4.52
_01271_,4.505
_01489_,4.505
_01568_,4.505
_01386_,4.48
_01780_,4.48
_01896_,4.48
_01924_,4.48
_01958_,4.48
_02381_,4.48
_02420_,4.48
_02430_,4.48
_02480_,4.48
_02574_,4.48
_02997_,4.48
_02998_,4.48
_03158_,4.48
_03309_,4.48
_03336_,4.48
_03371_,4.48
_03383_,4.48
_03925_,4.48
_04944_,4.48
_05136_,4.48
_05210_,4.48
_05420_,4.48
_05542_,4.48
_05985_,4.48
_06205_,4.48
_06469_,4.48
_06498_,4.48
_07232_,4.48
_07480_,4.48
_07937_,4.48
_08102_,4.48
_08929_,4.48
_09662_,4.48
_09696_,4.48
_10232_,4.48
_10464_,4.48
_11656_,4.48
_11668_,4.48
_11991_,4.48
_12529_,4.48
_12948_,4.48
_13166_,4.48
_13530_,4.48
_13769_,4.48
_14073_,4.48
_14188_,4.48
_14258_,4.48
_14608_,4.48
_17275_,4.48
_17537_,4.48
_17693_,4.48
_17895_,4.48
_17984_,4.48
_18646_,4.48
_19521_,4.48
fifo_nonce\[1\]\[54\],4.48
u_auth_fsm.nonce_hist\[7\]\[62\],4.48
net972,4.48
net1175,4.48
_00024_,4.46
_00129_,4.46
_01220_,4.46
_01410_,4.46
_01442_,4.46
_01463_,4.46
_02217_,4.46
_02334_,4.46
_02531_,4.46
_02771_,4.46
_02844_,4.46
_02848_,4.46
_02922_,4.46
_03161_,4.46
_03193_,4.46
_03405_,4.46
_03628_,4.46
_03725_,4.46
_03851_,4.46
_03922_,4.46
_04018_,4.46
_04059_,4.46
_04069_,4.46
_04125_,4.46
_04130_,4.46
_04191_,4.46
_04263_,4.46
_04328_,4.46
_04435_,4.46
_04577_,4.46
_04636_,4.46
_04638_,4.46
_04749_,4.46
_05042_,4.46
_05253_,4.46
_05281_,4.46
_05822_,4.46
_05837_,4.46
_06018_,4.46
_06036_,4.46
_06055_,4.46
_06210_,4.46
_06229_,4.46
_06487_,4.46
_06618_,4.46
_07131_,4.46
_07156_,4.46
_07247_,4.46
_07598_,4.46
_07642_,4.46
_07681_,4.46
_08066_,4.46
_08167_,4.46
_08578_,4.46
_08809_,4.46
_08871_,4.46
_09075_,4.46
_09221_,4.46
_09864_,4.46
_10078_,4.46
_10308_,4.46
_10608_,4.46
_10648_,4.46
_10857_,4.46
_11161_,4.46
_11252_,4.46
_11304_,4.46
_11568_,4.46
_13056_,4.46
_13110_,4.46
_13111_,4.46
_13145_,4.46
_13182_,4.46
_13199_,4.46
_13285_,4.46
_13330_,4.46
_13488_,4.46
_13548_,4.46
_13687_,4.46
_13748_,4.46
_14300_,4.46
_14312_,4.46
_14492_,4.46
_14574_,4.46
_14813_,4.46
_15031_,4.46
_15155_,4.46
_15208_,4.46
_15308_,4.46
_15573_,4.46
_15635_,4.46
_15704_,4.46
_16021_,4.46
_16027_,4.46
_16063_,4.46
_16128_,4.46
_16228_,4.46
_16277_,4.46
_16340_,4.46
_16359_,4.46
_16503_,4.46
_16769_,4.46
_17394_,4.46
_17570_,4.46
_17738_,4.46
_18041_,4.46
_18332_,4.46
_18342_,4.46
_18467_,4.46
_18676_,4.46
_18765_,4.46
_19051_,4.46
_19445_,4.46
_19494_,4.46
_19652_,4.46
fifo_nonce\[4\]\[31\],4.46
fifo_nonce\[4\]\[95\],4.46
u_auth_fsm.secret_key\[22\],4.46
u_auth_fsm.secret_key\[55\],4.46
u_auth_fsm.secret_key\[72\],4.46
net458,4.46
net517,4.46
net578,4.46
net609,4.46
net624,4.46
net653,4.46
net704,4.46
net842,4.46
net858,4.46
net1279,4.46
net1494,4.46
net1654,4.46
net1881,4.46
_01685_,4.44
_02213_,4.44
_02506_,4.44
_02507_,4.44
_03245_,4.44
_04587_,4.44
_04946_,4.44
_05574_,4.44
_07658_,4.44
_08333_,4.44
_11451_,4.44
_14390_,4.44
_14505_,4.44
_14622_,4.44
_14655_,4.44
_14805_,4.44
_19394_,4.44
_19406_,4.44
fifo_nonce\[6\]\[85\],4.44
u_aes128.round_key\[43\],4.44
_01506_,4.435
_18110_,4.43
_00779_,4.425
_00889_,4.425
_01022_,4.425
_01335_,4.42
_01628_,4.42
_01726_,4.42
_01861_,4.42
_01959_,4.42
_02195_,4.42
_02582_,4.42
_02665_,4.42
_03083_,4.42
_03434_,4.42
_03658_,4.42
_03762_,4.42
_03764_,4.42
_03768_,4.42
_03772_,4.42
_03891_,4.42
_04111_,4.42
_04140_,4.42
_04168_,4.42
_04224_,4.42
_04276_,4.42
_04294_,4.42
_04305_,4.42
_04323_,4.42
_04358_,4.42
_04381_,4.42
_04393_,4.42
_04409_,4.42
_04434_,4.42
_04445_,4.42
_04457_,4.42
_04499_,4.42
_04527_,4.42
_04531_,4.42
_04548_,4.42
_04559_,4.42
_04566_,4.42
_04574_,4.42
_04579_,4.42
_04586_,4.42
_04599_,4.42
_04634_,4.42
_04644_,4.42
_04665_,4.42
_04671_,4.42
_04676_,4.42
_04727_,4.42
_04767_,4.42
_04782_,4.42
_04800_,4.42
_04809_,4.42
_04835_,4.42
_05024_,4.42
_05867_,4.42
_08289_,4.42
_08861_,4.42
_08891_,4.42
_09695_,4.42
_10943_,4.42
_11259_,4.42
_11632_,4.42
_11702_,4.42
_12472_,4.42
_13651_,4.42
_13800_,4.42
_13903_,4.42
_14556_,4.42
_14581_,4.42
_14817_,4.42
_15076_,4.42
_15307_,4.42
_15351_,4.42
_15444_,4.42
_15462_,4.42
_15537_,4.42
_15621_,4.42
_15658_,4.42
_15686_,4.42
_15736_,4.42
_15774_,4.42
_15802_,4.42
_15828_,4.42
_15847_,4.42
_15857_,4.42
_16186_,4.42
_16219_,4.42
_16248_,4.42
_16535_,4.42
_16685_,4.42
_16696_,4.42
_16717_,4.42
_16744_,4.42
_16758_,4.42
_18538_,4.42
_18961_,4.42
_19029_,4.42
_19684_,4.42
fifo_nonce\[5\]\[19\],4.42
fifo_nonce\[5\]\[22\],4.42
fifo_nonce\[5\]\[23\],4.42
u_auth_fsm.cur_nonce\[36\],4.42
u_auth_fsm.cur_nonce\[38\],4.42
u_auth_fsm.secret_key\[76\],4.42
u_auth_fsm.secret_key\[91\],4.42
_09081_,4.4
_13354_,4.4
_15026_,4.4
_00366_,4.385
_00472_,4.385
_00610_,4.385
_00778_,4.385
_01035_,4.385
_01062_,4.385
_01482_,4.385
_09242_,4.37
_00432_,4.365
_01505_,4.365
_01895_,4.365
_00397_,4.36
_01528_,4.36
_03747_,4.36
_03748_,4.36
_04282_,4.36
_04678_,4.36
_04702_,4.36
_04903_,4.36
_05112_,4.36
_05308_,4.36
_05329_,4.36
_05998_,4.36
_06159_,4.36
_07063_,4.36
_09604_,4.36
_10041_,4.36
_10416_,4.36
_11532_,4.36
_12060_,4.36
_13141_,4.36
_13956_,4.36
_14028_,4.36
_14358_,4.36
_14997_,4.36
_15118_,4.36
_15153_,4.36
_15469_,4.36
_15879_,4.36
_15910_,4.36
_16165_,4.36
_16328_,4.36
_16600_,4.36
_17616_,4.36
_18259_,4.36
_18372_,4.36
_18394_,4.36
_18463_,4.36
_18697_,4.36
_18741_,4.36
_18762_,4.36
_18940_,4.36
_19092_,4.36
_19644_,4.36
_19673_,4.36
_19694_,4.36
_19214_,4.35
_19346_,4.345
_00002_,4.34
_00165_,4.34
_00176_,4.34
_01657_,4.34
_02248_,4.34
_02337_,4.34
_02360_,4.34
_02813_,4.34
_03162_,4.34
_03307_,4.34
_03603_,4.34
_03736_,4.34
_04032_,4.34
_04061_,4.34
_04221_,4.34
_04256_,4.34
_04354_,4.34
_04473_,4.34
_04572_,4.34
_04592_,4.34
_04672_,4.34
_04898_,4.34
_04967_,4.34
_05083_,4.34
_05113_,4.34
_05151_,4.34
_05261_,4.34
_05276_,4.34
_05277_,4.34
_05288_,4.34
_05694_,4.34
_06000_,4.34
_06395_,4.34
_06419_,4.34
_06882_,4.34
_07136_,4.34
_07493_,4.34
_07576_,4.34
_07846_,4.34
_08003_,4.34
_08379_,4.34
_08444_,4.34
_08591_,4.34
_08948_,4.34
_09053_,4.34
_09109_,4.34
_09243_,4.34
_09692_,4.34
_09832_,4.34
_09964_,4.34
_10113_,4.34
_10173_,4.34
_10305_,4.34
_10415_,4.34
_10656_,4.34
_11256_,4.34
_11823_,4.34
_12028_,4.34
_12032_,4.34
_12146_,4.34
_12278_,4.34
_12436_,4.34
_12599_,4.34
_12735_,4.34
_12933_,4.34
_13332_,4.34
_13780_,4.34
_14496_,4.34
_14684_,4.34
_14757_,4.34
_15171_,4.34
_15264_,4.34
_15416_,4.34
_15602_,4.34
_15792_,4.34
_15906_,4.34
_15961_,4.34
_16004_,4.34
_16068_,4.34
_16222_,4.34
_16258_,4.34
_16259_,4.34
_16422_,4.34
_16521_,4.34
_16626_,4.34
_17346_,4.34
_17649_,4.34
_17866_,4.34
_18132_,4.34
_18392_,4.34
_18406_,4.34
_18522_,4.34
_18735_,4.34
_18816_,4.34
_19681_,4.34
fifo_nonce\[2\]\[55\],4.34
fifo_nonce\[4\]\[116\],4.34
u_auth_fsm.secret_key\[104\],4.34
net731,4.34
net1217,4.34
net1255,4.34
net1469,4.34
net1578,4.34
net1710,4.34
net1954,4.34
_17398_,4.335
_00235_,4.325
_00387_,4.325
_00405_,4.325
_00524_,4.325
_00930_,4.325
_01504_,4.325
_01532_,4.325
_01631_,4.32
_01986_,4.32
_02521_,4.32
_03244_,4.32
_03968_,4.32
_04889_,4.32
_04896_,4.32
_09283_,4.32
_19113_,4.32
fifo_nonce\[4\]\[12\],4.32
fifo_nonce\[4\]\[81\],4.32
_05563_,4.31
_00041_,4.305
_01162_,4.305
_01626_,4.305
_02224_,4.305
_02936_,4.305
net477,4.305
_03189_,4.3
_19646_,4.3
_00239_,4.295
_00251_,4.295
_00798_,4.295
_01133_,4.295
_01468_,4.295
_01511_,4.295
_18031_,4.275
_04446_,4.26
_01053_,4.245
_00145_,4.24
_00148_,4.24
_00325_,4.24
_00369_,4.24
_02076_,4.24
_02344_,4.24
_02714_,4.24
_02858_,4.24
_03457_,4.24
_03812_,4.24
_06201_,4.24
_07404_,4.24
_08595_,4.24
_09507_,4.24
_10011_,4.24
_10051_,4.24
_10825_,4.24
_13349_,4.24
_14307_,4.24
_14899_,4.24
_15763_,4.24
_18374_,4.24
_18709_,4.24
net1424,4.24
net1607,4.24
net1614,4.24
net1632,4.24
net2467,4.24
_06602_,4.235
_18140_,4.23
_00060_,4.22
_00115_,4.22
_01644_,4.22
_01706_,4.22
_01786_,4.22
_01814_,4.22
_01820_,4.22
_02175_,4.22
_02321_,4.22
_02396_,4.22
_02621_,4.22
_02648_,4.22
_02710_,4.22
_02953_,4.22
_03006_,4.22
_03354_,4.22
_03394_,4.22
_03415_,4.22
_03433_,4.22
_04017_,4.22
_04235_,4.22
_05022_,4.22
_06171_,4.22
_06500_,4.22
_06661_,4.22
_07250_,4.22
_08030_,4.22
_08418_,4.22
_08503_,4.22
_08943_,4.22
_09738_,4.22
_09959_,4.22
_10324_,4.22
_10453_,4.22
_13057_,4.22
_13334_,4.22
_15120_,4.22
_15138_,4.22
_16183_,4.22
_16596_,4.22
fifo_nonce\[1\]\[49\],4.22
fifo_nonce\[1\]\[71\],4.22
fifo_nonce\[1\]\[74\],4.22
fifo_nonce\[2\]\[68\],4.22
u_aes128.round_key\[106\],4.22
_06582_,4.2
_07671_,4.2
_08013_,4.2
_09955_,4.2
_10114_,4.2
_10928_,4.2
_15909_,4.2
_16618_,4.2
_16794_,4.2
_18284_,4.2
_18315_,4.2
_18963_,4.2
fifo_nonce\[4\]\[58\],4.2
_02095_,4.185
_17686_,4.185
_00267_,4.165
_00299_,4.165
_00426_,4.165
_00479_,4.165
_00595_,4.165
_00613_,4.165
_00751_,4.165
_00752_,4.165
_00756_,4.165
_00772_,4.165
_00884_,4.165
_01104_,4.165
_12652_,4.15
_01193_,4.145
_01727_,4.145
_00388_,4.14
_04964_,4.14
_05464_,4.14
_06112_,4.14
_06468_,4.14
_06566_,4.14
_07032_,4.14
_07110_,4.14
_07332_,4.14
_08499_,4.14
_08627_,4.14
_08739_,4.14
_08904_,4.14
_08953_,4.14
_09837_,4.14
_10386_,4.14
_12011_,4.14
_13169_,4.14
_14235_,4.14
_16985_,4.14
_17898_,4.14
_18197_,4.14
_18488_,4.14
_19513_,4.14
_19676_,4.14
u_auth_fsm.cur_nonce\[103\],4.14
net2178,4.14
net2297,4.14
net2341,4.14
_00112_,4.12
_00135_,4.12
_00225_,4.12
_01202_,4.12
_01227_,4.12
_01278_,4.12
_01641_,4.12
_01725_,4.12
_01753_,4.12
_01876_,4.12
_01963_,4.12
_02015_,4.12
_02018_,4.12
_02140_,4.12
_02144_,4.12
_02159_,4.12
_02161_,4.12
_02254_,4.12
_02311_,4.12
_02326_,4.12
_02483_,4.12
_02658_,4.12
_02804_,4.12
_02872_,4.12
_02888_,4.12
_02971_,4.12
_03037_,4.12
_03058_,4.12
_03129_,4.12
_03335_,4.12
_03339_,4.12
_03430_,4.12
_03533_,4.12
_03620_,4.12
_09629_,4.12
_10337_,4.12
_10504_,4.12
_10696_,4.12
_10730_,4.12
_13324_,4.12
_14046_,4.12
_14431_,4.12
_14511_,4.12
_14547_,4.12
_16889_,4.12
_17865_,4.12
_18231_,4.12
_18499_,4.12
_18672_,4.12
_18696_,4.12
net549,4.12
net712,4.12
net1029,4.12
net1067,4.12
net2052,4.12
_00166_,4.1
_01409_,4.1
_01825_,4.1
_02593_,4.1
_02664_,4.1
_02700_,4.1
_02942_,4.1
_05205_,4.1
_06964_,4.1
_07175_,4.1
_08839_,4.1
_09159_,4.1
_10330_,4.1
_10369_,4.1
_12077_,4.1
_14746_,4.1
_18480_,4.1
_18566_,4.1
_19640_,4.1
fifo_nonce\[1\]\[98\],4.1
fifo_nonce\[2\]\[97\],4.1
fifo_nonce\[3\]\[57\],4.1
fifo_nonce\[4\]\[10\],4.1
fifo_nonce\[7\]\[14\],4.1
u_auth_fsm.aes_plaintext\[74\],4.1
u_auth_fsm.cur_nonce\[8\],4.1
u_auth_fsm.secret_key\[73\],4.1
_00416_,4.085
_00421_,4.085
_00487_,4.085
_00518_,4.085
_00542_,4.085
_00648_,4.085
_00689_,4.085
_00767_,4.085
_00906_,4.085
_01574_,4.085
_00186_,4.08
_01253_,4.08
_01874_,4.08
_02184_,4.08
_02304_,4.08
_02439_,4.08
_02782_,4.08
_03256_,4.08
_07935_,4.08
_11657_,4.08
_12091_,4.08
_18583_,4.08
_00621_,4.045
_01083_,4.045
_02543_,4.045
_11547_,4.045
_13549_,4.045
_17422_,4.045
_00289_,4.02
_01205_,4.02
_01883_,4.02
_01922_,4.02
_01938_,4.02
_01939_,4.02
_01951_,4.02
_02191_,4.02
_02209_,4.02
_02244_,4.02
_02291_,4.02
_02427_,4.02
_02445_,4.02
_02476_,4.02
_02550_,4.02
_02592_,4.02
_02622_,4.02
_02638_,4.02
_02687_,4.02
_02734_,4.02
_02981_,4.02
_03051_,4.02
_03646_,4.02
_04942_,4.02
_06082_,4.02
_06777_,4.02
_06907_,4.02
_08493_,4.02
_08986_,4.02
_09298_,4.02
_10102_,4.02
_10525_,4.02
_10591_,4.02
_10754_,4.02
_11247_,4.02
_11846_,4.02
_12659_,4.02
_12790_,4.02
_12848_,4.02
_13235_,4.02
_13616_,4.02
_13937_,4.02
_13946_,4.02
_14643_,4.02
_14885_,4.02
_17667_,4.02
_17730_,4.02
_18014_,4.02
_18829_,4.02
_19479_,4.02
net585,4.02
net598,4.02
net640,4.02
net1953,4.02
net2180,4.02
_19186_,4.015
_12719_,4.01
_01209_,4.005
_09171_,4.005
_00005_,4
_00019_,4
_00038_,4
_00061_,4
_00073_,4
_00101_,4
_00128_,4
_01172_,4
_01189_,4
_01201_,4
_01303_,4
_01325_,4
_01329_,4
_01344_,4
_01345_,4
_01359_,4
_01368_,4
_01391_,4
_01399_,4
_01647_,4
_01693_,4
_01732_,4
_01760_,4
_01894_,4
_01981_,4
_02034_,4
_02040_,4
_02088_,4
_02281_,4
_02504_,4
_02755_,4
_02792_,4
_02805_,4
_02816_,4
_02822_,4
_02912_,4
_02955_,4
_03125_,4
_03138_,4
_03141_,4
_03228_,4
_03291_,4
_03328_,4
_03463_,4
_03483_,4
_03497_,4
_03513_,4
_03514_,4
_03538_,4
_03645_,4
_03817_,4
_03901_,4
_03923_,4
_03949_,4
_04093_,4
_04193_,4
_04265_,4
_04332_,4
_04398_,4
_04422_,4
_04481_,4
_04544_,4
_04561_,4
_04667_,4
_04694_,4
_04798_,4
_04957_,4
_05526_,4
_05541_,4
_05544_,4
_05551_,4
_05557_,4
_05725_,4
_05821_,4
_06031_,4
_06066_,4
_06121_,4
_06656_,4
_07577_,4
_07634_,4
_07663_,4
_07888_,4
_08042_,4
_08092_,4
_08347_,4
_08759_,4
_08843_,4
_08844_,4
_09204_,4
_09233_,4
_09251_,4
_09471_,4
_09490_,4
_09497_,4
_10028_,4
_10107_,4
_10195_,4
_10280_,4
_10379_,4
_10660_,4
_11063_,4
_11139_,4
_11173_,4
_11202_,4
_11213_,4
_11265_,4
_11527_,4
_11636_,4
_12085_,4
_12132_,4
_12192_,4
_12363_,4
_12456_,4
_12500_,4
_12694_,4
_12770_,4
_13171_,4
_13496_,4
_13592_,4
_13620_,4
_14114_,4
_14443_,4
_14588_,4
_14739_,4
_15128_,4
_15149_,4
_15180_,4
_15226_,4
_15293_,4
_15452_,4
_15548_,4
_15582_,4
_15595_,4
_15761_,4
_15782_,4
_15804_,4
_15818_,4
_15914_,4
_15924_,4
_15979_,4
_15999_,4
_16002_,4
_16036_,4
_16123_,4
_16151_,4
_16262_,4
_16393_,4
_16427_,4
_16619_,4
_16654_,4
_16689_,4
_16755_,4
_16766_,4
_17534_,4
_18083_,4
_18331_,4
_18434_,4
_18498_,4
_18504_,4
_19129_,4
_19710_,4
fifo_nonce\[4\]\[54\],4
fifo_nonce\[4\]\[68\],4
fifo_nonce\[7\]\[89\],4
u_auth_fsm.cur_nonce\[99\],4
u_auth_fsm.secret_key\[0\],4
u_auth_fsm.secret_key\[27\],4
u_auth_fsm.secret_key\[33\],4
u_auth_fsm.secret_key\[71\],4
u_auth_fsm.secret_key\[80\],4
u_auth_fsm.secret_key\[86\],4
u_cmd_parser.timeout_cnt\[19\],4
u_uart_tx.clk_cnt\[12\],4
net519,4
net569,4
net634,4
net701,4
net1500,4
net1759,4
net1896,4
net1959,4
net1962,4
net2132,4
net2186,4
_00335_,3.995
_00608_,3.995
_01092_,3.995
_06170_,3.995
_00132_,3.98
_02173_,3.98
_02900_,3.98
_05481_,3.98
_06151_,3.98
_09710_,3.98
_10328_,3.98
_11136_,3.98
_13882_,3.98
_14029_,3.98
_14823_,3.98
_14854_,3.98
_15840_,3.98
_17327_,3.98
_18918_,3.98
_19291_,3.98
fifo_nonce\[5\]\[102\],3.98
fifo_nonce\[6\]\[79\],3.98
u_auth_fsm.nonce_hist\[7\]\[47\],3.98
_04721_,3.97
_07677_,3.97
_00351_,3.965
_00513_,3.965
_00760_,3.965
_00851_,3.965
_00978_,3.965
_01024_,3.965
_01524_,3.965
_01526_,3.965
_05936_,3.96
_01123_,3.955
_00982_,3.945
_00415_,3.925
_00662_,3.925
_00758_,3.925
_00828_,3.925
_00988_,3.925
_01126_,3.925
_01563_,3.925
_19338_,3.905
_00356_,3.9
_00431_,3.9
_01122_,3.9
_02736_,3.9
_03251_,3.9
_03363_,3.9
_03534_,3.9
_03834_,3.9
_03863_,3.9
_03887_,3.9
_04052_,3.9
_04142_,3.9
_04262_,3.9
_04952_,3.9
_05353_,3.9
_05528_,3.9
_07163_,3.9
_08105_,3.9
_08865_,3.9
_09122_,3.9
_09309_,3.9
_09565_,3.9
_10034_,3.9
_10505_,3.9
_11024_,3.9
_13226_,3.9
_13763_,3.9
_14350_,3.9
_15081_,3.9
_15090_,3.9
_15230_,3.9
_15459_,3.9
_15628_,3.9
_15660_,3.9
_15850_,3.9
_15870_,3.9
_16017_,3.9
_16198_,3.9
_16267_,3.9
_16339_,3.9
_16492_,3.9
_16518_,3.9
_16802_,3.9
_16830_,3.9
_19438_,3.9
fifo_nonce\[1\]\[104\],3.9
net1873,3.9
_00045_,3.88
_01688_,3.88
_01708_,3.88
_01808_,3.88
_01955_,3.88
_02167_,3.88
_02739_,3.88
_02891_,3.88
_03293_,3.88
_03304_,3.88
_03401_,3.88
_03746_,3.88
_03780_,3.88
_03784_,3.88
_03792_,3.88
_03867_,3.88
_03889_,3.88
_03903_,3.88
_03911_,3.88
_04575_,3.88
_04602_,3.88
_04728_,3.88
_04877_,3.88
_05010_,3.88
_05036_,3.88
_05074_,3.88
_05245_,3.88
_05250_,3.88
_05256_,3.88
_05258_,3.88
_05338_,3.88
_05347_,3.88
_05636_,3.88
_06096_,3.88
_06254_,3.88
_06495_,3.88
_06586_,3.88
_06797_,3.88
_06927_,3.88
_07185_,3.88
_07208_,3.88
_07434_,3.88
_07507_,3.88
_07587_,3.88
_07712_,3.88
_08015_,3.88
_08216_,3.88
_08271_,3.88
_08365_,3.88
_08730_,3.88
_09033_,3.88
_09195_,3.88
_09403_,3.88
_09819_,3.88
_10048_,3.88
_10199_,3.88
_10272_,3.88
_10470_,3.88
_10772_,3.88
_10970_,3.88
_11284_,3.88
_11422_,3.88
_11551_,3.88
_11587_,3.88
_11653_,3.88
_11719_,3.88
_11955_,3.88
_12303_,3.88
_12340_,3.88
_12365_,3.88
_12440_,3.88
_12444_,3.88
_12534_,3.88
_12665_,3.88
_12765_,3.88
_12888_,3.88
_12899_,3.88
_13068_,3.88
_13905_,3.88
_13925_,3.88
_14012_,3.88
_14200_,3.88
_14342_,3.88
_14405_,3.88
_14654_,3.88
_15092_,3.88
_15319_,3.88
_15643_,3.88
_15721_,3.88
_15738_,3.88
_15958_,3.88
_15964_,3.88
_15994_,3.88
_16008_,3.88
_16047_,3.88
_16119_,3.88
_16147_,3.88
_16236_,3.88
_16341_,3.88
_16459_,3.88
_16546_,3.88
_16567_,3.88
_17178_,3.88
_17318_,3.88
_17435_,3.88
_17446_,3.88
_17573_,3.88
_17836_,3.88
_17906_,3.88
_17980_,3.88
_18230_,3.88
_18618_,3.88
_18818_,3.88
_18957_,3.88
_18960_,3.88
_19099_,3.88
_19120_,3.88
_19368_,3.88
_19395_,3.88
_19563_,3.88
fifo_nonce\[6\]\[121\],3.88
fifo_nonce\[6\]\[21\],3.88
fifo_nonce\[6\]\[54\],3.88
fifo_nonce\[7\]\[117\],3.88
fifo_nonce\[7\]\[13\],3.88
fifo_nonce\[7\]\[1\],3.88
net1589,3.88
net2005,3.88
net2093,3.88
_00510_,3.865
_00769_,3.865
_00788_,3.865
_01037_,3.865
_01787_,3.86
_02778_,3.86
_05190_,3.86
_07918_,3.86
_09230_,3.86
_11339_,3.86
_12041_,3.86
_15810_,3.86
fifo_nonce\[1\]\[8\],3.86
fifo_nonce\[4\]\[29\],3.86
fifo_nonce\[4\]\[56\],3.86
u_auth_fsm.secret_key\[93\],3.86
_02783_,3.845
_06492_,3.83
_10007_,3.82
_00720_,3.805
_01018_,3.805
_01121_,3.805
_00385_,3.8
_00544_,3.8
_00567_,3.8
_00660_,3.8
_00797_,3.8
_00948_,3.8
_01519_,3.8
_01523_,3.8
_01534_,3.8
_15146_,3.8
_00403_,3.785
_00467_,3.785
_00792_,3.78
_01231_,3.78
_01254_,3.78
_02108_,3.78
_02234_,3.78
_02329_,3.78
_02423_,3.78
_02457_,3.78
_02644_,3.78
_02666_,3.78
_02938_,3.78
_03152_,3.78
_04177_,3.78
_06221_,3.78
_07187_,3.78
_07302_,3.78
_07901_,3.78
_08061_,3.78
_08111_,3.78
_08443_,3.78
_08775_,3.78
_09191_,3.78
_09252_,3.78
_09484_,3.78
_10698_,3.78
_10732_,3.78
_13892_,3.78
_15808_,3.78
_17620_,3.78
_18054_,3.78
_18224_,3.78
_18683_,3.78
_19089_,3.78
_19125_,3.78
_19292_,3.78
_19693_,3.78
net968,3.78
net1019,3.78
net1185,3.78
net1400,3.78
net1580,3.78
net1591,3.78
net1737,3.78
net1898,3.78
net2489,3.78
_00174_,3.76
_01190_,3.76
_01705_,3.76
_01813_,3.76
_02149_,3.76
_02223_,3.76
_02302_,3.76
_02640_,3.76
_02852_,3.76
_02995_,3.76
_03099_,3.76
_03448_,3.76
_03967_,3.76
_04322_,3.76
_05498_,3.76
_05715_,3.76
_07100_,3.76
_07596_,3.76
_07655_,3.76
_09637_,3.76
_10119_,3.76
_10852_,3.76
_11307_,3.76
_11670_,3.76
_12308_,3.76
_14532_,3.76
_16103_,3.76
_16592_,3.76
_17493_,3.76
_19032_,3.76
fifo_nonce\[5\]\[96\],3.76
_03825_,3.74
_04887_,3.74
_11230_,3.74
_12353_,3.74
_13343_,3.74
_15108_,3.74
_19354_,3.74
net2440,3.74
_02126_,3.735
_12708_,3.725
_00359_,3.705
_00368_,3.705
_00418_,3.705
_00453_,3.705
_00494_,3.705
_00818_,3.705
_02245_,3.705
_03247_,3.705
_17381_,3.705
_00364_,3.685
_02171_,3.685
_02530_,3.685
_07183_,3.685
_04882_,3.68
_05201_,3.68
_05559_,3.68
_06525_,3.68
_06774_,3.68
_07919_,3.68
_08818_,3.68
_09606_,3.68
_09903_,3.68
_10294_,3.68
_10307_,3.68
_10863_,3.68
_11192_,3.68
_11433_,3.68
_11943_,3.68
_12350_,3.68
_14035_,3.68
_17291_,3.68
_17447_,3.68
_17841_,3.68
_18743_,3.68
_19147_,3.68
_19632_,3.68
u_auth_fsm.secret_key\[37\],3.68
net902,3.68
_12019_,3.665
_00004_,3.66
_00102_,3.66
_00121_,3.66
_00158_,3.66
_00226_,3.66
_01138_,3.66
_01293_,3.66
_01322_,3.66
_01400_,3.66
_01637_,3.66
_01650_,3.66
_01683_,3.66
_01690_,3.66
_01721_,3.66
_01722_,3.66
_01734_,3.66
_01781_,3.66
_01824_,3.66
_01837_,3.66
_01858_,3.66
_01913_,3.66
_01940_,3.66
_02004_,3.66
_02231_,3.66
_02269_,3.66
_02282_,3.66
_02341_,3.66
_02353_,3.66
_02372_,3.66
_02513_,3.66
_02538_,3.66
_02587_,3.66
_02701_,3.66
_02724_,3.66
_02751_,3.66
_02796_,3.66
_02819_,3.66
_02841_,3.66
_02861_,3.66
_02894_,3.66
_02895_,3.66
_02896_,3.66
_02965_,3.66
_03005_,3.66
_03027_,3.66
_03192_,3.66
_03355_,3.66
_03358_,3.66
_03410_,3.66
_03466_,3.66
_05818_,3.66
_07120_,3.66
_07851_,3.66
_08820_,3.66
_09554_,3.66
_10345_,3.66
_11320_,3.66
_11685_,3.66
_11931_,3.66
_12402_,3.66
_17399_,3.66
_17884_,3.66
_17969_,3.66
_19138_,3.66
_19319_,3.66
_19337_,3.66
net541,3.66
net584,3.66
net672,3.66
net709,3.66
net920,3.66
_09882_,3.65
_00031_,3.64
_02070_,3.64
_02434_,3.64
_02535_,3.64
_03052_,3.64
_05682_,3.64
_06178_,3.64
_06693_,3.64
_06917_,3.64
_08036_,3.64
_09212_,3.64
_11864_,3.64
_14070_,3.64
_15664_,3.64
_16307_,3.64
_17397_,3.64
_18557_,3.64
_18825_,3.64
_18905_,3.64
_19320_,3.64
fifo_nonce\[1\]\[66\],3.64
fifo_nonce\[1\]\[90\],3.64
fifo_nonce\[2\]\[49\],3.64
fifo_nonce\[3\]\[122\],3.64
fifo_nonce\[3\]\[54\],3.64
fifo_nonce\[5\]\[16\],3.64
fifo_nonce\[5\]\[77\],3.64
fifo_nonce\[6\]\[49\],3.64
u_auth_fsm.secret_key\[95\],3.64
_14537_,3.635
_00257_,3.625
_00260_,3.625
_00275_,3.625
_00277_,3.625
_00285_,3.625
_00348_,3.625
_00377_,3.625
_00508_,3.625
_00523_,3.625
_00558_,3.625
_00773_,3.625
_00807_,3.625
_00848_,3.625
_00861_,3.625
_00882_,3.625
_00961_,3.625
_01000_,3.625
_01494_,3.625
_01551_,3.625
_01567_,3.625
_00642_,3.585
_02584_,3.585
_15773_,3.58
_00679_,3.565
_12416_,3.565
_00078_,3.56
_00100_,3.56
_00123_,3.56
_00146_,3.56
_00151_,3.56
_00160_,3.56
_00167_,3.56
_00207_,3.56
_01171_,3.56
_01182_,3.56
_01192_,3.56
_01204_,3.56
_01239_,3.56
_01783_,3.56
_01784_,3.56
_01841_,3.56
_01871_,3.56
_02001_,3.56
_02003_,3.56
_02031_,3.56
_02055_,3.56
_02066_,3.56
_02097_,3.56
_02266_,3.56
_02293_,3.56
_02364_,3.56
_02399_,3.56
_02404_,3.56
_02500_,3.56
_02537_,3.56
_02545_,3.56
_02547_,3.56
_02552_,3.56
_02562_,3.56
_02563_,3.56
_02609_,3.56
_02623_,3.56
_02632_,3.56
_02675_,3.56
_02676_,3.56
_02682_,3.56
_02718_,3.56
_02742_,3.56
_02749_,3.56
_02809_,3.56
_02821_,3.56
_02823_,3.56
_02825_,3.56
_02832_,3.56
_02850_,3.56
_02866_,3.56
_02867_,3.56
_02921_,3.56
_03089_,3.56
_03107_,3.56
_03113_,3.56
_03351_,3.56
_03382_,3.56
_03400_,3.56
_03423_,3.56
_03425_,3.56
_03442_,3.56
_03494_,3.56
_04867_,3.56
_05665_,3.56
_06266_,3.56
_06950_,3.56
_07475_,3.56
_07592_,3.56
_07689_,3.56
_07694_,3.56
_07818_,3.56
_08115_,3.56
_08699_,3.56
_08896_,3.56
_08993_,3.56
_09073_,3.56
_10082_,3.56
_10122_,3.56
_10758_,3.56
_10816_,3.56
_10926_,3.56
_11922_,3.56
_12288_,3.56
_13155_,3.56
_13232_,3.56
_13244_,3.56
_13290_,3.56
_13302_,3.56
_13647_,3.56
_13811_,3.56
_13832_,3.56
_13851_,3.56
_13872_,3.56
_13932_,3.56
_13995_,3.56
_14030_,3.56
_14067_,3.56
_14178_,3.56
_14195_,3.56
_14254_,3.56
_14256_,3.56
_14323_,3.56
_14383_,3.56
_14395_,3.56
_14502_,3.56
_14631_,3.56
_14819_,3.56
_16778_,3.56
_17503_,3.56
_17592_,3.56
_18478_,3.56
net1250,3.56
net1520,3.56
_06856_,3.555
_11104_,3.545
_00017_,3.54
_00053_,3.54
_00054_,3.54
_00091_,3.54
_00096_,3.54
_00108_,3.54
_00118_,3.54
_00209_,3.54
_01135_,3.54
_01140_,3.54
_01155_,3.54
_01188_,3.54
_01236_,3.54
_01245_,3.54
_01262_,3.54
_01312_,3.54
_01411_,3.54
_01440_,3.54
_01447_,3.54
_01457_,3.54
_01648_,3.54
_01736_,3.54
_01779_,3.54
_01846_,3.54
_01857_,3.54
_01875_,3.54
_01879_,3.54
_01962_,3.54
_01968_,3.54
_02024_,3.54
_02064_,3.54
_02069_,3.54
_02138_,3.54
_02317_,3.54
_02444_,3.54
_02452_,3.54
_02517_,3.54
_02536_,3.54
_02544_,3.54
_02595_,3.54
_02597_,3.54
_02699_,3.54
_02756_,3.54
_02789_,3.54
_02817_,3.54
_02845_,3.54
_02846_,3.54
_02853_,3.54
_02869_,3.54
_02901_,3.54
_02911_,3.54
_02949_,3.54
_03057_,3.54
_03142_,3.54
_03153_,3.54
_03182_,3.54
_03195_,3.54
_03214_,3.54
_03225_,3.54
_03261_,3.54
_03266_,3.54
_03268_,3.54
_03330_,3.54
_03419_,3.54
_03427_,3.54
_03482_,3.54
_03595_,3.54
_03685_,3.54
_03898_,3.54
_03982_,3.54
_03986_,3.54
_04038_,3.54
_04297_,3.54
_04309_,3.54
_04447_,3.54
_04524_,3.54
_04712_,3.54
_04806_,3.54
_04984_,3.54
_04999_,3.54
_05030_,3.54
_05479_,3.54
_05690_,3.54
_05791_,3.54
_05809_,3.54
_06127_,3.54
_06358_,3.54
_06924_,3.54
_07177_,3.54
_07471_,3.54
_07482_,3.54
_07505_,3.54
_07602_,3.54
_07976_,3.54
_08024_,3.54
_08056_,3.54
_08297_,3.54
_08395_,3.54
_08505_,3.54
_09070_,3.54
_09104_,3.54
_09564_,3.54
_09642_,3.54
_09671_,3.54
_10256_,3.54
_10463_,3.54
_10475_,3.54
_10524_,3.54
_10526_,3.54
_11283_,3.54
_11294_,3.54
_11526_,3.54
_11572_,3.54
_11621_,3.54
_11679_,3.54
_11737_,3.54
_12074_,3.54
_12093_,3.54
_12103_,3.54
_12105_,3.54
_12384_,3.54
_12465_,3.54
_12506_,3.54
_12538_,3.54
_12748_,3.54
_12767_,3.54
_12842_,3.54
_12857_,3.54
_12877_,3.54
_12927_,3.54
_12939_,3.54
_13138_,3.54
_13205_,3.54
_13260_,3.54
_13276_,3.54
_13607_,3.54
_13714_,3.54
_13746_,3.54
_13901_,3.54
_13918_,3.54
_14033_,3.54
_14057_,3.54
_14119_,3.54
_14149_,3.54
_14248_,3.54
_14249_,3.54
_14413_,3.54
_14504_,3.54
_14571_,3.54
_14821_,3.54
_14860_,3.54
_14977_,3.54
_15088_,3.54
_15215_,3.54
_15378_,3.54
_15506_,3.54
_15534_,3.54
_15647_,3.54
_15667_,3.54
_15759_,3.54
_15836_,3.54
_15867_,3.54
_15881_,3.54
_15895_,3.54
_15951_,3.54
_16009_,3.54
_16184_,3.54
_16251_,3.54
_16298_,3.54
_16325_,3.54
_16413_,3.54
_16494_,3.54
_16505_,3.54
_16578_,3.54
_16702_,3.54
_16708_,3.54
_16795_,3.54
_17143_,3.54
_17342_,3.54
_17413_,3.54
_18207_,3.54
_18421_,3.54
_18655_,3.54
_19172_,3.54
_19259_,3.54
fifo_nonce\[2\]\[69\],3.54
fifo_nonce\[4\]\[62\],3.54
fifo_nonce\[7\]\[108\],3.54
u_auth_fsm.cur_nonce\[25\],3.54
u_auth_fsm.cur_nonce\[51\],3.54
u_auth_fsm.cur_nonce\[90\],3.54
u_auth_fsm.pld_idx\[0\],3.54
u_auth_fsm.secret_key\[120\],3.54
u_auth_fsm.secret_key\[15\],3.54
u_auth_fsm.secret_key\[57\],3.54
u_auth_fsm.secret_key\[59\],3.54
u_uart_rx.rx_shift\[0\],3.54
net974,3.54
net1162,3.54
net1552,3.54
net1556,3.54
net1689,3.54
_08050_,3.53
_17111_,3.53
_02301_,3.52
_05807_,3.52
_12071_,3.52
_13804_,3.52
_13885_,3.52
_14402_,3.52
_14487_,3.52
_14766_,3.52
_14999_,3.52
fifo_nonce\[3\]\[87\],3.52
fifo_nonce\[5\]\[99\],3.52
fifo_nonce\[7\]\[79\],3.52
u_auth_fsm.tx_payload\[74\],3.52
_07723_,3.51
_00346_,3.505
_00731_,3.505
_01558_,3.505
_00497_,3.485
_15742_,3.48
_16087_,3.48
_00315_,3.465
_00386_,3.465
_00399_,3.465
_00611_,3.465
_00625_,3.465
_00735_,3.465
_00785_,3.465
_00934_,3.465
_00940_,3.465
_05760_,3.445
_19520_,3.445
_01747_,3.44
_02529_,3.44
_02698_,3.44
_03306_,3.44
_03624_,3.44
_03669_,3.44
_03680_,3.44
_04030_,3.44
_04160_,3.44
_04188_,3.44
_04423_,3.44
_04450_,3.44
_04872_,3.44
_04876_,3.44
_05249_,3.44
_05789_,3.44
_06187_,3.44
_06708_,3.44
_06850_,3.44
_07048_,3.44
_07159_,3.44
_07211_,3.44
_08817_,3.44
_09320_,3.44
_09510_,3.44
_09593_,3.44
_10044_,3.44
_10058_,3.44
_10099_,3.44
_10128_,3.44
_10870_,3.44
_11962_,3.44
_12367_,3.44
_12745_,3.44
_13005_,3.44
_13148_,3.44
_13287_,3.44
_13439_,3.44
_13778_,3.44
_13863_,3.44
_13891_,3.44
_13923_,3.44
_14150_,3.44
_14224_,3.44
_14416_,3.44
_14808_,3.44
_15199_,3.44
_15528_,3.44
_15591_,3.44
_15653_,3.44
_15698_,3.44
_15750_,3.44
_17428_,3.44
_18948_,3.44
_19663_,3.44
net2280,3.44
_01068_,3.435
_19176_,3.425
_00000_,3.42
_00035_,3.42
_01907_,3.42
_02893_,3.42
_03024_,3.42
_03106_,3.42
_03453_,3.42
_03581_,3.42
_03695_,3.42
_03786_,3.42
_03793_,3.42
_03856_,3.42
_03900_,3.42
_03947_,3.42
_03963_,3.42
_03985_,3.42
_04029_,3.42
_04095_,3.42
_04209_,3.42
_04306_,3.42
_04359_,3.42
_04736_,3.42
_04996_,3.42
_05009_,3.42
_05040_,3.42
_05750_,3.42
_05767_,3.42
_06085_,3.42
_06129_,3.42
_06225_,3.42
_06236_,3.42
_06251_,3.42
_06575_,3.42
_06862_,3.42
_06911_,3.42
_07077_,3.42
_07318_,3.42
_07516_,3.42
_07540_,3.42
_07603_,3.42
_07703_,3.42
_07923_,3.42
_08101_,3.42
_08327_,3.42
_08478_,3.42
_08744_,3.42
_08801_,3.42
_09100_,3.42
_09198_,3.42
_09253_,3.42
_09650_,3.42
_09918_,3.42
_10021_,3.42
_10083_,3.42
_10125_,3.42
_10298_,3.42
_10396_,3.42
_10422_,3.42
_10449_,3.42
_10491_,3.42
_10777_,3.42
_10834_,3.42
_10853_,3.42
_11011_,3.42
_11203_,3.42
_11218_,3.42
_11239_,3.42
_11502_,3.42
_11566_,3.42
_11598_,3.42
_11655_,3.42
_11665_,3.42
_11848_,3.42
_12023_,3.42
_12397_,3.42
_12474_,3.42
_12724_,3.42
_12853_,3.42
_12872_,3.42
_12953_,3.42
_12988_,3.42
_13304_,3.42
_13460_,3.42
_13665_,3.42
_13950_,3.42
_13974_,3.42
_14014_,3.42
_14424_,3.42
_14764_,3.42
_14791_,3.42
_14973_,3.42
_14993_,3.42
_15007_,3.42
_15033_,3.42
_15042_,3.42
_15239_,3.42
_15431_,3.42
_15433_,3.42
_15712_,3.42
_15766_,3.42
_15817_,3.42
_15852_,3.42
_15860_,3.42
_15873_,3.42
_15903_,3.42
_15972_,3.42
_16091_,3.42
_16129_,3.42
_16598_,3.42
_16756_,3.42
_17158_,3.42
_17262_,3.42
_17545_,3.42
_17642_,3.42
_17719_,3.42
_17757_,3.42
_18323_,3.42
_18511_,3.42
_18542_,3.42
_18662_,3.42
_18689_,3.42
_18716_,3.42
_18822_,3.42
_18839_,3.42
_19086_,3.42
fifo_nonce\[2\]\[88\],3.42
fifo_nonce\[4\]\[84\],3.42
fifo_nonce\[6\]\[124\],3.42
u_auth_fsm.secret_key\[94\],3.42
net921,3.42
net936,3.42
net2251,3.42
_00269_,3.405
_00287_,3.405
_00321_,3.405
_00355_,3.405
_00392_,3.405
_00400_,3.405
_00409_,3.405
_00440_,3.405
_00447_,3.405
_00450_,3.405
_00532_,3.405
_00561_,3.405
_00615_,3.405
_00740_,3.405
_00781_,3.405
_00844_,3.405
_00849_,3.405
_00859_,3.405
_00872_,3.405
_00878_,3.405
_00900_,3.405
_00975_,3.405
_00996_,3.405
_01128_,3.405
_01587_,3.405
_02996_,3.4
_03334_,3.4
_07053_,3.4
_11906_,3.4
_17974_,3.4
u_auth_fsm.aes_plaintext\[122\],3.395
_01671_,3.385
_02332_,3.385
_03408_,3.385
_17225_,3.355
_00371_,3.345
_00412_,3.345
_00451_,3.345
_00552_,3.345
_00607_,3.345
_00637_,3.345
_00667_,3.345
_00717_,3.345
_00746_,3.345
_01102_,3.345
_01565_,3.345
_00248_,3.34
_00272_,3.34
_00280_,3.34
_00284_,3.34
_00288_,3.34
_00293_,3.34
_00295_,3.34
_00331_,3.34
_00333_,3.34
_00337_,3.34
_00342_,3.34
_00345_,3.34
_00407_,3.34
_00419_,3.34
_00459_,3.34
_00460_,3.34
_00471_,3.34
_00550_,3.34
_00578_,3.34
_00684_,3.34
_00708_,3.34
_00745_,3.34
_00747_,3.34
_00748_,3.34
_00763_,3.34
_00796_,3.34
_00835_,3.34
_00891_,3.34
_00916_,3.34
_00991_,3.34
_01019_,3.34
_01025_,3.34
_01031_,3.34
_01479_,3.34
_01490_,3.34
_01498_,3.34
_01508_,3.34
_01512_,3.34
_08071_,3.325
_00328_,3.32
_00434_,3.32
_00775_,3.32
_01100_,3.32
_01371_,3.32
_02657_,3.32
_04818_,3.32
_06483_,3.32
_06698_,3.32
_07300_,3.32
_07632_,3.32
_07653_,3.32
_09300_,3.32
_10326_,3.32
_10932_,3.32
_13561_,3.32
_16402_,3.32
_16421_,3.32
_16653_,3.32
_17299_,3.32
_17861_,3.32
_18893_,3.32
_19641_,3.32
net982,3.32
net1006,3.32
net1055,3.32
net1257,3.32
net1296,3.32
net1301,3.32
net1331,3.32
net1339,3.32
net1363,3.32
net1421,3.32
net1443,3.32
net1467,3.32
net1491,3.32
net2067,3.32
net2119,3.32
net2149,3.32
net2283,3.32
net2294,3.32
net2372,3.32
_00194_,3.3
_01147_,3.3
_01308_,3.3
_01423_,3.3
_01636_,3.3
_01660_,3.3
_01714_,3.3
_01822_,3.3
_01863_,3.3
_02014_,3.3
_02102_,3.3
_02104_,3.3
_02105_,3.3
_02278_,3.3
_02290_,3.3
_02589_,3.3
_02650_,3.3
_02688_,3.3
_02693_,3.3
_03119_,3.3
_03278_,3.3
_03316_,3.3
_03320_,3.3
_03402_,3.3
_03480_,3.3
_03666_,3.3
_06872_,3.3
_07549_,3.3
_10033_,3.3
_10897_,3.3
_11233_,3.3
_14494_,3.3
_18164_,3.3
_18330_,3.3
_18991_,3.3
fifo_nonce\[1\]\[109\],3.3
fifo_nonce\[1\]\[124\],3.3
fifo_nonce\[1\]\[127\],3.3
fifo_nonce\[1\]\[59\],3.3
net529,3.3
_00237_,3.245
_00281_,3.245
_00396_,3.245
_00881_,3.245
_00938_,3.245
_01003_,3.245
_01495_,3.245
_01988_,3.245
_02733_,3.245
_02939_,3.235
_07836_,3.23
_00448_,3.225
_00649_,3.225
_02185_,3.225
_02757_,3.225
_02924_,3.225
_03406_,3.225
_03456_,3.225
_19041_,3.225
_06568_,3.22
_06613_,3.22
_07304_,3.22
_07391_,3.22
_07649_,3.22
_07791_,3.22
_08413_,3.22
_08758_,3.22
_09042_,3.22
_09280_,3.22
_09520_,3.22
_10073_,3.22
_10229_,3.22
_10476_,3.22
_10495_,3.22
_12339_,3.22
_13353_,3.22
_13423_,3.22
_13642_,3.22
_13938_,3.22
_14349_,3.22
_14601_,3.22
_14758_,3.22
_16739_,3.22
_16780_,3.22
_17215_,3.22
_17334_,3.22
_18966_,3.22
_19026_,3.22
_19642_,3.22
net1932,3.22
_11622_,3.205
_00177_,3.2
_01158_,3.2
_01277_,3.2
_01623_,3.2
_01624_,3.2
_01645_,3.2
_01711_,3.2
_01739_,3.2
_01774_,3.2
_01807_,3.2
_01839_,3.2
_01859_,3.2
_01905_,3.2
_01915_,3.2
_01952_,3.2
_01977_,3.2
_02045_,3.2
_02082_,3.2
_02094_,3.2
_02120_,3.2
_02172_,3.2
_02177_,3.2
_02196_,3.2
_02216_,3.2
_02307_,3.2
_02324_,3.2
_02363_,3.2
_02441_,3.2
_02527_,3.2
_02554_,3.2
_02690_,3.2
_02793_,3.2
_02806_,3.2
_02812_,3.2
_02847_,3.2
_02886_,3.2
_02927_,3.2
_02986_,3.2
_03062_,3.2
_03093_,3.2
_03110_,3.2
_03143_,3.2
_03231_,3.2
_03273_,3.2
_03274_,3.2
_03280_,3.2
_03284_,3.2
_03285_,3.2
_03297_,3.2
_03315_,3.2
_03332_,3.2
_03397_,3.2
_03496_,3.2
_03511_,3.2
_03944_,3.2
_04852_,3.2
_09436_,3.2
_11863_,3.2
_12393_,3.2
_18057_,3.2
_18166_,3.2
_18714_,3.2
_18827_,3.2
_18830_,3.2
_19047_,3.2
_19058_,3.2
_19371_,3.2
net533,3.2
net836,3.2
net1463,3.2
net1669,3.2
net2261,3.2
_06686_,3.19
_07518_,3.19
_12777_,3.19
_00134_,3.18
_02662_,3.18
_03149_,3.18
_03312_,3.18
_05193_,3.18
_05713_,3.18
_09219_,3.18
_12316_,3.18
_13962_,3.18
_14437_,3.18
_14658_,3.18
_19090_,3.18
fifo_nonce\[2\]\[47\],3.18
fifo_nonce\[3\]\[117\],3.18
fifo_nonce\[7\]\[94\],3.18
u_auth_fsm.nonce_hist\[7\]\[52\],3.18
_00306_,3.175
_00606_,3.175
_00922_,3.175
_00946_,3.175
_01114_,3.175
_01533_,3.175
_01324_,3.165
_00302_,3.145
_00573_,3.145
_00676_,3.145
_00765_,3.145
_00941_,3.145
_01115_,3.145
_01474_,3.145
_11266_,3.14
_13293_,3.13
_00483_,3.125
_00501_,3.125
_00739_,3.125
_00830_,3.125
_00860_,3.125
_01029_,3.125
_02089_,3.125
_02482_,3.125
_02647_,3.125
_02651_,3.125
_12944_,3.11
_02760_,3.105
_00001_,3.1
_00074_,3.1
_00097_,3.1
_00098_,3.1
_00114_,3.1
_00137_,3.1
_00150_,3.1
_00188_,3.1
_00352_,3.1
_01150_,3.1
_01194_,3.1
_01196_,3.1
_01198_,3.1
_01206_,3.1
_01208_,3.1
_01212_,3.1
_01214_,3.1
_01217_,3.1
_01222_,3.1
_01230_,3.1
_01233_,3.1
_01235_,3.1
_01264_,3.1
_01269_,3.1
_01279_,3.1
_01283_,3.1
_01299_,3.1
_01311_,3.1
_01737_,3.1
_01741_,3.1
_01743_,3.1
_01749_,3.1
_01776_,3.1
_01795_,3.1
_01847_,3.1
_01856_,3.1
_01864_,3.1
_01891_,3.1
_01897_,3.1
_01901_,3.1
_01903_,3.1
_01908_,3.1
_01927_,3.1
_01937_,3.1
_01941_,3.1
_01950_,3.1
_01971_,3.1
_01975_,3.1
_01987_,3.1
_01993_,3.1
_01996_,3.1
_01999_,3.1
_02009_,3.1
_02012_,3.1
_02032_,3.1
_02051_,3.1
_02074_,3.1
_02080_,3.1
_02091_,3.1
_02099_,3.1
_02113_,3.1
_02116_,3.1
_02139_,3.1
_02141_,3.1
_02150_,3.1
_02200_,3.1
_02208_,3.1
_02241_,3.1
_02247_,3.1
_02252_,3.1
_02276_,3.1
_02294_,3.1
_02295_,3.1
_02296_,3.1
_02322_,3.1
_02328_,3.1
_02342_,3.1
_02343_,3.1
_02346_,3.1
_02354_,3.1
_02359_,3.1
_02375_,3.1
_02376_,3.1
_02383_,3.1
_02408_,3.1
_02411_,3.1
_02413_,3.1
_02414_,3.1
_02415_,3.1
_02428_,3.1
_02438_,3.1
_02440_,3.1
_02442_,3.1
_02459_,3.1
_02460_,3.1
_02468_,3.1
_02469_,3.1
_02479_,3.1
_02488_,3.1
_02493_,3.1
_02494_,3.1
_02514_,3.1
_02522_,3.1
_02524_,3.1
_02532_,3.1
_02549_,3.1
_02558_,3.1
_02559_,3.1
_02561_,3.1
_02564_,3.1
_02567_,3.1
_02575_,3.1
_02590_,3.1
_02602_,3.1
_02605_,3.1
_02610_,3.1
_02615_,3.1
_02645_,3.1
_02674_,3.1
_02678_,3.1
_02680_,3.1
_02697_,3.1
_02702_,3.1
_02713_,3.1
_02720_,3.1
_02729_,3.1
_02744_,3.1
_02769_,3.1
_02801_,3.1
_02820_,3.1
_02826_,3.1
_02829_,3.1
_02831_,3.1
_02836_,3.1
_02839_,3.1
_02854_,3.1
_02855_,3.1
_02857_,3.1
_02860_,3.1
_02864_,3.1
_02865_,3.1
_02870_,3.1
_02873_,3.1
_02876_,3.1
_02889_,3.1
_02898_,3.1
_02926_,3.1
_02948_,3.1
_02984_,3.1
_03040_,3.1
_03043_,3.1
_03068_,3.1
_03076_,3.1
_03079_,3.1
_03095_,3.1
_03101_,3.1
_03157_,3.1
_03209_,3.1
_03235_,3.1
_03295_,3.1
_03300_,3.1
_03325_,3.1
_03340_,3.1
_03348_,3.1
_03353_,3.1
_03364_,3.1
_03365_,3.1
_03369_,3.1
_03374_,3.1
_03381_,3.1
_03391_,3.1
_03396_,3.1
_03411_,3.1
_03472_,3.1
_03477_,3.1
_03489_,3.1
_03493_,3.1
_04355_,3.1
_05134_,3.1
_05198_,3.1
_05202_,3.1
_06068_,3.1
_06228_,3.1
_06540_,3.1
_06683_,3.1
_06699_,3.1
_06951_,3.1
_07152_,3.1
_07167_,3.1
_07213_,3.1
_07215_,3.1
_07241_,3.1
_07260_,3.1
_07657_,3.1
_08302_,3.1
_08829_,3.1
_09240_,3.1
_09596_,3.1
_09618_,3.1
_09622_,3.1
_09668_,3.1
_09909_,3.1
_10071_,3.1
_10222_,3.1
_10364_,3.1
_10391_,3.1
_10429_,3.1
_10535_,3.1
_10942_,3.1
_11241_,3.1
_11854_,3.1
_12464_,3.1
_12547_,3.1
_12825_,3.1
_12917_,3.1
_13267_,3.1
_13619_,3.1
_13838_,3.1
_13842_,3.1
_14107_,3.1
_14229_,3.1
_14328_,3.1
_14792_,3.1
_17370_,3.1
_18622_,3.1
_18660_,3.1
_18774_,3.1
_19580_,3.1
_19691_,3.1
net2155,3.1
_07236_,3.095
_11484_,3.09
_17591_,3.09
_00006_,3.08
_00023_,3.08
_00050_,3.08
_00055_,3.08
_00095_,3.08
_00117_,3.08
_00127_,3.08
_00178_,3.08
_00182_,3.08
_00183_,3.08
_00205_,3.08
_00210_,3.08
_00214_,3.08
_00215_,3.08
_01141_,3.08
_01175_,3.08
_01242_,3.08
_01251_,3.08
_01265_,3.08
_01267_,3.08
_01281_,3.08
_01284_,3.08
_01300_,3.08
_01301_,3.08
_01436_,3.08
_01443_,3.08
_01444_,3.08
_01634_,3.08
_01666_,3.08
_01703_,3.08
_01763_,3.08
_01773_,3.08
_01794_,3.08
_01802_,3.08
_01803_,3.08
_01821_,3.08
_01826_,3.08
_01831_,3.08
_01878_,3.08
_02078_,3.08
_02210_,3.08
_02250_,3.08
_02251_,3.08
_02416_,3.08
_02431_,3.08
_02447_,3.08
_02770_,3.08
_02808_,3.08
_02830_,3.08
_02933_,3.08
_02994_,3.08
_03022_,3.08
_03088_,3.08
_03135_,3.08
_03159_,3.08
_03199_,3.08
_03200_,3.08
_03217_,3.08
_03240_,3.08
_03258_,3.08
_03260_,3.08
_03303_,3.08
_03390_,3.08
_03421_,3.08
_03428_,3.08
_03500_,3.08
_03684_,3.08
_03701_,3.08
_03737_,3.08
_03865_,3.08
_03883_,3.08
_03885_,3.08
_03971_,3.08
_03973_,3.08
_03978_,3.08
_04056_,3.08
_04127_,3.08
_04133_,3.08
_04144_,3.08
_04146_,3.08
_04231_,3.08
_04501_,3.08
_04585_,3.08
_04635_,3.08
_04641_,3.08
_04791_,3.08
_04969_,3.08
_04990_,3.08
_05080_,3.08
_05082_,3.08
_05417_,3.08
_05806_,3.08
_05910_,3.08
_06247_,3.08
_06340_,3.08
_06378_,3.08
_06573_,3.08
_07075_,3.08
_07490_,3.08
_07501_,3.08
_07521_,3.08
_07584_,3.08
_07594_,3.08
_07683_,3.08
_07787_,3.08
_07978_,3.08
_08045_,3.08
_08303_,3.08
_08377_,3.08
_08438_,3.08
_08485_,3.08
_08509_,3.08
_08655_,3.08
_08900_,3.08
_09088_,3.08
_09478_,3.08
_09577_,3.08
_09581_,3.08
_09769_,3.08
_09941_,3.08
_10059_,3.08
_10409_,3.08
_10444_,3.08
_10498_,3.08
_10720_,3.08
_10795_,3.08
_11098_,3.08
_11147_,3.08
_11228_,3.08
_11229_,3.08
_11289_,3.08
_11300_,3.08
_11518_,3.08
_11557_,3.08
_11963_,3.08
_12055_,3.08
_12133_,3.08
_12381_,3.08
_12438_,3.08
_12496_,3.08
_12498_,3.08
_12608_,3.08
_12792_,3.08
_12806_,3.08
_12818_,3.08
_13036_,3.08
_13124_,3.08
_13352_,3.08
_13719_,3.08
_13735_,3.08
_13794_,3.08
_13817_,3.08
_13886_,3.08
_13898_,3.08
_13930_,3.08
_14160_,3.08
_14252_,3.08
_14265_,3.08
_14333_,3.08
_14393_,3.08
_14542_,3.08
_14584_,3.08
_14716_,3.08
_15112_,3.08
_15141_,3.08
_15204_,3.08
_15283_,3.08
_15298_,3.08
_15317_,3.08
_15588_,3.08
_15668_,3.08
_15735_,3.08
_15793_,3.08
_16072_,3.08
_16133_,3.08
_16185_,3.08
_16336_,3.08
_16352_,3.08
_16396_,3.08
_16732_,3.08
_16805_,3.08
_17002_,3.08
_17526_,3.08
_17700_,3.08
_18999_,3.08
_19000_,3.08
_19003_,3.08
_19112_,3.08
_19476_,3.08
fifo_nonce\[4\]\[104\],3.08
fifo_nonce\[4\]\[30\],3.08
u_auth_fsm.aes_plaintext\[118\],3.08
u_auth_fsm.cooldown_cnt\[30\],3.08
u_auth_fsm.cur_nonce\[110\],3.08
u_auth_fsm.cur_nonce\[98\],3.08
u_auth_fsm.secret_key\[12\],3.08
u_auth_fsm.secret_key\[1\],3.08
u_auth_fsm.secret_key\[34\],3.08
u_auth_fsm.secret_key\[62\],3.08
u_auth_fsm.secret_key\[6\],3.08
u_auth_fsm.tx_byte\[0\],3.08
net507,3.08
net944,3.08
_04879_,3.075
_08373_,3.07
_01349_,3.06
_12310_,3.06
_14376_,3.06
_15853_,3.06
_18513_,3.06
_19108_,3.06
_00994_,3.055
_01085_,3.055
_00373_,3.045
_00462_,3.045
_04042_,3.04
_10843_,3.04
_03046_,3.025
_06502_,3.01
_00370_,3.005
_00670_,3.005
_00927_,3.005
_00968_,3.005
_00977_,3.005
_01572_,3.005
_02639_,3.005
_02862_,3.005
_03436_,3.005
_13253_,2.99
_17948_,2.99
_03206_,2.98
_03648_,2.98
_03745_,2.98
_03790_,2.98
_03795_,2.98
_03820_,2.98
_03931_,2.98
_04041_,2.98
_04112_,2.98
_04115_,2.98
_04240_,2.98
_04260_,2.98
_04312_,2.98
_04424_,2.98
_04502_,2.98
_04616_,2.98
_04830_,2.98
_04928_,2.98
_05114_,2.98
_05851_,2.98
_06078_,2.98
_06567_,2.98
_06688_,2.98
_07182_,2.98
_07281_,2.98
_07282_,2.98
_07444_,2.98
_08035_,2.98
_08874_,2.98
_10037_,2.98
_10288_,2.98
_12149_,2.98
_12265_,2.98
_12481_,2.98
_13521_,2.98
_13631_,2.98
_14956_,2.98
_15206_,2.98
_15266_,2.98
_15313_,2.98
_15330_,2.98
_15574_,2.98
_15577_,2.98
_15691_,2.98
_15719_,2.98
_15731_,2.98
_15816_,2.98
_16106_,2.98
_16221_,2.98
_16245_,2.98
_16372_,2.98
_16453_,2.98
_18292_,2.98
_19213_,2.98
_06639_,2.97
_18902_,2.97
_19522_,2.965
net418,2.96
net417,2.96
net419,2.96
_00136_,2.96
_00187_,2.96
_01261_,2.96
_01310_,2.96
_01695_,2.96
_01770_,2.96
_02178_,2.96
_03016_,2.96
_03253_,2.96
_03259_,2.96
_03288_,2.96
_03403_,2.96
_03487_,2.96
_03890_,2.96
_03950_,2.96
_03952_,2.96
_03995_,2.96
_04214_,2.96
_04348_,2.96
_04465_,2.96
_04540_,2.96
_04543_,2.96
_04617_,2.96
_04623_,2.96
_04625_,2.96
_04845_,2.96
_04906_,2.96
_05018_,2.96
_05092_,2.96
_05251_,2.96
_05315_,2.96
_05346_,2.96
_05533_,2.96
_05600_,2.96
_05911_,2.96
_05954_,2.96
_05994_,2.96
_06017_,2.96
_06374_,2.96
_06771_,2.96
_06852_,2.96
_06858_,2.96
_07238_,2.96
_07522_,2.96
_07646_,2.96
_07688_,2.96
_07931_,2.96
_08267_,2.96
_08339_,2.96
_08442_,2.96
_08455_,2.96
_08459_,2.96
_08533_,2.96
_08715_,2.96
_08762_,2.96
_08834_,2.96
_09145_,2.96
_09176_,2.96
_09427_,2.96
_09548_,2.96
_09665_,2.96
_09667_,2.96
_09670_,2.96
_09689_,2.96
_09698_,2.96
_09867_,2.96
_09985_,2.96
_09993_,2.96
_10443_,2.96
_10627_,2.96
_10800_,2.96
_11127_,2.96
_11332_,2.96
_11438_,2.96
_11487_,2.96
_11661_,2.96
_11678_,2.96
_11687_,2.96
_11739_,2.96
_12063_,2.96
_12080_,2.96
_12804_,2.96
_13231_,2.96
_13274_,2.96
_13819_,2.96
_13827_,2.96
_14021_,2.96
_14053_,2.96
_14146_,2.96
_14222_,2.96
_14318_,2.96
_14321_,2.96
_14338_,2.96
_14464_,2.96
_14488_,2.96
_14602_,2.96
_14638_,2.96
_14820_,2.96
_14837_,2.96
_15073_,2.96
_15197_,2.96
_15228_,2.96
_15287_,2.96
_15309_,2.96
_15311_,2.96
_15377_,2.96
_15450_,2.96
_15507_,2.96
_15524_,2.96
_15632_,2.96
_15641_,2.96
_15645_,2.96
_15652_,2.96
_15657_,2.96
_15716_,2.96
_15762_,2.96
_15931_,2.96
_15939_,2.96
_16010_,2.96
_16035_,2.96
_16116_,2.96
_16117_,2.96
_16127_,2.96
_16417_,2.96
_16525_,2.96
_16547_,2.96
_16616_,2.96
_16627_,2.96
_16782_,2.96
_17281_,2.96
_17298_,2.96
_17663_,2.96
_18002_,2.96
_18242_,2.96
_18302_,2.96
_18454_,2.96
_18493_,2.96
_18601_,2.96
_18711_,2.96
_19218_,2.96
_19647_,2.96
fifo_nonce\[4\]\[106\],2.96
fifo_nonce\[4\]\[32\],2.96
fifo_nonce\[6\]\[93\],2.96
net518,2.96
_17695_,2.955
_17891_,2.955
_00244_,2.945
_00245_,2.945
_00246_,2.945
_00249_,2.945
_00253_,2.945
_00254_,2.945
_00258_,2.945
_00261_,2.945
_00265_,2.945
_00274_,2.945
_00282_,2.945
_00286_,2.945
_00294_,2.945
_00304_,2.945
_00312_,2.945
_00314_,2.945
_00319_,2.945
_00332_,2.945
_00334_,2.945
_00336_,2.945
_00339_,2.945
_00341_,2.945
_00343_,2.945
_00344_,2.945
_00349_,2.945
_00350_,2.945
_00357_,2.945
_00358_,2.945
_00361_,2.945
_00381_,2.945
_00404_,2.945
_00476_,2.945
_00498_,2.945
_00504_,2.945
_00549_,2.945
_00559_,2.945
_00568_,2.945
_00572_,2.945
_00580_,2.945
_00583_,2.945
_00586_,2.945
_00587_,2.945
_00588_,2.945
_00599_,2.945
_00601_,2.945
_00612_,2.945
_00645_,2.945
_00650_,2.945
_00669_,2.945
_00681_,2.945
_00707_,2.945
_00715_,2.945
_00729_,2.945
_00755_,2.945
_00805_,2.945
_00809_,2.945
_00843_,2.945
_00852_,2.945
_00862_,2.945
_00871_,2.945
_00879_,2.945
_00880_,2.945
_00893_,2.945
_00914_,2.945
_00937_,2.945
_00944_,2.945
_00947_,2.945
_00966_,2.945
_00976_,2.945
_00995_,2.945
_01038_,2.945
_01058_,2.945
_01064_,2.945
_01067_,2.945
_01075_,2.945
_01077_,2.945
_01081_,2.945
_01095_,2.945
_01116_,2.945
_01472_,2.945
_01477_,2.945
_01480_,2.945
_01483_,2.945
_01487_,2.945
_01493_,2.945
_01515_,2.945
_01522_,2.945
_01550_,2.945
_01557_,2.945
_01566_,2.945
_01569_,2.945
_01571_,2.945
_01573_,2.945
_01578_,2.945
_01582_,2.945
_01586_,2.945
_04955_,2.94
_08400_,2.94
_01255_,2.925
_01887_,2.925
_02027_,2.925
_02084_,2.925
_02785_,2.925
_03176_,2.925
_03413_,2.925
_03507_,2.925
_03541_,2.925
_12334_,2.92
_18738_,2.92
_04456_,2.89
_00238_,2.885
_00469_,2.885
_00502_,2.885
_00554_,2.885
_00566_,2.885
_00598_,2.885
_00602_,2.885
_00630_,2.885
_00671_,2.885
_00706_,2.885
_00771_,2.885
_00919_,2.885
_01074_,2.885
_01099_,2.885
_02380_,2.875
_00250_,2.86
_00252_,2.86
_00270_,2.86
_00303_,2.86
_00309_,2.86
_00705_,2.86
_00965_,2.86
_00972_,2.86
_01014_,2.86
_01373_,2.86
_01545_,2.86
_01577_,2.86
_05225_,2.86
_07079_,2.86
_07560_,2.86
_09121_,2.86
_09149_,2.86
_09944_,2.86
_10868_,2.86
_10906_,2.86
_10909_,2.86
_11324_,2.86
_11724_,2.86
_12368_,2.86
_12668_,2.86
_14396_,2.86
_14448_,2.86
_14801_,2.86
_15022_,2.86
_15024_,2.86
_15294_,2.86
_15697_,2.86
_16662_,2.86
_19187_,2.86
_19451_,2.86
net1026,2.86
net1145,2.86
net1251,2.86
net1334,2.86
net1396,2.86
net1493,2.86
net1529,2.86
net1579,2.86
net1603,2.86
net1609,2.86
net1634,2.86
net1650,2.86
net1676,2.86
net1688,2.86
net1721,2.86
net1725,2.86
net1736,2.86
net1786,2.86
net1793,2.86
net1941,2.86
_12102_,2.85
_13588_,2.845
_00201_,2.84
_01323_,2.84
_01342_,2.84
_01991_,2.84
_02013_,2.84
_02101_,2.84
_02275_,2.84
_02347_,2.84
_02418_,2.84
_02463_,2.84
_02571_,2.84
_02807_,2.84
_02879_,2.84
_02956_,2.84
_03111_,2.84
_03975_,2.84
_06931_,2.84
_06943_,2.84
_07008_,2.84
_11231_,2.84
_12896_,2.84
_14498_,2.84
_16000_,2.84
_17389_,2.84
_17494_,2.84
_18123_,2.84
fifo_nonce\[1\]\[100\],2.84
fifo_nonce\[1\]\[50\],2.84
u_auth_fsm.tx_payload\[103\],2.84
u_cmd_parser.nonce_reg\[80\],2.84
_00466_,2.835
_17609_,2.815
_17369_,2.805
_00393_,2.785
_00436_,2.785
_00474_,2.785
_00661_,2.785
_00678_,2.785
_00690_,2.785
_00768_,2.785
_00814_,2.785
_00917_,2.785
_01061_,2.785
_01079_,2.785
_01118_,2.785
_02202_,2.785
_02596_,2.785
_00444_,2.765
_00815_,2.765
_01869_,2.765
_02029_,2.765
_02811_,2.765
_02963_,2.765
_03366_,2.765
_04855_,2.76
_06434_,2.76
_06645_,2.76
_06989_,2.76
_07123_,2.76
_07155_,2.76
_07191_,2.76
_07306_,2.76
_08091_,2.76
_08428_,2.76
_09128_,2.76
_09921_,2.76
_09945_,2.76
_09952_,2.76
_10046_,2.76
_10106_,2.76
_11584_,2.76
_11837_,2.76
_12098_,2.76
_12225_,2.76
_12483_,2.76
_12536_,2.76
_12726_,2.76
_12909_,2.76
_13229_,2.76
_14217_,2.76
_14531_,2.76
_16310_,2.76
_16645_,2.76
_17270_,2.76
_17823_,2.76
_18704_,2.76
_18784_,2.76
_18840_,2.76
_18895_,2.76
_19274_,2.76
u_auth_fsm.tx_byte\[7\],2.76
net1709,2.76
net1716,2.76
net1754,2.76
net2444,2.76
_09683_,2.745
_00087_,2.74
_00088_,2.74
_00089_,2.74
_00126_,2.74
_00140_,2.74
_00143_,2.74
_00168_,2.74
_00221_,2.74
_00227_,2.74
_01137_,2.74
_01142_,2.74
_01152_,2.74
_01177_,2.74
_01200_,2.74
_01223_,2.74
_01266_,2.74
_01280_,2.74
_01292_,2.74
_01295_,2.74
_01297_,2.74
_01305_,2.74
_01377_,2.74
_01658_,2.74
_01677_,2.74
_01678_,2.74
_01692_,2.74
_01724_,2.74
_01757_,2.74
_01762_,2.74
_01785_,2.74
_01792_,2.74
_01800_,2.74
_01804_,2.74
_01809_,2.74
_01889_,2.74
_01919_,2.74
_01944_,2.74
_02052_,2.74
_02119_,2.74
_02137_,2.74
_02179_,2.74
_02181_,2.74
_02227_,2.74
_02277_,2.74
_02286_,2.74
_02323_,2.74
_02325_,2.74
_02357_,2.74
_02393_,2.74
_02417_,2.74
_02454_,2.74
_02456_,2.74
_02486_,2.74
_02519_,2.74
_02520_,2.74
_02541_,2.74
_02578_,2.74
_02612_,2.74
_02643_,2.74
_02709_,2.74
_02768_,2.74
_02774_,2.74
_02818_,2.74
_02824_,2.74
_02904_,2.74
_02906_,2.74
_02932_,2.74
_02934_,2.74
_02966_,2.74
_02993_,2.74
_03035_,2.74
_03098_,2.74
_03133_,2.74
_03186_,2.74
_03208_,2.74
_03215_,2.74
_03224_,2.74
_03248_,2.74
_03250_,2.74
_03331_,2.74
_03338_,2.74
_03341_,2.74
_03385_,2.74
_03409_,2.74
_03417_,2.74
_03438_,2.74
_03459_,2.74
_03468_,2.74
_03476_,2.74
_03488_,2.74
_03499_,2.74
_03510_,2.74
_03520_,2.74
_03524_,2.74
_05632_,2.74
_06148_,2.74
_06579_,2.74
_06673_,2.74
_07196_,2.74
_09398_,2.74
_09626_,2.74
_10686_,2.74
_11235_,2.74
_13024_,2.74
_13525_,2.74
_14240_,2.74
_14748_,2.74
_17522_,2.74
_17639_,2.74
_18278_,2.74
_18340_,2.74
_19233_,2.74
_19343_,2.74
net777,2.74
_10748_,2.73
_01764_,2.72
_02063_,2.72
_02402_,2.72
_02406_,2.72
_02780_,2.72
_03014_,2.72
_06651_,2.72
_06823_,2.72
_10923_,2.72
_11720_,2.72
_14271_,2.72
_18187_,2.72
_18578_,2.72
_18987_,2.72
_18998_,2.72
_19128_,2.72
_19205_,2.72
u_auth_fsm.secret_key\[28\],2.72
_00231_,2.715
_00376_,2.715
_00391_,2.715
_00406_,2.715
_00414_,2.715
_00430_,2.715
_00491_,2.715
_00505_,2.715
_00528_,2.715
_00553_,2.715
_00589_,2.715
_00592_,2.715
_00626_,2.715
_00629_,2.715
_00659_,2.715
_00716_,2.715
_00743_,2.715
_00791_,2.715
_00834_,2.715
_00838_,2.715
_00864_,2.715
_00909_,2.715
_00920_,2.715
_00932_,2.715
_00943_,2.715
_00951_,2.715
_00960_,2.715
_01041_,2.715
_01076_,2.715
_01082_,2.715
_01109_,2.715
_01520_,2.715
_01544_,2.715
_01555_,2.715
_01562_,2.715
_05795_,2.715
_00161_,2.665
_00634_,2.665
_02006_,2.665
_02198_,2.665
_02242_,2.665
_02330_,2.665
_02403_,2.665
_02450_,2.665
_02474_,2.665
_02685_,2.665
_02725_,2.665
_02730_,2.665
_02732_,2.665
_02972_,2.665
_02975_,2.665
_02991_,2.665
_07526_,2.65
_01161_,2.64
_01334_,2.64
_03010_,2.64
_03197_,2.64
_03236_,2.64
_04858_,2.64
_05196_,2.64
_05466_,2.64
_05474_,2.64
_07051_,2.64
_07166_,2.64
_07276_,2.64
_07286_,2.64
_07413_,2.64
_08054_,2.64
_08182_,2.64
_08498_,2.64
_08514_,2.64
_08786_,2.64
_08853_,2.64
_08879_,2.64
_09133_,2.64
_09170_,2.64
_09611_,2.64
_09700_,2.64
_09789_,2.64
_10077_,2.64
_10175_,2.64
_11160_,2.64
_11498_,2.64
_11638_,2.64
_11930_,2.64
_11993_,2.64
_12425_,2.64
_12434_,2.64
_12513_,2.64
_12522_,2.64
_13605_,2.64
_13879_,2.64
_13955_,2.64
_14264_,2.64
_14355_,2.64
_14368_,2.64
_14439_,2.64
_14646_,2.64
_14767_,2.64
_14784_,2.64
_16164_,2.64
_17098_,2.64
_17361_,2.64
_17501_,2.64
_17679_,2.64
_18920_,2.64
_19054_,2.64
u_auth_fsm.hist_valid\[5\],2.64
net2191,2.64
_17377_,2.635
_00032_,2.62
_00042_,2.62
_00083_,2.62
_00084_,2.62
_00130_,2.62
_00139_,2.62
_00142_,2.62
_00163_,2.62
_00164_,2.62
_00170_,2.62
_00179_,2.62
_00185_,2.62
_01145_,2.62
_01289_,2.62
_01307_,2.62
_01366_,2.62
_01453_,2.62
_01458_,2.62
_01698_,2.62
_01733_,2.62
_01848_,2.62
_01936_,2.62
_02060_,2.62
_02071_,2.62
_02085_,2.62
_02110_,2.62
_02115_,2.62
_02122_,2.62
_02151_,2.62
_02152_,2.62
_02163_,2.62
_02187_,2.62
_02221_,2.62
_02239_,2.62
_02240_,2.62
_02316_,2.62
_02369_,2.62
_02382_,2.62
_02484_,2.62
_02487_,2.62
_02490_,2.62
_02528_,2.62
_02625_,2.62
_02689_,2.62
_02925_,2.62
_02999_,2.62
_03028_,2.62
_03071_,2.62
_03109_,2.62
_03115_,2.62
_03123_,2.62
_03134_,2.62
_03139_,2.62
_03140_,2.62
_03220_,2.62
_03229_,2.62
_03343_,2.62
_03372_,2.62
_03398_,2.62
_03431_,2.62
_03437_,2.62
_03440_,2.62
_03464_,2.62
_03492_,2.62
_03540_,2.62
_03549_,2.62
_03687_,2.62
_03767_,2.62
_03781_,2.62
_03801_,2.62
_03866_,2.62
_03878_,2.62
_03907_,2.62
_03916_,2.62
_03976_,2.62
_03990_,2.62
_03991_,2.62
_04043_,2.62
_04175_,2.62
_04370_,2.62
_04529_,2.62
_04653_,2.62
_04780_,2.62
_04815_,2.62
_04842_,2.62
_04857_,2.62
_04950_,2.62
_05019_,2.62
_05025_,2.62
_05123_,2.62
_05126_,2.62
_05298_,2.62
_05359_,2.62
_05360_,2.62
_05668_,2.62
_05687_,2.62
_06408_,2.62
_06679_,2.62
_06919_,2.62
_06921_,2.62
_06971_,2.62
_07292_,2.62
_07582_,2.62
_07958_,2.62
_07963_,2.62
_08018_,2.62
_08317_,2.62
_08381_,2.62
_08417_,2.62
_08563_,2.62
_08729_,2.62
_08769_,2.62
_08897_,2.62
_08999_,2.62
_09272_,2.62
_09282_,2.62
_09312_,2.62
_09324_,2.62
_09405_,2.62
_09495_,2.62
_09678_,2.62
_09686_,2.62
_10088_,2.62
_10104_,2.62
_10367_,2.62
_10445_,2.62
_10757_,2.62
_11040_,2.62
_11390_,2.62
_11419_,2.62
_11442_,2.62
_11597_,2.62
_11605_,2.62
_11722_,2.62
_11734_,2.62
_11980_,2.62
_12191_,2.62
_12424_,2.62
_12473_,2.62
_12805_,2.62
_12904_,2.62
_12959_,2.62
_13080_,2.62
_13081_,2.62
_13144_,2.62
_13152_,2.62
_13191_,2.62
_13296_,2.62
_13501_,2.62
_13524_,2.62
_13622_,2.62
_13630_,2.62
_13702_,2.62
_13850_,2.62
_13867_,2.62
_13894_,2.62
_14205_,2.62
_14263_,2.62
_14327_,2.62
_14386_,2.62
_14611_,2.62
_14795_,2.62
_14965_,2.62
_15145_,2.62
_15172_,2.62
_15301_,2.62
_15344_,2.62
_15356_,2.62
_15373_,2.62
_15413_,2.62
_15485_,2.62
_15496_,2.62
_15693_,2.62
_15744_,2.62
_15753_,2.62
_15788_,2.62
_15842_,2.62
_15844_,2.62
_16001_,2.62
_16041_,2.62
_16057_,2.62
_16081_,2.62
_16240_,2.62
_16353_,2.62
_16401_,2.62
_16424_,2.62
_16509_,2.62
_16522_,2.62
_16606_,2.62
_16684_,2.62
_16706_,2.62
_16793_,2.62
_17186_,2.62
_17502_,2.62
_17712_,2.62
_18134_,2.62
_18149_,2.62
_18296_,2.62
_18299_,2.62
_18436_,2.62
_18543_,2.62
_18653_,2.62
_18663_,2.62
_18925_,2.62
_19464_,2.62
_19491_,2.62
_19534_,2.62
_19553_,2.62
u_auth_fsm.cur_nonce\[73\],2.62
u_auth_fsm.secret_key\[111\],2.62
u_auth_fsm.secret_key\[113\],2.62
u_auth_fsm.secret_key\[122\],2.62
u_auth_fsm.secret_key\[24\],2.62
u_auth_fsm.secret_key\[53\],2.62
u_auth_fsm.secret_key\[78\],2.62
u_auth_fsm.secret_key\[92\],2.62
net572,2.62
net806,2.62
net1322,2.62
net1856,2.62
net2002,2.62
_00240_,2.595
_00323_,2.595
_00425_,2.595
_00461_,2.595
_00480_,2.595
_00520_,2.595
_00590_,2.595
_00647_,2.595
_00677_,2.595
_00723_,2.595
_00831_,2.595
_00898_,2.595
_00962_,2.595
_00984_,2.595
_01010_,2.595
_01047_,2.595
_01503_,2.595
_01560_,2.595
_01591_,2.595
_11673_,2.59
_00579_,2.585
_00692_,2.585
_00853_,2.585
_00953_,2.585
_01094_,2.585
_01097_,2.585
_01543_,2.585
_10592_,2.55
_00329_,2.545
_00367_,2.545
_00422_,2.545
_00449_,2.545
_00492_,2.545
_00530_,2.545
_00548_,2.545
_00571_,2.545
_00631_,2.545
_00641_,2.545
_00651_,2.545
_00695_,2.545
_00730_,2.545
_00754_,2.545
_00764_,2.545
_00766_,2.545
_00823_,2.545
_00827_,2.545
_00858_,2.545
_00867_,2.545
_00870_,2.545
_00894_,2.545
_00926_,2.545
_00936_,2.545
_00967_,2.545
_01119_,2.545
_01465_,2.545
_01466_,2.545
_01476_,2.545
_01492_,2.545
_16540_,2.54
_17459_,2.53
_18455_,2.525
_00266_,2.52
_03649_,2.52
_03665_,2.52
_03686_,2.52
_03879_,2.52
_03961_,2.52
_04006_,2.52
_04176_,2.52
_04264_,2.52
_04285_,2.52
_04295_,2.52
_04343_,2.52
_04397_,2.52
_04411_,2.52
_04489_,2.52
_04612_,2.52
_04774_,2.52
_04775_,2.52
_05071_,2.52
_05115_,2.52
_05220_,2.52
_05247_,2.52
_05356_,2.52
_05686_,2.52
_05749_,2.52
_06452_,2.52
_08374_,2.52
_08807_,2.52
_09217_,2.52
_09276_,2.52
_09307_,2.52
_09613_,2.52
_11344_,2.52
_12138_,2.52
_12751_,2.52
_15006_,2.52
_15011_,2.52
_15085_,2.52
_15096_,2.52
_15254_,2.52
_15288_,2.52
_15297_,2.52
_15312_,2.52
_15331_,2.52
_15493_,2.52
_15601_,2.52
_15644_,2.52
_15695_,2.52
_15741_,2.52
_15777_,2.52
_15932_,2.52
_15970_,2.52
_15971_,2.52
_16210_,2.52
_16603_,2.52
_16631_,2.52
_16730_,2.52
_18170_,2.52
_19374_,2.52
_19481_,2.52
_19631_,2.52
_09685_,2.51
u_uart_tx.state\[0\],2.51
_00059_,2.5
_00064_,2.5
_01191_,2.5
_01661_,2.5
_01965_,2.5
_02473_,2.5
_02533_,2.5
_03654_,2.5
_03719_,2.5
_03726_,2.5
_03872_,2.5
_03873_,2.5
_03881_,2.5
_03933_,2.5
_03965_,2.5
_03969_,2.5
_03972_,2.5
_03988_,2.5
_04021_,2.5
_04025_,2.5
_04090_,2.5
_04139_,2.5
_04149_,2.5
_04157_,2.5
_04158_,2.5
_04159_,2.5
_04167_,2.5
_04215_,2.5
_04344_,2.5
_04375_,2.5
_04449_,2.5
_04547_,2.5
_04776_,2.5
_04792_,2.5
_05302_,2.5
_05508_,2.5
_05732_,2.5
_06039_,2.5
_06088_,2.5
_06103_,2.5
_06556_,2.5
_06617_,2.5
_06680_,2.5
_06723_,2.5
_07830_,2.5
_08100_,2.5
_08259_,2.5
_08306_,2.5
_08429_,2.5
_08432_,2.5
_08674_,2.5
_08808_,2.5
_09167_,2.5
_09293_,2.5
_09408_,2.5
_09443_,2.5
_09556_,2.5
_10013_,2.5
_10095_,2.5
_10428_,2.5
_10454_,2.5
_10593_,2.5
_10727_,2.5
_10782_,2.5
_11255_,2.5
_11281_,2.5
_11343_,2.5
_11603_,2.5
_11607_,2.5
_11747_,2.5
_12021_,2.5
_12075_,2.5
_12250_,2.5
_12511_,2.5
_13265_,2.5
_13336_,2.5
_13381_,2.5
_13722_,2.5
_13945_,2.5
_14596_,2.5
_14667_,2.5
_14696_,2.5
_14724_,2.5
_14738_,2.5
_14835_,2.5
_14981_,2.5
_15058_,2.5
_15255_,2.5
_15282_,2.5
_15361_,2.5
_15375_,2.5
_15421_,2.5
_15500_,2.5
_15514_,2.5
_15569_,2.5
_15610_,2.5
_15655_,2.5
_15665_,2.5
_15669_,2.5
_15710_,2.5
_15752_,2.5
_15771_,2.5
_16003_,2.5
_16006_,2.5
_16074_,2.5
_16097_,2.5
_16132_,2.5
_16206_,2.5
_16282_,2.5
_16385_,2.5
_16438_,2.5
_16536_,2.5
_16555_,2.5
_16585_,2.5
_16588_,2.5
_16703_,2.5
_16742_,2.5
_17036_,2.5
_17133_,2.5
_17251_,2.5
_17622_,2.5
_17754_,2.5
_17785_,2.5
_17832_,2.5
_17862_,2.5
_17975_,2.5
_18294_,2.5
_18496_,2.5
_18545_,2.5
_18776_,2.5
_19009_,2.5
_19024_,2.5
_19065_,2.5
_19304_,2.5
_19389_,2.5
_19484_,2.5
_19511_,2.5
fifo_nonce\[2\]\[120\],2.5
net1816,2.5
net1839,2.5
net2219,2.5
net2243,2.5
_17261_,2.495
_01509_,2.48
_00036_,2.465
_01886_,2.465
_02130_,2.465
_02557_,2.465
_02797_,2.465
_03202_,2.465
_03221_,2.465
_03473_,2.465
_03490_,2.465
_03508_,2.465
_03537_,2.465
_00468_,2.425
_00784_,2.425
_00787_,2.425
_00987_,2.425
_01005_,2.425
_01514_,2.425
_11504_,2.41
_04893_,2.4
_05454_,2.4
_07024_,2.4
_08464_,2.4
_09844_,2.4
_10010_,2.4
_10744_,2.4
_11562_,2.4
_11630_,2.4
_12415_,2.4
_12619_,2.4
_12755_,2.4
_12865_,2.4
_13346_,2.4
_13900_,2.4
_15106_,2.4
_15189_,2.4
_15225_,2.4
_15515_,2.4
_15982_,2.4
_16389_,2.4
_16712_,2.4
_16844_,2.4
_17799_,2.4
_18137_,2.4
_19529_,2.4
net1191,2.4
net1252,2.4
net2438,2.4
net2483,2.4
_06534_,2.39
_00037_,2.38
_00051_,2.38
_01768_,2.38
_01778_,2.38
_01823_,2.38
_01833_,2.38
_02253_,2.38
_02384_,2.38
_02392_,2.38
_02572_,2.38
_02973_,2.38
_03069_,2.38
_03298_,2.38
_06091_,2.38
_08260_,2.38
_12775_,2.38
_13279_,2.38
_16688_,2.38
_00609_,2.375
_00633_,2.375
_00693_,2.375
_00710_,2.375
_00816_,2.375
_00821_,2.375
_00918_,2.375
_00939_,2.375
_01027_,2.375
_01056_,2.375
_01066_,2.375
_01084_,2.375
_18592_,2.375
_03393_,2.345
_08402_,2.33
_00233_,2.325
_00374_,2.325
_00443_,2.325
_00458_,2.325
_00557_,2.325
_00639_,2.325
_00640_,2.325
_00668_,2.325
_00683_,2.325
_00704_,2.325
_00711_,2.325
_00718_,2.325
_00750_,2.325
_00783_,2.325
_00820_,2.325
_00833_,2.325
_00857_,2.325
_00873_,2.325
_01098_,2.325
_01485_,2.325
_01510_,2.325
_01516_,2.325
_01518_,2.325
_01537_,2.325
_01554_,2.325
_02081_,2.315
_00230_,2.305
_02157_,2.305
_02790_,2.305
_02957_,2.305
_03506_,2.305
_17519_,2.305
_00009_,2.3
_00224_,2.3
_01978_,2.3
_05720_,2.3
_05978_,2.3
_06353_,2.3
_06736_,2.3
_06828_,2.3
_06904_,2.3
_07109_,2.3
_07157_,2.3
_07343_,2.3
_07839_,2.3
_07943_,2.3
_08064_,2.3
_08421_,2.3
_09137_,2.3
_09151_,2.3
_09452_,2.3
_09856_,2.3
_10242_,2.3
_10393_,2.3
_10891_,2.3
_11002_,2.3
_11079_,2.3
_11118_,2.3
_11331_,2.3
_11474_,2.3
_11601_,2.3
_11783_,2.3
_11983_,2.3
_12631_,2.3
_12951_,2.3
_13348_,2.3
_13447_,2.3
_13465_,2.3
_13617_,2.3
_13852_,2.3
_13906_,2.3
_14027_,2.3
_14120_,2.3
_14228_,2.3
_14374_,2.3
_16318_,2.3
_16434_,2.3
_17005_,2.3
_17021_,2.3
_17527_,2.3
_17619_,2.3
_17739_,2.3
_17926_,2.3
_18253_,2.3
_18301_,2.3
_18766_,2.3
_18794_,2.3
_18870_,2.3
_19263_,2.3
_19403_,2.3
_19519_,2.3
net631,2.3
net947,2.3
net2469,2.3
net2485,2.3
net2501,2.3
_07537_,2.29
_05488_,2.285
_10645_,2.285
_00066_,2.28
_00125_,2.28
_00138_,2.28
_00156_,2.28
_00159_,2.28
_00175_,2.28
_00190_,2.28
_00193_,2.28
_00203_,2.28
_01139_,2.28
_01154_,2.28
_01174_,2.28
_01246_,2.28
_01287_,2.28
_01643_,2.28
_01765_,2.28
_01769_,2.28
_01827_,2.28
_01829_,2.28
_01835_,2.28
_01888_,2.28
_01911_,2.28
_01979_,2.28
_01983_,2.28
_01989_,2.28
_02038_,2.28
_02046_,2.28
_02061_,2.28
_02062_,2.28
_02067_,2.28
_02075_,2.28
_02128_,2.28
_02131_,2.28
_02133_,2.28
_02143_,2.28
_02155_,2.28
_02164_,2.28
_02183_,2.28
_02189_,2.28
_02197_,2.28
_02204_,2.28
_02214_,2.28
_02215_,2.28
_02232_,2.28
_02246_,2.28
_02262_,2.28
_02267_,2.28
_02297_,2.28
_02309_,2.28
_02318_,2.28
_02349_,2.28
_02355_,2.28
_02395_,2.28
_02410_,2.28
_02436_,2.28
_02466_,2.28
_02515_,2.28
_02591_,2.28
_02641_,2.28
_02668_,2.28
_02716_,2.28
_02719_,2.28
_02772_,2.28
_02794_,2.28
_02799_,2.28
_02838_,2.28
_02851_,2.28
_02884_,2.28
_02903_,2.28
_02923_,2.28
_02937_,2.28
_02945_,2.28
_02974_,2.28
_02978_,2.28
_02983_,2.28
_02990_,2.28
_03031_,2.28
_03034_,2.28
_03036_,2.28
_03041_,2.28
_03049_,2.28
_03067_,2.28
_03075_,2.28
_03086_,2.28
_03090_,2.28
_03092_,2.28
_03105_,2.28
_03126_,2.28
_03127_,2.28
_03131_,2.28
_03205_,2.28
_03237_,2.28
_03292_,2.28
_03321_,2.28
_03412_,2.28
_03441_,2.28
_03447_,2.28
_03450_,2.28
_03455_,2.28
_03504_,2.28
_03531_,2.28
_03532_,2.28
_04938_,2.28
_05535_,2.28
_05585_,2.28
_05932_,2.28
_06204_,2.28
_06337_,2.28
_06926_,2.28
_07169_,2.28
_07259_,2.28
_08716_,2.28
_08725_,2.28
_08869_,2.28
_10287_,2.28
_10353_,2.28
_10437_,2.28
_12463_,2.28
_14853_,2.28
_14900_,2.28
_17961_,2.28
_18200_,2.28
_18650_,2.28
net763,2.28
_12299_,2.27
_00413_,2.26
_00877_,2.26
_00372_,2.255
_00435_,2.255
_00456_,2.255
_00464_,2.255
_00616_,2.255
_00628_,2.255
_00672_,2.255
_00733_,2.255
_00742_,2.255
_00780_,2.255
_00786_,2.255
_00824_,2.255
_00883_,2.255
_00885_,2.255
_00928_,2.255
_00993_,2.255
_00997_,2.255
_01001_,2.255
_01020_,2.255
_01069_,2.255
_01086_,2.255
_01108_,2.255
_01132_,2.255
_01471_,2.255
_01499_,2.255
_01517_,2.255
_01548_,2.255
_01588_,2.255
_11336_,2.255
_19512_,2.255
_06512_,2.205
_18675_,2.2
_00907_,2.195
_03819_,2.19
_19313_,2.19
_02265_,2.185
_02409_,2.185
_00025_,2.18
_00027_,2.18
_00220_,2.18
_01143_,2.18
_01348_,2.18
_01364_,2.18
_01389_,2.18
_01435_,2.18
_01599_,2.18
_01729_,2.18
_03147_,2.18
_05215_,2.18
_05552_,2.18
_06058_,2.18
_06110_,2.18
_06186_,2.18
_06261_,2.18
_06528_,2.18
_06726_,2.18
_07146_,2.18
_07195_,2.18
_07218_,2.18
_07248_,2.18
_07431_,2.18
_07536_,2.18
_07775_,2.18
_07966_,2.18
_07999_,2.18
_08000_,2.18
_08336_,2.18
_08462_,2.18
_08463_,2.18
_08825_,2.18
_08868_,2.18
_09068_,2.18
_09197_,2.18
_09202_,2.18
_09236_,2.18
_09256_,2.18
_09425_,2.18
_09506_,2.18
_09908_,2.18
_09915_,2.18
_10066_,2.18
_10318_,2.18
_10344_,2.18
_10357_,2.18
_10365_,2.18
_10407_,2.18
_10484_,2.18
_10751_,2.18
_10913_,2.18
_11084_,2.18
_11150_,2.18
_11315_,2.18
_11515_,2.18
_11631_,2.18
_11684_,2.18
_11717_,2.18
_12342_,2.18
_12432_,2.18
_12441_,2.18
_12460_,2.18
_12605_,2.18
_12895_,2.18
_13167_,2.18
_13736_,2.18
_13782_,2.18
_13934_,2.18
_13972_,2.18
_13980_,2.18
_14219_,2.18
_14462_,2.18
_14478_,2.18
_14884_,2.18
_16465_,2.18
_17565_,2.18
_18062_,2.18
_18607_,2.18
_19326_,2.18
_19543_,2.18
_19546_,2.18
_19683_,2.18
_19714_,2.18
net2068,2.18
net2257,2.18
net2303,2.18
_05842_,2.17
_12398_,2.17
_12868_,2.17
_18354_,2.165
_00052_,2.16
_00079_,2.16
_00099_,2.16
_00111_,2.16
_00116_,2.16
_01151_,2.16
_01216_,2.16
_01225_,2.16
_01243_,2.16
_01294_,2.16
_01321_,2.16
_01332_,2.16
_01379_,2.16
_01625_,2.16
_01652_,2.16
_01659_,2.16
_01669_,2.16
_01844_,2.16
_01860_,2.16
_01902_,2.16
_01916_,2.16
_01942_,2.16
_01945_,2.16
_01947_,2.16
_01973_,2.16
_01992_,2.16
_02005_,2.16
_02020_,2.16
_02026_,2.16
_02042_,2.16
_02092_,2.16
_02132_,2.16
_02135_,2.16
_02154_,2.16
_02207_,2.16
_02212_,2.16
_02220_,2.16
_02235_,2.16
_02243_,2.16
_02312_,2.16
_02345_,2.16
_02365_,2.16
_02366_,2.16
_02377_,2.16
_02386_,2.16
_02391_,2.16
_02394_,2.16
_02443_,2.16
_02446_,2.16
_02496_,2.16
_02512_,2.16
_02525_,2.16
_02555_,2.16
_02573_,2.16
_02586_,2.16
_02603_,2.16
_02606_,2.16
_02613_,2.16
_02630_,2.16
_02637_,2.16
_02653_,2.16
_02669_,2.16
_02737_,2.16
_02758_,2.16
_02795_,2.16
_02798_,2.16
_02881_,2.16
_03000_,2.16
_03026_,2.16
_03042_,2.16
_03065_,2.16
_03084_,2.16
_03104_,2.16
_03121_,2.16
_03124_,2.16
_03136_,2.16
_03203_,2.16
_03232_,2.16
_03239_,2.16
_03241_,2.16
_03357_,2.16
_03376_,2.16
_03379_,2.16
_03414_,2.16
_03422_,2.16
_03424_,2.16
_03429_,2.16
_03445_,2.16
_03465_,2.16
_03474_,2.16
_03485_,2.16
_03509_,2.16
_03523_,2.16
_03539_,2.16
_03546_,2.16
_03749_,2.16
_03756_,2.16
_03886_,2.16
_03909_,2.16
_03914_,2.16
_03964_,2.16
_04182_,2.16
_04286_,2.16
_04304_,2.16
_04308_,2.16
_04351_,2.16
_04394_,2.16
_04441_,2.16
_04487_,2.16
_04564_,2.16
_04632_,2.16
_04640_,2.16
_04750_,2.16
_05035_,2.16
_05046_,2.16
_05048_,2.16
_05189_,2.16
_05204_,2.16
_05269_,2.16
_05297_,2.16
_05475_,2.16
_05598_,2.16
_05797_,2.16
_05913_,2.16
_06035_,2.16
_06113_,2.16
_06440_,2.16
_06476_,2.16
_06991_,2.16
_07047_,2.16
_07112_,2.16
_07424_,2.16
_07462_,2.16
_07561_,2.16
_07685_,2.16
_07926_,2.16
_08090_,2.16
_08504_,2.16
_08515_,2.16
_08585_,2.16
_08641_,2.16
_08847_,2.16
_08880_,2.16
_09168_,2.16
_09519_,2.16
_09526_,2.16
_09571_,2.16
_09714_,2.16
_09860_,2.16
_10109_,2.16
_10259_,2.16
_10372_,2.16
_10474_,2.16
_10518_,2.16
_10881_,2.16
_10903_,2.16
_11087_,2.16
_11467_,2.16
_11495_,2.16
_11546_,2.16
_11856_,2.16
_11927_,2.16
_12014_,2.16
_12205_,2.16
_12400_,2.16
_12452_,2.16
_12700_,2.16
_12766_,2.16
_13091_,2.16
_13108_,2.16
_13291_,2.16
_13297_,2.16
_13307_,2.16
_13648_,2.16
_13808_,2.16
_13846_,2.16
_13880_,2.16
_13952_,2.16
_13958_,2.16
_13975_,2.16
_13978_,2.16
_14036_,2.16
_14102_,2.16
_14187_,2.16
_14203_,2.16
_14291_,2.16
_14354_,2.16
_14435_,2.16
_14577_,2.16
_14647_,2.16
_14669_,2.16
_14874_,2.16
_14882_,2.16
_14902_,2.16
_15322_,2.16
_15376_,2.16
_15464_,2.16
_15517_,2.16
_15561_,2.16
_15580_,2.16
_15609_,2.16
_15690_,2.16
_15701_,2.16
_15734_,2.16
_15797_,2.16
_15858_,2.16
_15953_,2.16
_15965_,2.16
_16237_,2.16
_16305_,2.16
_16379_,2.16
_16433_,2.16
_16561_,2.16
_16638_,2.16
_16704_,2.16
_16743_,2.16
_16907_,2.16
_17120_,2.16
_17132_,2.16
_17269_,2.16
_17362_,2.16
_17651_,2.16
_18139_,2.16
_18551_,2.16
_18725_,2.16
_18767_,2.16
_18787_,2.16
_18947_,2.16
_19350_,2.16
_19365_,2.16
_19518_,2.16
fifo_nonce\[4\]\[126\],2.16
fifo_nonce\[4\]\[96\],2.16
u_auth_fsm.cur_nonce\[102\],2.16
u_auth_fsm.cur_nonce\[21\],2.16
u_auth_fsm.cur_nonce\[28\],2.16
u_auth_fsm.cur_nonce\[92\],2.16
u_auth_fsm.cur_nonce\[94\],2.16
u_auth_fsm.secret_key\[105\],2.16
u_auth_fsm.secret_key\[109\],2.16
u_auth_fsm.secret_key\[96\],2.16
u_uart_rx.rx_shift\[6\],2.16
net1682,2.16
_15566_,2.14
_00247_,2.125
_00273_,2.125
_00283_,2.125
_00429_,2.125
_00719_,2.125
_00794_,2.125
_01030_,2.125
_04213_,2.12
_00817_,2.115
_00375_,2.085
_00378_,2.085
_00401_,2.085
_00438_,2.085
_00485_,2.085
_00522_,2.085
_00529_,2.085
_00545_,2.085
_00574_,2.085
_00593_,2.085
_00663_,2.085
_00697_,2.085
_00801_,2.085
_00825_,2.085
_00826_,2.085
_00868_,2.085
_00886_,2.085
_00887_,2.085
_00923_,2.085
_00974_,2.085
_00981_,2.085
_00998_,2.085
_01006_,2.085
_01120_,2.085
_01130_,2.085
_01478_,2.085
_01585_,2.085
_18043_,2.07
_14686_,2.065
_00241_,2.06
_03651_,2.06
_03672_,2.06
_03699_,2.06
_03797_,2.06
_03888_,2.06
_04054_,2.06
_04097_,2.06
_04163_,2.06
_04314_,2.06
_04318_,2.06
_04341_,2.06
_04365_,2.06
_04432_,2.06
_04436_,2.06
_04461_,2.06
_04669_,2.06
_04686_,2.06
_04843_,2.06
_04848_,2.06
_04880_,2.06
_04954_,2.06
_05093_,2.06
_05110_,2.06
_05195_,2.06
_05267_,2.06
_05326_,2.06
_08559_,2.06
_08701_,2.06
_09634_,2.06
_10811_,2.06
_11148_,2.06
_11260_,2.06
_11871_,2.06
_12120_,2.06
_12680_,2.06
_12761_,2.06
_13201_,2.06
_13767_,2.06
_13836_,2.06
_14037_,2.06
_14951_,2.06
_14957_,2.06
_14979_,2.06
_15019_,2.06
_15040_,2.06
_15122_,2.06
_15123_,2.06
_15164_,2.06
_15182_,2.06
_15245_,2.06
_15306_,2.06
_15320_,2.06
_15379_,2.06
_15385_,2.06
_15393_,2.06
_15453_,2.06
_15460_,2.06
_15518_,2.06
_15531_,2.06
_15552_,2.06
_15614_,2.06
_15620_,2.06
_15636_,2.06
_15649_,2.06
_15702_,2.06
_15708_,2.06
_15728_,2.06
_15872_,2.06
_15904_,2.06
_15929_,2.06
_15935_,2.06
_15978_,2.06
_16046_,2.06
_16052_,2.06
_16067_,2.06
_16138_,2.06
_16143_,2.06
_16178_,2.06
_16203_,2.06
_16229_,2.06
_16278_,2.06
_16300_,2.06
_16365_,2.06
_16368_,2.06
_16374_,2.06
_16377_,2.06
_16384_,2.06
_16512_,2.06
_16595_,2.06
_16634_,2.06
_16644_,2.06
_16734_,2.06
_16745_,2.06
_16751_,2.06
_16797_,2.06
_17289_,2.06
_18312_,2.06
_19690_,2.06
_05777_,2.055
_03590_,2.045
_00107_,2.04
_00147_,2.04
_01258_,2.04
_01268_,2.04
_01272_,2.04
_01286_,2.04
_01751_,2.04
_01984_,2.04
_02033_,2.04
_02041_,2.04
_02134_,2.04
_02145_,2.04
_02379_,2.04
_02608_,2.04
_02683_,2.04
_02692_,2.04
_02696_,2.04
_02706_,2.04
_02746_,2.04
_02871_,2.04
_03151_,2.04
_03324_,2.04
_03743_,2.04
_03770_,2.04
_03789_,2.04
_03913_,2.04
_03929_,2.04
_04024_,2.04
_04190_,2.04
_04349_,2.04
_04554_,2.04
_04735_,2.04
_04793_,2.04
_04796_,2.04
_04839_,2.04
_05652_,2.04
_05783_,2.04
_05798_,2.04
_07307_,2.04
_07567_,2.04
_07714_,2.04
_08098_,2.04
_08787_,2.04
_09258_,2.04
_09295_,2.04
_09803_,2.04
_10067_,2.04
_10536_,2.04
_10917_,2.04
_11904_,2.04
_12024_,2.04
_12377_,2.04
_12526_,2.04
_13781_,2.04
_13864_,2.04
_14215_,2.04
_14810_,2.04
_15243_,2.04
_15281_,2.04
_15495_,2.04
_15525_,2.04
_15720_,2.04
_15798_,2.04
_15822_,2.04
_15848_,2.04
_15955_,2.04
_16136_,2.04
_16174_,2.04
_16293_,2.04
_16568_,2.04
_16657_,2.04
_16738_,2.04
_18044_,2.04
_18609_,2.04
_19362_,2.04
_19507_,2.04
u_auth_fsm.tx_byte\[3\],2.04
_00521_,2.035
_00802_,2.035
_11940_,2.03
_04433_,2.02
_08151_,2.01
_01288_,2.005
_01302_,2.005
_01730_,2.005
_02016_,2.005
_02036_,2.005
_02218_,2.005
_02237_,2.005
_02287_,2.005
_02361_,2.005
_15934_,1.98
_19174_,1.95
_03824_,1.94
_04620_,1.94
_04642_,1.94
_05116_,1.94
_06480_,1.94
_06690_,1.94
_07600_,1.94
_08096_,1.94
_08236_,1.94
_08885_,1.94
_09270_,1.94
_10006_,1.94
_11240_,1.94
_11960_,1.94
_12851_,1.94
_13256_,1.94
_13481_,1.94
_13734_,1.94
_13873_,1.94
_14124_,1.94
_14457_,1.94
_14482_,1.94
_15046_,1.94
_15143_,1.94
_16322_,1.94
_16620_,1.94
_16757_,1.94
_18229_,1.94
_18338_,1.94
_18705_,1.94
_19237_,1.94
net910,1.94
net998,1.94
net1005,1.94
net1140,1.94
net1221,1.94
net1808,1.94
net2510,1.94
_05792_,1.93
_10488_,1.93
_00423_,1.92
_00307_,1.915
_00913_,1.915
_00958_,1.915
_01036_,1.915
_01105_,1.915
_01486_,1.915
_06244_,1.915
_13741_,1.915
_11219_,1.88
_00232_,1.865
_00255_,1.865
_00262_,1.865
_00324_,1.865
_00417_,1.865
_00439_,1.865
_00442_,1.865
_00454_,1.865
_00457_,1.865
_00470_,1.865
_00496_,1.865
_00516_,1.865
_00575_,1.865
_00584_,1.865
_00623_,1.865
_00655_,1.865
_00657_,1.865
_00724_,1.865
_00741_,1.865
_00757_,1.865
_00759_,1.865
_00793_,1.865
_00795_,1.865
_00813_,1.865
_00836_,1.865
_00840_,1.865
_00850_,1.865
_00855_,1.865
_00863_,1.865
_00895_,1.865
_00915_,1.865
_00955_,1.865
_00963_,1.865
_00983_,1.865
_00986_,1.865
_01012_,1.865
_01032_,1.865
_01071_,1.865
_01080_,1.865
_01103_,1.865
_01129_,1.865
_01481_,1.865
_01484_,1.865
_01513_,1.865
_01527_,1.865
_01549_,1.865
_01556_,1.865
_01238_,1.845
_01900_,1.845
_02044_,1.845
_02753_,1.845
_03055_,1.845
_03299_,1.845
_03528_,1.845
_04869_,1.84
_05219_,1.84
_05729_,1.84
_05762_,1.84
_05771_,1.84
_05971_,1.84
_06202_,1.84
_06813_,1.84
_07257_,1.84
_07467_,1.84
_07679_,1.84
_07996_,1.84
_08080_,1.84
_08310_,1.84
_08337_,1.84
_08375_,1.84
_08529_,1.84
_08726_,1.84
_09004_,1.84
_09561_,1.84
_09800_,1.84
_09815_,1.84
_09982_,1.84
_10080_,1.84
_11257_,1.84
_11282_,1.84
_11355_,1.84
_11742_,1.84
_12051_,1.84
_12090_,1.84
_12781_,1.84
_13216_,1.84
_13344_,1.84
_13700_,1.84
_14154_,1.84
_16398_,1.84
_16404_,1.84
_16988_,1.84
_17436_,1.84
_18269_,1.84
_19298_,1.84
net571,1.84
net629,1.84
net683,1.84
_05604_,1.83
_06960_,1.83
_11948_,1.83
_11925_,1.825
_00068_,1.82
_00072_,1.82
_00141_,1.82
_00153_,1.82
_00184_,1.82
_00197_,1.82
_00200_,1.82
_00208_,1.82
_01199_,1.82
_01226_,1.82
_01249_,1.82
_01260_,1.82
_01273_,1.82
_01314_,1.82
_01372_,1.82
_01402_,1.82
_01627_,1.82
_01655_,1.82
_01767_,1.82
_01790_,1.82
_01793_,1.82
_01840_,1.82
_01928_,1.82
_01946_,1.82
_01957_,1.82
_01974_,1.82
_01990_,1.82
_01997_,1.82
_01998_,1.82
_02023_,1.82
_02025_,1.82
_02035_,1.82
_02043_,1.82
_02077_,1.82
_02083_,1.82
_02112_,1.82
_02114_,1.82
_02123_,1.82
_02125_,1.82
_02165_,1.82
_02188_,1.82
_02199_,1.82
_02225_,1.82
_02271_,1.82
_02273_,1.82
_02288_,1.82
_02305_,1.82
_02362_,1.82
_02367_,1.82
_02370_,1.82
_02378_,1.82
_02425_,1.82
_02449_,1.82
_02477_,1.82
_02489_,1.82
_02498_,1.82
_02501_,1.82
_02540_,1.82
_02553_,1.82
_02560_,1.82
_02576_,1.82
_02577_,1.82
_02583_,1.82
_02598_,1.82
_02634_,1.82
_02661_,1.82
_02663_,1.82
_02672_,1.82
_02705_,1.82
_02707_,1.82
_02721_,1.82
_02726_,1.82
_02748_,1.82
_02775_,1.82
_02776_,1.82
_02892_,1.82
_02909_,1.82
_02914_,1.82
_02915_,1.82
_02940_,1.82
_02944_,1.82
_03001_,1.82
_03007_,1.82
_03013_,1.82
_03018_,1.82
_03039_,1.82
_03053_,1.82
_03091_,1.82
_03094_,1.82
_03116_,1.82
_03120_,1.82
_03145_,1.82
_03167_,1.82
_03218_,1.82
_03286_,1.82
_03296_,1.82
_03349_,1.82
_03386_,1.82
_03392_,1.82
_03404_,1.82
_03420_,1.82
_03449_,1.82
_03462_,1.82
_03491_,1.82
_03495_,1.82
_03529_,1.82
_03547_,1.82
_06719_,1.82
_07666_,1.82
_11019_,1.82
_11946_,1.82
_13192_,1.82
_13303_,1.82
_14557_,1.82
_16444_,1.82
_17536_,1.82
_18788_,1.82
_19333_,1.82
net537,1.82
net1041,1.82
_04696_,1.815
_12141_,1.8
_06063_,1.725
_06397_,1.725
_09968_,1.725
_19340_,1.725
_19514_,1.725
_05873_,1.72
_06130_,1.72
_06250_,1.72
_06801_,1.72
_06832_,1.72
_06972_,1.72
_06993_,1.72
_07709_,1.72
_07764_,1.72
_07920_,1.72
_08766_,1.72
_08782_,1.72
_09211_,1.72
_09550_,1.72
_09973_,1.72
_10087_,1.72
_10116_,1.72
_10708_,1.72
_10829_,1.72
_10931_,1.72
_10936_,1.72
_11667_,1.72
_12050_,1.72
_12107_,1.72
_12938_,1.72
_13245_,1.72
_13796_,1.72
_13814_,1.72
_13854_,1.72
_13963_,1.72
_13984_,1.72
_14050_,1.72
_14092_,1.72
_14099_,1.72
_14142_,1.72
_14316_,1.72
_14407_,1.72
_14430_,1.72
_14616_,1.72
_14681_,1.72
_14687_,1.72
_14722_,1.72
_14886_,1.72
_16162_,1.72
_17301_,1.72
_17574_,1.72
_18325_,1.72
_19660_,1.72
kdf_start,1.72
_04875_,1.71
_17125_,1.71
_00040_,1.7
_00063_,1.7
_00122_,1.7
_00149_,1.7
_01176_,1.7
_01186_,1.7
_01211_,1.7
_01248_,1.7
_01298_,1.7
_01370_,1.7
_01696_,1.7
_01811_,1.7
_01881_,1.7
_01918_,1.7
_01985_,1.7
_02022_,1.7
_02059_,1.7
_02079_,1.7
_02100_,1.7
_02147_,1.7
_02168_,1.7
_02182_,1.7
_02368_,1.7
_02371_,1.7
_02385_,1.7
_02390_,1.7
_02421_,1.7
_02424_,1.7
_02471_,1.7
_02478_,1.7
_02505_,1.7
_02518_,1.7
_02523_,1.7
_02548_,1.7
_02619_,1.7
_02654_,1.7
_02681_,1.7
_02715_,1.7
_02883_,1.7
_02941_,1.7
_02964_,1.7
_03100_,1.7
_03130_,1.7
_03150_,1.7
_03160_,1.7
_03169_,1.7
_03254_,1.7
_03327_,1.7
_03407_,1.7
_03418_,1.7
_03486_,1.7
_03697_,1.7
_03742_,1.7
_03895_,1.7
_03917_,1.7
_03920_,1.7
_03977_,1.7
_03989_,1.7
_04462_,1.7
_04565_,1.7
_04595_,1.7
_04688_,1.7
_04690_,1.7
_04778_,1.7
_05037_,1.7
_05047_,1.7
_05051_,1.7
_05094_,1.7
_05211_,1.7
_05229_,1.7
_05766_,1.7
_06490_,1.7
_06504_,1.7
_06545_,1.7
_07106_,1.7
_07219_,1.7
_07339_,1.7
_07644_,1.7
_07660_,1.7
_07962_,1.7
_07997_,1.7
_08736_,1.7
_08757_,1.7
_08848_,1.7
_08905_,1.7
_09082_,1.7
_09092_,1.7
_09538_,1.7
_09539_,1.7
_09865_,1.7
_10061_,1.7
_10489_,1.7
_10521_,1.7
_10658_,1.7
_10933_,1.7
_11017_,1.7
_11205_,1.7
_11577_,1.7
_12042_,1.7
_12854_,1.7
_13704_,1.7
_13733_,1.7
_13910_,1.7
_13968_,1.7
_14041_,1.7
_14044_,1.7
_14421_,1.7
_14715_,1.7
_14755_,1.7
_14861_,1.7
_14893_,1.7
_15263_,1.7
_15471_,1.7
_15480_,1.7
_15541_,1.7
_15613_,1.7
_15654_,1.7
_15800_,1.7
_16418_,1.7
_16468_,1.7
_16625_,1.7
_16649_,1.7
_16718_,1.7
_16759_,1.7
_16792_,1.7
_16854_,1.7
_17320_,1.7
_18160_,1.7
_18632_,1.7
_18690_,1.7
_19183_,1.7
_19257_,1.7
_19289_,1.7
u_auth_fsm.cur_nonce\[107\],1.7
u_auth_fsm.cur_nonce\[35\],1.7
u_auth_fsm.secret_key\[112\],1.7
u_auth_fsm.secret_key\[117\],1.7
u_auth_fsm.secret_key\[41\],1.7
u_auth_fsm.secret_key\[84\],1.7
u_cmd_parser.nonce_reg\[100\],1.7
u_cmd_parser.nonce_reg\[36\],1.7
net1539,1.7
net2153,1.7
net2213,1.7
_06962_,1.68
_19662_,1.68
_07629_,1.605
_01441_,1.6
_03155_,1.6
_03712_,1.6
_03714_,1.6
_03715_,1.6
_03716_,1.6
_03783_,1.6
_03897_,1.6
_03910_,1.6
_04058_,1.6
_04084_,1.6
_04089_,1.6
_04129_,1.6
_04131_,1.6
_04210_,1.6
_04220_,1.6
_04284_,1.6
_04325_,1.6
_04336_,1.6
_04396_,1.6
_04399_,1.6
_04448_,1.6
_04452_,1.6
_04556_,1.6
_04614_,1.6
_04622_,1.6
_04679_,1.6
_04762_,1.6
_04772_,1.6
_04807_,1.6
_05050_,1.6
_05096_,1.6
_05099_,1.6
_05105_,1.6
_05124_,1.6
_07127_,1.6
_07545_,1.6
_10639_,1.6
_11132_,1.6
_11571_,1.6
_13395_,1.6
_13822_,1.6
_14952_,1.6
_14968_,1.6
_15004_,1.6
_15052_,1.6
_15056_,1.6
_15071_,1.6
_15114_,1.6
_15130_,1.6
_15165_,1.6
_15177_,1.6
_15187_,1.6
_15195_,1.6
_15203_,1.6
_15212_,1.6
_15220_,1.6
_15246_,1.6
_15268_,1.6
_15269_,1.6
_15280_,1.6
_15358_,1.6
_15402_,1.6
_15420_,1.6
_15484_,1.6
_15492_,1.6
_15519_,1.6
_15527_,1.6
_15533_,1.6
_15571_,1.6
_15578_,1.6
_15680_,1.6
_15685_,1.6
_15724_,1.6
_15767_,1.6
_15820_,1.6
_15826_,1.6
_15899_,1.6
_15973_,1.6
_15981_,1.6
_16056_,1.6
_16083_,1.6
_16084_,1.6
_16107_,1.6
_16109_,1.6
_16131_,1.6
_16154_,1.6
_16192_,1.6
_16283_,1.6
_16405_,1.6
_16410_,1.6
_16491_,1.6
_16493_,1.6
_16544_,1.6
_16659_,1.6
_16674_,1.6
_16722_,1.6
_16774_,1.6
_16829_,1.6
_16837_,1.6
_18491_,1.6
_19626_,1.6
_17512_,1.59
_00455_,1.575
_00527_,1.575
_00563_,1.575
_00581_,1.575
_00618_,1.575
_00700_,1.575
_00713_,1.575
_00866_,1.575
_00901_,1.575
_00935_,1.575
_00945_,1.575
_00954_,1.575
_00973_,1.575
_01043_,1.575
_01470_,1.575
_01580_,1.575
_03030_,1.575
_17813_,1.575
_01270_,1.545
_02193_,1.545
_02333_,1.545
_02432_,1.545
_02516_,1.545
_02526_,1.545
_02542_,1.545
_02565_,1.545
_02588_,1.545
_02633_,1.545
_02703_,1.545
_02731_,1.545
_02788_,1.545
_02828_,1.545
_02930_,1.545
_03012_,1.545
_03050_,1.545
_03078_,1.545
_03103_,1.545
_03505_,1.545
net871,1.51
_04289_,1.48
_04356_,1.48
_04549_,1.48
_07359_,1.48
_09504_,1.48
_09874_,1.48
_11193_,1.48
_12124_,1.48
_13160_,1.48
_13686_,1.48
_13696_,1.48
_15038_,1.48
_15181_,1.48
_15869_,1.48
_16737_,1.48
_17882_,1.48
_18798_,1.48
_18885_,1.48
_18913_,1.48
_19014_,1.48
_19139_,1.48
_19222_,1.48
_19562_,1.48
net1584,1.48
net1743,1.48
net1779,1.48
net2090,1.48
net2287,1.48
net2420,1.48
_00389_,1.46
_00519_,1.46
_00644_,1.46
_00847_,1.46
_00865_,1.46
_00942_,1.46
_01107_,1.46
_01552_,1.46
_08587_,1.46
_11740_,1.46
_13240_,1.46
_19630_,1.46
_19643_,1.46
_19677_,1.46
_00441_,1.405
_00506_,1.405
_00526_,1.405
_00564_,1.405
_00585_,1.405
_00636_,1.405
_00653_,1.405
_00691_,1.405
_00762_,1.405
_00777_,1.405
_00812_,1.405
_00837_,1.405
_00839_,1.405
_00846_,1.405
_00854_,1.405
_00925_,1.405
_00949_,1.405
_00956_,1.405
_00985_,1.405
_01021_,1.405
_01039_,1.405
_01065_,1.405
_01073_,1.405
_01096_,1.405
_01521_,1.405
_01559_,1.405
_01579_,1.405
_01583_,1.405
_01584_,1.405
_05543_,1.38
_05712_,1.38
_06666_,1.38
_07305_,1.38
_07853_,1.38
_08022_,1.38
_08854_,1.38
_09875_,1.38
_09966_,1.38
_09995_,1.38
_10055_,1.38
_10205_,1.38
_10289_,1.38
_10363_,1.38
_10403_,1.38
_10503_,1.38
_10575_,1.38
_10722_,1.38
_10927_,1.38
_10986_,1.38
_11302_,1.38
_11901_,1.38
_12040_,1.38
_12096_,1.38
_12201_,1.38
_12533_,1.38
_12879_,1.38
_12991_,1.38
_13609_,1.38
_13643_,1.38
_13697_,1.38
_14246_,1.38
_14613_,1.38
_14839_,1.38
_14845_,1.38
_16161_,1.38
_16309_,1.38
_16462_,1.38
_19093_,1.38
_19361_,1.38
_19585_,1.38
_19604_,1.38
_19665_,1.38
u_auth_fsm.cur_nonce\[118\],1.38
net1964,1.38
net2234,1.38
net2255,1.38
_00094_,1.36
_00124_,1.36
_00152_,1.36
_00162_,1.36
_00171_,1.36
_00180_,1.36
_00189_,1.36
_01218_,1.36
_01247_,1.36
_01250_,1.36
_01274_,1.36
_01640_,1.36
_01653_,1.36
_01750_,1.36
_01805_,1.36
_01812_,1.36
_01819_,1.36
_02002_,1.36
_02057_,1.36
_02098_,1.36
_02111_,1.36
_02118_,1.36
_02205_,1.36
_02284_,1.36
_02299_,1.36
_02374_,1.36
_02387_,1.36
_02397_,1.36
_02407_,1.36
_02412_,1.36
_02433_,1.36
_02458_,1.36
_02485_,1.36
_02580_,1.36
_02624_,1.36
_02655_,1.36
_02670_,1.36
_02704_,1.36
_02727_,1.36
_02835_,1.36
_02890_,1.36
_03060_,1.36
_03081_,1.36
_03144_,1.36
_03264_,1.36
_03310_,1.36
_03318_,1.36
_03347_,1.36
_03370_,1.36
_03454_,1.36
_03484_,1.36
_03519_,1.36
_09173_,1.36
_11055_,1.36
_11460_,1.36
_11644_,1.36
_12048_,1.36
_12293_,1.36
_12395_,1.36
_17688_,1.36
_19541_,1.36
_04347_,1.355
_14991_,1.355
_08804_,1.28
_01394_,1.26
_01415_,1.26
_01422_,1.26
_03188_,1.26
_03211_,1.26
_03255_,1.26
_03270_,1.26
_03604_,1.26
_07058_,1.26
_08063_,1.26
_08875_,1.26
_10861_,1.26
_12065_,1.26
_12584_,1.26
_13197_,1.26
_13583_,1.26
_13792_,1.26
_13895_,1.26
_13927_,1.26
_13936_,1.26
_13944_,1.26
_14080_,1.26
_14112_,1.26
_14334_,1.26
_14513_,1.26
_14538_,1.26
_14580_,1.26
_14656_,1.26
_14747_,1.26
_14903_,1.26
_17208_,1.26
_17669_,1.26
_18910_,1.26
_15009_,1.24
_04493_,1.2
_15136_,1.18
_16045_,1.16
_08753_,1.15
_13211_,1.15
_18217_,1.15
_01429_,1.14
_01448_,1.14
_03593_,1.14
_03661_,1.14
_03663_,1.14
_03671_,1.14
_03674_,1.14
_03704_,1.14
_03707_,1.14
_03727_,1.14
_03732_,1.14
_03738_,1.14
_03739_,1.14
_03751_,1.14
_03752_,1.14
_03761_,1.14
_03763_,1.14
_03775_,1.14
_03776_,1.14
_03782_,1.14
_03838_,1.14
_03869_,1.14
_03919_,1.14
_03941_,1.14
_03954_,1.14
_03956_,1.14
_03957_,1.14
_03987_,1.14
_03996_,1.14
_03999_,1.14
_04001_,1.14
_04008_,1.14
_04009_,1.14
_04037_,1.14
_04049_,1.14
_04057_,1.14
_04070_,1.14
_04073_,1.14
_04078_,1.14
_04080_,1.14
_04086_,1.14
_04105_,1.14
_04113_,1.14
_04128_,1.14
_04143_,1.14
_04153_,1.14
_04165_,1.14
_04171_,1.14
_04178_,1.14
_04216_,1.14
_04225_,1.14
_04241_,1.14
_04247_,1.14
_04255_,1.14
_04267_,1.14
_04274_,1.14
_04279_,1.14
_04293_,1.14
_04307_,1.14
_04315_,1.14
_04320_,1.14
_04326_,1.14
_04340_,1.14
_04350_,1.14
_04363_,1.14
_04376_,1.14
_04405_,1.14
_04420_,1.14
_04459_,1.14
_04463_,1.14
_04467_,1.14
_04480_,1.14
_04488_,1.14
_04491_,1.14
_04494_,1.14
_04495_,1.14
_04504_,1.14
_04505_,1.14
_04509_,1.14
_04518_,1.14
_04534_,1.14
_04539_,1.14
_04550_,1.14
_04551_,1.14
_04576_,1.14
_04578_,1.14
_04583_,1.14
_04589_,1.14
_04609_,1.14
_04610_,1.14
_04631_,1.14
_04650_,1.14
_04651_,1.14
_04658_,1.14
_04666_,1.14
_04674_,1.14
_04692_,1.14
_04693_,1.14
_04708_,1.14
_04718_,1.14
_04723_,1.14
_04740_,1.14
_04756_,1.14
_04770_,1.14
_04801_,1.14
_04805_,1.14
_04812_,1.14
_04820_,1.14
_04824_,1.14
_04825_,1.14
_04827_,1.14
_04841_,1.14
_04992_,1.14
_05014_,1.14
_05027_,1.14
_05044_,1.14
_05054_,1.14
_05055_,1.14
_05057_,1.14
_05058_,1.14
_05060_,1.14
_05076_,1.14
_05081_,1.14
_05084_,1.14
_05090_,1.14
_05101_,1.14
_05108_,1.14
_05117_,1.14
_05119_,1.14
_05121_,1.14
_05122_,1.14
_05236_,1.14
_05243_,1.14
_05274_,1.14
_05278_,1.14
_05314_,1.14
_05343_,1.14
_05349_,1.14
_05352_,1.14
_05357_,1.14
_05363_,1.14
_05449_,1.14
_06606_,1.14
_07913_,1.14
_08921_,1.14
_09557_,1.14
_09956_,1.14
_10420_,1.14
_10743_,1.14
_11316_,1.14
_13787_,1.14
_14500_,1.14
_14880_,1.14
_14890_,1.14
_14943_,1.14
_14983_,1.14
_15017_,1.14
_15029_,1.14
_15083_,1.14
_15094_,1.14
_15101_,1.14
_15110_,1.14
_15160_,1.14
_15161_,1.14
_15186_,1.14
_15193_,1.14
_15200_,1.14
_15210_,1.14
_15222_,1.14
_15231_,1.14
_15236_,1.14
_15237_,1.14
_15242_,1.14
_15258_,1.14
_15259_,1.14
_15278_,1.14
_15286_,1.14
_15300_,1.14
_15315_,1.14
_15334_,1.14
_15355_,1.14
_15367_,1.14
_15397_,1.14
_15424_,1.14
_15440_,1.14
_15454_,1.14
_15456_,1.14
_15458_,1.14
_15461_,1.14
_15470_,1.14
_15472_,1.14
_15478_,1.14
_15489_,1.14
_15494_,1.14
_15502_,1.14
_15503_,1.14
_15513_,1.14
_15529_,1.14
_15544_,1.14
_15549_,1.14
_15560_,1.14
_15590_,1.14
_15592_,1.14
_15596_,1.14
_15631_,1.14
_15646_,1.14
_15661_,1.14
_15663_,1.14
_15666_,1.14
_15705_,1.14
_15707_,1.14
_15713_,1.14
_15715_,1.14
_15732_,1.14
_15764_,1.14
_15772_,1.14
_15780_,1.14
_15781_,1.14
_15787_,1.14
_15805_,1.14
_15819_,1.14
_15824_,1.14
_15825_,1.14
_15830_,1.14
_15843_,1.14
_15875_,1.14
_15905_,1.14
_15918_,1.14
_15927_,1.14
_15942_,1.14
_15987_,1.14
_16016_,1.14
_16042_,1.14
_16078_,1.14
_16085_,1.14
_16086_,1.14
_16088_,1.14
_16089_,1.14
_16145_,1.14
_16152_,1.14
_16166_,1.14
_16169_,1.14
_16170_,1.14
_16171_,1.14
_16172_,1.14
_16181_,1.14
_16182_,1.14
_16189_,1.14
_16190_,1.14
_16194_,1.14
_16204_,1.14
_16205_,1.14
_16207_,1.14
_16208_,1.14
_16214_,1.14
_16216_,1.14
_16226_,1.14
_16227_,1.14
_16244_,1.14
_16249_,1.14
_16252_,1.14
_16272_,1.14
_16273_,1.14
_16275_,1.14
_16284_,1.14
_16285_,1.14
_16286_,1.14
_16288_,1.14
_16292_,1.14
_16297_,1.14
_16386_,1.14
_16403_,1.14
_16419_,1.14
_16516_,1.14
_16517_,1.14
_16554_,1.14
_16559_,1.14
_16565_,1.14
_16590_,1.14
_16594_,1.14
_16613_,1.14
_16637_,1.14
_16651_,1.14
_16656_,1.14
_16660_,1.14
_16663_,1.14
_16664_,1.14
_16672_,1.14
_16673_,1.14
_16675_,1.14
_16677_,1.14
_16681_,1.14
_16687_,1.14
_16694_,1.14
_16760_,1.14
_16762_,1.14
_16764_,1.14
_16770_,1.14
_16786_,1.14
_16788_,1.14
_18167_,1.14
_18266_,1.14
_19466_,1.14
_19509_,1.14
u_aes128.round_key\[125\],1.14
u_auth_fsm.secret_key\[45\],1.14
u_uart_rx.rx_shift\[5\],1.14
_04698_,1.12
_09649_,1.1
_15219_,1.1
_01775_,1.085
_02056_,1.085
_02068_,1.085
_02206_,1.085
_02373_,1.085
_02405_,1.085
_02773_,1.085
_02917_,1.085
_02980_,1.085
_04421_,1.08
_16247_,1.06
_03621_,1.02
_06212_,1.02
_07027_,1.02
_09444_,1.02
_12551_,1.02
_13646_,1.02
_14063_,1.02
_14135_,1.02
_17455_,1.02
_18843_,1.02
_18856_,1.02
_19225_,1.02
_19418_,1.02
net1192,1.02
net1574,1.02
net2468,1.02
_05804_,0.92
_06084_,0.92
_06141_,0.92
_06908_,0.92
_07746_,0.92
_07752_,0.92
_07950_,0.92
_08475_,0.92
_08593_,0.92
_08810_,0.92
_09886_,0.92
_10768_,0.92
_10890_,0.92
_11362_,0.92
_11556_,0.92
_11640_,0.92
_11701_,0.92
_12306_,0.92
_12413_,0.92
_12576_,0.92
_12773_,0.92
_12906_,0.92
_12934_,0.92
_13333_,0.92
_13799_,0.92
_13825_,0.92
_13856_,0.92
_13875_,0.92
_13970_,0.92
_13992_,0.92
_14018_,0.92
_14173_,0.92
_14260_,0.92
_14267_,0.92
_14299_,0.92
_14524_,0.92
_14710_,0.92
_14732_,0.92
_14773_,0.92
_14862_,0.92
_14901_,0.92
_18548_,0.92
_19712_,0.92
u_auth_fsm.hist_valid\[0\],0.92
u_auth_fsm.secret_key\[11\],0.92
_16876_,0.86
_01380_,0.8
_01433_,0.8
_01439_,0.8
_03166_,0.8
_03207_,0.8
_03223_,0.8
_03227_,0.8
_03265_,0.8
_03267_,0.8
_03572_,0.8
_05641_,0.8
_07673_,0.8
_07869_,0.8
_09656_,0.8
_09802_,0.8
_10008_,0.8
_10042_,0.8
_11274_,0.8
_17786_,0.8
_18416_,0.8
_18442_,0.8
_18606_,0.8
_18954_,0.8
_19012_,0.8
_19392_,0.8
_05530_,0.46
_05721_,0.46
_07476_,0.46
_08295_,0.46
_08491_,0.46
_09620_,0.46
_10016_,0.46
_10188_,0.46
_10512_,0.46
_10824_,0.46
_11454_,0.46
_11507_,0.46
_11718_,0.46
_12455_,0.46
_12858_,0.46
_13258_,0.46
_13300_,0.46
_13634_,0.46
_13644_,0.46
_17907_,0.46
_18761_,0.46
_18814_,0.46
_19023_,0.46
_19194_,0.46
_19284_,0.46
u_auth_fsm.cooldown_cnt\[22\],0.46
u_auth_fsm.cur_nonce\[57\],0.46
u_auth_fsm.cur_nonce\[70\],0.46
u_auth_fsm.cur_nonce\[75\],0.46
u_auth_fsm.secret_key\[106\],0.46
u_auth_fsm.secret_key\[10\],0.46
u_auth_fsm.secret_key\[116\],0.46
u_auth_fsm.secret_key\[119\],0.46
u_auth_fsm.secret_key\[20\],0.46
u_auth_fsm.secret_key\[21\],0.46
u_auth_fsm.secret_key\[29\],0.46
u_auth_fsm.secret_key\[47\],0.46
u_auth_fsm.secret_key\[50\],0.46
u_auth_fsm.secret_key\[52\],0.46
u_auth_fsm.secret_key\[58\],0.46
u_auth_fsm.secret_key\[61\],0.46
u_auth_fsm.secret_key\[74\],0.46
u_auth_fsm.secret_key\[77\],0.46
u_auth_fsm.secret_key\[7\],0.46
u_auth_fsm.secret_key\[82\],0.46
u_auth_fsm.secret_key\[85\],0.46
u_auth_fsm.secret_key\[88\],0.46
u_auth_fsm.secret_key\[90\],0.46
u_auth_fsm.secret_key\[9\],0.46
u_auth_fsm.tx_byte\[4\],0.46
u_cmd_parser.nonce_reg\[112\],0.46
u_cmd_parser.nonce_reg\[117\],0.46
u_uart_rx.rx_shift\[4\],0.46
net465,0.46
net561,0.46
net570,0.46
net579,0.46
net589,0.46
net603,0.46
net613,0.46
net645,0.46
net680,0.46
net696,0.46
net1859,0.46
net2147,0.46
