OpenROAD 41a51eaf4ca2171c92ff38afb91eb37bbd3f36da 
This program is licensed under the BSD-3 license. See the LICENSE file for details.
Components of this program may be licensed under more restrictive licenses which must be honored.
[INFO]: Reading ODB at '/home/alexis/my_asic_projects/secure_asic_top/runs/run_6/results/routing/secure_asic_top.odb'…
define_corners Typical
read_liberty -corner Typical /home/alexis/PDKs/sky130A/libs.ref/sky130_fd_sc_hd/lib/sky130_fd_sc_hd__tt_025C_1v80.lib
Using 1e-12 for capacitance...
Using 1e+03 for resistance...
Using 1e-09 for time...
Using 1e+00 for voltage...
Using 1e-03 for current...
Using 1e-09 for power...
Using 1e-06 for distance...
Reading design constraints file at '/home/alexis/my_asic_projects/secure_asic_top/runs/run_6/tmp/17-secure_asic_top.sdc'…
Net: _07226_
  Pin: _32848_/B (sky130_fd_sc_hd__or2_1)
    Layer: met2
      Partial area ratio:    9.49
      Required ratio:    0.00 (Gate area) 
      Partial area ratio:   49.01
      Required ratio: 2778.20 (Side area) 
      Cumulative area ratio:   26.40
      Required ratio:    0.00 (Cumulative area) 
      Cumulative area ratio:  135.12
      Required ratio:    0.00 (Cumulative side area) 

    Layer: met1
      Partial area ratio:   16.91
      Required ratio:    0.00 (Gate area) 
      Partial area ratio:   86.11
      Required ratio:  400.00 (Side area) 
      Cumulative area ratio:   16.91
      Required ratio:    0.00 (Cumulative area) 
      Cumulative area ratio:   86.11
      Required ratio:    0.00 (Cumulative side area) 

    Layer: li1
      Partial area ratio:    0.00
      Required ratio:    0.00 (Gate area) 
      Partial area ratio:    0.00
      Required ratio:   75.00 (Side area) 
      Cumulative area ratio:    0.00
      Required ratio:    0.00 (Cumulative area) 
      Cumulative area ratio:    0.00
      Required ratio:    0.00 (Cumulative side area) 

    Layer: met3
      Partial area ratio:    2.66
      Required ratio:    0.00 (Gate area) 
      Partial area ratio:   14.96
      Required ratio: 2778.20 (Side area) 
      Cumulative area ratio:   29.06
      Required ratio:    0.00 (Cumulative area) 
      Cumulative area ratio:  150.08
      Required ratio:    0.00 (Cumulative side area) 

    Via: M2M3_PR
      Partial area ratio:    0.08
      Required ratio:    6.00 (Gate area) 
      Cumulative area ratio:    0.67
      Required ratio:    0.00 (Cumulative area) 

    Via: M1M2_PR
      Partial area ratio:    0.36
      Required ratio:    6.00 (Gate area) 
      Cumulative area ratio:    0.59
      Required ratio:    0.00 (Cumulative area) 

    Via: L1M1_PR
      Partial area ratio:    0.23
      Required ratio:    3.00 (Gate area) 
      Cumulative area ratio:    0.23
      Required ratio:    0.00 (Cumulative area) 

  Pin: _32841_/B (sky130_fd_sc_hd__or2_1)
    Layer: met3
      Partial area ratio:    2.66
      Required ratio:    0.00 (Gate area) 
      Partial area ratio:   14.96
      Required ratio: 2778.20 (Side area) 
      Cumulative area ratio:    3.01
      Required ratio:    0.00 (Cumulative area) 
      Cumulative area ratio:   17.46
      Required ratio:    0.00 (Cumulative side area) 

    Layer: met2
      Partial area ratio:    0.34
      Required ratio:    0.00 (Gate area) 
      Partial area ratio:    2.50
      Required ratio:  400.00 (Side area) 
      Cumulative area ratio:    0.34
      Required ratio:    0.00 (Cumulative area) 
      Cumulative area ratio:    2.50
      Required ratio:    0.00 (Cumulative side area) 

    Layer: met1
      Partial area ratio:    0.00
      Required ratio:    0.00 (Gate area) 
      Partial area ratio:    0.00
      Required ratio:  400.00 (Side area) 
      Cumulative area ratio:    0.00
      Required ratio:    0.00 (Cumulative area) 
      Cumulative area ratio:    0.00
      Required ratio:    0.00 (Cumulative side area) 

    Layer: li1
      Partial area ratio:    0.00
      Required ratio:    0.00 (Gate area) 
      Partial area ratio:    0.00
      Required ratio:   75.00 (Side area) 
      Cumulative area ratio:    0.00
      Required ratio:    0.00 (Cumulative area) 
      Cumulative area ratio:    0.00
      Required ratio:    0.00 (Cumulative side area) 

    Via: M2M3_PR
      Partial area ratio:    0.32
      Required ratio:    6.00 (Gate area) 
      Cumulative area ratio:    0.73
      Required ratio:    0.00 (Cumulative area) 

    Via: M1M2_PR
      Partial area ratio:    0.18
      Required ratio:    6.00 (Gate area) 
      Cumulative area ratio:    0.41
      Required ratio:    0.00 (Cumulative area) 

    Via: L1M1_PR
      Partial area ratio:    0.23
      Required ratio:    3.00 (Gate area) 
      Cumulative area ratio:    0.23
      Required ratio:    0.00 (Cumulative area) 

  Pin: _32856_/B (sky130_fd_sc_hd__or2_1)
    Layer: met2
      Partial area ratio:    9.49
      Required ratio:    0.00 (Gate area) 
      Partial area ratio:   49.01
      Required ratio: 2778.20 (Side area) 
      Cumulative area ratio:  120.22
      Required ratio:    0.00 (Cumulative area) 
      Cumulative area ratio:  613.57
      Required ratio:    0.00 (Cumulative side area) 

    Layer: met3
      Partial area ratio:    2.66
      Required ratio:    0.00 (Gate area) 
      Partial area ratio:   14.96
      Required ratio: 2778.20 (Side area) 
      Cumulative area ratio:  122.89
      Required ratio:    0.00 (Cumulative area) 
      Cumulative area ratio:  628.53
      Required ratio:    0.00 (Cumulative side area) 

    Layer: met1
      Partial area ratio:   93.82
      Required ratio:    0.00 (Gate area) 
      Partial area ratio:  478.44
      Required ratio:  400.00 (Side area) (VIOLATED)
      Cumulative area ratio:   93.82
      Required ratio:    0.00 (Cumulative area) 
      Cumulative area ratio:  478.44
      Required ratio:    0.00 (Cumulative side area) 

    Layer: li1
      Partial area ratio:    0.00
      Required ratio:    0.00 (Gate area) 
      Partial area ratio:    0.00
      Required ratio:   75.00 (Side area) 
      Cumulative area ratio:    0.00
      Required ratio:    0.00 (Cumulative area) 
      Cumulative area ratio:    0.00
      Required ratio:    0.00 (Cumulative side area) 

    Via: M2M3_PR
      Partial area ratio:    0.08
      Required ratio:    6.00 (Gate area) 
      Cumulative area ratio:    1.02
      Required ratio:    0.00 (Cumulative area) 

    Via: M1M2_PR
      Partial area ratio:    0.36
      Required ratio:    6.00 (Gate area) 
      Cumulative area ratio:    0.59
      Required ratio:    0.00 (Cumulative area) 

    Via: L1M1_PR
      Partial area ratio:    0.23
      Required ratio:    3.00 (Gate area) 
      Cumulative area ratio:    0.23
      Required ratio:    0.00 (Cumulative area) 

  Pin: _32811_/B (sky130_fd_sc_hd__or2_1)
    Layer: met2
      Partial area ratio:    9.49
      Required ratio:    0.00 (Gate area) 
      Partial area ratio:   49.01
      Required ratio: 2778.20 (Side area) 
      Cumulative area ratio:  143.87
      Required ratio:    0.00 (Cumulative area) 
      Cumulative area ratio:  735.68
      Required ratio:    0.00 (Cumulative side area) 

    Layer: met3
      Partial area ratio:    2.66
      Required ratio:    0.00 (Gate area) 
      Partial area ratio:   14.96
      Required ratio: 2778.20 (Side area) 
      Cumulative area ratio:  146.53
      Required ratio:    0.00 (Cumulative area) 
      Cumulative area ratio:  750.64
      Required ratio:    0.00 (Cumulative side area) 

    Layer: met1
      Partial area ratio:   23.64
      Required ratio:    0.00 (Gate area) 
      Partial area ratio:  122.11
      Required ratio:  400.00 (Side area) 
      Cumulative area ratio:   23.64
      Required ratio:    0.00 (Cumulative area) 
      Cumulative area ratio:  122.11
      Required ratio:    0.00 (Cumulative side area) 

    Layer: li1
      Partial area ratio:    0.00
      Required ratio:    0.00 (Gate area) 
      Partial area ratio:    0.00
      Required ratio:   75.00 (Side area) 
      Cumulative area ratio:    0.00
      Required ratio:    0.00 (Cumulative area) 
      Cumulative area ratio:    0.00
      Required ratio:    0.00 (Cumulative side area) 

    Via: M2M3_PR
      Partial area ratio:    0.08
      Required ratio:    6.00 (Gate area) 
      Cumulative area ratio:    1.56
      Required ratio:    0.00 (Cumulative area) 

    Via: M1M2_PR
      Partial area ratio:    0.54
      Required ratio:    6.00 (Gate area) 
      Cumulative area ratio:    0.77
      Required ratio:    0.00 (Cumulative area) 

    Via: L1M1_PR
      Partial area ratio:    0.23
      Required ratio:    3.00 (Gate area) 
      Cumulative area ratio:    0.23
      Required ratio:    0.00 (Cumulative area) 

  Pin: _32814_/B (sky130_fd_sc_hd__or2_1)
    Layer: met2
      Partial area ratio:    9.49
      Required ratio:    0.00 (Gate area) 
      Partial area ratio:   49.01
      Required ratio: 2778.20 (Side area) 
      Cumulative area ratio:  153.38
      Required ratio:    0.00 (Cumulative area) 
      Cumulative area ratio:  784.79
      Required ratio:    0.00 (Cumulative side area) 

    Layer: met3
      Partial area ratio:    2.66
      Required ratio:    0.00 (Gate area) 
      Partial area ratio:   14.96
      Required ratio: 2778.20 (Side area) 
      Cumulative area ratio:  156.04
      Required ratio:    0.00 (Cumulative area) 
      Cumulative area ratio:  799.75
      Required ratio:    0.00 (Cumulative side area) 

    Layer: met1
      Partial area ratio:    9.51
      Required ratio:    0.00 (Gate area) 
      Partial area ratio:   49.11
      Required ratio:  400.00 (Side area) 
      Cumulative area ratio:    9.51
      Required ratio:    0.00 (Cumulative area) 
      Cumulative area ratio:   49.11
      Required ratio:    0.00 (Cumulative side area) 

    Layer: li1
      Partial area ratio:    0.00
      Required ratio:    0.00 (Gate area) 
      Partial area ratio:    0.00
      Required ratio:   75.00 (Side area) 
      Cumulative area ratio:    0.00
      Required ratio:    0.00 (Cumulative area) 
      Cumulative area ratio:    0.00
      Required ratio:    0.00 (Cumulative side area) 

    Via: M2M3_PR
      Partial area ratio:    0.08
      Required ratio:    6.00 (Gate area) 
      Cumulative area ratio:    1.92
      Required ratio:    0.00 (Cumulative area) 

    Via: M1M2_PR
      Partial area ratio:    0.36
      Required ratio:    6.00 (Gate area) 
      Cumulative area ratio:    0.59
      Required ratio:    0.00 (Cumulative area) 

    Via: L1M1_PR
      Partial area ratio:    0.23
      Required ratio:    3.00 (Gate area) 
      Cumulative area ratio:    0.23
      Required ratio:    0.00 (Cumulative area) 

  Pin: _32817_/B (sky130_fd_sc_hd__or2_1)
    Layer: met2
      Partial area ratio:    9.49
      Required ratio:    0.00 (Gate area) 
      Partial area ratio:   49.01
      Required ratio: 2778.20 (Side area) 
      Cumulative area ratio:  159.56
      Required ratio:    0.00 (Cumulative area) 
      Cumulative area ratio:  817.24
      Required ratio:    0.00 (Cumulative side area) 

    Layer: met3
      Partial area ratio:    2.66
      Required ratio:    0.00 (Gate area) 
      Partial area ratio:   14.96
      Required ratio: 2778.20 (Side area) 
      Cumulative area ratio:  162.22
      Required ratio:    0.00 (Cumulative area) 
      Cumulative area ratio:  832.19
      Required ratio:    0.00 (Cumulative side area) 

    Layer: met1
      Partial area ratio:    6.18
      Required ratio:    0.00 (Gate area) 
      Partial area ratio:   32.44
      Required ratio:  400.00 (Side area) 
      Cumulative area ratio:    6.18
      Required ratio:    0.00 (Cumulative area) 
      Cumulative area ratio:   32.44
      Required ratio:    0.00 (Cumulative side area) 

    Layer: li1
      Partial area ratio:    0.00
      Required ratio:    0.00 (Gate area) 
      Partial area ratio:    0.00
      Required ratio:   75.00 (Side area) 
      Cumulative area ratio:    0.00
      Required ratio:    0.00 (Cumulative area) 
      Cumulative area ratio:    0.00
      Required ratio:    0.00 (Cumulative side area) 

    Via: M2M3_PR
      Partial area ratio:    0.08
      Required ratio:    6.00 (Gate area) 
      Cumulative area ratio:    2.09
      Required ratio:    0.00 (Cumulative area) 

    Via: M1M2_PR
      Partial area ratio:    0.18
      Required ratio:    6.00 (Gate area) 
      Cumulative area ratio:    0.41
      Required ratio:    0.00 (Cumulative area) 

    Via: L1M1_PR
      Partial area ratio:    0.23
      Required ratio:    3.00 (Gate area) 
      Cumulative area ratio:    0.23
      Required ratio:    0.00 (Cumulative area) 

  Pin: _32790_/B (sky130_fd_sc_hd__or2_1)
    Layer: met2
      Partial area ratio:    9.49
      Required ratio:    0.00 (Gate area) 
      Partial area ratio:   49.01
      Required ratio: 2778.20 (Side area) 
      Cumulative area ratio:  143.87
      Required ratio:    0.00 (Cumulative area) 
      Cumulative area ratio:  735.68
      Required ratio:    0.00 (Cumulative side area) 

    Layer: met3
      Partial area ratio:    2.66
      Required ratio:    0.00 (Gate area) 
      Partial area ratio:   14.96
      Required ratio: 2778.20 (Side area) 
      Cumulative area ratio:  146.53
      Required ratio:    0.00 (Cumulative area) 
      Cumulative area ratio:  750.64
      Required ratio:    0.00 (Cumulative side area) 

    Layer: met1
      Partial area ratio:    0.00
      Required ratio:    0.00 (Gate area) 
      Partial area ratio:    0.00
      Required ratio:  400.00 (Side area) 
      Cumulative area ratio:    0.00
      Required ratio:    0.00 (Cumulative area) 
      Cumulative area ratio:    0.00
      Required ratio:    0.00 (Cumulative side area) 

    Layer: li1
      Partial area ratio:    0.00
      Required ratio:    0.00 (Gate area) 
      Partial area ratio:    0.00
      Required ratio:   75.00 (Side area) 
      Cumulative area ratio:    0.00
      Required ratio:    0.00 (Cumulative area) 
      Cumulative area ratio:    0.00
      Required ratio:    0.00 (Cumulative side area) 

    Via: M2M3_PR
      Partial area ratio:    0.08
      Required ratio:    6.00 (Gate area) 
      Cumulative area ratio:    1.74
      Required ratio:    0.00 (Cumulative area) 

    Via: M1M2_PR
      Partial area ratio:    0.18
      Required ratio:    6.00 (Gate area) 
      Cumulative area ratio:    0.41
      Required ratio:    0.00 (Cumulative area) 

    Via: L1M1_PR
      Partial area ratio:    0.23
      Required ratio:    3.00 (Gate area) 
      Cumulative area ratio:    0.23
      Required ratio:    0.00 (Cumulative area) 

  Pin: _32794_/B (sky130_fd_sc_hd__or2_1)
    Layer: met2
      Partial area ratio:    9.49
      Required ratio:    0.00 (Gate area) 
      Partial area ratio:   49.01
      Required ratio: 2778.20 (Side area) 
      Cumulative area ratio:  148.16
      Required ratio:    0.00 (Cumulative area) 
      Cumulative area ratio:  759.46
      Required ratio:    0.00 (Cumulative side area) 

    Layer: met3
      Partial area ratio:    2.66
      Required ratio:    0.00 (Gate area) 
      Partial area ratio:   14.96
      Required ratio: 2778.20 (Side area) 
      Cumulative area ratio:  150.82
      Required ratio:    0.00 (Cumulative area) 
      Cumulative area ratio:  774.42
      Required ratio:    0.00 (Cumulative side area) 

    Layer: met1
      Partial area ratio:    4.29
      Required ratio:    0.00 (Gate area) 
      Partial area ratio:   23.78
      Required ratio:  400.00 (Side area) 
      Cumulative area ratio:    4.29
      Required ratio:    0.00 (Cumulative area) 
      Cumulative area ratio:   23.78
      Required ratio:    0.00 (Cumulative side area) 

    Layer: li1
      Partial area ratio:    0.00
      Required ratio:    0.00 (Gate area) 
      Partial area ratio:    0.00
      Required ratio:   75.00 (Side area) 
      Cumulative area ratio:    0.00
      Required ratio:    0.00 (Cumulative area) 
      Cumulative area ratio:    0.00
      Required ratio:    0.00 (Cumulative side area) 

    Via: M2M3_PR
      Partial area ratio:    0.08
      Required ratio:    6.00 (Gate area) 
      Cumulative area ratio:    1.74
      Required ratio:    0.00 (Cumulative area) 

    Via: M1M2_PR
      Partial area ratio:    0.18
      Required ratio:    6.00 (Gate area) 
      Cumulative area ratio:    0.41
      Required ratio:    0.00 (Cumulative area) 

    Via: L1M1_PR
      Partial area ratio:    0.23
      Required ratio:    3.00 (Gate area) 
      Cumulative area ratio:    0.23
      Required ratio:    0.00 (Cumulative area) 

  Pin: _32800_/B (sky130_fd_sc_hd__or2_1)
    Layer: met2
      Partial area ratio:    0.34
      Required ratio:    0.00 (Gate area) 
      Partial area ratio:    2.50
      Required ratio:  400.00 (Side area) 
      Cumulative area ratio:    3.08
      Required ratio:    0.00 (Cumulative area) 
      Cumulative area ratio:   17.72
      Required ratio:    0.00 (Cumulative side area) 

    Layer: met1
      Partial area ratio:    2.73
      Required ratio:    0.00 (Gate area) 
      Partial area ratio:   15.22
      Required ratio:  400.00 (Side area) 
      Cumulative area ratio:    2.73
      Required ratio:    0.00 (Cumulative area) 
      Cumulative area ratio:   15.22
      Required ratio:    0.00 (Cumulative side area) 

    Layer: li1
      Partial area ratio:    0.00
      Required ratio:    0.00 (Gate area) 
      Partial area ratio:    0.00
      Required ratio:   75.00 (Side area) 
      Cumulative area ratio:    0.00
      Required ratio:    0.00 (Cumulative area) 
      Cumulative area ratio:    0.00
      Required ratio:    0.00 (Cumulative side area) 

    Via: M2M3_PR
      Partial area ratio:    0.32
      Required ratio:    6.00 (Gate area) 
      Cumulative area ratio:    0.73
      Required ratio:    0.00 (Cumulative area) 

    Via: M1M2_PR
      Partial area ratio:    0.18
      Required ratio:    6.00 (Gate area) 
      Cumulative area ratio:    0.41
      Required ratio:    0.00 (Cumulative area) 

    Via: L1M1_PR
      Partial area ratio:    0.23
      Required ratio:    3.00 (Gate area) 
      Cumulative area ratio:    0.23
      Required ratio:    0.00 (Cumulative area) 

  Pin: _32834_/B (sky130_fd_sc_hd__or2_1)
    Layer: met2
      Partial area ratio:    9.49
      Required ratio:    0.00 (Gate area) 
      Partial area ratio:   49.01
      Required ratio: 2778.20 (Side area) 
      Cumulative area ratio:  120.22
      Required ratio:    0.00 (Cumulative area) 
      Cumulative area ratio:  613.57
      Required ratio:    0.00 (Cumulative side area) 

    Layer: met3
      Partial area ratio:    2.66
      Required ratio:    0.00 (Gate area) 
      Partial area ratio:   14.96
      Required ratio: 2778.20 (Side area) 
      Cumulative area ratio:  122.89
      Required ratio:    0.00 (Cumulative area) 
      Cumulative area ratio:  628.53
      Required ratio:    0.00 (Cumulative side area) 

    Layer: met1
      Partial area ratio:    0.00
      Required ratio:    0.00 (Gate area) 
      Partial area ratio:    0.00
      Required ratio:  400.00 (Side area) 
      Cumulative area ratio:    0.00
      Required ratio:    0.00 (Cumulative area) 
      Cumulative area ratio:    0.00
      Required ratio:    0.00 (Cumulative side area) 

    Layer: li1
      Partial area ratio:    0.00
      Required ratio:    0.00 (Gate area) 
      Partial area ratio:    0.00
      Required ratio:   75.00 (Side area) 
      Cumulative area ratio:    0.00
      Required ratio:    0.00 (Cumulative area) 
      Cumulative area ratio:    0.00
      Required ratio:    0.00 (Cumulative side area) 

    Via: M2M3_PR
      Partial area ratio:    0.08
      Required ratio:    6.00 (Gate area) 
      Cumulative area ratio:    1.20
      Required ratio:    0.00 (Cumulative area) 

    Via: M1M2_PR
      Partial area ratio:    0.18
      Required ratio:    6.00 (Gate area) 
      Cumulative area ratio:    0.41
      Required ratio:    0.00 (Cumulative area) 

    Via: L1M1_PR
      Partial area ratio:    0.23
      Required ratio:    3.00 (Gate area) 
      Cumulative area ratio:    0.23
      Required ratio:    0.00 (Cumulative area) 


Net: _09119_
  Pin: _34894_/A2 (sky130_fd_sc_hd__a31o_1)
    Layer: met4
      Partial area ratio:   18.02
      Required ratio:    0.00 (Gate area) 
      Partial area ratio:   98.24
      Required ratio: 3172.40 (Side area) 
      Cumulative area ratio:   19.99
      Required ratio:    0.00 (Cumulative area) 
      Cumulative area ratio:  110.64
      Required ratio:    0.00 (Cumulative side area) 

    Layer: met3
      Partial area ratio:    0.64
      Required ratio:    0.00 (Gate area) 
      Partial area ratio:    5.37
      Required ratio:  400.00 (Side area) 
      Cumulative area ratio:    1.97
      Required ratio:    0.00 (Cumulative area) 
      Cumulative area ratio:   12.41
      Required ratio:    0.00 (Cumulative side area) 

    Layer: met2
      Partial area ratio:    1.33
      Required ratio:    0.00 (Gate area) 
      Partial area ratio:    7.04
      Required ratio:  400.00 (Side area) 
      Cumulative area ratio:    1.33
      Required ratio:    0.00 (Cumulative area) 
      Cumulative area ratio:    7.04
      Required ratio:    0.00 (Cumulative side area) 

    Layer: met1
      Partial area ratio:    0.00
      Required ratio:    0.00 (Gate area) 
      Partial area ratio:    0.00
      Required ratio:  400.00 (Side area) 
      Cumulative area ratio:    0.00
      Required ratio:    0.00 (Cumulative area) 
      Cumulative area ratio:    0.00
      Required ratio:    0.00 (Cumulative side area) 

    Layer: li1
      Partial area ratio:    0.00
      Required ratio:    0.00 (Gate area) 
      Partial area ratio:    0.00
      Required ratio:   75.00 (Side area) 
      Cumulative area ratio:    0.00
      Required ratio:    0.00 (Cumulative area) 
      Cumulative area ratio:    0.00
      Required ratio:    0.00 (Cumulative side area) 

    Via: M3M4_PR
      Partial area ratio:    0.16
      Required ratio:    6.00 (Gate area) 
      Cumulative area ratio:    0.53
      Required ratio:    0.00 (Cumulative area) 

    Via: M2M3_PR
      Partial area ratio:    0.16
      Required ratio:    6.00 (Gate area) 
      Cumulative area ratio:    0.37
      Required ratio:    0.00 (Cumulative area) 

    Via: M1M2_PR
      Partial area ratio:    0.09
      Required ratio:    6.00 (Gate area) 
      Cumulative area ratio:    0.21
      Required ratio:    0.00 (Cumulative area) 

    Via: L1M1_PR
      Partial area ratio:    0.12
      Required ratio:    3.00 (Gate area) 
      Cumulative area ratio:    0.12
      Required ratio:    0.00 (Cumulative area) 

  Pin: _34822_/B (sky130_fd_sc_hd__and4_1)
    Layer: met4
      Partial area ratio:   18.02
      Required ratio:    0.00 (Gate area) 
      Partial area ratio:   98.24
      Required ratio: 3172.40 (Side area) 
      Cumulative area ratio:  178.69
      Required ratio:    0.00 (Cumulative area) 
      Cumulative area ratio:  973.64
      Required ratio:    0.00 (Cumulative side area) 

    Layer: met3
      Partial area ratio:  151.95
      Required ratio:    0.00 (Gate area) 
      Partial area ratio:  829.46
      Required ratio:  400.00 (Side area) (VIOLATED)
      Cumulative area ratio:  160.67
      Required ratio:    0.00 (Cumulative area) 
      Cumulative area ratio:  875.40
      Required ratio:    0.00 (Cumulative side area) 

    Layer: met2
      Partial area ratio:    8.72
      Required ratio:    0.00 (Gate area) 
      Partial area ratio:   45.94
      Required ratio:  400.00 (Side area) 
      Cumulative area ratio:    8.72
      Required ratio:    0.00 (Cumulative area) 
      Cumulative area ratio:   45.94
      Required ratio:    0.00 (Cumulative side area) 

    Layer: met1
      Partial area ratio:    0.00
      Required ratio:    0.00 (Gate area) 
      Partial area ratio:    0.00
      Required ratio:  400.00 (Side area) 
      Cumulative area ratio:    0.00
      Required ratio:    0.00 (Cumulative area) 
      Cumulative area ratio:    0.00
      Required ratio:    0.00 (Cumulative side area) 

    Layer: li1
      Partial area ratio:    0.00
      Required ratio:    0.00 (Gate area) 
      Partial area ratio:    0.00
      Required ratio:   75.00 (Side area) 
      Cumulative area ratio:    0.00
      Required ratio:    0.00 (Cumulative area) 
      Cumulative area ratio:    0.00
      Required ratio:    0.00 (Cumulative side area) 

    Via: M3M4_PR
      Partial area ratio:    0.63
      Required ratio:    6.00 (Gate area) 
      Cumulative area ratio:    1.36
      Required ratio:    0.00 (Cumulative area) 

    Via: M2M3_PR
      Partial area ratio:    0.32
      Required ratio:    6.00 (Gate area) 
      Cumulative area ratio:    0.73
      Required ratio:    0.00 (Cumulative area) 

    Via: M1M2_PR
      Partial area ratio:    0.18
      Required ratio:    6.00 (Gate area) 
      Cumulative area ratio:    0.41
      Required ratio:    0.00 (Cumulative area) 

    Via: L1M1_PR
      Partial area ratio:    0.23
      Required ratio:    3.00 (Gate area) 
      Cumulative area ratio:    0.23
      Required ratio:    0.00 (Cumulative area) 

  Pin: _34931_/A3 (sky130_fd_sc_hd__a41o_1)
    Layer: met4
      Partial area ratio:   18.02
      Required ratio:    0.00 (Gate area) 
      Partial area ratio:   98.24
      Required ratio: 3172.40 (Side area) 
      Cumulative area ratio:  173.25
      Required ratio:    0.00 (Cumulative area) 
      Cumulative area ratio:  947.01
      Required ratio:    0.00 (Cumulative side area) 

    Layer: met3
      Partial area ratio:    1.76
      Required ratio:    0.00 (Gate area) 
      Partial area ratio:   11.31
      Required ratio:  400.00 (Side area) 
      Cumulative area ratio:    3.28
      Required ratio:    0.00 (Cumulative area) 
      Cumulative area ratio:   19.32
      Required ratio:    0.00 (Cumulative side area) 

    Layer: met2
      Partial area ratio:    1.52
      Required ratio:    0.00 (Gate area) 
      Partial area ratio:    8.00
      Required ratio:  400.00 (Side area) 
      Cumulative area ratio:    1.52
      Required ratio:    0.00 (Cumulative area) 
      Cumulative area ratio:    8.00
      Required ratio:    0.00 (Cumulative side area) 

    Layer: met1
      Partial area ratio:    0.00
      Required ratio:    0.00 (Gate area) 
      Partial area ratio:    0.00
      Required ratio:  400.00 (Side area) 
      Cumulative area ratio:    0.00
      Required ratio:    0.00 (Cumulative area) 
      Cumulative area ratio:    0.00
      Required ratio:    0.00 (Cumulative side area) 

    Layer: li1
      Partial area ratio:    0.00
      Required ratio:    0.00 (Gate area) 
      Partial area ratio:    0.00
      Required ratio:   75.00 (Side area) 
      Cumulative area ratio:    0.00
      Required ratio:    0.00 (Cumulative area) 
      Cumulative area ratio:    0.00
      Required ratio:    0.00 (Cumulative side area) 

    Via: M3M4_PR
      Partial area ratio:    0.16
      Required ratio:    6.00 (Gate area) 
      Cumulative area ratio:    0.53
      Required ratio:    0.00 (Cumulative area) 

    Via: M2M3_PR
      Partial area ratio:    0.16
      Required ratio:    6.00 (Gate area) 
      Cumulative area ratio:    0.37
      Required ratio:    0.00 (Cumulative area) 

    Via: M1M2_PR
      Partial area ratio:    0.09
      Required ratio:    6.00 (Gate area) 
      Cumulative area ratio:    0.21
      Required ratio:    0.00 (Cumulative area) 

    Via: L1M1_PR
      Partial area ratio:    0.12
      Required ratio:    3.00 (Gate area) 
      Cumulative area ratio:    0.12
      Required ratio:    0.00 (Cumulative area) 

  Pin: _34772_/B1 (sky130_fd_sc_hd__o311a_1)
    Layer: met3
      Partial area ratio:   14.35
      Required ratio:    0.00 (Gate area) 
      Partial area ratio:   79.42
      Required ratio: 3172.40 (Side area) 
      Cumulative area ratio:   15.78
      Required ratio:    0.00 (Cumulative area) 
      Cumulative area ratio:   87.76
      Required ratio:    0.00 (Cumulative side area) 

    Layer: met4
      Partial area ratio:   18.02
      Required ratio:    0.00 (Gate area) 
      Partial area ratio:   98.24
      Required ratio: 3172.40 (Side area) 
      Cumulative area ratio:   33.79
      Required ratio:    0.00 (Cumulative area) 
      Cumulative area ratio:  186.00
      Required ratio:    0.00 (Cumulative side area) 

    Layer: met2
      Partial area ratio:    0.56
      Required ratio:    0.00 (Gate area) 
      Partial area ratio:    3.20
      Required ratio:  400.00 (Side area) 
      Cumulative area ratio:    1.43
      Required ratio:    0.00 (Cumulative area) 
      Cumulative area ratio:    8.34
      Required ratio:    0.00 (Cumulative side area) 

    Layer: met1
      Partial area ratio:    0.87
      Required ratio:    0.00 (Gate area) 
      Partial area ratio:    5.15
      Required ratio:  400.00 (Side area) 
      Cumulative area ratio:    0.87
      Required ratio:    0.00 (Cumulative area) 
      Cumulative area ratio:    5.15
      Required ratio:    0.00 (Cumulative side area) 

    Layer: li1
      Partial area ratio:    0.00
      Required ratio:    0.00 (Gate area) 
      Partial area ratio:    0.00
      Required ratio:   75.00 (Side area) 
      Cumulative area ratio:    0.00
      Required ratio:    0.00 (Cumulative area) 
      Cumulative area ratio:    0.00
      Required ratio:    0.00 (Cumulative side area) 

    Via: M3M4_PR
      Partial area ratio:    0.08
      Required ratio:    6.00 (Gate area) 
      Cumulative area ratio:    0.45
      Required ratio:    0.00 (Cumulative area) 

    Via: M2M3_PR
      Partial area ratio:    0.16
      Required ratio:    6.00 (Gate area) 
      Cumulative area ratio:    0.37
      Required ratio:    0.00 (Cumulative area) 

    Via: M1M2_PR
      Partial area ratio:    0.09
      Required ratio:    6.00 (Gate area) 
      Cumulative area ratio:    0.21
      Required ratio:    0.00 (Cumulative area) 

    Via: L1M1_PR
      Partial area ratio:    0.12
      Required ratio:    3.00 (Gate area) 
      Cumulative area ratio:    0.12
      Required ratio:    0.00 (Cumulative area) 

  Pin: _34765_/B (sky130_fd_sc_hd__nor2_1)
    Layer: met3
      Partial area ratio:   14.35
      Required ratio:    0.00 (Gate area) 
      Partial area ratio:   79.42
      Required ratio: 3172.40 (Side area) 
      Cumulative area ratio:   17.52
      Required ratio:    0.00 (Cumulative area) 
      Cumulative area ratio:   96.47
      Required ratio:    0.00 (Cumulative side area) 

    Layer: met4
      Partial area ratio:   18.02
      Required ratio:    0.00 (Gate area) 
      Partial area ratio:   98.24
      Required ratio: 3172.40 (Side area) 
      Cumulative area ratio:   35.53
      Required ratio:    0.00 (Cumulative area) 
      Cumulative area ratio:  194.71
      Required ratio:    0.00 (Cumulative side area) 

    Layer: met2
      Partial area ratio:    2.05
      Required ratio:    0.00 (Gate area) 
      Partial area ratio:   11.06
      Required ratio:  400.00 (Side area) 
      Cumulative area ratio:    3.17
      Required ratio:    0.00 (Cumulative area) 
      Cumulative area ratio:   17.05
      Required ratio:    0.00 (Cumulative side area) 

    Layer: met1
      Partial area ratio:    1.12
      Required ratio:    0.00 (Gate area) 
      Partial area ratio:    6.00
      Required ratio:  400.00 (Side area) 
      Cumulative area ratio:    1.12
      Required ratio:    0.00 (Cumulative area) 
      Cumulative area ratio:    6.00
      Required ratio:    0.00 (Cumulative side area) 

    Layer: li1
      Partial area ratio:    0.00
      Required ratio:    0.00 (Gate area) 
      Partial area ratio:    0.00
      Required ratio:   75.00 (Side area) 
      Cumulative area ratio:    0.00
      Required ratio:    0.00 (Cumulative area) 
      Cumulative area ratio:    0.00
      Required ratio:    0.00 (Cumulative side area) 

    Via: M3M4_PR
      Partial area ratio:    0.08
      Required ratio:    6.00 (Gate area) 
      Cumulative area ratio:    0.45
      Required ratio:    0.00 (Cumulative area) 

    Via: M2M3_PR
      Partial area ratio:    0.16
      Required ratio:    6.00 (Gate area) 
      Cumulative area ratio:    0.37
      Required ratio:    0.00 (Cumulative area) 

    Via: M1M2_PR
      Partial area ratio:    0.09
      Required ratio:    6.00 (Gate area) 
      Cumulative area ratio:    0.21
      Required ratio:    0.00 (Cumulative area) 

    Via: L1M1_PR
      Partial area ratio:    0.12
      Required ratio:    3.00 (Gate area) 
      Cumulative area ratio:    0.12
      Required ratio:    0.00 (Cumulative area) 


Net: _09370_
  Pin: _35062_/B (sky130_fd_sc_hd__or3_1)
    Layer: met4
      Partial area ratio:   10.72
      Required ratio:    0.00 (Gate area) 
      Partial area ratio:   57.92
      Required ratio: 3096.80 (Side area) 
      Cumulative area ratio:   20.48
      Required ratio:    0.00 (Cumulative area) 
      Cumulative area ratio:  109.92
      Required ratio:    0.00 (Cumulative side area) 

    Layer: met3
      Partial area ratio:    1.90
      Required ratio:    0.00 (Gate area) 
      Partial area ratio:   11.44
      Required ratio:  400.00 (Side area) 
      Cumulative area ratio:    9.76
      Required ratio:    0.00 (Cumulative area) 
      Cumulative area ratio:   52.00
      Required ratio:    0.00 (Cumulative side area) 

    Layer: met2
      Partial area ratio:    4.63
      Required ratio:    0.00 (Gate area) 
      Partial area ratio:   23.67
      Required ratio:  400.00 (Side area) 
      Cumulative area ratio:    7.85
      Required ratio:    0.00 (Cumulative area) 
      Cumulative area ratio:   40.56
      Required ratio:    0.00 (Cumulative side area) 

    Layer: met1
      Partial area ratio:    3.22
      Required ratio:    0.00 (Gate area) 
      Partial area ratio:   16.89
      Required ratio:  400.00 (Side area) 
      Cumulative area ratio:    3.22
      Required ratio:    0.00 (Cumulative area) 
      Cumulative area ratio:   16.89
      Required ratio:    0.00 (Cumulative side area) 

    Layer: li1
      Partial area ratio:    0.00
      Required ratio:    0.00 (Gate area) 
      Partial area ratio:    0.00
      Required ratio:   75.00 (Side area) 
      Cumulative area ratio:    0.00
      Required ratio:    0.00 (Cumulative area) 
      Cumulative area ratio:    0.00
      Required ratio:    0.00 (Cumulative side area) 

    Via: M3M4_PR
      Partial area ratio:    0.11
      Required ratio:    6.00 (Gate area) 
      Cumulative area ratio:    0.62
      Required ratio:    0.00 (Cumulative area) 

    Via: M2M3_PR
      Partial area ratio:    0.11
      Required ratio:    6.00 (Gate area) 
      Cumulative area ratio:    0.52
      Required ratio:    0.00 (Cumulative area) 

    Via: M1M2_PR
      Partial area ratio:    0.18
      Required ratio:    6.00 (Gate area) 
      Cumulative area ratio:    0.41
      Required ratio:    0.00 (Cumulative area) 

    Via: L1M1_PR
      Partial area ratio:    0.23
      Required ratio:    3.00 (Gate area) 
      Cumulative area ratio:    0.23
      Required ratio:    0.00 (Cumulative area) 

  Pin: _35180_/A1 (sky130_fd_sc_hd__a221o_1)
    Layer: met4
      Partial area ratio:   10.72
      Required ratio:    0.00 (Gate area) 
      Partial area ratio:   57.92
      Required ratio: 3096.80 (Side area) 
      Cumulative area ratio:   19.77
      Required ratio:    0.00 (Cumulative area) 
      Cumulative area ratio:  106.77
      Required ratio:    0.00 (Cumulative side area) 

    Layer: met3
      Partial area ratio:    1.90
      Required ratio:    0.00 (Gate area) 
      Partial area ratio:   11.44
      Required ratio:  400.00 (Side area) 
      Cumulative area ratio:    9.04
      Required ratio:    0.00 (Cumulative area) 
      Cumulative area ratio:   48.85
      Required ratio:    0.00 (Cumulative side area) 

    Layer: met2
      Partial area ratio:    4.63
      Required ratio:    0.00 (Gate area) 
      Partial area ratio:   23.67
      Required ratio:  400.00 (Side area) 
      Cumulative area ratio:    7.14
      Required ratio:    0.00 (Cumulative area) 
      Cumulative area ratio:   37.42
      Required ratio:    0.00 (Cumulative side area) 

    Layer: met1
      Partial area ratio:    2.51
      Required ratio:    0.00 (Gate area) 
      Partial area ratio:   13.75
      Required ratio:  400.00 (Side area) 
      Cumulative area ratio:    2.51
      Required ratio:    0.00 (Cumulative area) 
      Cumulative area ratio:   13.75
      Required ratio:    0.00 (Cumulative side area) 

    Layer: li1
      Partial area ratio:    0.00
      Required ratio:    0.00 (Gate area) 
      Partial area ratio:    0.00
      Required ratio:   75.00 (Side area) 
      Cumulative area ratio:    0.00
      Required ratio:    0.00 (Cumulative area) 
      Cumulative area ratio:    0.00
      Required ratio:    0.00 (Cumulative side area) 

    Via: M3M4_PR
      Partial area ratio:    0.11
      Required ratio:    6.00 (Gate area) 
      Cumulative area ratio:    0.42
      Required ratio:    0.00 (Cumulative area) 

    Via: M2M3_PR
      Partial area ratio:    0.11
      Required ratio:    6.00 (Gate area) 
      Cumulative area ratio:    0.31
      Required ratio:    0.00 (Cumulative area) 

    Via: M1M2_PR
      Partial area ratio:    0.09
      Required ratio:    6.00 (Gate area) 
      Cumulative area ratio:    0.21
      Required ratio:    0.00 (Cumulative area) 

    Via: L1M1_PR
      Partial area ratio:    0.12
      Required ratio:    3.00 (Gate area) 
      Cumulative area ratio:    0.12
      Required ratio:    0.00 (Cumulative area) 

  Pin: _35026_/B (sky130_fd_sc_hd__or4_1)
    Layer: met4
      Partial area ratio:   10.72
      Required ratio:    0.00 (Gate area) 
      Partial area ratio:   57.92
      Required ratio: 3096.80 (Side area) 
      Cumulative area ratio:   92.95
      Required ratio:    0.00 (Cumulative area) 
      Cumulative area ratio:  501.48
      Required ratio:    0.00 (Cumulative side area) 

    Layer: met3
      Partial area ratio:   81.21
      Required ratio:    0.00 (Gate area) 
      Partial area ratio:  436.95
      Required ratio:  400.00 (Side area) (VIOLATED)
      Cumulative area ratio:   82.23
      Required ratio:    0.00 (Cumulative area) 
      Cumulative area ratio:  443.56
      Required ratio:    0.00 (Cumulative side area) 

    Layer: met2
      Partial area ratio:    0.34
      Required ratio:    0.00 (Gate area) 
      Partial area ratio:    2.50
      Required ratio:  400.00 (Side area) 
      Cumulative area ratio:    1.01
      Required ratio:    0.00 (Cumulative area) 
      Cumulative area ratio:    6.61
      Required ratio:    0.00 (Cumulative side area) 

    Layer: met1
      Partial area ratio:    0.67
      Required ratio:    0.00 (Gate area) 
      Partial area ratio:    4.11
      Required ratio:  400.00 (Side area) 
      Cumulative area ratio:    0.67
      Required ratio:    0.00 (Cumulative area) 
      Cumulative area ratio:    4.11
      Required ratio:    0.00 (Cumulative side area) 

    Layer: li1
      Partial area ratio:    0.00
      Required ratio:    0.00 (Gate area) 
      Partial area ratio:    0.00
      Required ratio:   75.00 (Side area) 
      Cumulative area ratio:    0.00
      Required ratio:    0.00 (Cumulative area) 
      Cumulative area ratio:    0.00
      Required ratio:    0.00 (Cumulative side area) 

    Via: M3M4_PR
      Partial area ratio:    0.32
      Required ratio:    6.00 (Gate area) 
      Cumulative area ratio:    1.04
      Required ratio:    0.00 (Cumulative area) 

    Via: M2M3_PR
      Partial area ratio:    0.32
      Required ratio:    6.00 (Gate area) 
      Cumulative area ratio:    0.73
      Required ratio:    0.00 (Cumulative area) 

    Via: M1M2_PR
      Partial area ratio:    0.18
      Required ratio:    6.00 (Gate area) 
      Cumulative area ratio:    0.41
      Required ratio:    0.00 (Cumulative area) 

    Via: L1M1_PR
      Partial area ratio:    0.23
      Required ratio:    3.00 (Gate area) 
      Cumulative area ratio:    0.23
      Required ratio:    0.00 (Cumulative area) 

  Pin: _35192_/A2 (sky130_fd_sc_hd__a21o_1)
    Layer: met3
      Partial area ratio:    0.21
      Required ratio:    0.00 (Gate area) 
      Partial area ratio:    1.79
      Required ratio:  400.00 (Side area) 
      Cumulative area ratio:   15.06
      Required ratio:    0.00 (Cumulative area) 
      Cumulative area ratio:   78.76
      Required ratio:    0.00 (Cumulative side area) 

    Layer: met2
      Partial area ratio:    3.57
      Required ratio:    0.00 (Gate area) 
      Partial area ratio:   18.26
      Required ratio:  400.00 (Side area) 
      Cumulative area ratio:   14.84
      Required ratio:    0.00 (Cumulative area) 
      Cumulative area ratio:   76.98
      Required ratio:    0.00 (Cumulative side area) 

    Layer: met1
      Partial area ratio:    0.00
      Required ratio:    0.00 (Gate area) 
      Partial area ratio:    0.00
      Required ratio:  400.00 (Side area) 
      Cumulative area ratio:    0.00
      Required ratio:    0.00 (Cumulative area) 
      Cumulative area ratio:    0.00
      Required ratio:    0.00 (Cumulative side area) 

    Layer: li1
      Partial area ratio:    0.00
      Required ratio:    0.00 (Gate area) 
      Partial area ratio:    0.00
      Required ratio:   75.00 (Side area) 
      Cumulative area ratio:    0.00
      Required ratio:    0.00 (Cumulative area) 
      Cumulative area ratio:    0.00
      Required ratio:    0.00 (Cumulative side area) 

    Via: M3M4_PR
      Partial area ratio:    0.05
      Required ratio:    6.00 (Gate area) 
      Cumulative area ratio:    0.50
      Required ratio:    0.00 (Cumulative area) 

    Via: M2M3_PR
      Partial area ratio:    0.05
      Required ratio:    6.00 (Gate area) 
      Cumulative area ratio:    0.44
      Required ratio:    0.00 (Cumulative area) 

    Via: M1M2_PR
      Partial area ratio:    0.09
      Required ratio:    6.00 (Gate area) 
      Cumulative area ratio:    0.21
      Required ratio:    0.00 (Cumulative area) 

    Via: L1M1_PR
      Partial area ratio:    0.12
      Required ratio:    3.00 (Gate area) 
      Cumulative area ratio:    0.12
      Required ratio:    0.00 (Cumulative area) 

  Pin: _35168_/A1 (sky130_fd_sc_hd__a221o_1)
    Layer: met3
      Partial area ratio:    0.21
      Required ratio:    0.00 (Gate area) 
      Partial area ratio:    1.79
      Required ratio:  400.00 (Side area) 
      Cumulative area ratio:   15.06
      Required ratio:    0.00 (Cumulative area) 
      Cumulative area ratio:   78.76
      Required ratio:    0.00 (Cumulative side area) 

    Layer: met2
      Partial area ratio:    3.57
      Required ratio:    0.00 (Gate area) 
      Partial area ratio:   18.26
      Required ratio:  400.00 (Side area) 
      Cumulative area ratio:   14.84
      Required ratio:    0.00 (Cumulative area) 
      Cumulative area ratio:   76.98
      Required ratio:    0.00 (Cumulative side area) 

    Layer: met1
      Partial area ratio:   11.27
      Required ratio:    0.00 (Gate area) 
      Partial area ratio:   58.72
      Required ratio:  400.00 (Side area) 
      Cumulative area ratio:   11.27
      Required ratio:    0.00 (Cumulative area) 
      Cumulative area ratio:   58.72
      Required ratio:    0.00 (Cumulative side area) 

    Layer: li1
      Partial area ratio:    0.00
      Required ratio:    0.00 (Gate area) 
      Partial area ratio:    0.00
      Required ratio:   75.00 (Side area) 
      Cumulative area ratio:    0.00
      Required ratio:    0.00 (Cumulative area) 
      Cumulative area ratio:    0.00
      Required ratio:    0.00 (Cumulative side area) 

    Via: M3M4_PR
      Partial area ratio:    0.05
      Required ratio:    6.00 (Gate area) 
      Cumulative area ratio:    0.41
      Required ratio:    0.00 (Cumulative area) 

    Via: M2M3_PR
      Partial area ratio:    0.05
      Required ratio:    6.00 (Gate area) 
      Cumulative area ratio:    0.35
      Required ratio:    0.00 (Cumulative area) 

    Via: M1M2_PR
      Partial area ratio:    0.18
      Required ratio:    6.00 (Gate area) 
      Cumulative area ratio:    0.30
      Required ratio:    0.00 (Cumulative area) 

    Via: L1M1_PR
      Partial area ratio:    0.12
      Required ratio:    3.00 (Gate area) 
      Cumulative area ratio:    0.12
      Required ratio:    0.00 (Cumulative area) 

  Pin: _35357_/A3 (sky130_fd_sc_hd__o32a_1)
    Layer: met3
      Partial area ratio:    0.21
      Required ratio:    0.00 (Gate area) 
      Partial area ratio:    1.79
      Required ratio:  400.00 (Side area) 
      Cumulative area ratio:    4.39
      Required ratio:    0.00 (Cumulative area) 
      Cumulative area ratio:   23.44
      Required ratio:    0.00 (Cumulative side area) 

    Layer: met2
      Partial area ratio:    3.57
      Required ratio:    0.00 (Gate area) 
      Partial area ratio:   18.26
      Required ratio:  400.00 (Side area) 
      Cumulative area ratio:    4.17
      Required ratio:    0.00 (Cumulative area) 
      Cumulative area ratio:   21.66
      Required ratio:    0.00 (Cumulative side area) 

    Layer: met1
      Partial area ratio:    0.60
      Required ratio:    0.00 (Gate area) 
      Partial area ratio:    3.39
      Required ratio:  400.00 (Side area) 
      Cumulative area ratio:    0.60
      Required ratio:    0.00 (Cumulative area) 
      Cumulative area ratio:    3.39
      Required ratio:    0.00 (Cumulative side area) 

    Layer: li1
      Partial area ratio:    0.00
      Required ratio:    0.00 (Gate area) 
      Partial area ratio:    0.00
      Required ratio:   75.00 (Side area) 
      Cumulative area ratio:    0.00
      Required ratio:    0.00 (Cumulative area) 
      Cumulative area ratio:    0.00
      Required ratio:    0.00 (Cumulative side area) 

    Via: M3M4_PR
      Partial area ratio:    0.05
      Required ratio:    6.00 (Gate area) 
      Cumulative area ratio:    0.32
      Required ratio:    0.00 (Cumulative area) 

    Via: M2M3_PR
      Partial area ratio:    0.05
      Required ratio:    6.00 (Gate area) 
      Cumulative area ratio:    0.26
      Required ratio:    0.00 (Cumulative area) 

    Via: M1M2_PR
      Partial area ratio:    0.09
      Required ratio:    6.00 (Gate area) 
      Cumulative area ratio:    0.21
      Required ratio:    0.00 (Cumulative area) 

    Via: L1M1_PR
      Partial area ratio:    0.12
      Required ratio:    3.00 (Gate area) 
      Cumulative area ratio:    0.12
      Required ratio:    0.00 (Cumulative area) 

  Pin: _35321_/A1 (sky130_fd_sc_hd__o22a_1)
    Layer: met2
      Partial area ratio:    0.37
      Required ratio:    0.00 (Gate area) 
      Partial area ratio:    2.23
      Required ratio:  400.00 (Side area) 
      Cumulative area ratio:    0.37
      Required ratio:    0.00 (Cumulative area) 
      Cumulative area ratio:    2.23
      Required ratio:    0.00 (Cumulative side area) 

    Layer: met1
      Partial area ratio:    0.00
      Required ratio:    0.00 (Gate area) 
      Partial area ratio:    0.00
      Required ratio:  400.00 (Side area) 
      Cumulative area ratio:    0.00
      Required ratio:    0.00 (Cumulative area) 
      Cumulative area ratio:    0.00
      Required ratio:    0.00 (Cumulative side area) 

    Layer: li1
      Partial area ratio:    0.00
      Required ratio:    0.00 (Gate area) 
      Partial area ratio:    0.00
      Required ratio:   75.00 (Side area) 
      Cumulative area ratio:    0.00
      Required ratio:    0.00 (Cumulative area) 
      Cumulative area ratio:    0.00
      Required ratio:    0.00 (Cumulative side area) 

    Via: M3M4_PR
      Partial area ratio:    0.05
      Required ratio:    6.00 (Gate area) 
      Cumulative area ratio:    0.75
      Required ratio:    0.00 (Cumulative area) 

    Via: M2M3_PR
      Partial area ratio:    0.16
      Required ratio:    6.00 (Gate area) 
      Cumulative area ratio:    0.37
      Required ratio:    0.00 (Cumulative area) 

    Via: M1M2_PR
      Partial area ratio:    0.09
      Required ratio:    6.00 (Gate area) 
      Cumulative area ratio:    0.21
      Required ratio:    0.00 (Cumulative area) 

    Via: L1M1_PR
      Partial area ratio:    0.12
      Required ratio:    3.00 (Gate area) 
      Cumulative area ratio:    0.12
      Required ratio:    0.00 (Cumulative area) 

  Pin: _35148_/A (sky130_fd_sc_hd__nor2_1)
    Layer: met2
      Partial area ratio:    3.29
      Required ratio:    0.00 (Gate area) 
      Partial area ratio:   17.62
      Required ratio:  400.00 (Side area) 
      Cumulative area ratio:    3.29
      Required ratio:    0.00 (Cumulative area) 
      Cumulative area ratio:   17.62
      Required ratio:    0.00 (Cumulative side area) 

    Layer: met1
      Partial area ratio:    0.00
      Required ratio:    0.00 (Gate area) 
      Partial area ratio:    0.00
      Required ratio:  400.00 (Side area) 
      Cumulative area ratio:    0.00
      Required ratio:    0.00 (Cumulative area) 
      Cumulative area ratio:    0.00
      Required ratio:    0.00 (Cumulative side area) 

    Layer: li1
      Partial area ratio:    0.00
      Required ratio:    0.00 (Gate area) 
      Partial area ratio:    0.00
      Required ratio:   75.00 (Side area) 
      Cumulative area ratio:    0.00
      Required ratio:    0.00 (Cumulative area) 
      Cumulative area ratio:    0.00
      Required ratio:    0.00 (Cumulative side area) 

    Via: M3M4_PR
      Partial area ratio:    0.05
      Required ratio:    6.00 (Gate area) 
      Cumulative area ratio:    0.58
      Required ratio:    0.00 (Cumulative area) 

    Via: M2M3_PR
      Partial area ratio:    0.32
      Required ratio:    6.00 (Gate area) 
      Cumulative area ratio:    0.53
      Required ratio:    0.00 (Cumulative area) 

    Via: M1M2_PR
      Partial area ratio:    0.09
      Required ratio:    6.00 (Gate area) 
      Cumulative area ratio:    0.21
      Required ratio:    0.00 (Cumulative area) 

    Via: L1M1_PR
      Partial area ratio:    0.12
      Required ratio:    3.00 (Gate area) 
      Cumulative area ratio:    0.12
      Required ratio:    0.00 (Cumulative area) 

  Pin: _35330_/A (sky130_fd_sc_hd__nor2_1)
    Layer: met2
      Partial area ratio:    1.97
      Required ratio:    0.00 (Gate area) 
      Partial area ratio:   11.03
      Required ratio: 3096.80 (Side area) 
      Cumulative area ratio:   11.12
      Required ratio:    0.00 (Cumulative area) 
      Cumulative area ratio:   58.38
      Required ratio:    0.00 (Cumulative side area) 

    Layer: met3
      Partial area ratio:   20.19
      Required ratio:    0.00 (Gate area) 
      Partial area ratio:  110.24
      Required ratio: 3096.80 (Side area) 
      Cumulative area ratio:   31.31
      Required ratio:    0.00 (Cumulative area) 
      Cumulative area ratio:  168.62
      Required ratio:    0.00 (Cumulative side area) 

    Layer: met4
      Partial area ratio:   10.72
      Required ratio:    0.00 (Gate area) 
      Partial area ratio:   57.92
      Required ratio: 3096.80 (Side area) 
      Cumulative area ratio:   42.03
      Required ratio:    0.00 (Cumulative area) 
      Cumulative area ratio:  226.54
      Required ratio:    0.00 (Cumulative side area) 

    Layer: met1
      Partial area ratio:    9.15
      Required ratio:    0.00 (Gate area) 
      Partial area ratio:   47.35
      Required ratio:  400.00 (Side area) 
      Cumulative area ratio:    9.15
      Required ratio:    0.00 (Cumulative area) 
      Cumulative area ratio:   47.35
      Required ratio:    0.00 (Cumulative side area) 

    Layer: li1
      Partial area ratio:    0.00
      Required ratio:    0.00 (Gate area) 
      Partial area ratio:    0.00
      Required ratio:   75.00 (Side area) 
      Cumulative area ratio:    0.00
      Required ratio:    0.00 (Cumulative area) 
      Cumulative area ratio:    0.00
      Required ratio:    0.00 (Cumulative side area) 

    Via: M2M3_PR
      Partial area ratio:    0.32
      Required ratio:    6.00 (Gate area) 
      Cumulative area ratio:    0.62
      Required ratio:    0.00 (Cumulative area) 

    Via: M3M4_PR
      Partial area ratio:    0.05
      Required ratio:    6.00 (Gate area) 
      Cumulative area ratio:    0.68
      Required ratio:    0.00 (Cumulative area) 

    Via: M1M2_PR
      Partial area ratio:    0.18
      Required ratio:    6.00 (Gate area) 
      Cumulative area ratio:    0.30
      Required ratio:    0.00 (Cumulative area) 

    Via: M3M4_PR
      Partial area ratio:    0.05
      Required ratio:    6.00 (Gate area) 
      Cumulative area ratio:    0.68
      Required ratio:    0.00 (Cumulative area) 

    Via: L1M1_PR
      Partial area ratio:    0.12
      Required ratio:    3.00 (Gate area) 
      Cumulative area ratio:    0.12
      Required ratio:    0.00 (Cumulative area) 


Net: _14008_
  Pin: _20059_/A1 (sky130_fd_sc_hd__mux2_1)
    Layer: met2
      Partial area ratio:   29.78
      Required ratio:    0.00 (Gate area) 
      Partial area ratio:  150.44
      Required ratio: 2778.20 (Side area) 
      Cumulative area ratio:  148.98
      Required ratio:    0.00 (Cumulative area) 
      Cumulative area ratio:  754.22
      Required ratio:    0.00 (Cumulative side area) 

    Layer: met1
      Partial area ratio:  119.20
      Required ratio:    0.00 (Gate area) 
      Partial area ratio:  603.78
      Required ratio:  400.00 (Side area) (VIOLATED)
      Cumulative area ratio:  119.20
      Required ratio:    0.00 (Cumulative area) 
      Cumulative area ratio:  603.78
      Required ratio:    0.00 (Cumulative side area) 

    Layer: li1
      Partial area ratio:    0.00
      Required ratio:    0.00 (Gate area) 
      Partial area ratio:    0.00
      Required ratio:   75.00 (Side area) 
      Cumulative area ratio:    0.00
      Required ratio:    0.00 (Cumulative area) 
      Cumulative area ratio:    0.00
      Required ratio:    0.00 (Cumulative side area) 

    Via: M1M2_PR
      Partial area ratio:    0.18
      Required ratio:    6.00 (Gate area) 
      Cumulative area ratio:    0.41
      Required ratio:    0.00 (Cumulative area) 

    Via: L1M1_PR
      Partial area ratio:    0.23
      Required ratio:    3.00 (Gate area) 
      Cumulative area ratio:    0.23
      Required ratio:    0.00 (Cumulative area) 


Net: _14674_
  Pin: _20801_/A1 (sky130_fd_sc_hd__mux2_1)
    Layer: met2
      Partial area ratio:    4.00
      Required ratio:    0.00 (Gate area) 
      Partial area ratio:   22.33
      Required ratio: 2771.60 (Side area) 
      Cumulative area ratio:  114.11
      Required ratio:    0.00 (Cumulative area) 
      Cumulative area ratio:  579.89
      Required ratio:    0.00 (Cumulative side area) 

    Layer: met1
      Partial area ratio:  110.11
      Required ratio:    0.00 (Gate area) 
      Partial area ratio:  557.56
      Required ratio:  400.00 (Side area) (VIOLATED)
      Cumulative area ratio:  110.11
      Required ratio:    0.00 (Cumulative area) 
      Cumulative area ratio:  557.56
      Required ratio:    0.00 (Cumulative side area) 

    Layer: li1
      Partial area ratio:    0.00
      Required ratio:    0.00 (Gate area) 
      Partial area ratio:    0.00
      Required ratio:   75.00 (Side area) 
      Cumulative area ratio:    0.00
      Required ratio:    0.00 (Cumulative area) 
      Cumulative area ratio:    0.00
      Required ratio:    0.00 (Cumulative side area) 

    Via: M1M2_PR
      Partial area ratio:    0.18
      Required ratio:    6.00 (Gate area) 
      Cumulative area ratio:    0.41
      Required ratio:    0.00 (Cumulative area) 

    Via: L1M1_PR
      Partial area ratio:    0.23
      Required ratio:    3.00 (Gate area) 
      Cumulative area ratio:    0.23
      Required ratio:    0.00 (Cumulative area) 


Net: _14857_
  Pin: _21004_/A1 (sky130_fd_sc_hd__mux2_1)
    Layer: met2
      Partial area ratio:    2.80
      Required ratio:    0.00 (Gate area) 
      Partial area ratio:   14.78
      Required ratio: 2778.20 (Side area) 
      Cumulative area ratio:  173.33
      Required ratio:    0.00 (Cumulative area) 
      Cumulative area ratio:  883.00
      Required ratio:    0.00 (Cumulative side area) 

    Layer: met1
      Partial area ratio:  170.53
      Required ratio:    0.00 (Gate area) 
      Partial area ratio:  868.22
      Required ratio:  400.00 (Side area) (VIOLATED)
      Cumulative area ratio:  170.53
      Required ratio:    0.00 (Cumulative area) 
      Cumulative area ratio:  868.22
      Required ratio:    0.00 (Cumulative side area) 

    Layer: li1
      Partial area ratio:    0.00
      Required ratio:    0.00 (Gate area) 
      Partial area ratio:    0.00
      Required ratio:   75.00 (Side area) 
      Cumulative area ratio:    0.00
      Required ratio:    0.00 (Cumulative area) 
      Cumulative area ratio:    0.00
      Required ratio:    0.00 (Cumulative side area) 

    Via: M1M2_PR
      Partial area ratio:    0.18
      Required ratio:    6.00 (Gate area) 
      Cumulative area ratio:    0.41
      Required ratio:    0.00 (Cumulative area) 

    Via: L1M1_PR
      Partial area ratio:    0.23
      Required ratio:    3.00 (Gate area) 
      Cumulative area ratio:    0.23
      Required ratio:    0.00 (Cumulative area) 


Net: _14872_
  Pin: _21021_/A1 (sky130_fd_sc_hd__mux2_1)
    Layer: met2
      Partial area ratio:    2.80
      Required ratio:    0.00 (Gate area) 
      Partial area ratio:   14.78
      Required ratio: 2778.20 (Side area) 
      Cumulative area ratio:  137.18
      Required ratio:    0.00 (Cumulative area) 
      Cumulative area ratio:  693.67
      Required ratio:    0.00 (Cumulative side area) 

    Layer: met1
      Partial area ratio:  134.38
      Required ratio:    0.00 (Gate area) 
      Partial area ratio:  678.89
      Required ratio:  400.00 (Side area) (VIOLATED)
      Cumulative area ratio:  134.38
      Required ratio:    0.00 (Cumulative area) 
      Cumulative area ratio:  678.89
      Required ratio:    0.00 (Cumulative side area) 

    Layer: li1
      Partial area ratio:    0.00
      Required ratio:    0.00 (Gate area) 
      Partial area ratio:    0.00
      Required ratio:   75.00 (Side area) 
      Cumulative area ratio:    0.00
      Required ratio:    0.00 (Cumulative area) 
      Cumulative area ratio:    0.00
      Required ratio:    0.00 (Cumulative side area) 

    Via: M1M2_PR
      Partial area ratio:    0.18
      Required ratio:    6.00 (Gate area) 
      Cumulative area ratio:    0.41
      Required ratio:    0.00 (Cumulative area) 

    Via: L1M1_PR
      Partial area ratio:    0.23
      Required ratio:    3.00 (Gate area) 
      Cumulative area ratio:    0.23
      Required ratio:    0.00 (Cumulative area) 


Net: _15097_
  Pin: ANTENNA__21642__A0/DIODE (sky130_fd_sc_hd__diode_2)
    Layer: met2
      Partial area ratio:    2.91
      Required ratio:    0.00 (Gate area) 
      Partial area ratio:   15.62
      Required ratio: 3130.28 (Side area) 
      Cumulative area ratio:    6.35
      Required ratio:    0.00 (Cumulative area) 
      Cumulative area ratio:   33.52
      Required ratio:    0.00 (Cumulative side area) 

    Layer: met1
      Partial area ratio:    3.44
      Required ratio:    0.00 (Gate area) 
      Partial area ratio:   17.90
      Required ratio: 2773.88 (Side area) 
      Cumulative area ratio:    3.44
      Required ratio:    0.00 (Cumulative area) 
      Cumulative area ratio:   17.90
      Required ratio:    0.00 (Cumulative side area) 

    Layer: li1
      Partial area ratio:    0.00
      Required ratio:    0.00 (Gate area) 
      Partial area ratio:    0.00
      Required ratio:  270.61 (Side area) 
      Cumulative area ratio:    0.00
      Required ratio:    0.00 (Cumulative area) 
      Cumulative area ratio:    0.00
      Required ratio:    0.00 (Cumulative side area) 

    Layer: met3
      Partial area ratio:    3.65
      Required ratio:    0.00 (Gate area) 
      Partial area ratio:   19.63
      Required ratio: 4521.32 (Side area) 
      Cumulative area ratio:   10.00
      Required ratio:    0.00 (Cumulative area) 
      Cumulative area ratio:   53.15
      Required ratio:    0.00 (Cumulative side area) 

    Via: M2M3_PR
      Partial area ratio:    0.07
      Required ratio:    6.00 (Gate area) 
      Cumulative area ratio:    0.22
      Required ratio:    0.00 (Cumulative area) 

    Via: M1M2_PR
      Partial area ratio:    0.08
      Required ratio:    6.00 (Gate area) 
      Cumulative area ratio:    0.15
      Required ratio:    0.00 (Cumulative area) 

    Via: L1M1_PR
      Partial area ratio:    0.07
      Required ratio:    3.00 (Gate area) 
      Cumulative area ratio:    0.07
      Required ratio:    0.00 (Cumulative area) 

  Pin: _21642_/A0 (sky130_fd_sc_hd__mux2_1)
    Layer: met2
      Partial area ratio:    2.91
      Required ratio:    0.00 (Gate area) 
      Partial area ratio:   15.62
      Required ratio: 3130.28 (Side area) 
      Cumulative area ratio:    6.35
      Required ratio:    0.00 (Cumulative area) 
      Cumulative area ratio:   33.52
      Required ratio:    0.00 (Cumulative side area) 

    Layer: met1
      Partial area ratio:    3.44
      Required ratio:    0.00 (Gate area) 
      Partial area ratio:   17.90
      Required ratio: 2773.88 (Side area) 
      Cumulative area ratio:    3.44
      Required ratio:    0.00 (Cumulative area) 
      Cumulative area ratio:   17.90
      Required ratio:    0.00 (Cumulative side area) 

    Layer: li1
      Partial area ratio:    0.00
      Required ratio:    0.00 (Gate area) 
      Partial area ratio:    0.00
      Required ratio:   75.00 (Side area) 
      Cumulative area ratio:    0.00
      Required ratio:    0.00 (Cumulative area) 
      Cumulative area ratio:    0.00
      Required ratio:    0.00 (Cumulative side area) 

    Layer: met3
      Partial area ratio:    3.65
      Required ratio:    0.00 (Gate area) 
      Partial area ratio:   19.63
      Required ratio: 4521.32 (Side area) 
      Cumulative area ratio:   10.00
      Required ratio:    0.00 (Cumulative area) 
      Cumulative area ratio:   53.15
      Required ratio:    0.00 (Cumulative side area) 

    Via: M2M3_PR
      Partial area ratio:    0.07
      Required ratio:    6.00 (Gate area) 
      Cumulative area ratio:    0.38
      Required ratio:    0.00 (Cumulative area) 

    Via: M1M2_PR
      Partial area ratio:    0.08
      Required ratio:    6.00 (Gate area) 
      Cumulative area ratio:    0.31
      Required ratio:    0.00 (Cumulative area) 

    Via: L1M1_PR
      Partial area ratio:    0.23
      Required ratio:    3.00 (Gate area) 
      Cumulative area ratio:    0.23
      Required ratio:    0.00 (Cumulative area) 

  Pin: ANTENNA__22715__A0/DIODE (sky130_fd_sc_hd__diode_2)
    Layer: met3
      Partial area ratio:    3.65
      Required ratio:    0.00 (Gate area) 
      Partial area ratio:   19.63
      Required ratio: 4521.32 (Side area) 
      Cumulative area ratio:   22.69
      Required ratio:    0.00 (Cumulative area) 
      Cumulative area ratio:  117.65
      Required ratio:    0.00 (Cumulative side area) 

    Layer: met2
      Partial area ratio:    6.76
      Required ratio:    0.00 (Gate area) 
      Partial area ratio:   34.30
      Required ratio: 3817.16 (Side area) 
      Cumulative area ratio:   15.18
      Required ratio:    0.00 (Cumulative area) 
      Cumulative area ratio:   77.24
      Required ratio:    0.00 (Cumulative side area) 

    Layer: met1
      Partial area ratio:    8.41
      Required ratio:    0.00 (Gate area) 
      Partial area ratio:   42.95
      Required ratio: 2773.88 (Side area) 
      Cumulative area ratio:    8.41
      Required ratio:    0.00 (Cumulative area) 
      Cumulative area ratio:   42.95
      Required ratio:    0.00 (Cumulative side area) 

    Layer: li1
      Partial area ratio:    0.00
      Required ratio:    0.00 (Gate area) 
      Partial area ratio:    0.00
      Required ratio:  270.61 (Side area) 
      Cumulative area ratio:    0.00
      Required ratio:    0.00 (Cumulative area) 
      Cumulative area ratio:    0.00
      Required ratio:    0.00 (Cumulative side area) 

    Via: M2M3_PR
      Partial area ratio:    0.01
      Required ratio:    6.00 (Gate area) 
      Cumulative area ratio:    0.16
      Required ratio:    0.00 (Cumulative area) 

    Via: M1M2_PR
      Partial area ratio:    0.08
      Required ratio:    6.00 (Gate area) 
      Cumulative area ratio:    0.15
      Required ratio:    0.00 (Cumulative area) 

    Via: L1M1_PR
      Partial area ratio:    0.07
      Required ratio:    3.00 (Gate area) 
      Cumulative area ratio:    0.07
      Required ratio:    0.00 (Cumulative area) 

  Pin: _22715_/A0 (sky130_fd_sc_hd__mux2_1)
    Layer: met3
      Partial area ratio:    3.65
      Required ratio:    0.00 (Gate area) 
      Partial area ratio:   19.63
      Required ratio: 4521.32 (Side area) 
      Cumulative area ratio:   22.69
      Required ratio:    0.00 (Cumulative area) 
      Cumulative area ratio:  117.65
      Required ratio:    0.00 (Cumulative side area) 

    Layer: met2
      Partial area ratio:    6.76
      Required ratio:    0.00 (Gate area) 
      Partial area ratio:   34.30
      Required ratio: 3817.16 (Side area) 
      Cumulative area ratio:   15.18
      Required ratio:    0.00 (Cumulative area) 
      Cumulative area ratio:   77.24
      Required ratio:    0.00 (Cumulative side area) 

    Layer: met1
      Partial area ratio:    8.41
      Required ratio:    0.00 (Gate area) 
      Partial area ratio:   42.95
      Required ratio: 2773.88 (Side area) 
      Cumulative area ratio:    8.41
      Required ratio:    0.00 (Cumulative area) 
      Cumulative area ratio:   42.95
      Required ratio:    0.00 (Cumulative side area) 

    Layer: li1
      Partial area ratio:    0.00
      Required ratio:    0.00 (Gate area) 
      Partial area ratio:    0.00
      Required ratio:   75.00 (Side area) 
      Cumulative area ratio:    0.00
      Required ratio:    0.00 (Cumulative area) 
      Cumulative area ratio:    0.00
      Required ratio:    0.00 (Cumulative side area) 

    Via: M2M3_PR
      Partial area ratio:    0.01
      Required ratio:    6.00 (Gate area) 
      Cumulative area ratio:    0.32
      Required ratio:    0.00 (Cumulative area) 

    Via: M1M2_PR
      Partial area ratio:    0.08
      Required ratio:    6.00 (Gate area) 
      Cumulative area ratio:    0.31
      Required ratio:    0.00 (Cumulative area) 

    Via: L1M1_PR
      Partial area ratio:    0.23
      Required ratio:    3.00 (Gate area) 
      Cumulative area ratio:    0.23
      Required ratio:    0.00 (Cumulative area) 

  Pin: _22446_/A1 (sky130_fd_sc_hd__mux2_1)
    Layer: met3
      Partial area ratio:    3.65
      Required ratio:    0.00 (Gate area) 
      Partial area ratio:   19.63
      Required ratio: 4521.32 (Side area) 
      Cumulative area ratio:  255.45
      Required ratio:    0.00 (Cumulative area) 
      Cumulative area ratio: 1291.54
      Required ratio:    0.00 (Cumulative side area) 

    Layer: met2
      Partial area ratio:    6.76
      Required ratio:    0.00 (Gate area) 
      Partial area ratio:   34.30
      Required ratio: 3817.16 (Side area) 
      Cumulative area ratio:  247.93
      Required ratio:    0.00 (Cumulative area) 
      Cumulative area ratio: 1251.13
      Required ratio:    0.00 (Cumulative side area) 

    Layer: met1
      Partial area ratio:  232.76
      Required ratio:    0.00 (Gate area) 
      Partial area ratio: 1173.89
      Required ratio:  400.00 (Side area) (VIOLATED)
      Cumulative area ratio:  232.76
      Required ratio:    0.00 (Cumulative area) 
      Cumulative area ratio: 1173.89
      Required ratio:    0.00 (Cumulative side area) 

    Layer: li1
      Partial area ratio:    0.00
      Required ratio:    0.00 (Gate area) 
      Partial area ratio:    0.00
      Required ratio:   75.00 (Side area) 
      Cumulative area ratio:    0.00
      Required ratio:    0.00 (Cumulative area) 
      Cumulative area ratio:    0.00
      Required ratio:    0.00 (Cumulative side area) 

    Via: M2M3_PR
      Partial area ratio:    0.01
      Required ratio:    6.00 (Gate area) 
      Cumulative area ratio:    0.68
      Required ratio:    0.00 (Cumulative area) 

    Via: M1M2_PR
      Partial area ratio:    0.36
      Required ratio:    6.00 (Gate area) 
      Cumulative area ratio:    0.59
      Required ratio:    0.00 (Cumulative area) 

    Via: L1M1_PR
      Partial area ratio:    0.23
      Required ratio:    3.00 (Gate area) 
      Cumulative area ratio:    0.23
      Required ratio:    0.00 (Cumulative area) 

  Pin: _21911_/A0 (sky130_fd_sc_hd__mux2_1)
    Layer: met3
      Partial area ratio:    3.65
      Required ratio:    0.00 (Gate area) 
      Partial area ratio:   19.63
      Required ratio: 4521.32 (Side area) 
      Cumulative area ratio:  256.12
      Required ratio:    0.00 (Cumulative area) 
      Cumulative area ratio: 1295.65
      Required ratio:    0.00 (Cumulative side area) 

    Layer: met2
      Partial area ratio:    6.76
      Required ratio:    0.00 (Gate area) 
      Partial area ratio:   34.30
      Required ratio: 3817.16 (Side area) 
      Cumulative area ratio:  248.60
      Required ratio:    0.00 (Cumulative area) 
      Cumulative area ratio: 1255.24
      Required ratio:    0.00 (Cumulative side area) 

    Layer: met1
      Partial area ratio:    0.67
      Required ratio:    0.00 (Gate area) 
      Partial area ratio:    4.11
      Required ratio:  400.00 (Side area) 
      Cumulative area ratio:    0.67
      Required ratio:    0.00 (Cumulative area) 
      Cumulative area ratio:    4.11
      Required ratio:    0.00 (Cumulative side area) 

    Layer: li1
      Partial area ratio:    0.00
      Required ratio:    0.00 (Gate area) 
      Partial area ratio:    0.00
      Required ratio:   75.00 (Side area) 
      Cumulative area ratio:    0.00
      Required ratio:    0.00 (Cumulative area) 
      Cumulative area ratio:    0.00
      Required ratio:    0.00 (Cumulative side area) 

    Via: M2M3_PR
      Partial area ratio:    0.01
      Required ratio:    6.00 (Gate area) 
      Cumulative area ratio:    0.86
      Required ratio:    0.00 (Cumulative area) 

    Via: M1M2_PR
      Partial area ratio:    0.18
      Required ratio:    6.00 (Gate area) 
      Cumulative area ratio:    0.41
      Required ratio:    0.00 (Cumulative area) 

    Via: L1M1_PR
      Partial area ratio:    0.23
      Required ratio:    3.00 (Gate area) 
      Cumulative area ratio:    0.23
      Required ratio:    0.00 (Cumulative area) 

  Pin: ANTENNA__22983__A0/DIODE (sky130_fd_sc_hd__diode_2)
    Layer: met3
      Partial area ratio:    3.65
      Required ratio:    0.00 (Gate area) 
      Partial area ratio:   19.63
      Required ratio: 4521.32 (Side area) 
      Cumulative area ratio:  259.58
      Required ratio:    0.00 (Cumulative area) 
      Cumulative area ratio: 1313.44
      Required ratio:    0.00 (Cumulative side area) 

    Layer: met2
      Partial area ratio:    6.76
      Required ratio:    0.00 (Gate area) 
      Partial area ratio:   34.30
      Required ratio: 3817.16 (Side area) 
      Cumulative area ratio:  252.07
      Required ratio:    0.00 (Cumulative area) 
      Cumulative area ratio: 1273.04
      Required ratio:    0.00 (Cumulative side area) 

    Layer: met1
      Partial area ratio:    0.79
      Required ratio:    0.00 (Gate area) 
      Partial area ratio:    4.15
      Required ratio: 2773.88 (Side area) 
      Cumulative area ratio:    0.79
      Required ratio:    0.00 (Cumulative area) 
      Cumulative area ratio:    4.15
      Required ratio:    0.00 (Cumulative side area) 

    Layer: li1
      Partial area ratio:    0.00
      Required ratio:    0.00 (Gate area) 
      Partial area ratio:    0.00
      Required ratio:  270.61 (Side area) 
      Cumulative area ratio:    0.00
      Required ratio:    0.00 (Cumulative area) 
      Cumulative area ratio:    0.00
      Required ratio:    0.00 (Cumulative side area) 

    Via: M2M3_PR
      Partial area ratio:    0.01
      Required ratio:    6.00 (Gate area) 
      Cumulative area ratio:    1.03
      Required ratio:    0.00 (Cumulative area) 

    Via: M1M2_PR
      Partial area ratio:    0.05
      Required ratio:    6.00 (Gate area) 
      Cumulative area ratio:    0.12
      Required ratio:    0.00 (Cumulative area) 

    Via: L1M1_PR
      Partial area ratio:    0.07
      Required ratio:    3.00 (Gate area) 
      Cumulative area ratio:    0.07
      Required ratio:    0.00 (Cumulative area) 

  Pin: _22983_/A0 (sky130_fd_sc_hd__mux2_1)
    Layer: met3
      Partial area ratio:    3.65
      Required ratio:    0.00 (Gate area) 
      Partial area ratio:   19.63
      Required ratio: 4521.32 (Side area) 
      Cumulative area ratio:  258.80
      Required ratio:    0.00 (Cumulative area) 
      Cumulative area ratio: 1309.28
      Required ratio:    0.00 (Cumulative side area) 

    Layer: met2
      Partial area ratio:    6.76
      Required ratio:    0.00 (Gate area) 
      Partial area ratio:   34.30
      Required ratio: 3817.16 (Side area) 
      Cumulative area ratio:  251.28
      Required ratio:    0.00 (Cumulative area) 
      Cumulative area ratio: 1268.88
      Required ratio:    0.00 (Cumulative side area) 

    Layer: met1
      Partial area ratio:    2.71
      Required ratio:    0.00 (Gate area) 
      Partial area ratio:   14.33
      Required ratio:  400.00 (Side area) 
      Cumulative area ratio:    2.71
      Required ratio:    0.00 (Cumulative area) 
      Cumulative area ratio:   14.33
      Required ratio:    0.00 (Cumulative side area) 

    Layer: li1
      Partial area ratio:    0.00
      Required ratio:    0.00 (Gate area) 
      Partial area ratio:    0.00
      Required ratio:   75.00 (Side area) 
      Cumulative area ratio:    0.00
      Required ratio:    0.00 (Cumulative area) 
      Cumulative area ratio:    0.00
      Required ratio:    0.00 (Cumulative side area) 

    Via: M2M3_PR
      Partial area ratio:    0.01
      Required ratio:    6.00 (Gate area) 
      Cumulative area ratio:    1.14
      Required ratio:    0.00 (Cumulative area) 

    Via: M1M2_PR
      Partial area ratio:    0.36
      Required ratio:    6.00 (Gate area) 
      Cumulative area ratio:    0.59
      Required ratio:    0.00 (Cumulative area) 

    Via: L1M1_PR
      Partial area ratio:    0.23
      Required ratio:    3.00 (Gate area) 
      Cumulative area ratio:    0.23
      Required ratio:    0.00 (Cumulative area) 

  Pin: ANTENNA__21911__A0/DIODE (sky130_fd_sc_hd__diode_2)
    Layer: met3
      Partial area ratio:    3.65
      Required ratio:    0.00 (Gate area) 
      Partial area ratio:   19.63
      Required ratio: 4521.32 (Side area) 
      Cumulative area ratio:  256.09
      Required ratio:    0.00 (Cumulative area) 
      Cumulative area ratio: 1294.95
      Required ratio:    0.00 (Cumulative side area) 

    Layer: met2
      Partial area ratio:    6.76
      Required ratio:    0.00 (Gate area) 
      Partial area ratio:   34.30
      Required ratio: 3817.16 (Side area) 
      Cumulative area ratio:  248.57
      Required ratio:    0.00 (Cumulative area) 
      Cumulative area ratio: 1254.55
      Required ratio:    0.00 (Cumulative side area) 

    Layer: met1
      Partial area ratio:    0.64
      Required ratio:    0.00 (Gate area) 
      Partial area ratio:    3.41
      Required ratio: 2773.88 (Side area) 
      Cumulative area ratio:    0.64
      Required ratio:    0.00 (Cumulative area) 
      Cumulative area ratio:    3.41
      Required ratio:    0.00 (Cumulative side area) 

    Layer: li1
      Partial area ratio:    0.00
      Required ratio:    0.00 (Gate area) 
      Partial area ratio:    0.00
      Required ratio:  270.61 (Side area) 
      Cumulative area ratio:    0.00
      Required ratio:    0.00 (Cumulative area) 
      Cumulative area ratio:    0.00
      Required ratio:    0.00 (Cumulative side area) 

    Via: M2M3_PR
      Partial area ratio:    0.01
      Required ratio:    6.00 (Gate area) 
      Cumulative area ratio:    0.62
      Required ratio:    0.00 (Cumulative area) 

    Via: M1M2_PR
      Partial area ratio:    0.10
      Required ratio:    6.00 (Gate area) 
      Cumulative area ratio:    0.17
      Required ratio:    0.00 (Cumulative area) 

    Via: L1M1_PR
      Partial area ratio:    0.07
      Required ratio:    3.00 (Gate area) 
      Cumulative area ratio:    0.07
      Required ratio:    0.00 (Cumulative area) 

  Pin: ANTENNA__22179__A0/DIODE (sky130_fd_sc_hd__diode_2)
    Layer: met3
      Partial area ratio:    3.65
      Required ratio:    0.00 (Gate area) 
      Partial area ratio:   19.63
      Required ratio: 4521.32 (Side area) 
      Cumulative area ratio:  258.27
      Required ratio:    0.00 (Cumulative area) 
      Cumulative area ratio: 1306.84
      Required ratio:    0.00 (Cumulative side area) 

    Layer: met2
      Partial area ratio:    6.76
      Required ratio:    0.00 (Gate area) 
      Partial area ratio:   34.30
      Required ratio: 3817.16 (Side area) 
      Cumulative area ratio:  250.75
      Required ratio:    0.00 (Cumulative area) 
      Cumulative area ratio: 1266.44
      Required ratio:    0.00 (Cumulative side area) 

    Layer: met1
      Partial area ratio:    1.13
      Required ratio:    0.00 (Gate area) 
      Partial area ratio:    6.09
      Required ratio: 2773.88 (Side area) 
      Cumulative area ratio:    1.13
      Required ratio:    0.00 (Cumulative area) 
      Cumulative area ratio:    6.09
      Required ratio:    0.00 (Cumulative side area) 

    Layer: li1
      Partial area ratio:    0.00
      Required ratio:    0.00 (Gate area) 
      Partial area ratio:    0.00
      Required ratio:  270.61 (Side area) 
      Cumulative area ratio:    0.00
      Required ratio:    0.00 (Cumulative area) 
      Cumulative area ratio:    0.00
      Required ratio:    0.00 (Cumulative side area) 

    Via: M2M3_PR
      Partial area ratio:    0.01
      Required ratio:    6.00 (Gate area) 
      Cumulative area ratio:    0.97
      Required ratio:    0.00 (Cumulative area) 

    Via: M1M2_PR
      Partial area ratio:    0.10
      Required ratio:    6.00 (Gate area) 
      Cumulative area ratio:    0.17
      Required ratio:    0.00 (Cumulative area) 

    Via: L1M1_PR
      Partial area ratio:    0.07
      Required ratio:    3.00 (Gate area) 
      Cumulative area ratio:    0.07
      Required ratio:    0.00 (Cumulative area) 

  Pin: ANTENNA__23535__A0/DIODE (sky130_fd_sc_hd__diode_2)
    Layer: met3
      Partial area ratio:    3.65
      Required ratio:    0.00 (Gate area) 
      Partial area ratio:   19.63
      Required ratio: 4521.32 (Side area) 
      Cumulative area ratio:  263.38
      Required ratio:    0.00 (Cumulative area) 
      Cumulative area ratio: 1333.29
      Required ratio:    0.00 (Cumulative side area) 

    Layer: met2
      Partial area ratio:    6.76
      Required ratio:    0.00 (Gate area) 
      Partial area ratio:   34.30
      Required ratio: 3817.16 (Side area) 
      Cumulative area ratio:  255.86
      Required ratio:    0.00 (Cumulative area) 
      Cumulative area ratio: 1292.88
      Required ratio:    0.00 (Cumulative side area) 

    Layer: met1
      Partial area ratio:    2.25
      Required ratio:    0.00 (Gate area) 
      Partial area ratio:   11.61
      Required ratio: 2773.88 (Side area) 
      Cumulative area ratio:    2.25
      Required ratio:    0.00 (Cumulative area) 
      Cumulative area ratio:   11.61
      Required ratio:    0.00 (Cumulative side area) 

    Layer: li1
      Partial area ratio:    0.00
      Required ratio:    0.00 (Gate area) 
      Partial area ratio:    0.00
      Required ratio:  270.61 (Side area) 
      Cumulative area ratio:    0.00
      Required ratio:    0.00 (Cumulative area) 
      Cumulative area ratio:    0.00
      Required ratio:    0.00 (Cumulative side area) 

    Via: M2M3_PR
      Partial area ratio:    0.01
      Required ratio:    6.00 (Gate area) 
      Cumulative area ratio:    1.10
      Required ratio:    0.00 (Cumulative area) 

    Via: M1M2_PR
      Partial area ratio:    0.04
      Required ratio:    6.00 (Gate area) 
      Cumulative area ratio:    0.11
      Required ratio:    0.00 (Cumulative area) 

    Via: L1M1_PR
      Partial area ratio:    0.07
      Required ratio:    3.00 (Gate area) 
      Cumulative area ratio:    0.07
      Required ratio:    0.00 (Cumulative area) 

  Pin: _23535_/A0 (sky130_fd_sc_hd__mux2_1)
    Layer: met3
      Partial area ratio:    3.65
      Required ratio:    0.00 (Gate area) 
      Partial area ratio:   19.63
      Required ratio: 4521.32 (Side area) 
      Cumulative area ratio:  263.38
      Required ratio:    0.00 (Cumulative area) 
      Cumulative area ratio: 1333.29
      Required ratio:    0.00 (Cumulative side area) 

    Layer: met2
      Partial area ratio:    6.76
      Required ratio:    0.00 (Gate area) 
      Partial area ratio:   34.30
      Required ratio: 3817.16 (Side area) 
      Cumulative area ratio:  255.86
      Required ratio:    0.00 (Cumulative area) 
      Cumulative area ratio: 1292.88
      Required ratio:    0.00 (Cumulative side area) 

    Layer: met1
      Partial area ratio:    2.25
      Required ratio:    0.00 (Gate area) 
      Partial area ratio:   11.61
      Required ratio: 2773.88 (Side area) 
      Cumulative area ratio:    2.25
      Required ratio:    0.00 (Cumulative area) 
      Cumulative area ratio:   11.61
      Required ratio:    0.00 (Cumulative side area) 

    Layer: li1
      Partial area ratio:    0.00
      Required ratio:    0.00 (Gate area) 
      Partial area ratio:    0.00
      Required ratio:   75.00 (Side area) 
      Cumulative area ratio:    0.00
      Required ratio:    0.00 (Cumulative area) 
      Cumulative area ratio:    0.00
      Required ratio:    0.00 (Cumulative side area) 

    Via: M2M3_PR
      Partial area ratio:    0.01
      Required ratio:    6.00 (Gate area) 
      Cumulative area ratio:    1.26
      Required ratio:    0.00 (Cumulative area) 

    Via: M1M2_PR
      Partial area ratio:    0.04
      Required ratio:    6.00 (Gate area) 
      Cumulative area ratio:    0.27
      Required ratio:    0.00 (Cumulative area) 

    Via: L1M1_PR
      Partial area ratio:    0.23
      Required ratio:    3.00 (Gate area) 
      Cumulative area ratio:    0.23
      Required ratio:    0.00 (Cumulative area) 

  Pin: ANTENNA__23252__A0/DIODE (sky130_fd_sc_hd__diode_2)
    Layer: met3
      Partial area ratio:    3.65
      Required ratio:    0.00 (Gate area) 
      Partial area ratio:   19.63
      Required ratio: 4521.32 (Side area) 
      Cumulative area ratio:  261.13
      Required ratio:    0.00 (Cumulative area) 
      Cumulative area ratio: 1321.68
      Required ratio:    0.00 (Cumulative side area) 

    Layer: met2
      Partial area ratio:    6.76
      Required ratio:    0.00 (Gate area) 
      Partial area ratio:   34.30
      Required ratio: 3817.16 (Side area) 
      Cumulative area ratio:  253.61
      Required ratio:    0.00 (Cumulative area) 
      Cumulative area ratio: 1281.27
      Required ratio:    0.00 (Cumulative side area) 

    Layer: met1
      Partial area ratio:    2.86
      Required ratio:    0.00 (Gate area) 
      Partial area ratio:   14.83
      Required ratio: 2773.88 (Side area) 
      Cumulative area ratio:    2.86
      Required ratio:    0.00 (Cumulative area) 
      Cumulative area ratio:   14.83
      Required ratio:    0.00 (Cumulative side area) 

    Layer: li1
      Partial area ratio:    0.00
      Required ratio:    0.00 (Gate area) 
      Partial area ratio:    0.00
      Required ratio:  270.61 (Side area) 
      Cumulative area ratio:    0.00
      Required ratio:    0.00 (Cumulative area) 
      Cumulative area ratio:    0.00
      Required ratio:    0.00 (Cumulative side area) 

    Via: M2M3_PR
      Partial area ratio:    0.01
      Required ratio:    6.00 (Gate area) 
      Cumulative area ratio:    1.05
      Required ratio:    0.00 (Cumulative area) 

    Via: M1M2_PR
      Partial area ratio:    0.08
      Required ratio:    6.00 (Gate area) 
      Cumulative area ratio:    0.15
      Required ratio:    0.00 (Cumulative area) 

    Via: L1M1_PR
      Partial area ratio:    0.07
      Required ratio:    3.00 (Gate area) 
      Cumulative area ratio:    0.07
      Required ratio:    0.00 (Cumulative area) 

  Pin: _23252_/A0 (sky130_fd_sc_hd__mux2_1)
    Layer: met3
      Partial area ratio:    3.65
      Required ratio:    0.00 (Gate area) 
      Partial area ratio:   19.63
      Required ratio: 4521.32 (Side area) 
      Cumulative area ratio:  261.13
      Required ratio:    0.00 (Cumulative area) 
      Cumulative area ratio: 1321.68
      Required ratio:    0.00 (Cumulative side area) 

    Layer: met2
      Partial area ratio:    6.76
      Required ratio:    0.00 (Gate area) 
      Partial area ratio:   34.30
      Required ratio: 3817.16 (Side area) 
      Cumulative area ratio:  253.61
      Required ratio:    0.00 (Cumulative area) 
      Cumulative area ratio: 1281.27
      Required ratio:    0.00 (Cumulative side area) 

    Layer: met1
      Partial area ratio:    2.86
      Required ratio:    0.00 (Gate area) 
      Partial area ratio:   14.83
      Required ratio: 2773.88 (Side area) 
      Cumulative area ratio:    2.86
      Required ratio:    0.00 (Cumulative area) 
      Cumulative area ratio:   14.83
      Required ratio:    0.00 (Cumulative side area) 

    Layer: li1
      Partial area ratio:    0.00
      Required ratio:    0.00 (Gate area) 
      Partial area ratio:    0.00
      Required ratio:   75.00 (Side area) 
      Cumulative area ratio:    0.00
      Required ratio:    0.00 (Cumulative area) 
      Cumulative area ratio:    0.00
      Required ratio:    0.00 (Cumulative side area) 

    Via: M2M3_PR
      Partial area ratio:    0.01
      Required ratio:    6.00 (Gate area) 
      Cumulative area ratio:    1.22
      Required ratio:    0.00 (Cumulative area) 

    Via: M1M2_PR
      Partial area ratio:    0.08
      Required ratio:    6.00 (Gate area) 
      Cumulative area ratio:    0.31
      Required ratio:    0.00 (Cumulative area) 

    Via: L1M1_PR
      Partial area ratio:    0.23
      Required ratio:    3.00 (Gate area) 
      Cumulative area ratio:    0.23
      Required ratio:    0.00 (Cumulative area) 

  Pin: _22179_/A0 (sky130_fd_sc_hd__mux2_1)
    Layer: met3
      Partial area ratio:    3.65
      Required ratio:    0.00 (Gate area) 
      Partial area ratio:   19.63
      Required ratio: 4521.32 (Side area) 
      Cumulative area ratio:  257.14
      Required ratio:    0.00 (Cumulative area) 
      Cumulative area ratio: 1300.76
      Required ratio:    0.00 (Cumulative side area) 

    Layer: met2
      Partial area ratio:    6.76
      Required ratio:    0.00 (Gate area) 
      Partial area ratio:   34.30
      Required ratio: 3817.16 (Side area) 
      Cumulative area ratio:  249.62
      Required ratio:    0.00 (Cumulative area) 
      Cumulative area ratio: 1260.36
      Required ratio:    0.00 (Cumulative side area) 

    Layer: met1
      Partial area ratio:    1.69
      Required ratio:    0.00 (Gate area) 
      Partial area ratio:    9.22
      Required ratio:  400.00 (Side area) 
      Cumulative area ratio:    1.69
      Required ratio:    0.00 (Cumulative area) 
      Cumulative area ratio:    9.22
      Required ratio:    0.00 (Cumulative side area) 

    Layer: li1
      Partial area ratio:    0.00
      Required ratio:    0.00 (Gate area) 
      Partial area ratio:    0.00
      Required ratio:   75.00 (Side area) 
      Cumulative area ratio:    0.00
      Required ratio:    0.00 (Cumulative area) 
      Cumulative area ratio:    0.00
      Required ratio:    0.00 (Cumulative side area) 

    Via: M2M3_PR
      Partial area ratio:    0.01
      Required ratio:    6.00 (Gate area) 
      Cumulative area ratio:    1.03
      Required ratio:    0.00 (Cumulative area) 

    Via: M1M2_PR
      Partial area ratio:    0.36
      Required ratio:    6.00 (Gate area) 
      Cumulative area ratio:    0.59
      Required ratio:    0.00 (Cumulative area) 

    Via: L1M1_PR
      Partial area ratio:    0.23
      Required ratio:    3.00 (Gate area) 
      Cumulative area ratio:    0.23
      Required ratio:    0.00 (Cumulative area) 

  Pin: ANTENNA__22446__A1/DIODE (sky130_fd_sc_hd__diode_2)
    Layer: met3
      Partial area ratio:    3.65
      Required ratio:    0.00 (Gate area) 
      Partial area ratio:   19.63
      Required ratio: 4521.32 (Side area) 
      Cumulative area ratio:   22.89
      Required ratio:    0.00 (Cumulative area) 
      Cumulative area ratio:  118.84
      Required ratio:    0.00 (Cumulative side area) 

    Layer: met2
      Partial area ratio:    6.76
      Required ratio:    0.00 (Gate area) 
      Partial area ratio:   34.30
      Required ratio: 3817.16 (Side area) 
      Cumulative area ratio:   15.37
      Required ratio:    0.00 (Cumulative area) 
      Cumulative area ratio:   78.44
      Required ratio:    0.00 (Cumulative side area) 

    Layer: met1
      Partial area ratio:    0.19
      Required ratio:    0.00 (Gate area) 
      Partial area ratio:    1.19
      Required ratio: 2773.88 (Side area) 
      Cumulative area ratio:    0.19
      Required ratio:    0.00 (Cumulative area) 
      Cumulative area ratio:    1.19
      Required ratio:    0.00 (Cumulative side area) 

    Layer: li1
      Partial area ratio:    0.00
      Required ratio:    0.00 (Gate area) 
      Partial area ratio:    0.00
      Required ratio:  270.61 (Side area) 
      Cumulative area ratio:    0.00
      Required ratio:    0.00 (Cumulative area) 
      Cumulative area ratio:    0.00
      Required ratio:    0.00 (Cumulative side area) 

    Via: M2M3_PR
      Partial area ratio:    0.01
      Required ratio:    6.00 (Gate area) 
      Cumulative area ratio:    0.21
      Required ratio:    0.00 (Cumulative area) 

    Via: M1M2_PR
      Partial area ratio:    0.05
      Required ratio:    6.00 (Gate area) 
      Cumulative area ratio:    0.12
      Required ratio:    0.00 (Cumulative area) 

    Via: L1M1_PR
      Partial area ratio:    0.07
      Required ratio:    3.00 (Gate area) 
      Cumulative area ratio:    0.07
      Required ratio:    0.00 (Cumulative area) 

  Pin: ANTENNA__21343__A1/DIODE (sky130_fd_sc_hd__diode_2)
    Layer: met3
      Partial area ratio:    3.65
      Required ratio:    0.00 (Gate area) 
      Partial area ratio:   19.63
      Required ratio: 4521.32 (Side area) 
      Cumulative area ratio:    7.51
      Required ratio:    0.00 (Cumulative area) 
      Cumulative area ratio:   40.40
      Required ratio:    0.00 (Cumulative side area) 

    Layer: met2
      Partial area ratio:    1.21
      Required ratio:    0.00 (Gate area) 
      Partial area ratio:    6.57
      Required ratio: 2773.88 (Side area) 
      Cumulative area ratio:    3.87
      Required ratio:    0.00 (Cumulative area) 
      Cumulative area ratio:   20.77
      Required ratio:    0.00 (Cumulative side area) 

    Layer: met1
      Partial area ratio:    2.66
      Required ratio:    0.00 (Gate area) 
      Partial area ratio:   14.20
      Required ratio: 2773.88 (Side area) 
      Cumulative area ratio:    2.66
      Required ratio:    0.00 (Cumulative area) 
      Cumulative area ratio:   14.20
      Required ratio:    0.00 (Cumulative side area) 

    Layer: li1
      Partial area ratio:    0.00
      Required ratio:    0.00 (Gate area) 
      Partial area ratio:    0.00
      Required ratio:  270.61 (Side area) 
      Cumulative area ratio:    0.00
      Required ratio:    0.00 (Cumulative area) 
      Cumulative area ratio:    0.00
      Required ratio:    0.00 (Cumulative side area) 

    Via: M2M3_PR
      Partial area ratio:    0.14
      Required ratio:    6.00 (Gate area) 
      Cumulative area ratio:    0.36
      Required ratio:    0.00 (Cumulative area) 

    Via: M1M2_PR
      Partial area ratio:    0.16
      Required ratio:    6.00 (Gate area) 
      Cumulative area ratio:    0.22
      Required ratio:    0.00 (Cumulative area) 

    Via: L1M1_PR
      Partial area ratio:    0.07
      Required ratio:    3.00 (Gate area) 
      Cumulative area ratio:    0.07
      Required ratio:    0.00 (Cumulative area) 

  Pin: _21343_/A1 (sky130_fd_sc_hd__mux2_1)
    Layer: met3
      Partial area ratio:    3.65
      Required ratio:    0.00 (Gate area) 
      Partial area ratio:   19.63
      Required ratio: 4521.32 (Side area) 
      Cumulative area ratio:    7.51
      Required ratio:    0.00 (Cumulative area) 
      Cumulative area ratio:   40.40
      Required ratio:    0.00 (Cumulative side area) 

    Layer: met2
      Partial area ratio:    1.21
      Required ratio:    0.00 (Gate area) 
      Partial area ratio:    6.57
      Required ratio: 2773.88 (Side area) 
      Cumulative area ratio:    3.87
      Required ratio:    0.00 (Cumulative area) 
      Cumulative area ratio:   20.77
      Required ratio:    0.00 (Cumulative side area) 

    Layer: met1
      Partial area ratio:    0.00
      Required ratio:    0.00 (Gate area) 
      Partial area ratio:    0.00
      Required ratio:  400.00 (Side area) 
      Cumulative area ratio:    0.00
      Required ratio:    0.00 (Cumulative area) 
      Cumulative area ratio:    0.00
      Required ratio:    0.00 (Cumulative side area) 

    Layer: li1
      Partial area ratio:    0.00
      Required ratio:    0.00 (Gate area) 
      Partial area ratio:    0.00
      Required ratio:   75.00 (Side area) 
      Cumulative area ratio:    0.00
      Required ratio:    0.00 (Cumulative area) 
      Cumulative area ratio:    0.00
      Required ratio:    0.00 (Cumulative side area) 

    Via: M2M3_PR
      Partial area ratio:    0.14
      Required ratio:    6.00 (Gate area) 
      Cumulative area ratio:    0.71
      Required ratio:    0.00 (Cumulative area) 

    Via: M1M2_PR
      Partial area ratio:    0.18
      Required ratio:    6.00 (Gate area) 
      Cumulative area ratio:    0.41
      Required ratio:    0.00 (Cumulative area) 

    Via: L1M1_PR
      Partial area ratio:    0.23
      Required ratio:    3.00 (Gate area) 
      Cumulative area ratio:    0.23
      Required ratio:    0.00 (Cumulative area) 


Net: _15147_
  Pin: ANTENNA__21697__A0/DIODE (sky130_fd_sc_hd__diode_2)
    Layer: met4
      Partial area ratio:   10.73
      Required ratio:    0.00 (Gate area) 
      Partial area ratio:   57.33
      Required ratio: 4534.52 (Side area) 
      Cumulative area ratio:   48.49
      Required ratio:    0.00 (Cumulative area) 
      Cumulative area ratio:  259.37
      Required ratio:    0.00 (Cumulative side area) 

    Layer: met3
      Partial area ratio:   30.26
      Required ratio:    0.00 (Gate area) 
      Partial area ratio:  162.69
      Required ratio: 3295.52 (Side area) 
      Cumulative area ratio:   37.76
      Required ratio:    0.00 (Cumulative area) 
      Cumulative area ratio:  202.05
      Required ratio:    0.00 (Cumulative side area) 

    Layer: met2
      Partial area ratio:    2.58
      Required ratio:    0.00 (Gate area) 
      Partial area ratio:   13.88
      Required ratio: 2947.76 (Side area) 
      Cumulative area ratio:    2.58
      Required ratio:    0.00 (Cumulative area) 
      Cumulative area ratio:   13.88
      Required ratio:    0.00 (Cumulative side area) 

    Layer: met1
      Partial area ratio:    0.00
      Required ratio:    0.00 (Gate area) 
      Partial area ratio:    0.00
      Required ratio: 2773.88 (Side area) 
      Cumulative area ratio:    0.00
      Required ratio:    0.00 (Cumulative area) 
      Cumulative area ratio:    0.00
      Required ratio:    0.00 (Cumulative side area) 

    Layer: li1
      Partial area ratio:    0.00
      Required ratio:    0.00 (Gate area) 
      Partial area ratio:    0.00
      Required ratio:  270.61 (Side area) 
      Cumulative area ratio:    0.00
      Required ratio:    0.00 (Cumulative area) 
      Cumulative area ratio:    0.00
      Required ratio:    0.00 (Cumulative side area) 

    Via: M3M4_PR
      Partial area ratio:    0.02
      Required ratio:    6.00 (Gate area) 
      Cumulative area ratio:    0.31
      Required ratio:    0.00 (Cumulative area) 

    Via: M2M3_PR
      Partial area ratio:    0.07
      Required ratio:    6.00 (Gate area) 
      Cumulative area ratio:    0.19
      Required ratio:    0.00 (Cumulative area) 

    Via: M1M2_PR
      Partial area ratio:    0.05
      Required ratio:    6.00 (Gate area) 
      Cumulative area ratio:    0.12
      Required ratio:    0.00 (Cumulative area) 

    Via: L1M1_PR
      Partial area ratio:    0.07
      Required ratio:    3.00 (Gate area) 
      Cumulative area ratio:    0.07
      Required ratio:    0.00 (Cumulative area) 

  Pin: _21697_/A0 (sky130_fd_sc_hd__mux2_1)
    Layer: met4
      Partial area ratio:   10.73
      Required ratio:    0.00 (Gate area) 
      Partial area ratio:   57.33
      Required ratio: 4534.52 (Side area) 
      Cumulative area ratio:   48.49
      Required ratio:    0.00 (Cumulative area) 
      Cumulative area ratio:  259.37
      Required ratio:    0.00 (Cumulative side area) 

    Layer: met3
      Partial area ratio:   30.26
      Required ratio:    0.00 (Gate area) 
      Partial area ratio:  162.69
      Required ratio: 3295.52 (Side area) 
      Cumulative area ratio:   37.76
      Required ratio:    0.00 (Cumulative area) 
      Cumulative area ratio:  202.05
      Required ratio:    0.00 (Cumulative side area) 

    Layer: met2
      Partial area ratio:    2.58
      Required ratio:    0.00 (Gate area) 
      Partial area ratio:   13.88
      Required ratio: 2947.76 (Side area) 
      Cumulative area ratio:    2.58
      Required ratio:    0.00 (Cumulative area) 
      Cumulative area ratio:   13.88
      Required ratio:    0.00 (Cumulative side area) 

    Layer: met1
      Partial area ratio:    0.00
      Required ratio:    0.00 (Gate area) 
      Partial area ratio:    0.00
      Required ratio:  400.00 (Side area) 
      Cumulative area ratio:    0.00
      Required ratio:    0.00 (Cumulative area) 
      Cumulative area ratio:    0.00
      Required ratio:    0.00 (Cumulative side area) 

    Layer: li1
      Partial area ratio:    0.00
      Required ratio:    0.00 (Gate area) 
      Partial area ratio:    0.00
      Required ratio:   75.00 (Side area) 
      Cumulative area ratio:    0.00
      Required ratio:    0.00 (Cumulative area) 
      Cumulative area ratio:    0.00
      Required ratio:    0.00 (Cumulative side area) 

    Via: M3M4_PR
      Partial area ratio:    0.02
      Required ratio:    6.00 (Gate area) 
      Cumulative area ratio:    0.60
      Required ratio:    0.00 (Cumulative area) 

    Via: M2M3_PR
      Partial area ratio:    0.07
      Required ratio:    6.00 (Gate area) 
      Cumulative area ratio:    0.48
      Required ratio:    0.00 (Cumulative area) 

    Via: M1M2_PR
      Partial area ratio:    0.18
      Required ratio:    6.00 (Gate area) 
      Cumulative area ratio:    0.41
      Required ratio:    0.00 (Cumulative area) 

    Via: L1M1_PR
      Partial area ratio:    0.23
      Required ratio:    3.00 (Gate area) 
      Cumulative area ratio:    0.23
      Required ratio:    0.00 (Cumulative area) 

  Pin: ANTENNA__21419__A1/DIODE (sky130_fd_sc_hd__diode_2)
    Layer: met4
      Partial area ratio:   10.73
      Required ratio:    0.00 (Gate area) 
      Partial area ratio:   57.33
      Required ratio: 4534.52 (Side area) 
      Cumulative area ratio:   48.49
      Required ratio:    0.00 (Cumulative area) 
      Cumulative area ratio:  259.37
      Required ratio:    0.00 (Cumulative side area) 

    Layer: met3
      Partial area ratio:   30.26
      Required ratio:    0.00 (Gate area) 
      Partial area ratio:  162.69
      Required ratio: 3295.52 (Side area) 
      Cumulative area ratio:   37.76
      Required ratio:    0.00 (Cumulative area) 
      Cumulative area ratio:  202.05
      Required ratio:    0.00 (Cumulative side area) 

    Layer: met2
      Partial area ratio:    2.58
      Required ratio:    0.00 (Gate area) 
      Partial area ratio:   13.88
      Required ratio: 2947.76 (Side area) 
      Cumulative area ratio:    7.50
      Required ratio:    0.00 (Cumulative area) 
      Cumulative area ratio:   39.36
      Required ratio:    0.00 (Cumulative side area) 

    Layer: met1
      Partial area ratio:    4.91
      Required ratio:    0.00 (Gate area) 
      Partial area ratio:   25.48
      Required ratio: 2773.88 (Side area) 
      Cumulative area ratio:    4.91
      Required ratio:    0.00 (Cumulative area) 
      Cumulative area ratio:   25.48
      Required ratio:    0.00 (Cumulative side area) 

    Layer: li1
      Partial area ratio:    0.00
      Required ratio:    0.00 (Gate area) 
      Partial area ratio:    0.00
      Required ratio:  270.61 (Side area) 
      Cumulative area ratio:    0.00
      Required ratio:    0.00 (Cumulative area) 
      Cumulative area ratio:    0.00
      Required ratio:    0.00 (Cumulative side area) 

    Via: M3M4_PR
      Partial area ratio:    0.02
      Required ratio:    6.00 (Gate area) 
      Cumulative area ratio:    0.26
      Required ratio:    0.00 (Cumulative area) 

    Via: M2M3_PR
      Partial area ratio:    0.07
      Required ratio:    6.00 (Gate area) 
      Cumulative area ratio:    0.24
      Required ratio:    0.00 (Cumulative area) 

    Via: M1M2_PR
      Partial area ratio:    0.10
      Required ratio:    6.00 (Gate area) 
      Cumulative area ratio:    0.17
      Required ratio:    0.00 (Cumulative area) 

    Via: L1M1_PR
      Partial area ratio:    0.07
      Required ratio:    3.00 (Gate area) 
      Cumulative area ratio:    0.07
      Required ratio:    0.00 (Cumulative area) 

  Pin: ANTENNA__22770__A0/DIODE (sky130_fd_sc_hd__diode_2)
    Layer: met4
      Partial area ratio:   10.73
      Required ratio:    0.00 (Gate area) 
      Partial area ratio:   57.33
      Required ratio: 4534.52 (Side area) 
      Cumulative area ratio:   51.65
      Required ratio:    0.00 (Cumulative area) 
      Cumulative area ratio:  275.91
      Required ratio:    0.00 (Cumulative side area) 

    Layer: met3
      Partial area ratio:   30.26
      Required ratio:    0.00 (Gate area) 
      Partial area ratio:  162.69
      Required ratio: 3295.52 (Side area) 
      Cumulative area ratio:   40.92
      Required ratio:    0.00 (Cumulative area) 
      Cumulative area ratio:  218.59
      Required ratio:    0.00 (Cumulative side area) 

    Layer: met2
      Partial area ratio:    1.04
      Required ratio:    0.00 (Gate area) 
      Partial area ratio:    5.72
      Required ratio: 2773.88 (Side area) 
      Cumulative area ratio:    3.16
      Required ratio:    0.00 (Cumulative area) 
      Cumulative area ratio:   16.54
      Required ratio:    0.00 (Cumulative side area) 

    Layer: met1
      Partial area ratio:    2.12
      Required ratio:    0.00 (Gate area) 
      Partial area ratio:   10.82
      Required ratio: 2773.88 (Side area) 
      Cumulative area ratio:    2.12
      Required ratio:    0.00 (Cumulative area) 
      Cumulative area ratio:   10.82
      Required ratio:    0.00 (Cumulative side area) 

    Layer: li1
      Partial area ratio:    0.00
      Required ratio:    0.00 (Gate area) 
      Partial area ratio:    0.00
      Required ratio:  270.61 (Side area) 
      Cumulative area ratio:    0.00
      Required ratio:    0.00 (Cumulative area) 
      Cumulative area ratio:    0.00
      Required ratio:    0.00 (Cumulative side area) 

    Via: M3M4_PR
      Partial area ratio:    0.02
      Required ratio:    6.00 (Gate area) 
      Cumulative area ratio:    0.51
      Required ratio:    0.00 (Cumulative area) 

    Via: M2M3_PR
      Partial area ratio:    0.14
      Required ratio:    6.00 (Gate area) 
      Cumulative area ratio:    0.31
      Required ratio:    0.00 (Cumulative area) 

    Via: M1M2_PR
      Partial area ratio:    0.10
      Required ratio:    6.00 (Gate area) 
      Cumulative area ratio:    0.17
      Required ratio:    0.00 (Cumulative area) 

    Via: L1M1_PR
      Partial area ratio:    0.07
      Required ratio:    3.00 (Gate area) 
      Cumulative area ratio:    0.07
      Required ratio:    0.00 (Cumulative area) 

  Pin: _22770_/A0 (sky130_fd_sc_hd__mux2_1)
    Layer: met4
      Partial area ratio:   10.73
      Required ratio:    0.00 (Gate area) 
      Partial area ratio:   57.33
      Required ratio: 4534.52 (Side area) 
      Cumulative area ratio:   51.65
      Required ratio:    0.00 (Cumulative area) 
      Cumulative area ratio:  275.91
      Required ratio:    0.00 (Cumulative side area) 

    Layer: met3
      Partial area ratio:   30.26
      Required ratio:    0.00 (Gate area) 
      Partial area ratio:  162.69
      Required ratio: 3295.52 (Side area) 
      Cumulative area ratio:   40.92
      Required ratio:    0.00 (Cumulative area) 
      Cumulative area ratio:  218.59
      Required ratio:    0.00 (Cumulative side area) 

    Layer: met2
      Partial area ratio:    1.04
      Required ratio:    0.00 (Gate area) 
      Partial area ratio:    5.72
      Required ratio: 2773.88 (Side area) 
      Cumulative area ratio:    3.16
      Required ratio:    0.00 (Cumulative area) 
      Cumulative area ratio:   16.54
      Required ratio:    0.00 (Cumulative side area) 

    Layer: met1
      Partial area ratio:    0.00
      Required ratio:    0.00 (Gate area) 
      Partial area ratio:    0.00
      Required ratio:  400.00 (Side area) 
      Cumulative area ratio:    0.00
      Required ratio:    0.00 (Cumulative area) 
      Cumulative area ratio:    0.00
      Required ratio:    0.00 (Cumulative side area) 

    Layer: li1
      Partial area ratio:    0.00
      Required ratio:    0.00 (Gate area) 
      Partial area ratio:    0.00
      Required ratio:   75.00 (Side area) 
      Cumulative area ratio:    0.00
      Required ratio:    0.00 (Cumulative area) 
      Cumulative area ratio:    0.00
      Required ratio:    0.00 (Cumulative side area) 

    Via: M3M4_PR
      Partial area ratio:    0.02
      Required ratio:    6.00 (Gate area) 
      Cumulative area ratio:    0.85
      Required ratio:    0.00 (Cumulative area) 

    Via: M2M3_PR
      Partial area ratio:    0.14
      Required ratio:    6.00 (Gate area) 
      Cumulative area ratio:    0.65
      Required ratio:    0.00 (Cumulative area) 

    Via: M1M2_PR
      Partial area ratio:    0.18
      Required ratio:    6.00 (Gate area) 
      Cumulative area ratio:    0.41
      Required ratio:    0.00 (Cumulative area) 

    Via: L1M1_PR
      Partial area ratio:    0.23
      Required ratio:    3.00 (Gate area) 
      Cumulative area ratio:    0.23
      Required ratio:    0.00 (Cumulative area) 

  Pin: _22501_/A1 (sky130_fd_sc_hd__mux2_1)
    Layer: met4
      Partial area ratio:   10.73
      Required ratio:    0.00 (Gate area) 
      Partial area ratio:   57.33
      Required ratio: 4534.52 (Side area) 
      Cumulative area ratio:   57.42
      Required ratio:    0.00 (Cumulative area) 
      Cumulative area ratio:  305.98
      Required ratio:    0.00 (Cumulative side area) 

    Layer: met3
      Partial area ratio:   30.26
      Required ratio:    0.00 (Gate area) 
      Partial area ratio:  162.69
      Required ratio: 3295.52 (Side area) 
      Cumulative area ratio:   46.69
      Required ratio:    0.00 (Cumulative area) 
      Cumulative area ratio:  248.65
      Required ratio:    0.00 (Cumulative side area) 

    Layer: met2
      Partial area ratio:    2.61
      Required ratio:    0.00 (Gate area) 
      Partial area ratio:   13.83
      Required ratio:  400.00 (Side area) 
      Cumulative area ratio:    2.61
      Required ratio:    0.00 (Cumulative area) 
      Cumulative area ratio:   13.83
      Required ratio:    0.00 (Cumulative side area) 

    Layer: met1
      Partial area ratio:    0.00
      Required ratio:    0.00 (Gate area) 
      Partial area ratio:    0.00
      Required ratio:  400.00 (Side area) 
      Cumulative area ratio:    0.00
      Required ratio:    0.00 (Cumulative area) 
      Cumulative area ratio:    0.00
      Required ratio:    0.00 (Cumulative side area) 

    Layer: li1
      Partial area ratio:    0.00
      Required ratio:    0.00 (Gate area) 
      Partial area ratio:    0.00
      Required ratio:   75.00 (Side area) 
      Cumulative area ratio:    0.00
      Required ratio:    0.00 (Cumulative area) 
      Cumulative area ratio:    0.00
      Required ratio:    0.00 (Cumulative side area) 

    Via: M3M4_PR
      Partial area ratio:    0.02
      Required ratio:    6.00 (Gate area) 
      Cumulative area ratio:    1.35
      Required ratio:    0.00 (Cumulative area) 

    Via: M2M3_PR
      Partial area ratio:    0.32
      Required ratio:    6.00 (Gate area) 
      Cumulative area ratio:    0.73
      Required ratio:    0.00 (Cumulative area) 

    Via: M1M2_PR
      Partial area ratio:    0.18
      Required ratio:    6.00 (Gate area) 
      Cumulative area ratio:    0.41
      Required ratio:    0.00 (Cumulative area) 

    Via: L1M1_PR
      Partial area ratio:    0.23
      Required ratio:    3.00 (Gate area) 
      Cumulative area ratio:    0.23
      Required ratio:    0.00 (Cumulative area) 

  Pin: ANTENNA__22501__A1/DIODE (sky130_fd_sc_hd__diode_2)
    Layer: met4
      Partial area ratio:   10.73
      Required ratio:    0.00 (Gate area) 
      Partial area ratio:   57.33
      Required ratio: 4534.52 (Side area) 
      Cumulative area ratio:   54.81
      Required ratio:    0.00 (Cumulative area) 
      Cumulative area ratio:  292.14
      Required ratio:    0.00 (Cumulative side area) 

    Layer: met3
      Partial area ratio:   30.26
      Required ratio:    0.00 (Gate area) 
      Partial area ratio:  162.69
      Required ratio: 3295.52 (Side area) 
      Cumulative area ratio:   44.08
      Required ratio:    0.00 (Cumulative area) 
      Cumulative area ratio:  234.82
      Required ratio:    0.00 (Cumulative side area) 

    Layer: met2
      Partial area ratio:    3.16
      Required ratio:    0.00 (Gate area) 
      Partial area ratio:   16.23
      Required ratio: 2773.88 (Side area) 
      Cumulative area ratio:    3.16
      Required ratio:    0.00 (Cumulative area) 
      Cumulative area ratio:   16.23
      Required ratio:    0.00 (Cumulative side area) 

    Layer: met1
      Partial area ratio:    0.00
      Required ratio:    0.00 (Gate area) 
      Partial area ratio:    0.00
      Required ratio: 2773.88 (Side area) 
      Cumulative area ratio:    0.00
      Required ratio:    0.00 (Cumulative area) 
      Cumulative area ratio:    0.00
      Required ratio:    0.00 (Cumulative side area) 

    Layer: li1
      Partial area ratio:    0.00
      Required ratio:    0.00 (Gate area) 
      Partial area ratio:    0.00
      Required ratio:  270.61 (Side area) 
      Cumulative area ratio:    0.00
      Required ratio:    0.00 (Cumulative area) 
      Cumulative area ratio:    0.00
      Required ratio:    0.00 (Cumulative side area) 

    Via: M3M4_PR
      Partial area ratio:    0.02
      Required ratio:    6.00 (Gate area) 
      Cumulative area ratio:    0.74
      Required ratio:    0.00 (Cumulative area) 

    Via: M2M3_PR
      Partial area ratio:    0.18
      Required ratio:    6.00 (Gate area) 
      Cumulative area ratio:    0.30
      Required ratio:    0.00 (Cumulative area) 

    Via: M1M2_PR
      Partial area ratio:    0.05
      Required ratio:    6.00 (Gate area) 
      Cumulative area ratio:    0.12
      Required ratio:    0.00 (Cumulative area) 

    Via: L1M1_PR
      Partial area ratio:    0.07
      Required ratio:    3.00 (Gate area) 
      Cumulative area ratio:    0.07
      Required ratio:    0.00 (Cumulative area) 

  Pin: _21419_/A1 (sky130_fd_sc_hd__mux2_1)
    Layer: met4
      Partial area ratio:   10.73
      Required ratio:    0.00 (Gate area) 
      Partial area ratio:   57.33
      Required ratio: 4534.52 (Side area) 
      Cumulative area ratio:   48.49
      Required ratio:    0.00 (Cumulative area) 
      Cumulative area ratio:  259.37
      Required ratio:    0.00 (Cumulative side area) 

    Layer: met3
      Partial area ratio:   30.26
      Required ratio:    0.00 (Gate area) 
      Partial area ratio:  162.69
      Required ratio: 3295.52 (Side area) 
      Cumulative area ratio:   37.76
      Required ratio:    0.00 (Cumulative area) 
      Cumulative area ratio:  202.05
      Required ratio:    0.00 (Cumulative side area) 

    Layer: met2
      Partial area ratio:    2.58
      Required ratio:    0.00 (Gate area) 
      Partial area ratio:   13.88
      Required ratio: 2947.76 (Side area) 
      Cumulative area ratio:    7.50
      Required ratio:    0.00 (Cumulative area) 
      Cumulative area ratio:   39.36
      Required ratio:    0.00 (Cumulative side area) 

    Layer: met1
      Partial area ratio:    0.00
      Required ratio:    0.00 (Gate area) 
      Partial area ratio:    0.00
      Required ratio:  400.00 (Side area) 
      Cumulative area ratio:    0.00
      Required ratio:    0.00 (Cumulative area) 
      Cumulative area ratio:    0.00
      Required ratio:    0.00 (Cumulative side area) 

    Layer: li1
      Partial area ratio:    0.00
      Required ratio:    0.00 (Gate area) 
      Partial area ratio:    0.00
      Required ratio:   75.00 (Side area) 
      Cumulative area ratio:    0.00
      Required ratio:    0.00 (Cumulative area) 
      Cumulative area ratio:    0.00
      Required ratio:    0.00 (Cumulative side area) 

    Via: M3M4_PR
      Partial area ratio:    0.02
      Required ratio:    6.00 (Gate area) 
      Cumulative area ratio:    0.60
      Required ratio:    0.00 (Cumulative area) 

    Via: M2M3_PR
      Partial area ratio:    0.07
      Required ratio:    6.00 (Gate area) 
      Cumulative area ratio:    0.58
      Required ratio:    0.00 (Cumulative area) 

    Via: M1M2_PR
      Partial area ratio:    0.18
      Required ratio:    6.00 (Gate area) 
      Cumulative area ratio:    0.41
      Required ratio:    0.00 (Cumulative area) 

    Via: L1M1_PR
      Partial area ratio:    0.23
      Required ratio:    3.00 (Gate area) 
      Cumulative area ratio:    0.23
      Required ratio:    0.00 (Cumulative area) 

  Pin: ANTENNA__21966__A0/DIODE (sky130_fd_sc_hd__diode_2)
    Layer: met3
      Partial area ratio:   42.85
      Required ratio:    0.00 (Gate area) 
      Partial area ratio:  229.03
      Required ratio: 3839.00 (Side area) 
      Cumulative area ratio:   49.06
      Required ratio:    0.00 (Cumulative area) 
      Cumulative area ratio:  260.54
      Required ratio:    0.00 (Cumulative side area) 

    Layer: met4
      Partial area ratio:   10.73
      Required ratio:    0.00 (Gate area) 
      Partial area ratio:   57.33
      Required ratio: 4534.52 (Side area) 
      Cumulative area ratio:   59.79
      Required ratio:    0.00 (Cumulative area) 
      Cumulative area ratio:  317.87
      Required ratio:    0.00 (Cumulative side area) 

    Layer: met2
      Partial area ratio:    6.21
      Required ratio:    0.00 (Gate area) 
      Partial area ratio:   31.51
      Required ratio: 2947.76 (Side area) 
      Cumulative area ratio:    6.21
      Required ratio:    0.00 (Cumulative area) 
      Cumulative area ratio:   31.51
      Required ratio:    0.00 (Cumulative side area) 

    Layer: met1
      Partial area ratio:    0.00
      Required ratio:    0.00 (Gate area) 
      Partial area ratio:    0.00
      Required ratio: 2773.88 (Side area) 
      Cumulative area ratio:    0.00
      Required ratio:    0.00 (Cumulative area) 
      Cumulative area ratio:    0.00
      Required ratio:    0.00 (Cumulative side area) 

    Layer: li1
      Partial area ratio:    0.00
      Required ratio:    0.00 (Gate area) 
      Partial area ratio:    0.00
      Required ratio:  270.61 (Side area) 
      Cumulative area ratio:    0.00
      Required ratio:    0.00 (Cumulative area) 
      Cumulative area ratio:    0.00
      Required ratio:    0.00 (Cumulative side area) 

    Via: M3M4_PR
      Partial area ratio:    0.01
      Required ratio:    6.00 (Gate area) 
      Cumulative area ratio:    0.17
      Required ratio:    0.00 (Cumulative area) 

    Via: M2M3_PR
      Partial area ratio:    0.04
      Required ratio:    6.00 (Gate area) 
      Cumulative area ratio:    0.15
      Required ratio:    0.00 (Cumulative area) 

    Via: M1M2_PR
      Partial area ratio:    0.05
      Required ratio:    6.00 (Gate area) 
      Cumulative area ratio:    0.12
      Required ratio:    0.00 (Cumulative area) 

    Via: L1M1_PR
      Partial area ratio:    0.07
      Required ratio:    3.00 (Gate area) 
      Cumulative area ratio:    0.07
      Required ratio:    0.00 (Cumulative area) 

  Pin: _21966_/A0 (sky130_fd_sc_hd__mux2_1)
    Layer: met3
      Partial area ratio:   42.85
      Required ratio:    0.00 (Gate area) 
      Partial area ratio:  229.03
      Required ratio: 3839.00 (Side area) 
      Cumulative area ratio:   52.28
      Required ratio:    0.00 (Cumulative area) 
      Cumulative area ratio:  277.43
      Required ratio:    0.00 (Cumulative side area) 

    Layer: met4
      Partial area ratio:   10.73
      Required ratio:    0.00 (Gate area) 
      Partial area ratio:   57.33
      Required ratio: 4534.52 (Side area) 
      Cumulative area ratio:   63.02
      Required ratio:    0.00 (Cumulative area) 
      Cumulative area ratio:  334.76
      Required ratio:    0.00 (Cumulative side area) 

    Layer: met2
      Partial area ratio:    6.21
      Required ratio:    0.00 (Gate area) 
      Partial area ratio:   31.51
      Required ratio: 2947.76 (Side area) 
      Cumulative area ratio:    9.44
      Required ratio:    0.00 (Cumulative area) 
      Cumulative area ratio:   48.40
      Required ratio:    0.00 (Cumulative side area) 

    Layer: met1
      Partial area ratio:    3.22
      Required ratio:    0.00 (Gate area) 
      Partial area ratio:   16.89
      Required ratio:  400.00 (Side area) 
      Cumulative area ratio:    3.22
      Required ratio:    0.00 (Cumulative area) 
      Cumulative area ratio:   16.89
      Required ratio:    0.00 (Cumulative side area) 

    Layer: li1
      Partial area ratio:    0.00
      Required ratio:    0.00 (Gate area) 
      Partial area ratio:    0.00
      Required ratio:   75.00 (Side area) 
      Cumulative area ratio:    0.00
      Required ratio:    0.00 (Cumulative area) 
      Cumulative area ratio:    0.00
      Required ratio:    0.00 (Cumulative side area) 

    Via: M3M4_PR
      Partial area ratio:    0.01
      Required ratio:    6.00 (Gate area) 
      Cumulative area ratio:    0.46
      Required ratio:    0.00 (Cumulative area) 

    Via: M2M3_PR
      Partial area ratio:    0.04
      Required ratio:    6.00 (Gate area) 
      Cumulative area ratio:    0.44
      Required ratio:    0.00 (Cumulative area) 

    Via: M1M2_PR
      Partial area ratio:    0.18
      Required ratio:    6.00 (Gate area) 
      Cumulative area ratio:    0.41
      Required ratio:    0.00 (Cumulative area) 

    Via: L1M1_PR
      Partial area ratio:    0.23
      Required ratio:    3.00 (Gate area) 
      Cumulative area ratio:    0.23
      Required ratio:    0.00 (Cumulative area) 

  Pin: _23038_/A0 (sky130_fd_sc_hd__mux2_1)
    Layer: met3
      Partial area ratio:   42.85
      Required ratio:    0.00 (Gate area) 
      Partial area ratio:  229.03
      Required ratio: 3839.00 (Side area) 
      Cumulative area ratio:   53.37
      Required ratio:    0.00 (Cumulative area) 
      Cumulative area ratio:  285.21
      Required ratio:    0.00 (Cumulative side area) 

    Layer: met4
      Partial area ratio:   10.73
      Required ratio:    0.00 (Gate area) 
      Partial area ratio:   57.33
      Required ratio: 4534.52 (Side area) 
      Cumulative area ratio:   64.10
      Required ratio:    0.00 (Cumulative area) 
      Cumulative area ratio:  342.54
      Required ratio:    0.00 (Cumulative side area) 

    Layer: met2
      Partial area ratio:    6.21
      Required ratio:    0.00 (Gate area) 
      Partial area ratio:   31.51
      Required ratio: 2947.76 (Side area) 
      Cumulative area ratio:   10.53
      Required ratio:    0.00 (Cumulative area) 
      Cumulative area ratio:   56.18
      Required ratio:    0.00 (Cumulative side area) 

    Layer: met1
      Partial area ratio:    4.31
      Required ratio:    0.00 (Gate area) 
      Partial area ratio:   24.67
      Required ratio:  400.00 (Side area) 
      Cumulative area ratio:    4.31
      Required ratio:    0.00 (Cumulative area) 
      Cumulative area ratio:   24.67
      Required ratio:    0.00 (Cumulative side area) 

    Layer: li1
      Partial area ratio:    0.00
      Required ratio:    0.00 (Gate area) 
      Partial area ratio:    0.00
      Required ratio:   75.00 (Side area) 
      Cumulative area ratio:    0.00
      Required ratio:    0.00 (Cumulative area) 
      Cumulative area ratio:    0.00
      Required ratio:    0.00 (Cumulative side area) 

    Via: M3M4_PR
      Partial area ratio:    0.01
      Required ratio:    6.00 (Gate area) 
      Cumulative area ratio:    0.46
      Required ratio:    0.00 (Cumulative area) 

    Via: M2M3_PR
      Partial area ratio:    0.04
      Required ratio:    6.00 (Gate area) 
      Cumulative area ratio:    0.44
      Required ratio:    0.00 (Cumulative area) 

    Via: M1M2_PR
      Partial area ratio:    0.18
      Required ratio:    6.00 (Gate area) 
      Cumulative area ratio:    0.41
      Required ratio:    0.00 (Cumulative area) 

    Via: L1M1_PR
      Partial area ratio:    0.23
      Required ratio:    3.00 (Gate area) 
      Cumulative area ratio:    0.23
      Required ratio:    0.00 (Cumulative area) 

  Pin: ANTENNA__23038__A0/DIODE (sky130_fd_sc_hd__diode_2)
    Layer: met3
      Partial area ratio:   42.85
      Required ratio:    0.00 (Gate area) 
      Partial area ratio:  229.03
      Required ratio: 3839.00 (Side area) 
      Cumulative area ratio:   49.26
      Required ratio:    0.00 (Cumulative area) 
      Cumulative area ratio:  261.74
      Required ratio:    0.00 (Cumulative side area) 

    Layer: met4
      Partial area ratio:   10.73
      Required ratio:    0.00 (Gate area) 
      Partial area ratio:   57.33
      Required ratio: 4534.52 (Side area) 
      Cumulative area ratio:   59.99
      Required ratio:    0.00 (Cumulative area) 
      Cumulative area ratio:  319.06
      Required ratio:    0.00 (Cumulative side area) 

    Layer: met2
      Partial area ratio:    6.21
      Required ratio:    0.00 (Gate area) 
      Partial area ratio:   31.51
      Required ratio: 2947.76 (Side area) 
      Cumulative area ratio:    6.41
      Required ratio:    0.00 (Cumulative area) 
      Cumulative area ratio:   32.70
      Required ratio:    0.00 (Cumulative side area) 

    Layer: met1
      Partial area ratio:    0.19
      Required ratio:    0.00 (Gate area) 
      Partial area ratio:    1.19
      Required ratio: 2773.88 (Side area) 
      Cumulative area ratio:    0.19
      Required ratio:    0.00 (Cumulative area) 
      Cumulative area ratio:    1.19
      Required ratio:    0.00 (Cumulative side area) 

    Layer: li1
      Partial area ratio:    0.00
      Required ratio:    0.00 (Gate area) 
      Partial area ratio:    0.00
      Required ratio:  270.61 (Side area) 
      Cumulative area ratio:    0.00
      Required ratio:    0.00 (Cumulative area) 
      Cumulative area ratio:    0.00
      Required ratio:    0.00 (Cumulative side area) 

    Via: M3M4_PR
      Partial area ratio:    0.01
      Required ratio:    6.00 (Gate area) 
      Cumulative area ratio:    0.17
      Required ratio:    0.00 (Cumulative area) 

    Via: M2M3_PR
      Partial area ratio:    0.04
      Required ratio:    6.00 (Gate area) 
      Cumulative area ratio:    0.15
      Required ratio:    0.00 (Cumulative area) 

    Via: M1M2_PR
      Partial area ratio:    0.05
      Required ratio:    6.00 (Gate area) 
      Cumulative area ratio:    0.12
      Required ratio:    0.00 (Cumulative area) 

    Via: L1M1_PR
      Partial area ratio:    0.07
      Required ratio:    3.00 (Gate area) 
      Cumulative area ratio:    0.07
      Required ratio:    0.00 (Cumulative area) 

  Pin: _23307_/A0 (sky130_fd_sc_hd__mux2_1)
    Layer: met3
      Partial area ratio:   42.85
      Required ratio:    0.00 (Gate area) 
      Partial area ratio:  229.03
      Required ratio: 3839.00 (Side area) 
      Cumulative area ratio:  151.94
      Required ratio:    0.00 (Cumulative area) 
      Cumulative area ratio:  787.77
      Required ratio:    0.00 (Cumulative side area) 

    Layer: met4
      Partial area ratio:   10.73
      Required ratio:    0.00 (Gate area) 
      Partial area ratio:   57.33
      Required ratio: 4534.52 (Side area) 
      Cumulative area ratio:  162.67
      Required ratio:    0.00 (Cumulative area) 
      Cumulative area ratio:  845.10
      Required ratio:    0.00 (Cumulative side area) 

    Layer: met2
      Partial area ratio:   15.32
      Required ratio:    0.00 (Gate area) 
      Partial area ratio:   77.41
      Required ratio: 3121.64 (Side area) 
      Cumulative area ratio:  109.10
      Required ratio:    0.00 (Cumulative area) 
      Cumulative area ratio:  558.74
      Required ratio:    0.00 (Cumulative side area) 

    Layer: met1
      Partial area ratio:   93.78
      Required ratio:    0.00 (Gate area) 
      Partial area ratio:  481.33
      Required ratio:  400.00 (Side area) (VIOLATED)
      Cumulative area ratio:   93.78
      Required ratio:    0.00 (Cumulative area) 
      Cumulative area ratio:  481.33
      Required ratio:    0.00 (Cumulative side area) 

    Layer: li1
      Partial area ratio:    0.00
      Required ratio:    0.00 (Gate area) 
      Partial area ratio:    0.00
      Required ratio:   75.00 (Side area) 
      Cumulative area ratio:    0.00
      Required ratio:    0.00 (Cumulative area) 
      Cumulative area ratio:    0.00
      Required ratio:    0.00 (Cumulative side area) 

    Via: M3M4_PR
      Partial area ratio:    0.01
      Required ratio:    6.00 (Gate area) 
      Cumulative area ratio:    0.62
      Required ratio:    0.00 (Cumulative area) 

    Via: M2M3_PR
      Partial area ratio:    0.02
      Required ratio:    6.00 (Gate area) 
      Cumulative area ratio:    0.61
      Required ratio:    0.00 (Cumulative area) 

    Via: M1M2_PR
      Partial area ratio:    0.36
      Required ratio:    6.00 (Gate area) 
      Cumulative area ratio:    0.59
      Required ratio:    0.00 (Cumulative area) 

    Via: L1M1_PR
      Partial area ratio:    0.23
      Required ratio:    3.00 (Gate area) 
      Cumulative area ratio:    0.23
      Required ratio:    0.00 (Cumulative area) 

  Pin: ANTENNA__23589__A0/DIODE (sky130_fd_sc_hd__diode_2)
    Layer: met3
      Partial area ratio:   42.85
      Required ratio:    0.00 (Gate area) 
      Partial area ratio:  229.03
      Required ratio: 3839.00 (Side area) 
      Cumulative area ratio:  161.54
      Required ratio:    0.00 (Cumulative area) 
      Cumulative area ratio:  836.81
      Required ratio:    0.00 (Cumulative side area) 

    Layer: met4
      Partial area ratio:   10.73
      Required ratio:    0.00 (Gate area) 
      Partial area ratio:   57.33
      Required ratio: 4534.52 (Side area) 
      Cumulative area ratio:  172.27
      Required ratio:    0.00 (Cumulative area) 
      Cumulative area ratio:  894.14
      Required ratio:    0.00 (Cumulative side area) 

    Layer: met2
      Partial area ratio:   15.32
      Required ratio:    0.00 (Gate area) 
      Partial area ratio:   77.41
      Required ratio: 3121.64 (Side area) 
      Cumulative area ratio:  118.69
      Required ratio:    0.00 (Cumulative area) 
      Cumulative area ratio:  607.78
      Required ratio:    0.00 (Cumulative side area) 

    Layer: met1
      Partial area ratio:    3.75
      Required ratio:    0.00 (Gate area) 
      Partial area ratio:   19.08
      Required ratio: 2773.88 (Side area) 
      Cumulative area ratio:    3.75
      Required ratio:    0.00 (Cumulative area) 
      Cumulative area ratio:   19.08
      Required ratio:    0.00 (Cumulative side area) 

    Layer: li1
      Partial area ratio:    0.00
      Required ratio:    0.00 (Gate area) 
      Partial area ratio:    0.00
      Required ratio:  270.61 (Side area) 
      Cumulative area ratio:    0.00
      Required ratio:    0.00 (Cumulative area) 
      Cumulative area ratio:    0.00
      Required ratio:    0.00 (Cumulative side area) 

    Via: M3M4_PR
      Partial area ratio:    0.01
      Required ratio:    6.00 (Gate area) 
      Cumulative area ratio:    0.58
      Required ratio:    0.00 (Cumulative area) 

    Via: M2M3_PR
      Partial area ratio:    0.02
      Required ratio:    6.00 (Gate area) 
      Cumulative area ratio:    0.57
      Required ratio:    0.00 (Cumulative area) 

    Via: M1M2_PR
      Partial area ratio:    0.04
      Required ratio:    6.00 (Gate area) 
      Cumulative area ratio:    0.11
      Required ratio:    0.00 (Cumulative area) 

    Via: L1M1_PR
      Partial area ratio:    0.07
      Required ratio:    3.00 (Gate area) 
      Cumulative area ratio:    0.07
      Required ratio:    0.00 (Cumulative area) 

  Pin: _23589_/A0 (sky130_fd_sc_hd__mux2_1)
    Layer: met3
      Partial area ratio:   42.85
      Required ratio:    0.00 (Gate area) 
      Partial area ratio:  229.03
      Required ratio: 3839.00 (Side area) 
      Cumulative area ratio:  161.54
      Required ratio:    0.00 (Cumulative area) 
      Cumulative area ratio:  836.81
      Required ratio:    0.00 (Cumulative side area) 

    Layer: met4
      Partial area ratio:   10.73
      Required ratio:    0.00 (Gate area) 
      Partial area ratio:   57.33
      Required ratio: 4534.52 (Side area) 
      Cumulative area ratio:  172.27
      Required ratio:    0.00 (Cumulative area) 
      Cumulative area ratio:  894.14
      Required ratio:    0.00 (Cumulative side area) 

    Layer: met2
      Partial area ratio:   15.32
      Required ratio:    0.00 (Gate area) 
      Partial area ratio:   77.41
      Required ratio: 3121.64 (Side area) 
      Cumulative area ratio:  118.69
      Required ratio:    0.00 (Cumulative area) 
      Cumulative area ratio:  607.78
      Required ratio:    0.00 (Cumulative side area) 

    Layer: met1
      Partial area ratio:    3.75
      Required ratio:    0.00 (Gate area) 
      Partial area ratio:   19.08
      Required ratio: 2773.88 (Side area) 
      Cumulative area ratio:    3.75
      Required ratio:    0.00 (Cumulative area) 
      Cumulative area ratio:   19.08
      Required ratio:    0.00 (Cumulative side area) 

    Layer: li1
      Partial area ratio:    0.00
      Required ratio:    0.00 (Gate area) 
      Partial area ratio:    0.00
      Required ratio:   75.00 (Side area) 
      Cumulative area ratio:    0.00
      Required ratio:    0.00 (Cumulative area) 
      Cumulative area ratio:    0.00
      Required ratio:    0.00 (Cumulative side area) 

    Via: M3M4_PR
      Partial area ratio:    0.01
      Required ratio:    6.00 (Gate area) 
      Cumulative area ratio:    0.74
      Required ratio:    0.00 (Cumulative area) 

    Via: M2M3_PR
      Partial area ratio:    0.02
      Required ratio:    6.00 (Gate area) 
      Cumulative area ratio:    0.73
      Required ratio:    0.00 (Cumulative area) 

    Via: M1M2_PR
      Partial area ratio:    0.04
      Required ratio:    6.00 (Gate area) 
      Cumulative area ratio:    0.27
      Required ratio:    0.00 (Cumulative area) 

    Via: L1M1_PR
      Partial area ratio:    0.23
      Required ratio:    3.00 (Gate area) 
      Cumulative area ratio:    0.23
      Required ratio:    0.00 (Cumulative area) 

  Pin: ANTENNA__22234__A0/DIODE (sky130_fd_sc_hd__diode_2)
    Layer: met3
      Partial area ratio:   42.85
      Required ratio:    0.00 (Gate area) 
      Partial area ratio:  229.03
      Required ratio: 3839.00 (Side area) 
      Cumulative area ratio:  157.80
      Required ratio:    0.00 (Cumulative area) 
      Cumulative area ratio:  817.74
      Required ratio:    0.00 (Cumulative side area) 

    Layer: met4
      Partial area ratio:   10.73
      Required ratio:    0.00 (Gate area) 
      Partial area ratio:   57.33
      Required ratio: 4534.52 (Side area) 
      Cumulative area ratio:  168.53
      Required ratio:    0.00 (Cumulative area) 
      Cumulative area ratio:  875.06
      Required ratio:    0.00 (Cumulative side area) 

    Layer: met2
      Partial area ratio:   15.32
      Required ratio:    0.00 (Gate area) 
      Partial area ratio:   77.41
      Required ratio: 3121.64 (Side area) 
      Cumulative area ratio:  114.95
      Required ratio:    0.00 (Cumulative area) 
      Cumulative area ratio:  588.70
      Required ratio:    0.00 (Cumulative side area) 

    Layer: met1
      Partial area ratio:    5.85
      Required ratio:    0.00 (Gate area) 
      Partial area ratio:   29.96
      Required ratio: 2773.88 (Side area) 
      Cumulative area ratio:    5.85
      Required ratio:    0.00 (Cumulative area) 
      Cumulative area ratio:   29.96
      Required ratio:    0.00 (Cumulative side area) 

    Layer: li1
      Partial area ratio:    0.00
      Required ratio:    0.00 (Gate area) 
      Partial area ratio:    0.00
      Required ratio:  270.61 (Side area) 
      Cumulative area ratio:    0.00
      Required ratio:    0.00 (Cumulative area) 
      Cumulative area ratio:    0.00
      Required ratio:    0.00 (Cumulative side area) 

    Via: M3M4_PR
      Partial area ratio:    0.01
      Required ratio:    6.00 (Gate area) 
      Cumulative area ratio:    0.54
      Required ratio:    0.00 (Cumulative area) 

    Via: M2M3_PR
      Partial area ratio:    0.02
      Required ratio:    6.00 (Gate area) 
      Cumulative area ratio:    0.53
      Required ratio:    0.00 (Cumulative area) 

    Via: M1M2_PR
      Partial area ratio:    0.08
      Required ratio:    6.00 (Gate area) 
      Cumulative area ratio:    0.15
      Required ratio:    0.00 (Cumulative area) 

    Via: L1M1_PR
      Partial area ratio:    0.07
      Required ratio:    3.00 (Gate area) 
      Cumulative area ratio:    0.07
      Required ratio:    0.00 (Cumulative area) 

  Pin: _22234_/A0 (sky130_fd_sc_hd__mux2_1)
    Layer: met3
      Partial area ratio:   42.85
      Required ratio:    0.00 (Gate area) 
      Partial area ratio:  229.03
      Required ratio: 3839.00 (Side area) 
      Cumulative area ratio:  157.80
      Required ratio:    0.00 (Cumulative area) 
      Cumulative area ratio:  817.74
      Required ratio:    0.00 (Cumulative side area) 

    Layer: met4
      Partial area ratio:   10.73
      Required ratio:    0.00 (Gate area) 
      Partial area ratio:   57.33
      Required ratio: 4534.52 (Side area) 
      Cumulative area ratio:  168.53
      Required ratio:    0.00 (Cumulative area) 
      Cumulative area ratio:  875.06
      Required ratio:    0.00 (Cumulative side area) 

    Layer: met2
      Partial area ratio:   15.32
      Required ratio:    0.00 (Gate area) 
      Partial area ratio:   77.41
      Required ratio: 3121.64 (Side area) 
      Cumulative area ratio:  114.95
      Required ratio:    0.00 (Cumulative area) 
      Cumulative area ratio:  588.70
      Required ratio:    0.00 (Cumulative side area) 

    Layer: met1
      Partial area ratio:    5.85
      Required ratio:    0.00 (Gate area) 
      Partial area ratio:   29.96
      Required ratio: 2773.88 (Side area) 
      Cumulative area ratio:    5.85
      Required ratio:    0.00 (Cumulative area) 
      Cumulative area ratio:   29.96
      Required ratio:    0.00 (Cumulative side area) 

    Layer: li1
      Partial area ratio:    0.00
      Required ratio:    0.00 (Gate area) 
      Partial area ratio:    0.00
      Required ratio:   75.00 (Side area) 
      Cumulative area ratio:    0.00
      Required ratio:    0.00 (Cumulative area) 
      Cumulative area ratio:    0.00
      Required ratio:    0.00 (Cumulative side area) 

    Via: M3M4_PR
      Partial area ratio:    0.01
      Required ratio:    6.00 (Gate area) 
      Cumulative area ratio:    0.70
      Required ratio:    0.00 (Cumulative area) 

    Via: M2M3_PR
      Partial area ratio:    0.02
      Required ratio:    6.00 (Gate area) 
      Cumulative area ratio:    0.69
      Required ratio:    0.00 (Cumulative area) 

    Via: M1M2_PR
      Partial area ratio:    0.08
      Required ratio:    6.00 (Gate area) 
      Cumulative area ratio:    0.31
      Required ratio:    0.00 (Cumulative area) 

    Via: L1M1_PR
      Partial area ratio:    0.23
      Required ratio:    3.00 (Gate area) 
      Cumulative area ratio:    0.23
      Required ratio:    0.00 (Cumulative area) 

  Pin: ANTENNA__23307__A0/DIODE (sky130_fd_sc_hd__diode_2)
    Layer: met3
      Partial area ratio:   42.85
      Required ratio:    0.00 (Gate area) 
      Partial area ratio:  229.03
      Required ratio: 3839.00 (Side area) 
      Cumulative area ratio:  151.94
      Required ratio:    0.00 (Cumulative area) 
      Cumulative area ratio:  787.77
      Required ratio:    0.00 (Cumulative side area) 

    Layer: met4
      Partial area ratio:   10.73
      Required ratio:    0.00 (Gate area) 
      Partial area ratio:   57.33
      Required ratio: 4534.52 (Side area) 
      Cumulative area ratio:  162.67
      Required ratio:    0.00 (Cumulative area) 
      Cumulative area ratio:  845.10
      Required ratio:    0.00 (Cumulative side area) 

    Layer: met2
      Partial area ratio:   15.32
      Required ratio:    0.00 (Gate area) 
      Partial area ratio:   77.41
      Required ratio: 3121.64 (Side area) 
      Cumulative area ratio:  109.10
      Required ratio:    0.00 (Cumulative area) 
      Cumulative area ratio:  558.74
      Required ratio:    0.00 (Cumulative side area) 

    Layer: met1
      Partial area ratio:    0.00
      Required ratio:    0.00 (Gate area) 
      Partial area ratio:    0.00
      Required ratio: 2773.88 (Side area) 
      Cumulative area ratio:    0.00
      Required ratio:    0.00 (Cumulative area) 
      Cumulative area ratio:    0.00
      Required ratio:    0.00 (Cumulative side area) 

    Layer: li1
      Partial area ratio:    0.00
      Required ratio:    0.00 (Gate area) 
      Partial area ratio:    0.00
      Required ratio:  270.61 (Side area) 
      Cumulative area ratio:    0.00
      Required ratio:    0.00 (Cumulative area) 
      Cumulative area ratio:    0.00
      Required ratio:    0.00 (Cumulative side area) 

    Via: M3M4_PR
      Partial area ratio:    0.01
      Required ratio:    6.00 (Gate area) 
      Cumulative area ratio:    0.51
      Required ratio:    0.00 (Cumulative area) 

    Via: M2M3_PR
      Partial area ratio:    0.02
      Required ratio:    6.00 (Gate area) 
      Cumulative area ratio:    0.50
      Required ratio:    0.00 (Cumulative area) 

    Via: M1M2_PR
      Partial area ratio:    0.05
      Required ratio:    6.00 (Gate area) 
      Cumulative area ratio:    0.12
      Required ratio:    0.00 (Cumulative area) 

    Via: L1M1_PR
      Partial area ratio:    0.07
      Required ratio:    3.00 (Gate area) 
      Cumulative area ratio:    0.07
      Required ratio:    0.00 (Cumulative area) 


Net: _17604_
  Pin: _26633_/B1 (sky130_fd_sc_hd__a22o_1)
    Layer: met2
      Partial area ratio:    3.85
      Required ratio:    0.00 (Gate area) 
      Partial area ratio:   19.65
      Required ratio: 3172.40 (Side area) 
      Cumulative area ratio:   97.08
      Required ratio:    0.00 (Cumulative area) 
      Cumulative area ratio:  492.54
      Required ratio:    0.00 (Cumulative side area) 

    Layer: met1
      Partial area ratio:    0.00
      Required ratio:    0.00 (Gate area) 
      Partial area ratio:    0.00
      Required ratio:  400.00 (Side area) 
      Cumulative area ratio:    0.00
      Required ratio:    0.00 (Cumulative area) 
      Cumulative area ratio:    0.00
      Required ratio:    0.00 (Cumulative side area) 

    Layer: li1
      Partial area ratio:    0.00
      Required ratio:    0.00 (Gate area) 
      Partial area ratio:    0.00
      Required ratio:   75.00 (Side area) 
      Cumulative area ratio:    0.00
      Required ratio:    0.00 (Cumulative area) 
      Cumulative area ratio:    0.00
      Required ratio:    0.00 (Cumulative side area) 

    Via: M1M2_PR
      Partial area ratio:    0.09
      Required ratio:    6.00 (Gate area) 
      Cumulative area ratio:    0.21
      Required ratio:    0.00 (Cumulative area) 

    Via: L1M1_PR
      Partial area ratio:    0.12
      Required ratio:    3.00 (Gate area) 
      Cumulative area ratio:    0.12
      Required ratio:    0.00 (Cumulative area) 

  Pin: _27012_/B1 (sky130_fd_sc_hd__a22o_1)
    Layer: met2
      Partial area ratio:    3.85
      Required ratio:    0.00 (Gate area) 
      Partial area ratio:   19.65
      Required ratio: 3172.40 (Side area) 
      Cumulative area ratio:   97.08
      Required ratio:    0.00 (Cumulative area) 
      Cumulative area ratio:  492.54
      Required ratio:    0.00 (Cumulative side area) 

    Layer: met1
      Partial area ratio:   93.23
      Required ratio:    0.00 (Gate area) 
      Partial area ratio:  472.89
      Required ratio:  400.00 (Side area) (VIOLATED)
      Cumulative area ratio:   93.23
      Required ratio:    0.00 (Cumulative area) 
      Cumulative area ratio:  472.89
      Required ratio:    0.00 (Cumulative side area) 

    Layer: li1
      Partial area ratio:    0.00
      Required ratio:    0.00 (Gate area) 
      Partial area ratio:    0.00
      Required ratio:   75.00 (Side area) 
      Cumulative area ratio:    0.00
      Required ratio:    0.00 (Cumulative area) 
      Cumulative area ratio:    0.00
      Required ratio:    0.00 (Cumulative side area) 

    Via: M1M2_PR
      Partial area ratio:    0.27
      Required ratio:    6.00 (Gate area) 
      Cumulative area ratio:    0.39
      Required ratio:    0.00 (Cumulative area) 

    Via: L1M1_PR
      Partial area ratio:    0.12
      Required ratio:    3.00 (Gate area) 
      Cumulative area ratio:    0.12
      Required ratio:    0.00 (Cumulative area) 

  Pin: _25332_/A (sky130_fd_sc_hd__clkbuf_8)
    Layer: met2
      Partial area ratio:    3.85
      Required ratio:    0.00 (Gate area) 
      Partial area ratio:   19.65
      Required ratio: 3172.40 (Side area) 
      Cumulative area ratio:   98.58
      Required ratio:    0.00 (Cumulative area) 
      Cumulative area ratio:  500.98
      Required ratio:    0.00 (Cumulative side area) 

    Layer: met1
      Partial area ratio:    1.51
      Required ratio:    0.00 (Gate area) 
      Partial area ratio:    8.45
      Required ratio:  400.00 (Side area) 
      Cumulative area ratio:    1.51
      Required ratio:    0.00 (Cumulative area) 
      Cumulative area ratio:    8.45
      Required ratio:    0.00 (Cumulative side area) 

    Layer: li1
      Partial area ratio:    0.00
      Required ratio:    0.00 (Gate area) 
      Partial area ratio:    0.00
      Required ratio:   75.00 (Side area) 
      Cumulative area ratio:    0.00
      Required ratio:    0.00 (Cumulative area) 
      Cumulative area ratio:    0.00
      Required ratio:    0.00 (Cumulative side area) 

    Via: M1M2_PR
      Partial area ratio:    0.11
      Required ratio:    6.00 (Gate area) 
      Cumulative area ratio:    0.17
      Required ratio:    0.00 (Cumulative area) 

    Via: L1M1_PR
      Partial area ratio:    0.07
      Required ratio:    3.00 (Gate area) 
      Cumulative area ratio:    0.07
      Required ratio:    0.00 (Cumulative area) 

  Pin: _26120_/A2 (sky130_fd_sc_hd__a221o_1)
    Layer: met2
      Partial area ratio:    3.85
      Required ratio:    0.00 (Gate area) 
      Partial area ratio:   19.65
      Required ratio: 3172.40 (Side area) 
      Cumulative area ratio:  100.04
      Required ratio:    0.00 (Cumulative area) 
      Cumulative area ratio:  509.45
      Required ratio:    0.00 (Cumulative side area) 

    Layer: met1
      Partial area ratio:    1.46
      Required ratio:    0.00 (Gate area) 
      Partial area ratio:    8.47
      Required ratio:  400.00 (Side area) 
      Cumulative area ratio:    1.46
      Required ratio:    0.00 (Cumulative area) 
      Cumulative area ratio:    8.47
      Required ratio:    0.00 (Cumulative side area) 

    Layer: li1
      Partial area ratio:    0.00
      Required ratio:    0.00 (Gate area) 
      Partial area ratio:    0.00
      Required ratio:   75.00 (Side area) 
      Cumulative area ratio:    0.00
      Required ratio:    0.00 (Cumulative area) 
      Cumulative area ratio:    0.00
      Required ratio:    0.00 (Cumulative side area) 

    Via: M1M2_PR
      Partial area ratio:    0.09
      Required ratio:    6.00 (Gate area) 
      Cumulative area ratio:    0.21
      Required ratio:    0.00 (Cumulative area) 

    Via: L1M1_PR
      Partial area ratio:    0.12
      Required ratio:    3.00 (Gate area) 
      Cumulative area ratio:    0.12
      Required ratio:    0.00 (Cumulative area) 


Net: _18157_
  Pin: _26592_/B1 (sky130_fd_sc_hd__a2bb2o_1)
    Layer: met2
      Partial area ratio:    6.08
      Required ratio:    0.00 (Gate area) 
      Partial area ratio:   31.47
      Required ratio: 3410.04 (Side area) 
      Cumulative area ratio:    9.97
      Required ratio:    0.00 (Cumulative area) 
      Cumulative area ratio:   52.47
      Required ratio:    0.00 (Cumulative side area) 

    Layer: met1
      Partial area ratio:    3.89
      Required ratio:    0.00 (Gate area) 
      Partial area ratio:   21.00
      Required ratio:  400.00 (Side area) 
      Cumulative area ratio:    3.89
      Required ratio:    0.00 (Cumulative area) 
      Cumulative area ratio:   21.00
      Required ratio:    0.00 (Cumulative side area) 

    Layer: li1
      Partial area ratio:    0.00
      Required ratio:    0.00 (Gate area) 
      Partial area ratio:    0.00
      Required ratio:   75.00 (Side area) 
      Cumulative area ratio:    0.00
      Required ratio:    0.00 (Cumulative area) 
      Cumulative area ratio:    0.00
      Required ratio:    0.00 (Cumulative side area) 

    Layer: met3
      Partial area ratio:    4.08
      Required ratio:    0.00 (Gate area) 
      Partial area ratio:   22.20
      Required ratio: 4453.32 (Side area) 
      Cumulative area ratio:   14.05
      Required ratio:    0.00 (Cumulative area) 
      Cumulative area ratio:   74.67
      Required ratio:    0.00 (Cumulative side area) 

    Layer: met4
      Partial area ratio:    5.61
      Required ratio:    0.00 (Gate area) 
      Partial area ratio:   30.09
      Required ratio: 4974.96 (Side area) 
      Cumulative area ratio:   19.66
      Required ratio:    0.00 (Cumulative area) 
      Cumulative area ratio:  104.76
      Required ratio:    0.00 (Cumulative side area) 

    Via: M2M3_PR
      Partial area ratio:    0.07
      Required ratio:    6.00 (Gate area) 
      Cumulative area ratio:    0.66
      Required ratio:    0.00 (Cumulative area) 

    Via: M1M2_PR
      Partial area ratio:    0.36
      Required ratio:    6.00 (Gate area) 
      Cumulative area ratio:    0.59
      Required ratio:    0.00 (Cumulative area) 

    Via: L1M1_PR
      Partial area ratio:    0.23
      Required ratio:    3.00 (Gate area) 
      Cumulative area ratio:    0.23
      Required ratio:    0.00 (Cumulative area) 

    Via: M3M4_PR
      Partial area ratio:    0.01
      Required ratio:    6.00 (Gate area) 
      Cumulative area ratio:    0.67
      Required ratio:    0.00 (Cumulative area) 

  Pin: ANTENNA__26592__B1/DIODE (sky130_fd_sc_hd__diode_2)
    Layer: met2
      Partial area ratio:    6.08
      Required ratio:    0.00 (Gate area) 
      Partial area ratio:   31.47
      Required ratio: 3410.04 (Side area) 
      Cumulative area ratio:   11.55
      Required ratio:    0.00 (Cumulative area) 
      Cumulative area ratio:   60.78
      Required ratio:    0.00 (Cumulative side area) 

    Layer: met1
      Partial area ratio:    1.57
      Required ratio:    0.00 (Gate area) 
      Partial area ratio:    8.31
      Required ratio: 2773.88 (Side area) 
      Cumulative area ratio:    1.57
      Required ratio:    0.00 (Cumulative area) 
      Cumulative area ratio:    8.31
      Required ratio:    0.00 (Cumulative side area) 

    Layer: li1
      Partial area ratio:    0.00
      Required ratio:    0.00 (Gate area) 
      Partial area ratio:    0.00
      Required ratio:  270.61 (Side area) 
      Cumulative area ratio:    0.00
      Required ratio:    0.00 (Cumulative area) 
      Cumulative area ratio:    0.00
      Required ratio:    0.00 (Cumulative side area) 

    Layer: met3
      Partial area ratio:    4.08
      Required ratio:    0.00 (Gate area) 
      Partial area ratio:   22.20
      Required ratio: 4453.32 (Side area) 
      Cumulative area ratio:   15.62
      Required ratio:    0.00 (Cumulative area) 
      Cumulative area ratio:   82.98
      Required ratio:    0.00 (Cumulative side area) 

    Layer: met4
      Partial area ratio:    5.61
      Required ratio:    0.00 (Gate area) 
      Partial area ratio:   30.09
      Required ratio: 4974.96 (Side area) 
      Cumulative area ratio:   21.23
      Required ratio:    0.00 (Cumulative area) 
      Cumulative area ratio:  113.07
      Required ratio:    0.00 (Cumulative side area) 

    Via: M2M3_PR
      Partial area ratio:    0.07
      Required ratio:    6.00 (Gate area) 
      Cumulative area ratio:    0.60
      Required ratio:    0.00 (Cumulative area) 

    Via: M1M2_PR
      Partial area ratio:    0.10
      Required ratio:    6.00 (Gate area) 
      Cumulative area ratio:    0.17
      Required ratio:    0.00 (Cumulative area) 

    Via: L1M1_PR
      Partial area ratio:    0.07
      Required ratio:    3.00 (Gate area) 
      Cumulative area ratio:    0.07
      Required ratio:    0.00 (Cumulative area) 

    Via: M3M4_PR
      Partial area ratio:    0.01
      Required ratio:    6.00 (Gate area) 
      Cumulative area ratio:    0.61
      Required ratio:    0.00 (Cumulative area) 

  Pin: ANTENNA__26795__B1/DIODE (sky130_fd_sc_hd__diode_2)
    Layer: met3
      Partial area ratio:    4.08
      Required ratio:    0.00 (Gate area) 
      Partial area ratio:   22.20
      Required ratio: 4453.32 (Side area) 
      Cumulative area ratio:  134.06
      Required ratio:    0.00 (Cumulative area) 
      Cumulative area ratio:  688.11
      Required ratio:    0.00 (Cumulative side area) 

    Layer: met2
      Partial area ratio:   15.66
      Required ratio:    0.00 (Gate area) 
      Partial area ratio:   79.13
      Required ratio: 3121.64 (Side area) 
      Cumulative area ratio:  129.98
      Required ratio:    0.00 (Cumulative area) 
      Cumulative area ratio:  665.91
      Required ratio:    0.00 (Cumulative side area) 

    Layer: met1
      Partial area ratio:    1.03
      Required ratio:    0.00 (Gate area) 
      Partial area ratio:    5.56
      Required ratio: 2947.76 (Side area) 
      Cumulative area ratio:    1.03
      Required ratio:    0.00 (Cumulative area) 
      Cumulative area ratio:    5.56
      Required ratio:    0.00 (Cumulative side area) 

    Layer: li1
      Partial area ratio:    0.00
      Required ratio:    0.00 (Gate area) 
      Partial area ratio:    0.00
      Required ratio:  270.61 (Side area) 
      Cumulative area ratio:    0.00
      Required ratio:    0.00 (Cumulative area) 
      Cumulative area ratio:    0.00
      Required ratio:    0.00 (Cumulative side area) 

    Layer: met4
      Partial area ratio:    5.61
      Required ratio:    0.00 (Gate area) 
      Partial area ratio:   30.09
      Required ratio: 4974.96 (Side area) 
      Cumulative area ratio:  139.67
      Required ratio:    0.00 (Cumulative area) 
      Cumulative area ratio:  718.20
      Required ratio:    0.00 (Cumulative side area) 

    Via: M3M4_PR
      Partial area ratio:    0.01
      Required ratio:    6.00 (Gate area) 
      Cumulative area ratio:    0.70
      Required ratio:    0.00 (Cumulative area) 

    Via: M2M3_PR
      Partial area ratio:    0.05
      Required ratio:    6.00 (Gate area) 
      Cumulative area ratio:    0.69
      Required ratio:    0.00 (Cumulative area) 

    Via: M1M2_PR
      Partial area ratio:    0.05
      Required ratio:    6.00 (Gate area) 
      Cumulative area ratio:    0.11
      Required ratio:    0.00 (Cumulative area) 

    Via: L1M1_PR
      Partial area ratio:    0.07
      Required ratio:    3.00 (Gate area) 
      Cumulative area ratio:    0.07
      Required ratio:    0.00 (Cumulative area) 

  Pin: _26795_/B1 (sky130_fd_sc_hd__a2bb2o_1)
    Layer: met3
      Partial area ratio:    4.08
      Required ratio:    0.00 (Gate area) 
      Partial area ratio:   22.20
      Required ratio: 4453.32 (Side area) 
      Cumulative area ratio:  134.06
      Required ratio:    0.00 (Cumulative area) 
      Cumulative area ratio:  688.11
      Required ratio:    0.00 (Cumulative side area) 

    Layer: met2
      Partial area ratio:   15.66
      Required ratio:    0.00 (Gate area) 
      Partial area ratio:   79.13
      Required ratio: 3121.64 (Side area) 
      Cumulative area ratio:  129.98
      Required ratio:    0.00 (Cumulative area) 
      Cumulative area ratio:  665.91
      Required ratio:    0.00 (Cumulative side area) 

    Layer: met1
      Partial area ratio:    0.00
      Required ratio:    0.00 (Gate area) 
      Partial area ratio:    0.00
      Required ratio:  400.00 (Side area) 
      Cumulative area ratio:    0.00
      Required ratio:    0.00 (Cumulative area) 
      Cumulative area ratio:    0.00
      Required ratio:    0.00 (Cumulative side area) 

    Layer: li1
      Partial area ratio:    0.00
      Required ratio:    0.00 (Gate area) 
      Partial area ratio:    0.00
      Required ratio:   75.00 (Side area) 
      Cumulative area ratio:    0.00
      Required ratio:    0.00 (Cumulative area) 
      Cumulative area ratio:    0.00
      Required ratio:    0.00 (Cumulative side area) 

    Layer: met4
      Partial area ratio:    5.61
      Required ratio:    0.00 (Gate area) 
      Partial area ratio:   30.09
      Required ratio: 4974.96 (Side area) 
      Cumulative area ratio:  139.67
      Required ratio:    0.00 (Cumulative area) 
      Cumulative area ratio:  718.20
      Required ratio:    0.00 (Cumulative side area) 

    Via: M3M4_PR
      Partial area ratio:    0.01
      Required ratio:    6.00 (Gate area) 
      Cumulative area ratio:    1.05
      Required ratio:    0.00 (Cumulative area) 

    Via: M2M3_PR
      Partial area ratio:    0.05
      Required ratio:    6.00 (Gate area) 
      Cumulative area ratio:    1.04
      Required ratio:    0.00 (Cumulative area) 

    Via: M1M2_PR
      Partial area ratio:    0.18
      Required ratio:    6.00 (Gate area) 
      Cumulative area ratio:    0.41
      Required ratio:    0.00 (Cumulative area) 

    Via: L1M1_PR
      Partial area ratio:    0.23
      Required ratio:    3.00 (Gate area) 
      Cumulative area ratio:    0.23
      Required ratio:    0.00 (Cumulative area) 

  Pin: _26864_/B1 (sky130_fd_sc_hd__o2bb2a_1)
    Layer: met3
      Partial area ratio:    4.08
      Required ratio:    0.00 (Gate area) 
      Partial area ratio:   22.20
      Required ratio: 4453.32 (Side area) 
      Cumulative area ratio:  134.06
      Required ratio:    0.00 (Cumulative area) 
      Cumulative area ratio:  688.11
      Required ratio:    0.00 (Cumulative side area) 

    Layer: met2
      Partial area ratio:   15.66
      Required ratio:    0.00 (Gate area) 
      Partial area ratio:   79.13
      Required ratio: 3121.64 (Side area) 
      Cumulative area ratio:  129.98
      Required ratio:    0.00 (Cumulative area) 
      Cumulative area ratio:  665.91
      Required ratio:    0.00 (Cumulative side area) 

    Layer: met1
      Partial area ratio:    1.03
      Required ratio:    0.00 (Gate area) 
      Partial area ratio:    5.56
      Required ratio: 2947.76 (Side area) 
      Cumulative area ratio:    1.03
      Required ratio:    0.00 (Cumulative area) 
      Cumulative area ratio:    5.56
      Required ratio:    0.00 (Cumulative side area) 

    Layer: li1
      Partial area ratio:    0.00
      Required ratio:    0.00 (Gate area) 
      Partial area ratio:    0.00
      Required ratio:   75.00 (Side area) 
      Cumulative area ratio:    0.00
      Required ratio:    0.00 (Cumulative area) 
      Cumulative area ratio:    0.00
      Required ratio:    0.00 (Cumulative side area) 

    Layer: met4
      Partial area ratio:    5.61
      Required ratio:    0.00 (Gate area) 
      Partial area ratio:   30.09
      Required ratio: 4974.96 (Side area) 
      Cumulative area ratio:  139.67
      Required ratio:    0.00 (Cumulative area) 
      Cumulative area ratio:  718.20
      Required ratio:    0.00 (Cumulative side area) 

    Via: M3M4_PR
      Partial area ratio:    0.01
      Required ratio:    6.00 (Gate area) 
      Cumulative area ratio:    0.87
      Required ratio:    0.00 (Cumulative area) 

    Via: M2M3_PR
      Partial area ratio:    0.05
      Required ratio:    6.00 (Gate area) 
      Cumulative area ratio:    0.86
      Required ratio:    0.00 (Cumulative area) 

    Via: M1M2_PR
      Partial area ratio:    0.05
      Required ratio:    6.00 (Gate area) 
      Cumulative area ratio:    0.27
      Required ratio:    0.00 (Cumulative area) 

    Via: L1M1_PR
      Partial area ratio:    0.23
      Required ratio:    3.00 (Gate area) 
      Cumulative area ratio:    0.23
      Required ratio:    0.00 (Cumulative area) 

  Pin: ANTENNA__26864__B1/DIODE (sky130_fd_sc_hd__diode_2)
    Layer: met3
      Partial area ratio:    4.08
      Required ratio:    0.00 (Gate area) 
      Partial area ratio:   22.20
      Required ratio: 4453.32 (Side area) 
      Cumulative area ratio:  134.06
      Required ratio:    0.00 (Cumulative area) 
      Cumulative area ratio:  688.11
      Required ratio:    0.00 (Cumulative side area) 

    Layer: met2
      Partial area ratio:   15.66
      Required ratio:    0.00 (Gate area) 
      Partial area ratio:   79.13
      Required ratio: 3121.64 (Side area) 
      Cumulative area ratio:  129.98
      Required ratio:    0.00 (Cumulative area) 
      Cumulative area ratio:  665.91
      Required ratio:    0.00 (Cumulative side area) 

    Layer: met1
      Partial area ratio:    1.03
      Required ratio:    0.00 (Gate area) 
      Partial area ratio:    5.56
      Required ratio: 2947.76 (Side area) 
      Cumulative area ratio:    1.03
      Required ratio:    0.00 (Cumulative area) 
      Cumulative area ratio:    5.56
      Required ratio:    0.00 (Cumulative side area) 

    Layer: li1
      Partial area ratio:    0.00
      Required ratio:    0.00 (Gate area) 
      Partial area ratio:    0.00
      Required ratio:  270.61 (Side area) 
      Cumulative area ratio:    0.00
      Required ratio:    0.00 (Cumulative area) 
      Cumulative area ratio:    0.00
      Required ratio:    0.00 (Cumulative side area) 

    Layer: met4
      Partial area ratio:    5.61
      Required ratio:    0.00 (Gate area) 
      Partial area ratio:   30.09
      Required ratio: 4974.96 (Side area) 
      Cumulative area ratio:  139.67
      Required ratio:    0.00 (Cumulative area) 
      Cumulative area ratio:  718.20
      Required ratio:    0.00 (Cumulative side area) 

    Via: M3M4_PR
      Partial area ratio:    0.01
      Required ratio:    6.00 (Gate area) 
      Cumulative area ratio:    0.70
      Required ratio:    0.00 (Cumulative area) 

    Via: M2M3_PR
      Partial area ratio:    0.05
      Required ratio:    6.00 (Gate area) 
      Cumulative area ratio:    0.69
      Required ratio:    0.00 (Cumulative area) 

    Via: M1M2_PR
      Partial area ratio:    0.05
      Required ratio:    6.00 (Gate area) 
      Cumulative area ratio:    0.11
      Required ratio:    0.00 (Cumulative area) 

    Via: L1M1_PR
      Partial area ratio:    0.07
      Required ratio:    3.00 (Gate area) 
      Cumulative area ratio:    0.07
      Required ratio:    0.00 (Cumulative area) 

  Pin: ANTENNA__26971__B1/DIODE (sky130_fd_sc_hd__diode_2)
    Layer: met3
      Partial area ratio:    4.08
      Required ratio:    0.00 (Gate area) 
      Partial area ratio:   22.20
      Required ratio: 4453.32 (Side area) 
      Cumulative area ratio:  133.52
      Required ratio:    0.00 (Cumulative area) 
      Cumulative area ratio:  685.23
      Required ratio:    0.00 (Cumulative side area) 

    Layer: met2
      Partial area ratio:   15.66
      Required ratio:    0.00 (Gate area) 
      Partial area ratio:   79.13
      Required ratio: 3121.64 (Side area) 
      Cumulative area ratio:  129.44
      Required ratio:    0.00 (Cumulative area) 
      Cumulative area ratio:  663.03
      Required ratio:    0.00 (Cumulative side area) 

    Layer: met1
      Partial area ratio:    0.49
      Required ratio:    0.00 (Gate area) 
      Partial area ratio:    2.67
      Required ratio: 2773.88 (Side area) 
      Cumulative area ratio:    0.49
      Required ratio:    0.00 (Cumulative area) 
      Cumulative area ratio:    2.67
      Required ratio:    0.00 (Cumulative side area) 

    Layer: li1
      Partial area ratio:    0.00
      Required ratio:    0.00 (Gate area) 
      Partial area ratio:    0.00
      Required ratio:  270.61 (Side area) 
      Cumulative area ratio:    0.00
      Required ratio:    0.00 (Cumulative area) 
      Cumulative area ratio:    0.00
      Required ratio:    0.00 (Cumulative side area) 

    Layer: met4
      Partial area ratio:    5.61
      Required ratio:    0.00 (Gate area) 
      Partial area ratio:   30.09
      Required ratio: 4974.96 (Side area) 
      Cumulative area ratio:  139.13
      Required ratio:    0.00 (Cumulative area) 
      Cumulative area ratio:  715.32
      Required ratio:    0.00 (Cumulative side area) 

    Via: M3M4_PR
      Partial area ratio:    0.01
      Required ratio:    6.00 (Gate area) 
      Cumulative area ratio:    0.71
      Required ratio:    0.00 (Cumulative area) 

    Via: M2M3_PR
      Partial area ratio:    0.05
      Required ratio:    6.00 (Gate area) 
      Cumulative area ratio:    0.70
      Required ratio:    0.00 (Cumulative area) 

    Via: M1M2_PR
      Partial area ratio:    0.05
      Required ratio:    6.00 (Gate area) 
      Cumulative area ratio:    0.12
      Required ratio:    0.00 (Cumulative area) 

    Via: L1M1_PR
      Partial area ratio:    0.07
      Required ratio:    3.00 (Gate area) 
      Cumulative area ratio:    0.07
      Required ratio:    0.00 (Cumulative area) 

  Pin: _26971_/B1 (sky130_fd_sc_hd__a2bb2o_1)
    Layer: met3
      Partial area ratio:    4.08
      Required ratio:    0.00 (Gate area) 
      Partial area ratio:   22.20
      Required ratio: 4453.32 (Side area) 
      Cumulative area ratio:  133.03
      Required ratio:    0.00 (Cumulative area) 
      Cumulative area ratio:  682.56
      Required ratio:    0.00 (Cumulative side area) 

    Layer: met2
      Partial area ratio:   15.66
      Required ratio:    0.00 (Gate area) 
      Partial area ratio:   79.13
      Required ratio: 3121.64 (Side area) 
      Cumulative area ratio:  128.95
      Required ratio:    0.00 (Cumulative area) 
      Cumulative area ratio:  660.36
      Required ratio:    0.00 (Cumulative side area) 

    Layer: met1
      Partial area ratio:  113.29
      Required ratio:    0.00 (Gate area) 
      Partial area ratio:  581.22
      Required ratio:  400.00 (Side area) (VIOLATED)
      Cumulative area ratio:  113.29
      Required ratio:    0.00 (Cumulative area) 
      Cumulative area ratio:  581.22
      Required ratio:    0.00 (Cumulative side area) 

    Layer: li1
      Partial area ratio:    0.00
      Required ratio:    0.00 (Gate area) 
      Partial area ratio:    0.00
      Required ratio:   75.00 (Side area) 
      Cumulative area ratio:    0.00
      Required ratio:    0.00 (Cumulative area) 
      Cumulative area ratio:    0.00
      Required ratio:    0.00 (Cumulative side area) 

    Layer: met4
      Partial area ratio:    5.61
      Required ratio:    0.00 (Gate area) 
      Partial area ratio:   30.09
      Required ratio: 4974.96 (Side area) 
      Cumulative area ratio:  138.64
      Required ratio:    0.00 (Cumulative area) 
      Cumulative area ratio:  712.64
      Required ratio:    0.00 (Cumulative side area) 

    Via: M3M4_PR
      Partial area ratio:    0.01
      Required ratio:    6.00 (Gate area) 
      Cumulative area ratio:    0.82
      Required ratio:    0.00 (Cumulative area) 

    Via: M2M3_PR
      Partial area ratio:    0.05
      Required ratio:    6.00 (Gate area) 
      Cumulative area ratio:    0.81
      Required ratio:    0.00 (Cumulative area) 

    Via: M1M2_PR
      Partial area ratio:    0.54
      Required ratio:    6.00 (Gate area) 
      Cumulative area ratio:    0.77
      Required ratio:    0.00 (Cumulative area) 

    Via: L1M1_PR
      Partial area ratio:    0.23
      Required ratio:    3.00 (Gate area) 
      Cumulative area ratio:    0.23
      Required ratio:    0.00 (Cumulative area) 

  Pin: _26132_/A2_N (sky130_fd_sc_hd__a2bb2o_1)
    Layer: met3
      Partial area ratio:    4.08
      Required ratio:    0.00 (Gate area) 
      Partial area ratio:   22.20
      Required ratio: 4453.32 (Side area) 
      Cumulative area ratio:  141.72
      Required ratio:    0.00 (Cumulative area) 
      Cumulative area ratio:  727.41
      Required ratio:    0.00 (Cumulative side area) 

    Layer: met2
      Partial area ratio:    0.33
      Required ratio:    0.00 (Gate area) 
      Partial area ratio:    1.84
      Required ratio: 2773.88 (Side area) 
      Cumulative area ratio:    1.79
      Required ratio:    0.00 (Cumulative area) 
      Cumulative area ratio:    9.63
      Required ratio:    0.00 (Cumulative side area) 

    Layer: met1
      Partial area ratio:    1.45
      Required ratio:    0.00 (Gate area) 
      Partial area ratio:    7.79
      Required ratio: 2773.88 (Side area) 
      Cumulative area ratio:    1.45
      Required ratio:    0.00 (Cumulative area) 
      Cumulative area ratio:    7.79
      Required ratio:    0.00 (Cumulative side area) 

    Layer: li1
      Partial area ratio:    0.00
      Required ratio:    0.00 (Gate area) 
      Partial area ratio:    0.00
      Required ratio:   75.00 (Side area) 
      Cumulative area ratio:    0.00
      Required ratio:    0.00 (Cumulative area) 
      Cumulative area ratio:    0.00
      Required ratio:    0.00 (Cumulative side area) 

    Layer: met4
      Partial area ratio:    5.61
      Required ratio:    0.00 (Gate area) 
      Partial area ratio:   30.09
      Required ratio: 4974.96 (Side area) 
      Cumulative area ratio:  147.33
      Required ratio:    0.00 (Cumulative area) 
      Cumulative area ratio:  757.49
      Required ratio:    0.00 (Cumulative side area) 

    Via: M3M4_PR
      Partial area ratio:    0.01
      Required ratio:    6.00 (Gate area) 
      Cumulative area ratio:    0.99
      Required ratio:    0.00 (Cumulative area) 

    Via: M2M3_PR
      Partial area ratio:    0.07
      Required ratio:    6.00 (Gate area) 
      Cumulative area ratio:    0.34
      Required ratio:    0.00 (Cumulative area) 

    Via: M1M2_PR
      Partial area ratio:    0.04
      Required ratio:    6.00 (Gate area) 
      Cumulative area ratio:    0.27
      Required ratio:    0.00 (Cumulative area) 

    Via: L1M1_PR
      Partial area ratio:    0.23
      Required ratio:    3.00 (Gate area) 
      Cumulative area ratio:    0.23
      Required ratio:    0.00 (Cumulative area) 

  Pin: ANTENNA__26132__A2_N/DIODE (sky130_fd_sc_hd__diode_2)
    Layer: met3
      Partial area ratio:    4.08
      Required ratio:    0.00 (Gate area) 
      Partial area ratio:   22.20
      Required ratio: 4453.32 (Side area) 
      Cumulative area ratio:  141.72
      Required ratio:    0.00 (Cumulative area) 
      Cumulative area ratio:  727.41
      Required ratio:    0.00 (Cumulative side area) 

    Layer: met2
      Partial area ratio:    0.33
      Required ratio:    0.00 (Gate area) 
      Partial area ratio:    1.84
      Required ratio: 2773.88 (Side area) 
      Cumulative area ratio:    1.79
      Required ratio:    0.00 (Cumulative area) 
      Cumulative area ratio:    9.63
      Required ratio:    0.00 (Cumulative side area) 

    Layer: met1
      Partial area ratio:    1.45
      Required ratio:    0.00 (Gate area) 
      Partial area ratio:    7.79
      Required ratio: 2773.88 (Side area) 
      Cumulative area ratio:    1.45
      Required ratio:    0.00 (Cumulative area) 
      Cumulative area ratio:    7.79
      Required ratio:    0.00 (Cumulative side area) 

    Layer: li1
      Partial area ratio:    0.00
      Required ratio:    0.00 (Gate area) 
      Partial area ratio:    0.00
      Required ratio:  270.61 (Side area) 
      Cumulative area ratio:    0.00
      Required ratio:    0.00 (Cumulative area) 
      Cumulative area ratio:    0.00
      Required ratio:    0.00 (Cumulative side area) 

    Layer: met4
      Partial area ratio:    5.61
      Required ratio:    0.00 (Gate area) 
      Partial area ratio:   30.09
      Required ratio: 4974.96 (Side area) 
      Cumulative area ratio:  147.33
      Required ratio:    0.00 (Cumulative area) 
      Cumulative area ratio:  757.49
      Required ratio:    0.00 (Cumulative side area) 

    Via: M3M4_PR
      Partial area ratio:    0.01
      Required ratio:    6.00 (Gate area) 
      Cumulative area ratio:    0.83
      Required ratio:    0.00 (Cumulative area) 

    Via: M2M3_PR
      Partial area ratio:    0.07
      Required ratio:    6.00 (Gate area) 
      Cumulative area ratio:    0.18
      Required ratio:    0.00 (Cumulative area) 

    Via: M1M2_PR
      Partial area ratio:    0.04
      Required ratio:    6.00 (Gate area) 
      Cumulative area ratio:    0.11
      Required ratio:    0.00 (Cumulative area) 

    Via: L1M1_PR
      Partial area ratio:    0.07
      Required ratio:    3.00 (Gate area) 
      Cumulative area ratio:    0.07
      Required ratio:    0.00 (Cumulative area) 

  Pin: _25885_/B1 (sky130_fd_sc_hd__o2bb2a_1)
    Layer: met4
      Partial area ratio:    5.61
      Required ratio:    0.00 (Gate area) 
      Partial area ratio:   30.09
      Required ratio: 4974.96 (Side area) 
      Cumulative area ratio:   20.72
      Required ratio:    0.00 (Cumulative area) 
      Cumulative area ratio:  111.39
      Required ratio:    0.00 (Cumulative side area) 

    Layer: met3
      Partial area ratio:    1.43
      Required ratio:    0.00 (Gate area) 
      Partial area ratio:    9.33
      Required ratio: 2773.88 (Side area) 
      Cumulative area ratio:    6.53
      Required ratio:    0.00 (Cumulative area) 
      Cumulative area ratio:   35.54
      Required ratio:    0.00 (Cumulative side area) 

    Layer: met2
      Partial area ratio:    3.13
      Required ratio:    0.00 (Gate area) 
      Partial area ratio:   15.84
      Required ratio: 2773.88 (Side area) 
      Cumulative area ratio:    5.10
      Required ratio:    0.00 (Cumulative area) 
      Cumulative area ratio:   26.20
      Required ratio:    0.00 (Cumulative side area) 

    Layer: met1
      Partial area ratio:    1.97
      Required ratio:    0.00 (Gate area) 
      Partial area ratio:   10.36
      Required ratio: 2773.88 (Side area) 
      Cumulative area ratio:    1.97
      Required ratio:    0.00 (Cumulative area) 
      Cumulative area ratio:   10.36
      Required ratio:    0.00 (Cumulative side area) 

    Layer: li1
      Partial area ratio:    0.00
      Required ratio:    0.00 (Gate area) 
      Partial area ratio:    0.00
      Required ratio:   75.00 (Side area) 
      Cumulative area ratio:    0.00
      Required ratio:    0.00 (Cumulative area) 
      Cumulative area ratio:    0.00
      Required ratio:    0.00 (Cumulative side area) 

    Via: M3M4_PR
      Partial area ratio:    0.07
      Required ratio:    6.00 (Gate area) 
      Cumulative area ratio:    0.41
      Required ratio:    0.00 (Cumulative area) 

    Via: M2M3_PR
      Partial area ratio:    0.07
      Required ratio:    6.00 (Gate area) 
      Cumulative area ratio:    0.34
      Required ratio:    0.00 (Cumulative area) 

    Via: M1M2_PR
      Partial area ratio:    0.04
      Required ratio:    6.00 (Gate area) 
      Cumulative area ratio:    0.27
      Required ratio:    0.00 (Cumulative area) 

    Via: L1M1_PR
      Partial area ratio:    0.23
      Required ratio:    3.00 (Gate area) 
      Cumulative area ratio:    0.23
      Required ratio:    0.00 (Cumulative area) 

  Pin: ANTENNA__25885__B1/DIODE (sky130_fd_sc_hd__diode_2)
    Layer: met4
      Partial area ratio:    5.61
      Required ratio:    0.00 (Gate area) 
      Partial area ratio:   30.09
      Required ratio: 4974.96 (Side area) 
      Cumulative area ratio:   20.72
      Required ratio:    0.00 (Cumulative area) 
      Cumulative area ratio:  111.39
      Required ratio:    0.00 (Cumulative side area) 

    Layer: met3
      Partial area ratio:    1.43
      Required ratio:    0.00 (Gate area) 
      Partial area ratio:    9.33
      Required ratio: 2773.88 (Side area) 
      Cumulative area ratio:    6.53
      Required ratio:    0.00 (Cumulative area) 
      Cumulative area ratio:   35.54
      Required ratio:    0.00 (Cumulative side area) 

    Layer: met2
      Partial area ratio:    3.13
      Required ratio:    0.00 (Gate area) 
      Partial area ratio:   15.84
      Required ratio: 2773.88 (Side area) 
      Cumulative area ratio:    5.10
      Required ratio:    0.00 (Cumulative area) 
      Cumulative area ratio:   26.20
      Required ratio:    0.00 (Cumulative side area) 

    Layer: met1
      Partial area ratio:    1.97
      Required ratio:    0.00 (Gate area) 
      Partial area ratio:   10.36
      Required ratio: 2773.88 (Side area) 
      Cumulative area ratio:    1.97
      Required ratio:    0.00 (Cumulative area) 
      Cumulative area ratio:   10.36
      Required ratio:    0.00 (Cumulative side area) 

    Layer: li1
      Partial area ratio:    0.00
      Required ratio:    0.00 (Gate area) 
      Partial area ratio:    0.00
      Required ratio:  270.61 (Side area) 
      Cumulative area ratio:    0.00
      Required ratio:    0.00 (Cumulative area) 
      Cumulative area ratio:    0.00
      Required ratio:    0.00 (Cumulative side area) 

    Via: M3M4_PR
      Partial area ratio:    0.07
      Required ratio:    6.00 (Gate area) 
      Cumulative area ratio:    0.25
      Required ratio:    0.00 (Cumulative area) 

    Via: M2M3_PR
      Partial area ratio:    0.07
      Required ratio:    6.00 (Gate area) 
      Cumulative area ratio:    0.18
      Required ratio:    0.00 (Cumulative area) 

    Via: M1M2_PR
      Partial area ratio:    0.04
      Required ratio:    6.00 (Gate area) 
      Cumulative area ratio:    0.11
      Required ratio:    0.00 (Cumulative area) 

    Via: L1M1_PR
      Partial area ratio:    0.07
      Required ratio:    3.00 (Gate area) 
      Cumulative area ratio:    0.07
      Required ratio:    0.00 (Cumulative area) 

  Pin: ANTENNA__26440__B1/DIODE (sky130_fd_sc_hd__diode_2)
    Layer: met4
      Partial area ratio:    5.61
      Required ratio:    0.00 (Gate area) 
      Partial area ratio:   30.09
      Required ratio: 4974.96 (Side area) 
      Cumulative area ratio:   15.15
      Required ratio:    0.00 (Cumulative area) 
      Cumulative area ratio:   80.80
      Required ratio:    0.00 (Cumulative side area) 

    Layer: met3
      Partial area ratio:    0.28
      Required ratio:    0.00 (Gate area) 
      Partial area ratio:    2.37
      Required ratio: 2947.76 (Side area) 
      Cumulative area ratio:    9.54
      Required ratio:    0.00 (Cumulative area) 
      Cumulative area ratio:   50.71
      Required ratio:    0.00 (Cumulative side area) 

    Layer: met2
      Partial area ratio:    1.34
      Required ratio:    0.00 (Gate area) 
      Partial area ratio:    7.07
      Required ratio: 2947.76 (Side area) 
      Cumulative area ratio:    9.25
      Required ratio:    0.00 (Cumulative area) 
      Cumulative area ratio:   48.34
      Required ratio:    0.00 (Cumulative side area) 

    Layer: met1
      Partial area ratio:    0.95
      Required ratio:    0.00 (Gate area) 
      Partial area ratio:    4.94
      Required ratio: 2773.88 (Side area) 
      Cumulative area ratio:    0.95
      Required ratio:    0.00 (Cumulative area) 
      Cumulative area ratio:    4.94
      Required ratio:    0.00 (Cumulative side area) 

    Layer: li1
      Partial area ratio:    0.00
      Required ratio:    0.00 (Gate area) 
      Partial area ratio:    0.00
      Required ratio:  270.61 (Side area) 
      Cumulative area ratio:    0.00
      Required ratio:    0.00 (Cumulative area) 
      Cumulative area ratio:    0.00
      Required ratio:    0.00 (Cumulative side area) 

    Via: M3M4_PR
      Partial area ratio:    0.07
      Required ratio:    6.00 (Gate area) 
      Cumulative area ratio:    0.61
      Required ratio:    0.00 (Cumulative area) 

    Via: M2M3_PR
      Partial area ratio:    0.07
      Required ratio:    6.00 (Gate area) 
      Cumulative area ratio:    0.54
      Required ratio:    0.00 (Cumulative area) 

    Via: M1M2_PR
      Partial area ratio:    0.04
      Required ratio:    6.00 (Gate area) 
      Cumulative area ratio:    0.11
      Required ratio:    0.00 (Cumulative area) 

    Via: L1M1_PR
      Partial area ratio:    0.07
      Required ratio:    3.00 (Gate area) 
      Cumulative area ratio:    0.07
      Required ratio:    0.00 (Cumulative area) 

  Pin: _26440_/B1 (sky130_fd_sc_hd__a2bb2o_1)
    Layer: met4
      Partial area ratio:    5.61
      Required ratio:    0.00 (Gate area) 
      Partial area ratio:   30.09
      Required ratio: 4974.96 (Side area) 
      Cumulative area ratio:   15.15
      Required ratio:    0.00 (Cumulative area) 
      Cumulative area ratio:   80.80
      Required ratio:    0.00 (Cumulative side area) 

    Layer: met3
      Partial area ratio:    0.28
      Required ratio:    0.00 (Gate area) 
      Partial area ratio:    2.37
      Required ratio: 2947.76 (Side area) 
      Cumulative area ratio:    9.54
      Required ratio:    0.00 (Cumulative area) 
      Cumulative area ratio:   50.71
      Required ratio:    0.00 (Cumulative side area) 

    Layer: met2
      Partial area ratio:    1.34
      Required ratio:    0.00 (Gate area) 
      Partial area ratio:    7.07
      Required ratio: 2947.76 (Side area) 
      Cumulative area ratio:    9.25
      Required ratio:    0.00 (Cumulative area) 
      Cumulative area ratio:   48.34
      Required ratio:    0.00 (Cumulative side area) 

    Layer: met1
      Partial area ratio:    0.95
      Required ratio:    0.00 (Gate area) 
      Partial area ratio:    4.94
      Required ratio: 2773.88 (Side area) 
      Cumulative area ratio:    0.95
      Required ratio:    0.00 (Cumulative area) 
      Cumulative area ratio:    4.94
      Required ratio:    0.00 (Cumulative side area) 

    Layer: li1
      Partial area ratio:    0.00
      Required ratio:    0.00 (Gate area) 
      Partial area ratio:    0.00
      Required ratio:   75.00 (Side area) 
      Cumulative area ratio:    0.00
      Required ratio:    0.00 (Cumulative area) 
      Cumulative area ratio:    0.00
      Required ratio:    0.00 (Cumulative side area) 

    Via: M3M4_PR
      Partial area ratio:    0.07
      Required ratio:    6.00 (Gate area) 
      Cumulative area ratio:    0.77
      Required ratio:    0.00 (Cumulative area) 

    Via: M2M3_PR
      Partial area ratio:    0.07
      Required ratio:    6.00 (Gate area) 
      Cumulative area ratio:    0.70
      Required ratio:    0.00 (Cumulative area) 

    Via: M1M2_PR
      Partial area ratio:    0.04
      Required ratio:    6.00 (Gate area) 
      Cumulative area ratio:    0.27
      Required ratio:    0.00 (Cumulative area) 

    Via: L1M1_PR
      Partial area ratio:    0.23
      Required ratio:    3.00 (Gate area) 
      Cumulative area ratio:    0.23
      Required ratio:    0.00 (Cumulative area) 

  Pin: _26492_/A2_N (sky130_fd_sc_hd__a2bb2o_1)
    Layer: met4
      Partial area ratio:    5.61
      Required ratio:    0.00 (Gate area) 
      Partial area ratio:   30.09
      Required ratio: 4974.96 (Side area) 
      Cumulative area ratio:   14.19
      Required ratio:    0.00 (Cumulative area) 
      Cumulative area ratio:   75.85
      Required ratio:    0.00 (Cumulative side area) 

    Layer: met3
      Partial area ratio:    0.28
      Required ratio:    0.00 (Gate area) 
      Partial area ratio:    2.37
      Required ratio: 2947.76 (Side area) 
      Cumulative area ratio:    8.58
      Required ratio:    0.00 (Cumulative area) 
      Cumulative area ratio:   45.77
      Required ratio:    0.00 (Cumulative side area) 

    Layer: met2
      Partial area ratio:    1.34
      Required ratio:    0.00 (Gate area) 
      Partial area ratio:    7.07
      Required ratio: 2947.76 (Side area) 
      Cumulative area ratio:    8.30
      Required ratio:    0.00 (Cumulative area) 
      Cumulative area ratio:   43.40
      Required ratio:    0.00 (Cumulative side area) 

    Layer: met1
      Partial area ratio:    6.96
      Required ratio:    0.00 (Gate area) 
      Partial area ratio:   36.33
      Required ratio:  400.00 (Side area) 
      Cumulative area ratio:    6.96
      Required ratio:    0.00 (Cumulative area) 
      Cumulative area ratio:   36.33
      Required ratio:    0.00 (Cumulative side area) 

    Layer: li1
      Partial area ratio:    0.00
      Required ratio:    0.00 (Gate area) 
      Partial area ratio:    0.00
      Required ratio:   75.00 (Side area) 
      Cumulative area ratio:    0.00
      Required ratio:    0.00 (Cumulative area) 
      Cumulative area ratio:    0.00
      Required ratio:    0.00 (Cumulative side area) 

    Via: M3M4_PR
      Partial area ratio:    0.07
      Required ratio:    6.00 (Gate area) 
      Cumulative area ratio:    0.73
      Required ratio:    0.00 (Cumulative area) 

    Via: M2M3_PR
      Partial area ratio:    0.07
      Required ratio:    6.00 (Gate area) 
      Cumulative area ratio:    0.66
      Required ratio:    0.00 (Cumulative area) 

    Via: M1M2_PR
      Partial area ratio:    0.36
      Required ratio:    6.00 (Gate area) 
      Cumulative area ratio:    0.59
      Required ratio:    0.00 (Cumulative area) 

    Via: L1M1_PR
      Partial area ratio:    0.23
      Required ratio:    3.00 (Gate area) 
      Cumulative area ratio:    0.23
      Required ratio:    0.00 (Cumulative area) 

  Pin: ANTENNA__26492__A2_N/DIODE (sky130_fd_sc_hd__diode_2)
    Layer: met4
      Partial area ratio:    5.61
      Required ratio:    0.00 (Gate area) 
      Partial area ratio:   30.09
      Required ratio: 4974.96 (Side area) 
      Cumulative area ratio:   14.39
      Required ratio:    0.00 (Cumulative area) 
      Cumulative area ratio:   77.05
      Required ratio:    0.00 (Cumulative side area) 

    Layer: met3
      Partial area ratio:    0.28
      Required ratio:    0.00 (Gate area) 
      Partial area ratio:    2.37
      Required ratio: 2947.76 (Side area) 
      Cumulative area ratio:    8.78
      Required ratio:    0.00 (Cumulative area) 
      Cumulative area ratio:   46.96
      Required ratio:    0.00 (Cumulative side area) 

    Layer: met2
      Partial area ratio:    1.34
      Required ratio:    0.00 (Gate area) 
      Partial area ratio:    7.07
      Required ratio: 2947.76 (Side area) 
      Cumulative area ratio:    1.54
      Required ratio:    0.00 (Cumulative area) 
      Cumulative area ratio:    8.26
      Required ratio:    0.00 (Cumulative side area) 

    Layer: met1
      Partial area ratio:    0.19
      Required ratio:    0.00 (Gate area) 
      Partial area ratio:    1.19
      Required ratio: 2773.88 (Side area) 
      Cumulative area ratio:    0.19
      Required ratio:    0.00 (Cumulative area) 
      Cumulative area ratio:    1.19
      Required ratio:    0.00 (Cumulative side area) 

    Layer: li1
      Partial area ratio:    0.00
      Required ratio:    0.00 (Gate area) 
      Partial area ratio:    0.00
      Required ratio:  270.61 (Side area) 
      Cumulative area ratio:    0.00
      Required ratio:    0.00 (Cumulative area) 
      Cumulative area ratio:    0.00
      Required ratio:    0.00 (Cumulative side area) 

    Via: M3M4_PR
      Partial area ratio:    0.07
      Required ratio:    6.00 (Gate area) 
      Cumulative area ratio:    0.62
      Required ratio:    0.00 (Cumulative area) 

    Via: M2M3_PR
      Partial area ratio:    0.07
      Required ratio:    6.00 (Gate area) 
      Cumulative area ratio:    0.19
      Required ratio:    0.00 (Cumulative area) 

    Via: M1M2_PR
      Partial area ratio:    0.05
      Required ratio:    6.00 (Gate area) 
      Cumulative area ratio:    0.12
      Required ratio:    0.00 (Cumulative area) 

    Via: L1M1_PR
      Partial area ratio:    0.07
      Required ratio:    3.00 (Gate area) 
      Cumulative area ratio:    0.07
      Required ratio:    0.00 (Cumulative area) 

  Pin: ANTENNA__27183__B1/DIODE (sky130_fd_sc_hd__diode_2)
    Layer: met3
      Partial area ratio:    4.08
      Required ratio:    0.00 (Gate area) 
      Partial area ratio:   22.20
      Required ratio: 4453.32 (Side area) 
      Cumulative area ratio:  141.65
      Required ratio:    0.00 (Cumulative area) 
      Cumulative area ratio:  726.83
      Required ratio:    0.00 (Cumulative side area) 

    Layer: met2
      Partial area ratio:    6.90
      Required ratio:    0.00 (Gate area) 
      Partial area ratio:   35.23
      Required ratio: 2947.76 (Side area) 
      Cumulative area ratio:    8.62
      Required ratio:    0.00 (Cumulative area) 
      Cumulative area ratio:   44.28
      Required ratio:    0.00 (Cumulative side area) 

    Layer: met4
      Partial area ratio:    5.61
      Required ratio:    0.00 (Gate area) 
      Partial area ratio:   30.09
      Required ratio: 4974.96 (Side area) 
      Cumulative area ratio:  147.26
      Required ratio:    0.00 (Cumulative area) 
      Cumulative area ratio:  756.92
      Required ratio:    0.00 (Cumulative side area) 

    Layer: met1
      Partial area ratio:    1.72
      Required ratio:    0.00 (Gate area) 
      Partial area ratio:    9.05
      Required ratio: 2773.88 (Side area) 
      Cumulative area ratio:    1.72
      Required ratio:    0.00 (Cumulative area) 
      Cumulative area ratio:    9.05
      Required ratio:    0.00 (Cumulative side area) 

    Layer: li1
      Partial area ratio:    0.00
      Required ratio:    0.00 (Gate area) 
      Partial area ratio:    0.00
      Required ratio:  270.61 (Side area) 
      Cumulative area ratio:    0.00
      Required ratio:    0.00 (Cumulative area) 
      Cumulative area ratio:    0.00
      Required ratio:    0.00 (Cumulative side area) 

    Via: M3M4_PR
      Partial area ratio:    0.01
      Required ratio:    6.00 (Gate area) 
      Cumulative area ratio:    0.82
      Required ratio:    0.00 (Cumulative area) 

    Via: M2M3_PR
      Partial area ratio:    0.06
      Required ratio:    6.00 (Gate area) 
      Cumulative area ratio:    0.23
      Required ratio:    0.00 (Cumulative area) 

    Via: M1M2_PR
      Partial area ratio:    0.10
      Required ratio:    6.00 (Gate area) 
      Cumulative area ratio:    0.17
      Required ratio:    0.00 (Cumulative area) 

    Via: L1M1_PR
      Partial area ratio:    0.07
      Required ratio:    3.00 (Gate area) 
      Cumulative area ratio:    0.07
      Required ratio:    0.00 (Cumulative area) 

  Pin: _27183_/B1 (sky130_fd_sc_hd__a22o_1)
    Layer: met3
      Partial area ratio:    4.08
      Required ratio:    0.00 (Gate area) 
      Partial area ratio:   22.20
      Required ratio: 4453.32 (Side area) 
      Cumulative area ratio:  141.65
      Required ratio:    0.00 (Cumulative area) 
      Cumulative area ratio:  726.83
      Required ratio:    0.00 (Cumulative side area) 

    Layer: met2
      Partial area ratio:    6.90
      Required ratio:    0.00 (Gate area) 
      Partial area ratio:   35.23
      Required ratio: 2947.76 (Side area) 
      Cumulative area ratio:    8.62
      Required ratio:    0.00 (Cumulative area) 
      Cumulative area ratio:   44.28
      Required ratio:    0.00 (Cumulative side area) 

    Layer: met4
      Partial area ratio:    5.61
      Required ratio:    0.00 (Gate area) 
      Partial area ratio:   30.09
      Required ratio: 4974.96 (Side area) 
      Cumulative area ratio:  147.26
      Required ratio:    0.00 (Cumulative area) 
      Cumulative area ratio:  756.92
      Required ratio:    0.00 (Cumulative side area) 

    Layer: met1
      Partial area ratio:    0.00
      Required ratio:    0.00 (Gate area) 
      Partial area ratio:    0.00
      Required ratio:  400.00 (Side area) 
      Cumulative area ratio:    0.00
      Required ratio:    0.00 (Cumulative area) 
      Cumulative area ratio:    0.00
      Required ratio:    0.00 (Cumulative side area) 

    Layer: li1
      Partial area ratio:    0.00
      Required ratio:    0.00 (Gate area) 
      Partial area ratio:    0.00
      Required ratio:   75.00 (Side area) 
      Cumulative area ratio:    0.00
      Required ratio:    0.00 (Cumulative area) 
      Cumulative area ratio:    0.00
      Required ratio:    0.00 (Cumulative side area) 

    Via: M3M4_PR
      Partial area ratio:    0.01
      Required ratio:    6.00 (Gate area) 
      Cumulative area ratio:    0.96
      Required ratio:    0.00 (Cumulative area) 

    Via: M2M3_PR
      Partial area ratio:    0.06
      Required ratio:    6.00 (Gate area) 
      Cumulative area ratio:    0.37
      Required ratio:    0.00 (Cumulative area) 

    Via: M1M2_PR
      Partial area ratio:    0.09
      Required ratio:    6.00 (Gate area) 
      Cumulative area ratio:    0.21
      Required ratio:    0.00 (Cumulative area) 

    Via: L1M1_PR
      Partial area ratio:    0.12
      Required ratio:    3.00 (Gate area) 
      Cumulative area ratio:    0.12
      Required ratio:    0.00 (Cumulative area) 

  Pin: _27195_/B1 (sky130_fd_sc_hd__o22ai_1)
    Layer: met3
      Partial area ratio:    4.08
      Required ratio:    0.00 (Gate area) 
      Partial area ratio:   22.20
      Required ratio: 4453.32 (Side area) 
      Cumulative area ratio:  141.65
      Required ratio:    0.00 (Cumulative area) 
      Cumulative area ratio:  726.83
      Required ratio:    0.00 (Cumulative side area) 

    Layer: met2
      Partial area ratio:    6.90
      Required ratio:    0.00 (Gate area) 
      Partial area ratio:   35.23
      Required ratio: 2947.76 (Side area) 
      Cumulative area ratio:    8.62
      Required ratio:    0.00 (Cumulative area) 
      Cumulative area ratio:   44.28
      Required ratio:    0.00 (Cumulative side area) 

    Layer: met4
      Partial area ratio:    5.61
      Required ratio:    0.00 (Gate area) 
      Partial area ratio:   30.09
      Required ratio: 4974.96 (Side area) 
      Cumulative area ratio:  147.26
      Required ratio:    0.00 (Cumulative area) 
      Cumulative area ratio:  756.92
      Required ratio:    0.00 (Cumulative side area) 

    Layer: met1
      Partial area ratio:    0.00
      Required ratio:    0.00 (Gate area) 
      Partial area ratio:    0.00
      Required ratio:  400.00 (Side area) 
      Cumulative area ratio:    0.00
      Required ratio:    0.00 (Cumulative area) 
      Cumulative area ratio:    0.00
      Required ratio:    0.00 (Cumulative side area) 

    Layer: li1
      Partial area ratio:    0.00
      Required ratio:    0.00 (Gate area) 
      Partial area ratio:    0.00
      Required ratio:   75.00 (Side area) 
      Cumulative area ratio:    0.00
      Required ratio:    0.00 (Cumulative area) 
      Cumulative area ratio:    0.00
      Required ratio:    0.00 (Cumulative side area) 

    Via: M3M4_PR
      Partial area ratio:    0.01
      Required ratio:    6.00 (Gate area) 
      Cumulative area ratio:    0.96
      Required ratio:    0.00 (Cumulative area) 

    Via: M2M3_PR
      Partial area ratio:    0.06
      Required ratio:    6.00 (Gate area) 
      Cumulative area ratio:    0.37
      Required ratio:    0.00 (Cumulative area) 

    Via: M1M2_PR
      Partial area ratio:    0.09
      Required ratio:    6.00 (Gate area) 
      Cumulative area ratio:    0.21
      Required ratio:    0.00 (Cumulative area) 

    Via: L1M1_PR
      Partial area ratio:    0.12
      Required ratio:    3.00 (Gate area) 
      Cumulative area ratio:    0.12
      Required ratio:    0.00 (Cumulative area) 

  Pin: ANTENNA__27195__B1/DIODE (sky130_fd_sc_hd__diode_2)
    Layer: met3
      Partial area ratio:    4.08
      Required ratio:    0.00 (Gate area) 
      Partial area ratio:   22.20
      Required ratio: 4453.32 (Side area) 
      Cumulative area ratio:  142.58
      Required ratio:    0.00 (Cumulative area) 
      Cumulative area ratio:  731.73
      Required ratio:    0.00 (Cumulative side area) 

    Layer: met2
      Partial area ratio:    6.90
      Required ratio:    0.00 (Gate area) 
      Partial area ratio:   35.23
      Required ratio: 2947.76 (Side area) 
      Cumulative area ratio:    9.56
      Required ratio:    0.00 (Cumulative area) 
      Cumulative area ratio:   49.17
      Required ratio:    0.00 (Cumulative side area) 

    Layer: met4
      Partial area ratio:    5.61
      Required ratio:    0.00 (Gate area) 
      Partial area ratio:   30.09
      Required ratio: 4974.96 (Side area) 
      Cumulative area ratio:  148.19
      Required ratio:    0.00 (Cumulative area) 
      Cumulative area ratio:  761.81
      Required ratio:    0.00 (Cumulative side area) 

    Layer: met1
      Partial area ratio:    0.93
      Required ratio:    0.00 (Gate area) 
      Partial area ratio:    4.90
      Required ratio: 2773.88 (Side area) 
      Cumulative area ratio:    0.93
      Required ratio:    0.00 (Cumulative area) 
      Cumulative area ratio:    4.90
      Required ratio:    0.00 (Cumulative side area) 

    Layer: li1
      Partial area ratio:    0.00
      Required ratio:    0.00 (Gate area) 
      Partial area ratio:    0.00
      Required ratio:  270.61 (Side area) 
      Cumulative area ratio:    0.00
      Required ratio:    0.00 (Cumulative area) 
      Cumulative area ratio:    0.00
      Required ratio:    0.00 (Cumulative side area) 

    Via: M3M4_PR
      Partial area ratio:    0.01
      Required ratio:    6.00 (Gate area) 
      Cumulative area ratio:    0.87
      Required ratio:    0.00 (Cumulative area) 

    Via: M2M3_PR
      Partial area ratio:    0.06
      Required ratio:    6.00 (Gate area) 
      Cumulative area ratio:    0.28
      Required ratio:    0.00 (Cumulative area) 

    Via: M1M2_PR
      Partial area ratio:    0.05
      Required ratio:    6.00 (Gate area) 
      Cumulative area ratio:    0.12
      Required ratio:    0.00 (Cumulative area) 

    Via: L1M1_PR
      Partial area ratio:    0.07
      Required ratio:    3.00 (Gate area) 
      Cumulative area ratio:    0.07
      Required ratio:    0.00 (Cumulative area) 


Net: _18906_
  Pin: _26637_/A (sky130_fd_sc_hd__or4b_1)
    Layer: met4
      Partial area ratio:   73.57
      Required ratio:    0.00 (Gate area) 
      Partial area ratio:  396.19
      Required ratio: 2771.60 (Side area) 
      Cumulative area ratio:  160.00
      Required ratio:    0.00 (Cumulative area) 
      Cumulative area ratio:  864.12
      Required ratio:    0.00 (Cumulative side area) 

    Layer: met3
      Partial area ratio:   77.55
      Required ratio:    0.00 (Gate area) 
      Partial area ratio:  421.21
      Required ratio:  400.00 (Side area) (VIOLATED)
      Cumulative area ratio:   86.43
      Required ratio:    0.00 (Cumulative area) 
      Cumulative area ratio:  467.93
      Required ratio:    0.00 (Cumulative side area) 

    Layer: met2
      Partial area ratio:    5.63
      Required ratio:    0.00 (Gate area) 
      Partial area ratio:   28.94
      Required ratio:  400.00 (Side area) 
      Cumulative area ratio:    8.88
      Required ratio:    0.00 (Cumulative area) 
      Cumulative area ratio:   46.72
      Required ratio:    0.00 (Cumulative side area) 

    Layer: met1
      Partial area ratio:    3.24
      Required ratio:    0.00 (Gate area) 
      Partial area ratio:   17.78
      Required ratio:  400.00 (Side area) 
      Cumulative area ratio:    3.24
      Required ratio:    0.00 (Cumulative area) 
      Cumulative area ratio:   17.78
      Required ratio:    0.00 (Cumulative side area) 

    Layer: li1
      Partial area ratio:    0.00
      Required ratio:    0.00 (Gate area) 
      Partial area ratio:    0.00
      Required ratio:   75.00 (Side area) 
      Cumulative area ratio:    0.00
      Required ratio:    0.00 (Cumulative area) 
      Cumulative area ratio:    0.00
      Required ratio:    0.00 (Cumulative side area) 

    Via: M3M4_PR
      Partial area ratio:    0.32
      Required ratio:    6.00 (Gate area) 
      Cumulative area ratio:    1.04
      Required ratio:    0.00 (Cumulative area) 

    Via: M2M3_PR
      Partial area ratio:    0.32
      Required ratio:    6.00 (Gate area) 
      Cumulative area ratio:    0.73
      Required ratio:    0.00 (Cumulative area) 

    Via: M1M2_PR
      Partial area ratio:    0.18
      Required ratio:    6.00 (Gate area) 
      Cumulative area ratio:    0.41
      Required ratio:    0.00 (Cumulative area) 

    Via: L1M1_PR
      Partial area ratio:    0.23
      Required ratio:    3.00 (Gate area) 
      Cumulative area ratio:    0.23
      Required ratio:    0.00 (Cumulative area) 


Net: _19628_
  Pin: _27382_/B1 (sky130_fd_sc_hd__o21ai_1)
    Layer: met2
      Partial area ratio:    5.42
      Required ratio:    0.00 (Gate area) 
      Partial area ratio:   28.23
      Required ratio: 2956.40 (Side area) 
      Cumulative area ratio:  101.51
      Required ratio:    0.00 (Cumulative area) 
      Cumulative area ratio:  514.79
      Required ratio:    0.00 (Cumulative side area) 

    Layer: met1
      Partial area ratio:    4.58
      Required ratio:    0.00 (Gate area) 
      Partial area ratio:   24.34
      Required ratio:  400.00 (Side area) 
      Cumulative area ratio:    4.58
      Required ratio:    0.00 (Cumulative area) 
      Cumulative area ratio:   24.34
      Required ratio:    0.00 (Cumulative side area) 

    Layer: li1
      Partial area ratio:    0.00
      Required ratio:    0.00 (Gate area) 
      Partial area ratio:    0.00
      Required ratio:   75.00 (Side area) 
      Cumulative area ratio:    0.00
      Required ratio:    0.00 (Cumulative area) 
      Cumulative area ratio:    0.00
      Required ratio:    0.00 (Cumulative side area) 

    Via: M1M2_PR
      Partial area ratio:    0.22
      Required ratio:    6.00 (Gate area) 
      Cumulative area ratio:    0.36
      Required ratio:    0.00 (Cumulative area) 

    Via: L1M1_PR
      Partial area ratio:    0.14
      Required ratio:    3.00 (Gate area) 
      Cumulative area ratio:    0.14
      Required ratio:    0.00 (Cumulative area) 

  Pin: _27380_/C (sky130_fd_sc_hd__and3b_1)
    Layer: met2
      Partial area ratio:    5.42
      Required ratio:    0.00 (Gate area) 
      Partial area ratio:   28.23
      Required ratio: 2956.40 (Side area) 
      Cumulative area ratio:  109.51
      Required ratio:    0.00 (Cumulative area) 
      Cumulative area ratio:  557.12
      Required ratio:    0.00 (Cumulative side area) 

    Layer: met1
      Partial area ratio:    8.00
      Required ratio:    0.00 (Gate area) 
      Partial area ratio:   42.33
      Required ratio:  400.00 (Side area) 
      Cumulative area ratio:    8.00
      Required ratio:    0.00 (Cumulative area) 
      Cumulative area ratio:   42.33
      Required ratio:    0.00 (Cumulative side area) 

    Layer: li1
      Partial area ratio:    0.00
      Required ratio:    0.00 (Gate area) 
      Partial area ratio:    0.00
      Required ratio:   75.00 (Side area) 
      Cumulative area ratio:    0.00
      Required ratio:    0.00 (Cumulative area) 
      Cumulative area ratio:    0.00
      Required ratio:    0.00 (Cumulative side area) 

    Via: M1M2_PR
      Partial area ratio:    0.36
      Required ratio:    6.00 (Gate area) 
      Cumulative area ratio:    0.59
      Required ratio:    0.00 (Cumulative area) 

    Via: L1M1_PR
      Partial area ratio:    0.23
      Required ratio:    3.00 (Gate area) 
      Cumulative area ratio:    0.23
      Required ratio:    0.00 (Cumulative area) 

  Pin: _27372_/B (sky130_fd_sc_hd__and3_1)
    Layer: met2
      Partial area ratio:    5.42
      Required ratio:    0.00 (Gate area) 
      Partial area ratio:   28.23
      Required ratio: 2956.40 (Side area) 
      Cumulative area ratio:  110.17
      Required ratio:    0.00 (Cumulative area) 
      Cumulative area ratio:  561.23
      Required ratio:    0.00 (Cumulative side area) 

    Layer: met1
      Partial area ratio:    0.67
      Required ratio:    0.00 (Gate area) 
      Partial area ratio:    4.11
      Required ratio:  400.00 (Side area) 
      Cumulative area ratio:    0.67
      Required ratio:    0.00 (Cumulative area) 
      Cumulative area ratio:    4.11
      Required ratio:    0.00 (Cumulative side area) 

    Layer: li1
      Partial area ratio:    0.00
      Required ratio:    0.00 (Gate area) 
      Partial area ratio:    0.00
      Required ratio:   75.00 (Side area) 
      Cumulative area ratio:    0.00
      Required ratio:    0.00 (Cumulative area) 
      Cumulative area ratio:    0.00
      Required ratio:    0.00 (Cumulative side area) 

    Via: M1M2_PR
      Partial area ratio:    0.18
      Required ratio:    6.00 (Gate area) 
      Cumulative area ratio:    0.41
      Required ratio:    0.00 (Cumulative area) 

    Via: L1M1_PR
      Partial area ratio:    0.23
      Required ratio:    3.00 (Gate area) 
      Cumulative area ratio:    0.23
      Required ratio:    0.00 (Cumulative area) 

  Pin: _27376_/A (sky130_fd_sc_hd__and3_1)
    Layer: met2
      Partial area ratio:    5.42
      Required ratio:    0.00 (Gate area) 
      Partial area ratio:   28.23
      Required ratio: 2956.40 (Side area) 
      Cumulative area ratio:  109.51
      Required ratio:    0.00 (Cumulative area) 
      Cumulative area ratio:  557.12
      Required ratio:    0.00 (Cumulative side area) 

    Layer: met1
      Partial area ratio:    0.00
      Required ratio:    0.00 (Gate area) 
      Partial area ratio:    0.00
      Required ratio:  400.00 (Side area) 
      Cumulative area ratio:    0.00
      Required ratio:    0.00 (Cumulative area) 
      Cumulative area ratio:    0.00
      Required ratio:    0.00 (Cumulative side area) 

    Layer: li1
      Partial area ratio:    0.00
      Required ratio:    0.00 (Gate area) 
      Partial area ratio:    0.00
      Required ratio:   75.00 (Side area) 
      Cumulative area ratio:    0.00
      Required ratio:    0.00 (Cumulative area) 
      Cumulative area ratio:    0.00
      Required ratio:    0.00 (Cumulative side area) 

    Via: M1M2_PR
      Partial area ratio:    0.18
      Required ratio:    6.00 (Gate area) 
      Cumulative area ratio:    0.41
      Required ratio:    0.00 (Cumulative area) 

    Via: L1M1_PR
      Partial area ratio:    0.23
      Required ratio:    3.00 (Gate area) 
      Cumulative area ratio:    0.23
      Required ratio:    0.00 (Cumulative area) 

  Pin: _27369_/B (sky130_fd_sc_hd__and2b_1)
    Layer: met2
      Partial area ratio:    5.42
      Required ratio:    0.00 (Gate area) 
      Partial area ratio:   28.23
      Required ratio: 2956.40 (Side area) 
      Cumulative area ratio:  111.20
      Required ratio:    0.00 (Cumulative area) 
      Cumulative area ratio:  566.34
      Required ratio:    0.00 (Cumulative side area) 

    Layer: met1
      Partial area ratio:    1.69
      Required ratio:    0.00 (Gate area) 
      Partial area ratio:    9.22
      Required ratio:  400.00 (Side area) 
      Cumulative area ratio:    1.69
      Required ratio:    0.00 (Cumulative area) 
      Cumulative area ratio:    9.22
      Required ratio:    0.00 (Cumulative side area) 

    Layer: li1
      Partial area ratio:    0.00
      Required ratio:    0.00 (Gate area) 
      Partial area ratio:    0.00
      Required ratio:   75.00 (Side area) 
      Cumulative area ratio:    0.00
      Required ratio:    0.00 (Cumulative area) 
      Cumulative area ratio:    0.00
      Required ratio:    0.00 (Cumulative side area) 

    Via: M1M2_PR
      Partial area ratio:    0.18
      Required ratio:    6.00 (Gate area) 
      Cumulative area ratio:    0.41
      Required ratio:    0.00 (Cumulative area) 

    Via: L1M1_PR
      Partial area ratio:    0.23
      Required ratio:    3.00 (Gate area) 
      Cumulative area ratio:    0.23
      Required ratio:    0.00 (Cumulative area) 

  Pin: _27386_/C (sky130_fd_sc_hd__and3b_1)
    Layer: met2
      Partial area ratio:    5.42
      Required ratio:    0.00 (Gate area) 
      Partial area ratio:   28.23
      Required ratio: 2956.40 (Side area) 
      Cumulative area ratio:   96.93
      Required ratio:    0.00 (Cumulative area) 
      Cumulative area ratio:  490.45
      Required ratio:    0.00 (Cumulative side area) 

    Layer: met1
      Partial area ratio:    9.87
      Required ratio:    0.00 (Gate area) 
      Partial area ratio:   50.11
      Required ratio:  400.00 (Side area) 
      Cumulative area ratio:    9.87
      Required ratio:    0.00 (Cumulative area) 
      Cumulative area ratio:   50.11
      Required ratio:    0.00 (Cumulative side area) 

    Layer: li1
      Partial area ratio:    0.00
      Required ratio:    0.00 (Gate area) 
      Partial area ratio:    0.00
      Required ratio:   75.00 (Side area) 
      Cumulative area ratio:    0.00
      Required ratio:    0.00 (Cumulative area) 
      Cumulative area ratio:    0.00
      Required ratio:    0.00 (Cumulative side area) 

    Via: M1M2_PR
      Partial area ratio:    0.36
      Required ratio:    6.00 (Gate area) 
      Cumulative area ratio:    0.59
      Required ratio:    0.00 (Cumulative area) 

    Via: L1M1_PR
      Partial area ratio:    0.23
      Required ratio:    3.00 (Gate area) 
      Cumulative area ratio:    0.23
      Required ratio:    0.00 (Cumulative area) 

  Pin: _27390_/A (sky130_fd_sc_hd__and3_1)
    Layer: met2
      Partial area ratio:    5.42
      Required ratio:    0.00 (Gate area) 
      Partial area ratio:   28.23
      Required ratio: 2956.40 (Side area) 
      Cumulative area ratio:   87.06
      Required ratio:    0.00 (Cumulative area) 
      Cumulative area ratio:  440.34
      Required ratio:    0.00 (Cumulative side area) 

    Layer: met1
      Partial area ratio:    0.00
      Required ratio:    0.00 (Gate area) 
      Partial area ratio:    0.00
      Required ratio:  400.00 (Side area) 
      Cumulative area ratio:    0.00
      Required ratio:    0.00 (Cumulative area) 
      Cumulative area ratio:    0.00
      Required ratio:    0.00 (Cumulative side area) 

    Layer: li1
      Partial area ratio:    0.00
      Required ratio:    0.00 (Gate area) 
      Partial area ratio:    0.00
      Required ratio:   75.00 (Side area) 
      Cumulative area ratio:    0.00
      Required ratio:    0.00 (Cumulative area) 
      Cumulative area ratio:    0.00
      Required ratio:    0.00 (Cumulative side area) 

    Via: M1M2_PR
      Partial area ratio:    0.18
      Required ratio:    6.00 (Gate area) 
      Cumulative area ratio:    0.41
      Required ratio:    0.00 (Cumulative area) 

    Via: L1M1_PR
      Partial area ratio:    0.23
      Required ratio:    3.00 (Gate area) 
      Cumulative area ratio:    0.23
      Required ratio:    0.00 (Cumulative area) 

  Pin: _27394_/A (sky130_fd_sc_hd__and3_1)
    Layer: met2
      Partial area ratio:    5.42
      Required ratio:    0.00 (Gate area) 
      Partial area ratio:   28.23
      Required ratio: 2956.40 (Side area) 
      Cumulative area ratio:   87.06
      Required ratio:    0.00 (Cumulative area) 
      Cumulative area ratio:  440.34
      Required ratio:    0.00 (Cumulative side area) 

    Layer: met1
      Partial area ratio:   81.64
      Required ratio:    0.00 (Gate area) 
      Partial area ratio:  412.11
      Required ratio:  400.00 (Side area) (VIOLATED)
      Cumulative area ratio:   81.64
      Required ratio:    0.00 (Cumulative area) 
      Cumulative area ratio:  412.11
      Required ratio:    0.00 (Cumulative side area) 

    Layer: li1
      Partial area ratio:    0.00
      Required ratio:    0.00 (Gate area) 
      Partial area ratio:    0.00
      Required ratio:   75.00 (Side area) 
      Cumulative area ratio:    0.00
      Required ratio:    0.00 (Cumulative area) 
      Cumulative area ratio:    0.00
      Required ratio:    0.00 (Cumulative side area) 

    Via: M1M2_PR
      Partial area ratio:    0.54
      Required ratio:    6.00 (Gate area) 
      Cumulative area ratio:    0.77
      Required ratio:    0.00 (Cumulative area) 

    Via: L1M1_PR
      Partial area ratio:    0.23
      Required ratio:    3.00 (Gate area) 
      Cumulative area ratio:    0.23
      Required ratio:    0.00 (Cumulative area) 

  Pin: _27397_/B1_N (sky130_fd_sc_hd__a21boi_1)
    Layer: met2
      Partial area ratio:    5.42
      Required ratio:    0.00 (Gate area) 
      Partial area ratio:   28.23
      Required ratio: 2956.40 (Side area) 
      Cumulative area ratio:   87.73
      Required ratio:    0.00 (Cumulative area) 
      Cumulative area ratio:  444.45
      Required ratio:    0.00 (Cumulative side area) 

    Layer: met1
      Partial area ratio:    0.67
      Required ratio:    0.00 (Gate area) 
      Partial area ratio:    4.11
      Required ratio:  400.00 (Side area) 
      Cumulative area ratio:    0.67
      Required ratio:    0.00 (Cumulative area) 
      Cumulative area ratio:    4.11
      Required ratio:    0.00 (Cumulative side area) 

    Layer: li1
      Partial area ratio:    0.00
      Required ratio:    0.00 (Gate area) 
      Partial area ratio:    0.00
      Required ratio:   75.00 (Side area) 
      Cumulative area ratio:    0.00
      Required ratio:    0.00 (Cumulative area) 
      Cumulative area ratio:    0.00
      Required ratio:    0.00 (Cumulative side area) 

    Via: M1M2_PR
      Partial area ratio:    0.18
      Required ratio:    6.00 (Gate area) 
      Cumulative area ratio:    0.41
      Required ratio:    0.00 (Cumulative area) 

    Via: L1M1_PR
      Partial area ratio:    0.23
      Required ratio:    3.00 (Gate area) 
      Cumulative area ratio:    0.23
      Required ratio:    0.00 (Cumulative area) 


Net: fifo_nonce\[0\]\[44\]
  Pin: _28083_/A0 (sky130_fd_sc_hd__mux2_1)
    Layer: met2
      Partial area ratio:    7.79
      Required ratio:    0.00 (Gate area) 
      Partial area ratio:   40.11
      Required ratio: 2771.60 (Side area) 
      Cumulative area ratio:   11.01
      Required ratio:    0.00 (Cumulative area) 
      Cumulative area ratio:   57.00
      Required ratio:    0.00 (Cumulative side area) 

    Layer: met1
      Partial area ratio:    3.22
      Required ratio:    0.00 (Gate area) 
      Partial area ratio:   16.89
      Required ratio:  400.00 (Side area) 
      Cumulative area ratio:    3.22
      Required ratio:    0.00 (Cumulative area) 
      Cumulative area ratio:   16.89
      Required ratio:    0.00 (Cumulative side area) 

    Layer: li1
      Partial area ratio:    0.00
      Required ratio:    0.00 (Gate area) 
      Partial area ratio:    0.00
      Required ratio:   75.00 (Side area) 
      Cumulative area ratio:    0.00
      Required ratio:    0.00 (Cumulative area) 
      Cumulative area ratio:    0.00
      Required ratio:    0.00 (Cumulative side area) 

    Via: M1M2_PR
      Partial area ratio:    0.18
      Required ratio:    6.00 (Gate area) 
      Cumulative area ratio:    0.41
      Required ratio:    0.00 (Cumulative area) 

    Via: L1M1_PR
      Partial area ratio:    0.23
      Required ratio:    3.00 (Gate area) 
      Cumulative area ratio:    0.23
      Required ratio:    0.00 (Cumulative area) 

  Pin: _25245_/A (sky130_fd_sc_hd__or2_2)
    Layer: met1
      Partial area ratio:   95.40
      Required ratio:    0.00 (Gate area) 
      Partial area ratio:  479.33
      Required ratio:  400.00 (Side area) (VIOLATED)
      Cumulative area ratio:   95.40
      Required ratio:    0.00 (Cumulative area) 
      Cumulative area ratio:  479.33
      Required ratio:    0.00 (Cumulative side area) 

    Layer: li1
      Partial area ratio:    0.00
      Required ratio:    0.00 (Gate area) 
      Partial area ratio:    0.00
      Required ratio:   75.00 (Side area) 
      Cumulative area ratio:    0.00
      Required ratio:    0.00 (Cumulative area) 
      Cumulative area ratio:    0.00
      Required ratio:    0.00 (Cumulative side area) 

    Via: M1M2_PR
      Partial area ratio:    0.18
      Required ratio:    6.00 (Gate area) 
      Cumulative area ratio:    0.41
      Required ratio:    0.00 (Cumulative area) 

    Via: L1M1_PR
      Partial area ratio:    0.23
      Required ratio:    3.00 (Gate area) 
      Cumulative area ratio:    0.23
      Required ratio:    0.00 (Cumulative area) 


Net: u_aes128.ciphertext\[66\]
  Pin: _27777_/A1 (sky130_fd_sc_hd__mux2_1)
    Layer: met2
      Partial area ratio:    3.71
      Required ratio:    0.00 (Gate area) 
      Partial area ratio:   19.18
      Required ratio: 2771.60 (Side area) 
      Cumulative area ratio:    4.89
      Required ratio:    0.00 (Cumulative area) 
      Cumulative area ratio:   25.85
      Required ratio:    0.00 (Cumulative side area) 

    Layer: met1
      Partial area ratio:    1.18
      Required ratio:    0.00 (Gate area) 
      Partial area ratio:    6.67
      Required ratio:  400.00 (Side area) 
      Cumulative area ratio:    1.18
      Required ratio:    0.00 (Cumulative area) 
      Cumulative area ratio:    6.67
      Required ratio:    0.00 (Cumulative side area) 

    Layer: li1
      Partial area ratio:    0.00
      Required ratio:    0.00 (Gate area) 
      Partial area ratio:    0.00
      Required ratio:   75.00 (Side area) 
      Cumulative area ratio:    0.00
      Required ratio:    0.00 (Cumulative area) 
      Cumulative area ratio:    0.00
      Required ratio:    0.00 (Cumulative side area) 

    Via: M1M2_PR
      Partial area ratio:    0.18
      Required ratio:    6.00 (Gate area) 
      Cumulative area ratio:    0.41
      Required ratio:    0.00 (Cumulative area) 

    Via: L1M1_PR
      Partial area ratio:    0.23
      Required ratio:    3.00 (Gate area) 
      Cumulative area ratio:    0.23
      Required ratio:    0.00 (Cumulative area) 

  Pin: hold69/A (sky130_fd_sc_hd__clkdlybuf4s25_1)
    Layer: met2
      Partial area ratio:    3.71
      Required ratio:    0.00 (Gate area) 
      Partial area ratio:   19.18
      Required ratio: 2771.60 (Side area) 
      Cumulative area ratio:   96.49
      Required ratio:    0.00 (Cumulative area) 
      Cumulative area ratio:  491.62
      Required ratio:    0.00 (Cumulative side area) 

    Layer: met1
      Partial area ratio:    0.00
      Required ratio:    0.00 (Gate area) 
      Partial area ratio:    0.00
      Required ratio:  400.00 (Side area) 
      Cumulative area ratio:    0.00
      Required ratio:    0.00 (Cumulative area) 
      Cumulative area ratio:    0.00
      Required ratio:    0.00 (Cumulative side area) 

    Layer: li1
      Partial area ratio:    0.00
      Required ratio:    0.00 (Gate area) 
      Partial area ratio:    0.00
      Required ratio:   75.00 (Side area) 
      Cumulative area ratio:    0.00
      Required ratio:    0.00 (Cumulative area) 
      Cumulative area ratio:    0.00
      Required ratio:    0.00 (Cumulative side area) 

    Via: M1M2_PR
      Partial area ratio:    0.11
      Required ratio:    6.00 (Gate area) 
      Cumulative area ratio:    0.24
      Required ratio:    0.00 (Cumulative area) 

    Via: L1M1_PR
      Partial area ratio:    0.14
      Required ratio:    3.00 (Gate area) 
      Cumulative area ratio:    0.14
      Required ratio:    0.00 (Cumulative area) 

  Pin: _36460_/A0 (sky130_fd_sc_hd__mux2_1)
    Layer: met2
      Partial area ratio:    3.71
      Required ratio:    0.00 (Gate area) 
      Partial area ratio:   19.18
      Required ratio: 2771.60 (Side area) 
      Cumulative area ratio:   96.49
      Required ratio:    0.00 (Cumulative area) 
      Cumulative area ratio:  491.62
      Required ratio:    0.00 (Cumulative side area) 

    Layer: met1
      Partial area ratio:   92.78
      Required ratio:    0.00 (Gate area) 
      Partial area ratio:  472.44
      Required ratio:  400.00 (Side area) (VIOLATED)
      Cumulative area ratio:   92.78
      Required ratio:    0.00 (Cumulative area) 
      Cumulative area ratio:  472.44
      Required ratio:    0.00 (Cumulative side area) 

    Layer: li1
      Partial area ratio:    0.00
      Required ratio:    0.00 (Gate area) 
      Partial area ratio:    0.00
      Required ratio:   75.00 (Side area) 
      Cumulative area ratio:    0.00
      Required ratio:    0.00 (Cumulative area) 
      Cumulative area ratio:    0.00
      Required ratio:    0.00 (Cumulative side area) 

    Via: M1M2_PR
      Partial area ratio:    0.36
      Required ratio:    6.00 (Gate area) 
      Cumulative area ratio:    0.59
      Required ratio:    0.00 (Cumulative area) 

    Via: L1M1_PR
      Partial area ratio:    0.23
      Required ratio:    3.00 (Gate area) 
      Cumulative area ratio:    0.23
      Required ratio:    0.00 (Cumulative area) 


Net: u_aes128.ciphertext\[81\]
  Pin: _37224_/A0 (sky130_fd_sc_hd__mux2_1)
    Layer: met2
      Partial area ratio:    2.35
      Required ratio:    0.00 (Gate area) 
      Partial area ratio:   12.30
      Required ratio: 3130.28 (Side area) 
      Cumulative area ratio:   12.05
      Required ratio:    0.00 (Cumulative area) 
      Cumulative area ratio:   62.16
      Required ratio:    0.00 (Cumulative side area) 

    Layer: met1
      Partial area ratio:    9.69
      Required ratio:    0.00 (Gate area) 
      Partial area ratio:   49.86
      Required ratio: 2773.88 (Side area) 
      Cumulative area ratio:    9.69
      Required ratio:    0.00 (Cumulative area) 
      Cumulative area ratio:   49.86
      Required ratio:    0.00 (Cumulative side area) 

    Layer: li1
      Partial area ratio:    0.00
      Required ratio:    0.00 (Gate area) 
      Partial area ratio:    0.00
      Required ratio:   75.00 (Side area) 
      Cumulative area ratio:    0.00
      Required ratio:    0.00 (Cumulative area) 
      Cumulative area ratio:    0.00
      Required ratio:    0.00 (Cumulative side area) 

    Layer: met3
      Partial area ratio:    6.58
      Required ratio:    0.00 (Gate area) 
      Partial area ratio:   35.87
      Required ratio: 3478.04 (Side area) 
      Cumulative area ratio:   18.62
      Required ratio:    0.00 (Cumulative area) 
      Cumulative area ratio:   98.03
      Required ratio:    0.00 (Cumulative side area) 

    Via: M2M3_PR
      Partial area ratio:    0.07
      Required ratio:    6.00 (Gate area) 
      Cumulative area ratio:    0.38
      Required ratio:    0.00 (Cumulative area) 

    Via: M1M2_PR
      Partial area ratio:    0.08
      Required ratio:    6.00 (Gate area) 
      Cumulative area ratio:    0.31
      Required ratio:    0.00 (Cumulative area) 

    Via: L1M1_PR
      Partial area ratio:    0.23
      Required ratio:    3.00 (Gate area) 
      Cumulative area ratio:    0.23
      Required ratio:    0.00 (Cumulative area) 

  Pin: _23796_/A1 (sky130_fd_sc_hd__a21o_1)
    Layer: met3
      Partial area ratio:    6.58
      Required ratio:    0.00 (Gate area) 
      Partial area ratio:   35.87
      Required ratio: 3478.04 (Side area) 
      Cumulative area ratio:   14.04
      Required ratio:    0.00 (Cumulative area) 
      Cumulative area ratio:   73.60
      Required ratio:    0.00 (Cumulative side area) 

    Layer: met2
      Partial area ratio:    0.13
      Required ratio:    0.00 (Gate area) 
      Partial area ratio:    0.81
      Required ratio: 2773.88 (Side area) 
      Cumulative area ratio:    7.46
      Required ratio:    0.00 (Cumulative area) 
      Cumulative area ratio:   37.73
      Required ratio:    0.00 (Cumulative side area) 

    Layer: met1
      Partial area ratio:    7.33
      Required ratio:    0.00 (Gate area) 
      Partial area ratio:   36.92
      Required ratio: 2773.88 (Side area) 
      Cumulative area ratio:    7.33
      Required ratio:    0.00 (Cumulative area) 
      Cumulative area ratio:   36.92
      Required ratio:    0.00 (Cumulative side area) 

    Layer: li1
      Partial area ratio:    0.00
      Required ratio:    0.00 (Gate area) 
      Partial area ratio:    0.00
      Required ratio:   75.00 (Side area) 
      Cumulative area ratio:    0.00
      Required ratio:    0.00 (Cumulative area) 
      Cumulative area ratio:    0.00
      Required ratio:    0.00 (Cumulative side area) 

    Via: M2M3_PR
      Partial area ratio:    0.06
      Required ratio:    6.00 (Gate area) 
      Cumulative area ratio:    0.21
      Required ratio:    0.00 (Cumulative area) 

    Via: M1M2_PR
      Partial area ratio:    0.03
      Required ratio:    6.00 (Gate area) 
      Cumulative area ratio:    0.15
      Required ratio:    0.00 (Cumulative area) 

    Via: L1M1_PR
      Partial area ratio:    0.12
      Required ratio:    3.00 (Gate area) 
      Cumulative area ratio:    0.12
      Required ratio:    0.00 (Cumulative area) 

  Pin: ANTENNA__23796__A1/DIODE (sky130_fd_sc_hd__diode_2)
    Layer: met3
      Partial area ratio:    6.58
      Required ratio:    0.00 (Gate area) 
      Partial area ratio:   35.87
      Required ratio: 3478.04 (Side area) 
      Cumulative area ratio:   14.04
      Required ratio:    0.00 (Cumulative area) 
      Cumulative area ratio:   73.60
      Required ratio:    0.00 (Cumulative side area) 

    Layer: met2
      Partial area ratio:    0.13
      Required ratio:    0.00 (Gate area) 
      Partial area ratio:    0.81
      Required ratio: 2773.88 (Side area) 
      Cumulative area ratio:    7.46
      Required ratio:    0.00 (Cumulative area) 
      Cumulative area ratio:   37.73
      Required ratio:    0.00 (Cumulative side area) 

    Layer: met1
      Partial area ratio:    7.33
      Required ratio:    0.00 (Gate area) 
      Partial area ratio:   36.92
      Required ratio: 2773.88 (Side area) 
      Cumulative area ratio:    7.33
      Required ratio:    0.00 (Cumulative area) 
      Cumulative area ratio:   36.92
      Required ratio:    0.00 (Cumulative side area) 

    Layer: li1
      Partial area ratio:    0.00
      Required ratio:    0.00 (Gate area) 
      Partial area ratio:    0.00
      Required ratio:  270.61 (Side area) 
      Cumulative area ratio:    0.00
      Required ratio:    0.00 (Cumulative area) 
      Cumulative area ratio:    0.00
      Required ratio:    0.00 (Cumulative side area) 

    Via: M2M3_PR
      Partial area ratio:    0.06
      Required ratio:    6.00 (Gate area) 
      Cumulative area ratio:    0.16
      Required ratio:    0.00 (Cumulative area) 

    Via: M1M2_PR
      Partial area ratio:    0.03
      Required ratio:    6.00 (Gate area) 
      Cumulative area ratio:    0.10
      Required ratio:    0.00 (Cumulative area) 

    Via: L1M1_PR
      Partial area ratio:    0.07
      Required ratio:    3.00 (Gate area) 
      Cumulative area ratio:    0.07
      Required ratio:    0.00 (Cumulative area) 

  Pin: ANTENNA__27809__A1/DIODE (sky130_fd_sc_hd__diode_2)
    Layer: met3
      Partial area ratio:    6.58
      Required ratio:    0.00 (Gate area) 
      Partial area ratio:   35.87
      Required ratio: 3478.04 (Side area) 
      Cumulative area ratio:   92.02
      Required ratio:    0.00 (Cumulative area) 
      Cumulative area ratio:  467.21
      Required ratio:    0.00 (Cumulative side area) 

    Layer: met2
      Partial area ratio:    0.10
      Required ratio:    0.00 (Gate area) 
      Partial area ratio:    0.72
      Required ratio: 2773.88 (Side area) 
      Cumulative area ratio:    0.10
      Required ratio:    0.00 (Cumulative area) 
      Cumulative area ratio:    0.72
      Required ratio:    0.00 (Cumulative side area) 

    Layer: met1
      Partial area ratio:    0.00
      Required ratio:    0.00 (Gate area) 
      Partial area ratio:    0.00
      Required ratio: 2773.88 (Side area) 
      Cumulative area ratio:    0.00
      Required ratio:    0.00 (Cumulative area) 
      Cumulative area ratio:    0.00
      Required ratio:    0.00 (Cumulative side area) 

    Layer: li1
      Partial area ratio:    0.00
      Required ratio:    0.00 (Gate area) 
      Partial area ratio:    0.00
      Required ratio:  270.61 (Side area) 
      Cumulative area ratio:    0.00
      Required ratio:    0.00 (Cumulative area) 
      Cumulative area ratio:    0.00
      Required ratio:    0.00 (Cumulative side area) 

    Via: M2M3_PR
      Partial area ratio:    0.09
      Required ratio:    6.00 (Gate area) 
      Cumulative area ratio:    0.21
      Required ratio:    0.00 (Cumulative area) 

    Via: M1M2_PR
      Partial area ratio:    0.05
      Required ratio:    6.00 (Gate area) 
      Cumulative area ratio:    0.12
      Required ratio:    0.00 (Cumulative area) 

    Via: L1M1_PR
      Partial area ratio:    0.07
      Required ratio:    3.00 (Gate area) 
      Cumulative area ratio:    0.07
      Required ratio:    0.00 (Cumulative area) 

  Pin: _27809_/A1 (sky130_fd_sc_hd__mux2_1)
    Layer: met3
      Partial area ratio:    6.58
      Required ratio:    0.00 (Gate area) 
      Partial area ratio:   35.87
      Required ratio: 3478.04 (Side area) 
      Cumulative area ratio:   96.17
      Required ratio:    0.00 (Cumulative area) 
      Cumulative area ratio:  488.49
      Required ratio:    0.00 (Cumulative side area) 

    Layer: met2
      Partial area ratio:   85.34
      Required ratio:    0.00 (Gate area) 
      Partial area ratio:  430.61
      Required ratio:  400.00 (Side area) (VIOLATED)
      Cumulative area ratio:   89.59
      Required ratio:    0.00 (Cumulative area) 
      Cumulative area ratio:  452.61
      Required ratio:    0.00 (Cumulative side area) 

    Layer: met1
      Partial area ratio:    4.24
      Required ratio:    0.00 (Gate area) 
      Partial area ratio:   22.00
      Required ratio:  400.00 (Side area) 
      Cumulative area ratio:    4.24
      Required ratio:    0.00 (Cumulative area) 
      Cumulative area ratio:   22.00
      Required ratio:    0.00 (Cumulative side area) 

    Layer: li1
      Partial area ratio:    0.00
      Required ratio:    0.00 (Gate area) 
      Partial area ratio:    0.00
      Required ratio:   75.00 (Side area) 
      Cumulative area ratio:    0.00
      Required ratio:    0.00 (Cumulative area) 
      Cumulative area ratio:    0.00
      Required ratio:    0.00 (Cumulative side area) 

    Via: M2M3_PR
      Partial area ratio:    0.63
      Required ratio:    6.00 (Gate area) 
      Cumulative area ratio:    1.04
      Required ratio:    0.00 (Cumulative area) 

    Via: M1M2_PR
      Partial area ratio:    0.18
      Required ratio:    6.00 (Gate area) 
      Cumulative area ratio:    0.41
      Required ratio:    0.00 (Cumulative area) 

    Via: L1M1_PR
      Partial area ratio:    0.23
      Required ratio:    3.00 (Gate area) 
      Cumulative area ratio:    0.23
      Required ratio:    0.00 (Cumulative area) 

  Pin: ANTENNA__37224__A0/DIODE (sky130_fd_sc_hd__diode_2)
    Layer: met2
      Partial area ratio:    2.35
      Required ratio:    0.00 (Gate area) 
      Partial area ratio:   12.30
      Required ratio: 3130.28 (Side area) 
      Cumulative area ratio:   12.05
      Required ratio:    0.00 (Cumulative area) 
      Cumulative area ratio:   62.16
      Required ratio:    0.00 (Cumulative side area) 

    Layer: met1
      Partial area ratio:    9.69
      Required ratio:    0.00 (Gate area) 
      Partial area ratio:   49.86
      Required ratio: 2773.88 (Side area) 
      Cumulative area ratio:    9.69
      Required ratio:    0.00 (Cumulative area) 
      Cumulative area ratio:   49.86
      Required ratio:    0.00 (Cumulative side area) 

    Layer: met3
      Partial area ratio:    6.58
      Required ratio:    0.00 (Gate area) 
      Partial area ratio:   35.87
      Required ratio: 3478.04 (Side area) 
      Cumulative area ratio:   18.62
      Required ratio:    0.00 (Cumulative area) 
      Cumulative area ratio:   98.03
      Required ratio:    0.00 (Cumulative side area) 

    Layer: li1
      Partial area ratio:    0.00
      Required ratio:    0.00 (Gate area) 
      Partial area ratio:    0.00
      Required ratio:  270.61 (Side area) 
      Cumulative area ratio:    0.00
      Required ratio:    0.00 (Cumulative area) 
      Cumulative area ratio:    0.00
      Required ratio:    0.00 (Cumulative side area) 

    Via: M2M3_PR
      Partial area ratio:    0.07
      Required ratio:    6.00 (Gate area) 
      Cumulative area ratio:    0.22
      Required ratio:    0.00 (Cumulative area) 

    Via: M1M2_PR
      Partial area ratio:    0.08
      Required ratio:    6.00 (Gate area) 
      Cumulative area ratio:    0.15
      Required ratio:    0.00 (Cumulative area) 

    Via: L1M1_PR
      Partial area ratio:    0.07
      Required ratio:    3.00 (Gate area) 
      Cumulative area ratio:    0.07
      Required ratio:    0.00 (Cumulative area) 


Net: u_auth_fsm.nonce_hist\[1\]\[58\]
  Pin: _26070_/A1 (sky130_fd_sc_hd__a221o_1)
    Layer: met2
      Partial area ratio:    2.76
      Required ratio:    0.00 (Gate area) 
      Partial area ratio:   14.60
      Required ratio: 2771.60 (Side area) 
      Cumulative area ratio:  110.21
      Required ratio:    0.00 (Cumulative area) 
      Cumulative area ratio:  563.49
      Required ratio:    0.00 (Cumulative side area) 

    Layer: met1
      Partial area ratio:    0.00
      Required ratio:    0.00 (Gate area) 
      Partial area ratio:    0.00
      Required ratio:  400.00 (Side area) 
      Cumulative area ratio:    0.00
      Required ratio:    0.00 (Cumulative area) 
      Cumulative area ratio:    0.00
      Required ratio:    0.00 (Cumulative side area) 

    Layer: li1
      Partial area ratio:    0.00
      Required ratio:    0.00 (Gate area) 
      Partial area ratio:    0.00
      Required ratio:   75.00 (Side area) 
      Cumulative area ratio:    0.00
      Required ratio:    0.00 (Cumulative area) 
      Cumulative area ratio:    0.00
      Required ratio:    0.00 (Cumulative side area) 

    Via: M1M2_PR
      Partial area ratio:    0.09
      Required ratio:    6.00 (Gate area) 
      Cumulative area ratio:    0.21
      Required ratio:    0.00 (Cumulative area) 

    Via: L1M1_PR
      Partial area ratio:    0.12
      Required ratio:    3.00 (Gate area) 
      Cumulative area ratio:    0.12
      Required ratio:    0.00 (Cumulative area) 

  Pin: _26135_/A1_N (sky130_fd_sc_hd__a2bb2o_1)
    Layer: met2
      Partial area ratio:    2.76
      Required ratio:    0.00 (Gate area) 
      Partial area ratio:   14.60
      Required ratio: 2771.60 (Side area) 
      Cumulative area ratio:  110.21
      Required ratio:    0.00 (Cumulative area) 
      Cumulative area ratio:  563.49
      Required ratio:    0.00 (Cumulative side area) 

    Layer: met1
      Partial area ratio:   89.73
      Required ratio:    0.00 (Gate area) 
      Partial area ratio:  458.00
      Required ratio:  400.00 (Side area) (VIOLATED)
      Cumulative area ratio:   89.73
      Required ratio:    0.00 (Cumulative area) 
      Cumulative area ratio:  458.00
      Required ratio:    0.00 (Cumulative side area) 

    Layer: li1
      Partial area ratio:    0.00
      Required ratio:    0.00 (Gate area) 
      Partial area ratio:    0.00
      Required ratio:   75.00 (Side area) 
      Cumulative area ratio:    0.00
      Required ratio:    0.00 (Cumulative area) 
      Cumulative area ratio:    0.00
      Required ratio:    0.00 (Cumulative side area) 

    Via: M1M2_PR
      Partial area ratio:    0.36
      Required ratio:    6.00 (Gate area) 
      Cumulative area ratio:    0.59
      Required ratio:    0.00 (Cumulative area) 

    Via: L1M1_PR
      Partial area ratio:    0.23
      Required ratio:    3.00 (Gate area) 
      Cumulative area ratio:    0.23
      Required ratio:    0.00 (Cumulative area) 

  Pin: _22926_/A1 (sky130_fd_sc_hd__mux2_1)
    Layer: met2
      Partial area ratio:    2.76
      Required ratio:    0.00 (Gate area) 
      Partial area ratio:   14.60
      Required ratio: 2771.60 (Side area) 
      Cumulative area ratio:   20.47
      Required ratio:    0.00 (Cumulative area) 
      Cumulative area ratio:  105.49
      Required ratio:    0.00 (Cumulative side area) 

    Layer: met1
      Partial area ratio:   17.71
      Required ratio:    0.00 (Gate area) 
      Partial area ratio:   90.89
      Required ratio:  400.00 (Side area) 
      Cumulative area ratio:   17.71
      Required ratio:    0.00 (Cumulative area) 
      Cumulative area ratio:   90.89
      Required ratio:    0.00 (Cumulative side area) 

    Layer: li1
      Partial area ratio:    0.00
      Required ratio:    0.00 (Gate area) 
      Partial area ratio:    0.00
      Required ratio:   75.00 (Side area) 
      Cumulative area ratio:    0.00
      Required ratio:    0.00 (Cumulative area) 
      Cumulative area ratio:    0.00
      Required ratio:    0.00 (Cumulative side area) 

    Via: M1M2_PR
      Partial area ratio:    0.36
      Required ratio:    6.00 (Gate area) 
      Cumulative area ratio:    0.59
      Required ratio:    0.00 (Cumulative area) 

    Via: L1M1_PR
      Partial area ratio:    0.23
      Required ratio:    3.00 (Gate area) 
      Cumulative area ratio:    0.23
      Required ratio:    0.00 (Cumulative area) 


Net: u_auth_fsm.nonce_hist\[1\]\[79\]
  Pin: _26153_/A1 (sky130_fd_sc_hd__o221a_1)
    Layer: met2
      Partial area ratio:    2.61
      Required ratio:    0.00 (Gate area) 
      Partial area ratio:   14.11
      Required ratio: 2778.20 (Side area) 
      Cumulative area ratio:   81.86
      Required ratio:    0.00 (Cumulative area) 
      Cumulative area ratio:  416.98
      Required ratio:    0.00 (Cumulative side area) 

    Layer: met1
      Partial area ratio:    0.34
      Required ratio:    0.00 (Gate area) 
      Partial area ratio:    2.09
      Required ratio:  400.00 (Side area) 
      Cumulative area ratio:    0.34
      Required ratio:    0.00 (Cumulative area) 
      Cumulative area ratio:    2.09
      Required ratio:    0.00 (Cumulative side area) 

    Layer: li1
      Partial area ratio:    0.00
      Required ratio:    0.00 (Gate area) 
      Partial area ratio:    0.00
      Required ratio:   75.00 (Side area) 
      Cumulative area ratio:    0.00
      Required ratio:    0.00 (Cumulative area) 
      Cumulative area ratio:    0.00
      Required ratio:    0.00 (Cumulative side area) 

    Layer: met3
      Partial area ratio:   34.42
      Required ratio:    0.00 (Gate area) 
      Partial area ratio:  184.85
      Required ratio: 2778.20 (Side area) 
      Cumulative area ratio:  116.28
      Required ratio:    0.00 (Cumulative area) 
      Cumulative area ratio:  601.83
      Required ratio:    0.00 (Cumulative side area) 

    Layer: met4
      Partial area ratio:    6.06
      Required ratio:    0.00 (Gate area) 
      Partial area ratio:   33.08
      Required ratio: 2778.20 (Side area) 
      Cumulative area ratio:  122.34
      Required ratio:    0.00 (Cumulative area) 
      Cumulative area ratio:  634.91
      Required ratio:    0.00 (Cumulative side area) 

    Via: M2M3_PR
      Partial area ratio:    0.11
      Required ratio:    6.00 (Gate area) 
      Cumulative area ratio:    0.67
      Required ratio:    0.00 (Cumulative area) 

    Via: M1M2_PR
      Partial area ratio:    0.09
      Required ratio:    6.00 (Gate area) 
      Cumulative area ratio:    0.21
      Required ratio:    0.00 (Cumulative area) 

    Via: L1M1_PR
      Partial area ratio:    0.12
      Required ratio:    3.00 (Gate area) 
      Cumulative area ratio:    0.12
      Required ratio:    0.00 (Cumulative area) 

    Via: M3M4_PR
      Partial area ratio:    0.11
      Required ratio:    6.00 (Gate area) 
      Cumulative area ratio:    0.78
      Required ratio:    0.00 (Cumulative area) 

  Pin: _26075_/A1 (sky130_fd_sc_hd__a221o_1)
    Layer: met4
      Partial area ratio:    6.06
      Required ratio:    0.00 (Gate area) 
      Partial area ratio:   33.08
      Required ratio: 2778.20 (Side area) 
      Cumulative area ratio:   11.01
      Required ratio:    0.00 (Cumulative area) 
      Cumulative area ratio:   61.32
      Required ratio:    0.00 (Cumulative side area) 

    Layer: met3
      Partial area ratio:    3.43
      Required ratio:    0.00 (Gate area) 
      Partial area ratio:   20.23
      Required ratio:  400.00 (Side area) 
      Cumulative area ratio:    4.95
      Required ratio:    0.00 (Cumulative area) 
      Cumulative area ratio:   28.24
      Required ratio:    0.00 (Cumulative side area) 

    Layer: met2
      Partial area ratio:    1.52
      Required ratio:    0.00 (Gate area) 
      Partial area ratio:    8.00
      Required ratio:  400.00 (Side area) 
      Cumulative area ratio:    1.52
      Required ratio:    0.00 (Cumulative area) 
      Cumulative area ratio:    8.00
      Required ratio:    0.00 (Cumulative side area) 

    Layer: met1
      Partial area ratio:    0.00
      Required ratio:    0.00 (Gate area) 
      Partial area ratio:    0.00
      Required ratio:  400.00 (Side area) 
      Cumulative area ratio:    0.00
      Required ratio:    0.00 (Cumulative area) 
      Cumulative area ratio:    0.00
      Required ratio:    0.00 (Cumulative side area) 

    Layer: li1
      Partial area ratio:    0.00
      Required ratio:    0.00 (Gate area) 
      Partial area ratio:    0.00
      Required ratio:   75.00 (Side area) 
      Cumulative area ratio:    0.00
      Required ratio:    0.00 (Cumulative area) 
      Cumulative area ratio:    0.00
      Required ratio:    0.00 (Cumulative side area) 

    Via: M3M4_PR
      Partial area ratio:    0.16
      Required ratio:    6.00 (Gate area) 
      Cumulative area ratio:    0.53
      Required ratio:    0.00 (Cumulative area) 

    Via: M2M3_PR
      Partial area ratio:    0.16
      Required ratio:    6.00 (Gate area) 
      Cumulative area ratio:    0.37
      Required ratio:    0.00 (Cumulative area) 

    Via: M1M2_PR
      Partial area ratio:    0.09
      Required ratio:    6.00 (Gate area) 
      Cumulative area ratio:    0.21
      Required ratio:    0.00 (Cumulative area) 

    Via: L1M1_PR
      Partial area ratio:    0.12
      Required ratio:    3.00 (Gate area) 
      Cumulative area ratio:    0.12
      Required ratio:    0.00 (Cumulative area) 

  Pin: _22971_/A1 (sky130_fd_sc_hd__mux2_1)
    Layer: met2
      Partial area ratio:    2.61
      Required ratio:    0.00 (Gate area) 
      Partial area ratio:   14.11
      Required ratio: 2778.20 (Side area) 
      Cumulative area ratio:   81.52
      Required ratio:    0.00 (Cumulative area) 
      Cumulative area ratio:  414.89
      Required ratio:    0.00 (Cumulative side area) 

    Layer: met1
      Partial area ratio:   78.91
      Required ratio:    0.00 (Gate area) 
      Partial area ratio:  400.78
      Required ratio:  400.00 (Side area) (VIOLATED)
      Cumulative area ratio:   78.91
      Required ratio:    0.00 (Cumulative area) 
      Cumulative area ratio:  400.78
      Required ratio:    0.00 (Cumulative side area) 

    Layer: met3
      Partial area ratio:   34.42
      Required ratio:    0.00 (Gate area) 
      Partial area ratio:  184.85
      Required ratio: 2778.20 (Side area) 
      Cumulative area ratio:  115.94
      Required ratio:    0.00 (Cumulative area) 
      Cumulative area ratio:  599.74
      Required ratio:    0.00 (Cumulative side area) 

    Layer: met4
      Partial area ratio:    6.06
      Required ratio:    0.00 (Gate area) 
      Partial area ratio:   33.08
      Required ratio: 2778.20 (Side area) 
      Cumulative area ratio:  122.00
      Required ratio:    0.00 (Cumulative area) 
      Cumulative area ratio:  632.82
      Required ratio:    0.00 (Cumulative side area) 

    Layer: li1
      Partial area ratio:    0.00
      Required ratio:    0.00 (Gate area) 
      Partial area ratio:    0.00
      Required ratio:   75.00 (Side area) 
      Cumulative area ratio:    0.00
      Required ratio:    0.00 (Cumulative area) 
      Cumulative area ratio:    0.00
      Required ratio:    0.00 (Cumulative side area) 

    Via: M2M3_PR
      Partial area ratio:    0.11
      Required ratio:    6.00 (Gate area) 
      Cumulative area ratio:    0.69
      Required ratio:    0.00 (Cumulative area) 

    Via: M1M2_PR
      Partial area ratio:    0.36
      Required ratio:    6.00 (Gate area) 
      Cumulative area ratio:    0.59
      Required ratio:    0.00 (Cumulative area) 

    Via: M3M4_PR
      Partial area ratio:    0.11
      Required ratio:    6.00 (Gate area) 
      Cumulative area ratio:    0.80
      Required ratio:    0.00 (Cumulative area) 

    Via: L1M1_PR
      Partial area ratio:    0.23
      Required ratio:    3.00 (Gate area) 
      Cumulative area ratio:    0.23
      Required ratio:    0.00 (Cumulative area) 


Net: u_auth_fsm.nonce_hist\[4\]\[123\]
  Pin: _26882_/A (sky130_fd_sc_hd__inv_2)
    Layer: met2
      Partial area ratio:    3.52
      Required ratio:    0.00 (Gate area) 
      Partial area ratio:   18.38
      Required ratio: 2778.20 (Side area) 
      Cumulative area ratio:  108.61
      Required ratio:    0.00 (Cumulative area) 
      Cumulative area ratio:  549.29
      Required ratio:    0.00 (Cumulative side area) 

    Layer: met1
      Partial area ratio:    3.73
      Required ratio:    0.00 (Gate area) 
      Partial area ratio:   19.46
      Required ratio:  400.00 (Side area) 
      Cumulative area ratio:    3.73
      Required ratio:    0.00 (Cumulative area) 
      Cumulative area ratio:   19.46
      Required ratio:    0.00 (Cumulative side area) 

    Layer: li1
      Partial area ratio:    0.00
      Required ratio:    0.00 (Gate area) 
      Partial area ratio:    0.00
      Required ratio:   75.00 (Side area) 
      Cumulative area ratio:    0.00
      Required ratio:    0.00 (Cumulative area) 
      Cumulative area ratio:    0.00
      Required ratio:    0.00 (Cumulative side area) 

    Layer: met3
      Partial area ratio:    3.60
      Required ratio:    0.00 (Gate area) 
      Partial area ratio:   19.75
      Required ratio: 2778.20 (Side area) 
      Cumulative area ratio:  112.21
      Required ratio:    0.00 (Cumulative area) 
      Cumulative area ratio:  569.04
      Required ratio:    0.00 (Cumulative side area) 

    Via: M2M3_PR
      Partial area ratio:    0.06
      Required ratio:    6.00 (Gate area) 
      Cumulative area ratio:    0.70
      Required ratio:    0.00 (Cumulative area) 

    Via: M1M2_PR
      Partial area ratio:    0.05
      Required ratio:    6.00 (Gate area) 
      Cumulative area ratio:    0.10
      Required ratio:    0.00 (Cumulative area) 

    Via: L1M1_PR
      Partial area ratio:    0.06
      Required ratio:    3.00 (Gate area) 
      Cumulative area ratio:    0.06
      Required ratio:    0.00 (Cumulative area) 

  Pin: _22258_/A1 (sky130_fd_sc_hd__mux2_1)
    Layer: met2
      Partial area ratio:    3.52
      Required ratio:    0.00 (Gate area) 
      Partial area ratio:   18.38
      Required ratio: 2778.20 (Side area) 
      Cumulative area ratio:  104.87
      Required ratio:    0.00 (Cumulative area) 
      Cumulative area ratio:  529.83
      Required ratio:    0.00 (Cumulative side area) 

    Layer: met1
      Partial area ratio:  101.36
      Required ratio:    0.00 (Gate area) 
      Partial area ratio:  511.44
      Required ratio:  400.00 (Side area) (VIOLATED)
      Cumulative area ratio:  101.36
      Required ratio:    0.00 (Cumulative area) 
      Cumulative area ratio:  511.44
      Required ratio:    0.00 (Cumulative side area) 

    Layer: li1
      Partial area ratio:    0.00
      Required ratio:    0.00 (Gate area) 
      Partial area ratio:    0.00
      Required ratio:   75.00 (Side area) 
      Cumulative area ratio:    0.00
      Required ratio:    0.00 (Cumulative area) 
      Cumulative area ratio:    0.00
      Required ratio:    0.00 (Cumulative side area) 

    Layer: met3
      Partial area ratio:    3.60
      Required ratio:    0.00 (Gate area) 
      Partial area ratio:   19.75
      Required ratio: 2778.20 (Side area) 
      Cumulative area ratio:  108.47
      Required ratio:    0.00 (Cumulative area) 
      Cumulative area ratio:  549.58
      Required ratio:    0.00 (Cumulative side area) 

    Via: M2M3_PR
      Partial area ratio:    0.06
      Required ratio:    6.00 (Gate area) 
      Cumulative area ratio:    0.83
      Required ratio:    0.00 (Cumulative area) 

    Via: M1M2_PR
      Partial area ratio:    0.54
      Required ratio:    6.00 (Gate area) 
      Cumulative area ratio:    0.77
      Required ratio:    0.00 (Cumulative area) 

    Via: L1M1_PR
      Partial area ratio:    0.23
      Required ratio:    3.00 (Gate area) 
      Cumulative area ratio:    0.23
      Required ratio:    0.00 (Cumulative area) 

  Pin: _26745_/A1 (sky130_fd_sc_hd__a221o_1)
    Layer: met3
      Partial area ratio:    3.60
      Required ratio:    0.00 (Gate area) 
      Partial area ratio:   19.75
      Required ratio: 2778.20 (Side area) 
      Cumulative area ratio:    7.98
      Required ratio:    0.00 (Cumulative area) 
      Cumulative area ratio:   42.86
      Required ratio:    0.00 (Cumulative side area) 

    Layer: met2
      Partial area ratio:    3.25
      Required ratio:    0.00 (Gate area) 
      Partial area ratio:   16.66
      Required ratio:  400.00 (Side area) 
      Cumulative area ratio:    4.38
      Required ratio:    0.00 (Cumulative area) 
      Cumulative area ratio:   23.11
      Required ratio:    0.00 (Cumulative side area) 

    Layer: met1
      Partial area ratio:    1.13
      Required ratio:    0.00 (Gate area) 
      Partial area ratio:    6.45
      Required ratio:  400.00 (Side area) 
      Cumulative area ratio:    1.13
      Required ratio:    0.00 (Cumulative area) 
      Cumulative area ratio:    6.45
      Required ratio:    0.00 (Cumulative side area) 

    Layer: li1
      Partial area ratio:    0.00
      Required ratio:    0.00 (Gate area) 
      Partial area ratio:    0.00
      Required ratio:   75.00 (Side area) 
      Cumulative area ratio:    0.00
      Required ratio:    0.00 (Cumulative area) 
      Cumulative area ratio:    0.00
      Required ratio:    0.00 (Cumulative side area) 

    Via: M2M3_PR
      Partial area ratio:    0.16
      Required ratio:    6.00 (Gate area) 
      Cumulative area ratio:    0.37
      Required ratio:    0.00 (Cumulative area) 

    Via: M1M2_PR
      Partial area ratio:    0.09
      Required ratio:    6.00 (Gate area) 
      Cumulative area ratio:    0.21
      Required ratio:    0.00 (Cumulative area) 

    Via: L1M1_PR
      Partial area ratio:    0.12
      Required ratio:    3.00 (Gate area) 
      Cumulative area ratio:    0.12
      Required ratio:    0.00 (Cumulative area) 


Net: u_cmd_parser.challenge_nonce\[105\]
  Pin: _30289_/A1 (sky130_fd_sc_hd__mux2_1)
    Layer: met2
      Partial area ratio:    2.93
      Required ratio:    0.00 (Gate area) 
      Partial area ratio:   15.27
      Required ratio: 2956.40 (Side area) 
      Cumulative area ratio:    9.78
      Required ratio:    0.00 (Cumulative area) 
      Cumulative area ratio:   51.83
      Required ratio:    0.00 (Cumulative side area) 

    Layer: met1
      Partial area ratio:    6.84
      Required ratio:    0.00 (Gate area) 
      Partial area ratio:   36.56
      Required ratio:  400.00 (Side area) 
      Cumulative area ratio:    6.84
      Required ratio:    0.00 (Cumulative area) 
      Cumulative area ratio:   36.56
      Required ratio:    0.00 (Cumulative side area) 

    Layer: li1
      Partial area ratio:    0.00
      Required ratio:    0.00 (Gate area) 
      Partial area ratio:    0.00
      Required ratio:   75.00 (Side area) 
      Cumulative area ratio:    0.00
      Required ratio:    0.00 (Cumulative area) 
      Cumulative area ratio:    0.00
      Required ratio:    0.00 (Cumulative side area) 

    Via: M1M2_PR
      Partial area ratio:    0.18
      Required ratio:    6.00 (Gate area) 
      Cumulative area ratio:    0.41
      Required ratio:    0.00 (Cumulative area) 

    Via: L1M1_PR
      Partial area ratio:    0.23
      Required ratio:    3.00 (Gate area) 
      Cumulative area ratio:    0.23
      Required ratio:    0.00 (Cumulative area) 

  Pin: _29015_/A1 (sky130_fd_sc_hd__mux2_1)
    Layer: met1
      Partial area ratio:    0.00
      Required ratio:    0.00 (Gate area) 
      Partial area ratio:    0.00
      Required ratio:  400.00 (Side area) 
      Cumulative area ratio:    0.00
      Required ratio:    0.00 (Cumulative area) 
      Cumulative area ratio:    0.00
      Required ratio:    0.00 (Cumulative side area) 

    Layer: li1
      Partial area ratio:    0.00
      Required ratio:    0.00 (Gate area) 
      Partial area ratio:    0.00
      Required ratio:   75.00 (Side area) 
      Cumulative area ratio:    0.00
      Required ratio:    0.00 (Cumulative area) 
      Cumulative area ratio:    0.00
      Required ratio:    0.00 (Cumulative side area) 

    Via: M1M2_PR
      Partial area ratio:    0.18
      Required ratio:    6.00 (Gate area) 
      Cumulative area ratio:    0.41
      Required ratio:    0.00 (Cumulative area) 

    Via: L1M1_PR
      Partial area ratio:    0.23
      Required ratio:    3.00 (Gate area) 
      Cumulative area ratio:    0.23
      Required ratio:    0.00 (Cumulative area) 

  Pin: _29551_/A0 (sky130_fd_sc_hd__mux2_1)
    Layer: met1
      Partial area ratio:    8.28
      Required ratio:    0.00 (Gate area) 
      Partial area ratio:   44.26
      Required ratio:  400.00 (Side area) 
      Cumulative area ratio:    8.28
      Required ratio:    0.00 (Cumulative area) 
      Cumulative area ratio:   44.26
      Required ratio:    0.00 (Cumulative side area) 

    Layer: li1
      Partial area ratio:    0.00
      Required ratio:    0.00 (Gate area) 
      Partial area ratio:    0.00
      Required ratio:   75.00 (Side area) 
      Cumulative area ratio:    0.00
      Required ratio:    0.00 (Cumulative area) 
      Cumulative area ratio:    0.00
      Required ratio:    0.00 (Cumulative side area) 

    Via: M1M2_PR
      Partial area ratio:    0.12
      Required ratio:    6.00 (Gate area) 
      Cumulative area ratio:    0.35
      Required ratio:    0.00 (Cumulative area) 

    Via: L1M1_PR
      Partial area ratio:    0.23
      Required ratio:    3.00 (Gate area) 
      Cumulative area ratio:    0.23
      Required ratio:    0.00 (Cumulative area) 

  Pin: _28479_/A1 (sky130_fd_sc_hd__mux2_1)
    Layer: met1
      Partial area ratio:    2.46
      Required ratio:    0.00 (Gate area) 
      Partial area ratio:   13.06
      Required ratio:  400.00 (Side area) 
      Cumulative area ratio:    2.46
      Required ratio:    0.00 (Cumulative area) 
      Cumulative area ratio:   13.06
      Required ratio:    0.00 (Cumulative side area) 

    Layer: li1
      Partial area ratio:    0.00
      Required ratio:    0.00 (Gate area) 
      Partial area ratio:    0.00
      Required ratio:   75.00 (Side area) 
      Cumulative area ratio:    0.00
      Required ratio:    0.00 (Cumulative area) 
      Cumulative area ratio:    0.00
      Required ratio:    0.00 (Cumulative side area) 

    Via: M1M2_PR
      Partial area ratio:    0.18
      Required ratio:    6.00 (Gate area) 
      Cumulative area ratio:    0.41
      Required ratio:    0.00 (Cumulative area) 

    Via: L1M1_PR
      Partial area ratio:    0.23
      Required ratio:    3.00 (Gate area) 
      Cumulative area ratio:    0.23
      Required ratio:    0.00 (Cumulative area) 

  Pin: _29819_/A0 (sky130_fd_sc_hd__mux2_1)
    Layer: met1
      Partial area ratio:    1.69
      Required ratio:    0.00 (Gate area) 
      Partial area ratio:    9.22
      Required ratio:  400.00 (Side area) 
      Cumulative area ratio:    1.69
      Required ratio:    0.00 (Cumulative area) 
      Cumulative area ratio:    9.22
      Required ratio:    0.00 (Cumulative side area) 

    Layer: li1
      Partial area ratio:    0.00
      Required ratio:    0.00 (Gate area) 
      Partial area ratio:    0.00
      Required ratio:   75.00 (Side area) 
      Cumulative area ratio:    0.00
      Required ratio:    0.00 (Cumulative area) 
      Cumulative area ratio:    0.00
      Required ratio:    0.00 (Cumulative side area) 

    Via: M1M2_PR
      Partial area ratio:    0.18
      Required ratio:    6.00 (Gate area) 
      Cumulative area ratio:    0.41
      Required ratio:    0.00 (Cumulative area) 

    Via: L1M1_PR
      Partial area ratio:    0.23
      Required ratio:    3.00 (Gate area) 
      Cumulative area ratio:    0.23
      Required ratio:    0.00 (Cumulative area) 

  Pin: _29283_/A0 (sky130_fd_sc_hd__mux2_1)
    Layer: met1
      Partial area ratio:    2.46
      Required ratio:    0.00 (Gate area) 
      Partial area ratio:   13.06
      Required ratio:  400.00 (Side area) 
      Cumulative area ratio:    2.46
      Required ratio:    0.00 (Cumulative area) 
      Cumulative area ratio:   13.06
      Required ratio:    0.00 (Cumulative side area) 

    Layer: li1
      Partial area ratio:    0.00
      Required ratio:    0.00 (Gate area) 
      Partial area ratio:    0.00
      Required ratio:   75.00 (Side area) 
      Cumulative area ratio:    0.00
      Required ratio:    0.00 (Cumulative area) 
      Cumulative area ratio:    0.00
      Required ratio:    0.00 (Cumulative side area) 

    Via: M1M2_PR
      Partial area ratio:    0.18
      Required ratio:    6.00 (Gate area) 
      Cumulative area ratio:    0.41
      Required ratio:    0.00 (Cumulative area) 

    Via: L1M1_PR
      Partial area ratio:    0.23
      Required ratio:    3.00 (Gate area) 
      Cumulative area ratio:    0.23
      Required ratio:    0.00 (Cumulative area) 

  Pin: _28747_/A1 (sky130_fd_sc_hd__mux2_1)
    Layer: met1
      Partial area ratio:    8.28
      Required ratio:    0.00 (Gate area) 
      Partial area ratio:   44.26
      Required ratio:  400.00 (Side area) 
      Cumulative area ratio:    8.28
      Required ratio:    0.00 (Cumulative area) 
      Cumulative area ratio:   44.26
      Required ratio:    0.00 (Cumulative side area) 

    Layer: li1
      Partial area ratio:    0.00
      Required ratio:    0.00 (Gate area) 
      Partial area ratio:    0.00
      Required ratio:   75.00 (Side area) 
      Cumulative area ratio:    0.00
      Required ratio:    0.00 (Cumulative area) 
      Cumulative area ratio:    0.00
      Required ratio:    0.00 (Cumulative side area) 

    Via: M1M2_PR
      Partial area ratio:    0.12
      Required ratio:    6.00 (Gate area) 
      Cumulative area ratio:    0.35
      Required ratio:    0.00 (Cumulative area) 

    Via: L1M1_PR
      Partial area ratio:    0.23
      Required ratio:    3.00 (Gate area) 
      Cumulative area ratio:    0.23
      Required ratio:    0.00 (Cumulative area) 

  Pin: _28211_/A1 (sky130_fd_sc_hd__mux2_1)
    Layer: met1
      Partial area ratio:    8.28
      Required ratio:    0.00 (Gate area) 
      Partial area ratio:   44.26
      Required ratio:  400.00 (Side area) 
      Cumulative area ratio:    8.28
      Required ratio:    0.00 (Cumulative area) 
      Cumulative area ratio:   44.26
      Required ratio:    0.00 (Cumulative side area) 

    Layer: li1
      Partial area ratio:    0.00
      Required ratio:    0.00 (Gate area) 
      Partial area ratio:    0.00
      Required ratio:   75.00 (Side area) 
      Cumulative area ratio:    0.00
      Required ratio:    0.00 (Cumulative area) 
      Cumulative area ratio:    0.00
      Required ratio:    0.00 (Cumulative side area) 

    Via: M1M2_PR
      Partial area ratio:    0.12
      Required ratio:    6.00 (Gate area) 
      Cumulative area ratio:    0.35
      Required ratio:    0.00 (Cumulative area) 

    Via: L1M1_PR
      Partial area ratio:    0.23
      Required ratio:    3.00 (Gate area) 
      Cumulative area ratio:    0.23
      Required ratio:    0.00 (Cumulative area) 

  Pin: _30801_/A0 (sky130_fd_sc_hd__mux2_1)
    Layer: met1
      Partial area ratio:  141.33
      Required ratio:    0.00 (Gate area) 
      Partial area ratio:  715.22
      Required ratio:  400.00 (Side area) (VIOLATED)
      Cumulative area ratio:  141.33
      Required ratio:    0.00 (Cumulative area) 
      Cumulative area ratio:  715.22
      Required ratio:    0.00 (Cumulative side area) 

    Layer: li1
      Partial area ratio:    0.00
      Required ratio:    0.00 (Gate area) 
      Partial area ratio:    0.00
      Required ratio:   75.00 (Side area) 
      Cumulative area ratio:    0.00
      Required ratio:    0.00 (Cumulative area) 
      Cumulative area ratio:    0.00
      Required ratio:    0.00 (Cumulative side area) 

    Via: M1M2_PR
      Partial area ratio:    0.54
      Required ratio:    6.00 (Gate area) 
      Cumulative area ratio:    0.77
      Required ratio:    0.00 (Cumulative area) 

    Via: L1M1_PR
      Partial area ratio:    0.23
      Required ratio:    3.00 (Gate area) 
      Cumulative area ratio:    0.23
      Required ratio:    0.00 (Cumulative area) 


Net: u_cmd_parser.challenge_nonce\[50\]
  Pin: ANTENNA__28900__A1/DIODE (sky130_fd_sc_hd__diode_2)
    Layer: met4
      Partial area ratio:    3.54
      Required ratio:    0.00 (Gate area) 
      Partial area ratio:   19.19
      Required ratio: 4521.32 (Side area) 
      Cumulative area ratio:   98.94
      Required ratio:    0.00 (Cumulative area) 
      Cumulative area ratio:  503.96
      Required ratio:    0.00 (Cumulative side area) 

    Layer: met3
      Partial area ratio:    1.78
      Required ratio:    0.00 (Gate area) 
      Partial area ratio:    9.70
      Required ratio: 3991.04 (Side area) 
      Cumulative area ratio:   95.40
      Required ratio:    0.00 (Cumulative area) 
      Cumulative area ratio:  484.77
      Required ratio:    0.00 (Cumulative side area) 

    Layer: met2
      Partial area ratio:    2.47
      Required ratio:    0.00 (Gate area) 
      Partial area ratio:   12.68
      Required ratio: 3817.16 (Side area) 
      Cumulative area ratio:    6.91
      Required ratio:    0.00 (Cumulative area) 
      Cumulative area ratio:   36.21
      Required ratio:    0.00 (Cumulative side area) 

    Layer: met1
      Partial area ratio:    0.72
      Required ratio:    0.00 (Gate area) 
      Partial area ratio:    3.80
      Required ratio: 2773.88 (Side area) 
      Cumulative area ratio:    0.72
      Required ratio:    0.00 (Cumulative area) 
      Cumulative area ratio:    3.80
      Required ratio:    0.00 (Cumulative side area) 

    Layer: li1
      Partial area ratio:    0.00
      Required ratio:    0.00 (Gate area) 
      Partial area ratio:    0.00
      Required ratio:  270.61 (Side area) 
      Cumulative area ratio:    0.00
      Required ratio:    0.00 (Cumulative area) 
      Cumulative area ratio:    0.00
      Required ratio:    0.00 (Cumulative side area) 

    Via: M3M4_PR
      Partial area ratio:    0.01
      Required ratio:    6.00 (Gate area) 
      Cumulative area ratio:    0.66
      Required ratio:    0.00 (Cumulative area) 

    Via: M2M3_PR
      Partial area ratio:    0.02
      Required ratio:    6.00 (Gate area) 
      Cumulative area ratio:    0.19
      Required ratio:    0.00 (Cumulative area) 

    Via: M1M2_PR
      Partial area ratio:    0.04
      Required ratio:    6.00 (Gate area) 
      Cumulative area ratio:    0.11
      Required ratio:    0.00 (Cumulative area) 

    Via: L1M1_PR
      Partial area ratio:    0.07
      Required ratio:    3.00 (Gate area) 
      Cumulative area ratio:    0.07
      Required ratio:    0.00 (Cumulative area) 

  Pin: _28900_/A1 (sky130_fd_sc_hd__mux2_1)
    Layer: met4
      Partial area ratio:    3.54
      Required ratio:    0.00 (Gate area) 
      Partial area ratio:   19.19
      Required ratio: 4521.32 (Side area) 
      Cumulative area ratio:   98.94
      Required ratio:    0.00 (Cumulative area) 
      Cumulative area ratio:  503.96
      Required ratio:    0.00 (Cumulative side area) 

    Layer: met3
      Partial area ratio:    1.78
      Required ratio:    0.00 (Gate area) 
      Partial area ratio:    9.70
      Required ratio: 3991.04 (Side area) 
      Cumulative area ratio:   95.40
      Required ratio:    0.00 (Cumulative area) 
      Cumulative area ratio:  484.77
      Required ratio:    0.00 (Cumulative side area) 

    Layer: met2
      Partial area ratio:    2.47
      Required ratio:    0.00 (Gate area) 
      Partial area ratio:   12.68
      Required ratio: 3817.16 (Side area) 
      Cumulative area ratio:    6.91
      Required ratio:    0.00 (Cumulative area) 
      Cumulative area ratio:   36.21
      Required ratio:    0.00 (Cumulative side area) 

    Layer: met1
      Partial area ratio:    0.72
      Required ratio:    0.00 (Gate area) 
      Partial area ratio:    3.80
      Required ratio: 2773.88 (Side area) 
      Cumulative area ratio:    0.72
      Required ratio:    0.00 (Cumulative area) 
      Cumulative area ratio:    3.80
      Required ratio:    0.00 (Cumulative side area) 

    Layer: li1
      Partial area ratio:    0.00
      Required ratio:    0.00 (Gate area) 
      Partial area ratio:    0.00
      Required ratio:   75.00 (Side area) 
      Cumulative area ratio:    0.00
      Required ratio:    0.00 (Cumulative area) 
      Cumulative area ratio:    0.00
      Required ratio:    0.00 (Cumulative side area) 

    Via: M3M4_PR
      Partial area ratio:    0.01
      Required ratio:    6.00 (Gate area) 
      Cumulative area ratio:    0.82
      Required ratio:    0.00 (Cumulative area) 

    Via: M2M3_PR
      Partial area ratio:    0.02
      Required ratio:    6.00 (Gate area) 
      Cumulative area ratio:    0.36
      Required ratio:    0.00 (Cumulative area) 

    Via: M1M2_PR
      Partial area ratio:    0.04
      Required ratio:    6.00 (Gate area) 
      Cumulative area ratio:    0.27
      Required ratio:    0.00 (Cumulative area) 

    Via: L1M1_PR
      Partial area ratio:    0.23
      Required ratio:    3.00 (Gate area) 
      Cumulative area ratio:    0.23
      Required ratio:    0.00 (Cumulative area) 

  Pin: _30686_/A0 (sky130_fd_sc_hd__mux2_1)
    Layer: met4
      Partial area ratio:    3.54
      Required ratio:    0.00 (Gate area) 
      Partial area ratio:   19.19
      Required ratio: 4521.32 (Side area) 
      Cumulative area ratio:   98.22
      Required ratio:    0.00 (Cumulative area) 
      Cumulative area ratio:  500.16
      Required ratio:    0.00 (Cumulative side area) 

    Layer: met3
      Partial area ratio:    1.78
      Required ratio:    0.00 (Gate area) 
      Partial area ratio:    9.70
      Required ratio: 3991.04 (Side area) 
      Cumulative area ratio:   94.67
      Required ratio:    0.00 (Cumulative area) 
      Cumulative area ratio:  480.97
      Required ratio:    0.00 (Cumulative side area) 

    Layer: met2
      Partial area ratio:    2.47
      Required ratio:    0.00 (Gate area) 
      Partial area ratio:   12.68
      Required ratio: 3817.16 (Side area) 
      Cumulative area ratio:    6.19
      Required ratio:    0.00 (Cumulative area) 
      Cumulative area ratio:   32.41
      Required ratio:    0.00 (Cumulative side area) 

    Layer: met1
      Partial area ratio:    3.72
      Required ratio:    0.00 (Gate area) 
      Partial area ratio:   19.73
      Required ratio: 2773.88 (Side area) 
      Cumulative area ratio:    3.72
      Required ratio:    0.00 (Cumulative area) 
      Cumulative area ratio:   19.73
      Required ratio:    0.00 (Cumulative side area) 

    Layer: li1
      Partial area ratio:    0.00
      Required ratio:    0.00 (Gate area) 
      Partial area ratio:    0.00
      Required ratio:   75.00 (Side area) 
      Cumulative area ratio:    0.00
      Required ratio:    0.00 (Cumulative area) 
      Cumulative area ratio:    0.00
      Required ratio:    0.00 (Cumulative side area) 

    Via: M3M4_PR
      Partial area ratio:    0.01
      Required ratio:    6.00 (Gate area) 
      Cumulative area ratio:    0.78
      Required ratio:    0.00 (Cumulative area) 

    Via: M2M3_PR
      Partial area ratio:    0.02
      Required ratio:    6.00 (Gate area) 
      Cumulative area ratio:    0.32
      Required ratio:    0.00 (Cumulative area) 

    Via: M1M2_PR
      Partial area ratio:    0.07
      Required ratio:    6.00 (Gate area) 
      Cumulative area ratio:    0.29
      Required ratio:    0.00 (Cumulative area) 

    Via: L1M1_PR
      Partial area ratio:    0.23
      Required ratio:    3.00 (Gate area) 
      Cumulative area ratio:    0.23
      Required ratio:    0.00 (Cumulative area) 

  Pin: ANTENNA__30686__A0/DIODE (sky130_fd_sc_hd__diode_2)
    Layer: met4
      Partial area ratio:    3.54
      Required ratio:    0.00 (Gate area) 
      Partial area ratio:   19.19
      Required ratio: 4521.32 (Side area) 
      Cumulative area ratio:   98.22
      Required ratio:    0.00 (Cumulative area) 
      Cumulative area ratio:  500.16
      Required ratio:    0.00 (Cumulative side area) 

    Layer: met3
      Partial area ratio:    1.78
      Required ratio:    0.00 (Gate area) 
      Partial area ratio:    9.70
      Required ratio: 3991.04 (Side area) 
      Cumulative area ratio:   94.67
      Required ratio:    0.00 (Cumulative area) 
      Cumulative area ratio:  480.97
      Required ratio:    0.00 (Cumulative side area) 

    Layer: met2
      Partial area ratio:    2.47
      Required ratio:    0.00 (Gate area) 
      Partial area ratio:   12.68
      Required ratio: 3817.16 (Side area) 
      Cumulative area ratio:    6.19
      Required ratio:    0.00 (Cumulative area) 
      Cumulative area ratio:   32.41
      Required ratio:    0.00 (Cumulative side area) 

    Layer: met1
      Partial area ratio:    3.72
      Required ratio:    0.00 (Gate area) 
      Partial area ratio:   19.73
      Required ratio: 2773.88 (Side area) 
      Cumulative area ratio:    3.72
      Required ratio:    0.00 (Cumulative area) 
      Cumulative area ratio:   19.73
      Required ratio:    0.00 (Cumulative side area) 

    Layer: li1
      Partial area ratio:    0.00
      Required ratio:    0.00 (Gate area) 
      Partial area ratio:    0.00
      Required ratio:  270.61 (Side area) 
      Cumulative area ratio:    0.00
      Required ratio:    0.00 (Cumulative area) 
      Cumulative area ratio:    0.00
      Required ratio:    0.00 (Cumulative side area) 

    Via: M3M4_PR
      Partial area ratio:    0.01
      Required ratio:    6.00 (Gate area) 
      Cumulative area ratio:    0.62
      Required ratio:    0.00 (Cumulative area) 

    Via: M2M3_PR
      Partial area ratio:    0.02
      Required ratio:    6.00 (Gate area) 
      Cumulative area ratio:    0.15
      Required ratio:    0.00 (Cumulative area) 

    Via: M1M2_PR
      Partial area ratio:    0.07
      Required ratio:    6.00 (Gate area) 
      Cumulative area ratio:    0.13
      Required ratio:    0.00 (Cumulative area) 

    Via: L1M1_PR
      Partial area ratio:    0.07
      Required ratio:    3.00 (Gate area) 
      Cumulative area ratio:    0.07
      Required ratio:    0.00 (Cumulative area) 

  Pin: _28632_/A1 (sky130_fd_sc_hd__mux2_1)
    Layer: met4
      Partial area ratio:    3.54
      Required ratio:    0.00 (Gate area) 
      Partial area ratio:   19.19
      Required ratio: 4521.32 (Side area) 
      Cumulative area ratio:   98.22
      Required ratio:    0.00 (Cumulative area) 
      Cumulative area ratio:  500.16
      Required ratio:    0.00 (Cumulative side area) 

    Layer: met3
      Partial area ratio:    1.78
      Required ratio:    0.00 (Gate area) 
      Partial area ratio:    9.70
      Required ratio: 3991.04 (Side area) 
      Cumulative area ratio:   94.67
      Required ratio:    0.00 (Cumulative area) 
      Cumulative area ratio:  480.97
      Required ratio:    0.00 (Cumulative side area) 

    Layer: met2
      Partial area ratio:    2.47
      Required ratio:    0.00 (Gate area) 
      Partial area ratio:   12.68
      Required ratio: 3817.16 (Side area) 
      Cumulative area ratio:    6.19
      Required ratio:    0.00 (Cumulative area) 
      Cumulative area ratio:   32.41
      Required ratio:    0.00 (Cumulative side area) 

    Layer: met1
      Partial area ratio:    3.72
      Required ratio:    0.00 (Gate area) 
      Partial area ratio:   19.73
      Required ratio: 2773.88 (Side area) 
      Cumulative area ratio:    3.72
      Required ratio:    0.00 (Cumulative area) 
      Cumulative area ratio:   19.73
      Required ratio:    0.00 (Cumulative side area) 

    Layer: li1
      Partial area ratio:    0.00
      Required ratio:    0.00 (Gate area) 
      Partial area ratio:    0.00
      Required ratio:   75.00 (Side area) 
      Cumulative area ratio:    0.00
      Required ratio:    0.00 (Cumulative area) 
      Cumulative area ratio:    0.00
      Required ratio:    0.00 (Cumulative side area) 

    Via: M3M4_PR
      Partial area ratio:    0.01
      Required ratio:    6.00 (Gate area) 
      Cumulative area ratio:    0.78
      Required ratio:    0.00 (Cumulative area) 

    Via: M2M3_PR
      Partial area ratio:    0.02
      Required ratio:    6.00 (Gate area) 
      Cumulative area ratio:    0.32
      Required ratio:    0.00 (Cumulative area) 

    Via: M1M2_PR
      Partial area ratio:    0.07
      Required ratio:    6.00 (Gate area) 
      Cumulative area ratio:    0.29
      Required ratio:    0.00 (Cumulative area) 

    Via: L1M1_PR
      Partial area ratio:    0.23
      Required ratio:    3.00 (Gate area) 
      Cumulative area ratio:    0.23
      Required ratio:    0.00 (Cumulative area) 

  Pin: ANTENNA__28632__A1/DIODE (sky130_fd_sc_hd__diode_2)
    Layer: met4
      Partial area ratio:    3.54
      Required ratio:    0.00 (Gate area) 
      Partial area ratio:   19.19
      Required ratio: 4521.32 (Side area) 
      Cumulative area ratio:   94.69
      Required ratio:    0.00 (Cumulative area) 
      Cumulative area ratio:  481.62
      Required ratio:    0.00 (Cumulative side area) 

    Layer: met3
      Partial area ratio:    1.78
      Required ratio:    0.00 (Gate area) 
      Partial area ratio:    9.70
      Required ratio: 3991.04 (Side area) 
      Cumulative area ratio:   91.15
      Required ratio:    0.00 (Cumulative area) 
      Cumulative area ratio:  462.43
      Required ratio:    0.00 (Cumulative side area) 

    Layer: met2
      Partial area ratio:    2.47
      Required ratio:    0.00 (Gate area) 
      Partial area ratio:   12.68
      Required ratio: 3817.16 (Side area) 
      Cumulative area ratio:    2.66
      Required ratio:    0.00 (Cumulative area) 
      Cumulative area ratio:   13.87
      Required ratio:    0.00 (Cumulative side area) 

    Layer: met1
      Partial area ratio:    0.19
      Required ratio:    0.00 (Gate area) 
      Partial area ratio:    1.19
      Required ratio: 2773.88 (Side area) 
      Cumulative area ratio:    0.19
      Required ratio:    0.00 (Cumulative area) 
      Cumulative area ratio:    1.19
      Required ratio:    0.00 (Cumulative side area) 

    Layer: li1
      Partial area ratio:    0.00
      Required ratio:    0.00 (Gate area) 
      Partial area ratio:    0.00
      Required ratio:  270.61 (Side area) 
      Cumulative area ratio:    0.00
      Required ratio:    0.00 (Cumulative area) 
      Cumulative area ratio:    0.00
      Required ratio:    0.00 (Cumulative side area) 

    Via: M3M4_PR
      Partial area ratio:    0.01
      Required ratio:    6.00 (Gate area) 
      Cumulative area ratio:    0.61
      Required ratio:    0.00 (Cumulative area) 

    Via: M2M3_PR
      Partial area ratio:    0.02
      Required ratio:    6.00 (Gate area) 
      Cumulative area ratio:    0.14
      Required ratio:    0.00 (Cumulative area) 

    Via: M1M2_PR
      Partial area ratio:    0.05
      Required ratio:    6.00 (Gate area) 
      Cumulative area ratio:    0.12
      Required ratio:    0.00 (Cumulative area) 

    Via: L1M1_PR
      Partial area ratio:    0.07
      Required ratio:    3.00 (Gate area) 
      Cumulative area ratio:    0.07
      Required ratio:    0.00 (Cumulative area) 

  Pin: ANTENNA__29436__A0/DIODE (sky130_fd_sc_hd__diode_2)
    Layer: met4
      Partial area ratio:    3.54
      Required ratio:    0.00 (Gate area) 
      Partial area ratio:   19.19
      Required ratio: 4521.32 (Side area) 
      Cumulative area ratio:   95.22
      Required ratio:    0.00 (Cumulative area) 
      Cumulative area ratio:  484.22
      Required ratio:    0.00 (Cumulative side area) 

    Layer: met3
      Partial area ratio:    1.78
      Required ratio:    0.00 (Gate area) 
      Partial area ratio:    9.70
      Required ratio: 3991.04 (Side area) 
      Cumulative area ratio:   91.68
      Required ratio:    0.00 (Cumulative area) 
      Cumulative area ratio:  465.03
      Required ratio:    0.00 (Cumulative side area) 

    Layer: met2
      Partial area ratio:    2.47
      Required ratio:    0.00 (Gate area) 
      Partial area ratio:   12.68
      Required ratio: 3817.16 (Side area) 
      Cumulative area ratio:    3.19
      Required ratio:    0.00 (Cumulative area) 
      Cumulative area ratio:   16.47
      Required ratio:    0.00 (Cumulative side area) 

    Layer: met1
      Partial area ratio:    0.72
      Required ratio:    0.00 (Gate area) 
      Partial area ratio:    3.80
      Required ratio: 2773.88 (Side area) 
      Cumulative area ratio:    0.72
      Required ratio:    0.00 (Cumulative area) 
      Cumulative area ratio:    3.80
      Required ratio:    0.00 (Cumulative side area) 

    Layer: li1
      Partial area ratio:    0.00
      Required ratio:    0.00 (Gate area) 
      Partial area ratio:    0.00
      Required ratio:  270.61 (Side area) 
      Cumulative area ratio:    0.00
      Required ratio:    0.00 (Cumulative area) 
      Cumulative area ratio:    0.00
      Required ratio:    0.00 (Cumulative side area) 

    Via: M3M4_PR
      Partial area ratio:    0.01
      Required ratio:    6.00 (Gate area) 
      Cumulative area ratio:    0.60
      Required ratio:    0.00 (Cumulative area) 

    Via: M2M3_PR
      Partial area ratio:    0.02
      Required ratio:    6.00 (Gate area) 
      Cumulative area ratio:    0.13
      Required ratio:    0.00 (Cumulative area) 

    Via: M1M2_PR
      Partial area ratio:    0.04
      Required ratio:    6.00 (Gate area) 
      Cumulative area ratio:    0.11
      Required ratio:    0.00 (Cumulative area) 

    Via: L1M1_PR
      Partial area ratio:    0.07
      Required ratio:    3.00 (Gate area) 
      Cumulative area ratio:    0.07
      Required ratio:    0.00 (Cumulative area) 

  Pin: _29436_/A0 (sky130_fd_sc_hd__mux2_1)
    Layer: met4
      Partial area ratio:    3.54
      Required ratio:    0.00 (Gate area) 
      Partial area ratio:   19.19
      Required ratio: 4521.32 (Side area) 
      Cumulative area ratio:   95.22
      Required ratio:    0.00 (Cumulative area) 
      Cumulative area ratio:  484.22
      Required ratio:    0.00 (Cumulative side area) 

    Layer: met3
      Partial area ratio:    1.78
      Required ratio:    0.00 (Gate area) 
      Partial area ratio:    9.70
      Required ratio: 3991.04 (Side area) 
      Cumulative area ratio:   91.68
      Required ratio:    0.00 (Cumulative area) 
      Cumulative area ratio:  465.03
      Required ratio:    0.00 (Cumulative side area) 

    Layer: met2
      Partial area ratio:    2.47
      Required ratio:    0.00 (Gate area) 
      Partial area ratio:   12.68
      Required ratio: 3817.16 (Side area) 
      Cumulative area ratio:    3.19
      Required ratio:    0.00 (Cumulative area) 
      Cumulative area ratio:   16.47
      Required ratio:    0.00 (Cumulative side area) 

    Layer: met1
      Partial area ratio:    0.72
      Required ratio:    0.00 (Gate area) 
      Partial area ratio:    3.80
      Required ratio: 2773.88 (Side area) 
      Cumulative area ratio:    0.72
      Required ratio:    0.00 (Cumulative area) 
      Cumulative area ratio:    3.80
      Required ratio:    0.00 (Cumulative side area) 

    Layer: li1
      Partial area ratio:    0.00
      Required ratio:    0.00 (Gate area) 
      Partial area ratio:    0.00
      Required ratio:   75.00 (Side area) 
      Cumulative area ratio:    0.00
      Required ratio:    0.00 (Cumulative area) 
      Cumulative area ratio:    0.00
      Required ratio:    0.00 (Cumulative side area) 

    Via: M3M4_PR
      Partial area ratio:    0.01
      Required ratio:    6.00 (Gate area) 
      Cumulative area ratio:    0.76
      Required ratio:    0.00 (Cumulative area) 

    Via: M2M3_PR
      Partial area ratio:    0.02
      Required ratio:    6.00 (Gate area) 
      Cumulative area ratio:    0.29
      Required ratio:    0.00 (Cumulative area) 

    Via: M1M2_PR
      Partial area ratio:    0.04
      Required ratio:    6.00 (Gate area) 
      Cumulative area ratio:    0.27
      Required ratio:    0.00 (Cumulative area) 

    Via: L1M1_PR
      Partial area ratio:    0.23
      Required ratio:    3.00 (Gate area) 
      Cumulative area ratio:    0.23
      Required ratio:    0.00 (Cumulative area) 

  Pin: _29704_/A0 (sky130_fd_sc_hd__mux2_1)
    Layer: met4
      Partial area ratio:    3.54
      Required ratio:    0.00 (Gate area) 
      Partial area ratio:   19.19
      Required ratio: 4521.32 (Side area) 
      Cumulative area ratio:   99.76
      Required ratio:    0.00 (Cumulative area) 
      Cumulative area ratio:  507.54
      Required ratio:    0.00 (Cumulative side area) 

    Layer: met3
      Partial area ratio:    1.78
      Required ratio:    0.00 (Gate area) 
      Partial area ratio:    9.70
      Required ratio: 3991.04 (Side area) 
      Cumulative area ratio:   96.22
      Required ratio:    0.00 (Cumulative area) 
      Cumulative area ratio:  488.35
      Required ratio:    0.00 (Cumulative side area) 

    Layer: met2
      Partial area ratio:    2.47
      Required ratio:    0.00 (Gate area) 
      Partial area ratio:   12.68
      Required ratio: 3817.16 (Side area) 
      Cumulative area ratio:    7.74
      Required ratio:    0.00 (Cumulative area) 
      Cumulative area ratio:   39.79
      Required ratio:    0.00 (Cumulative side area) 

    Layer: met1
      Partial area ratio:    5.27
      Required ratio:    0.00 (Gate area) 
      Partial area ratio:   27.11
      Required ratio:  400.00 (Side area) 
      Cumulative area ratio:    5.27
      Required ratio:    0.00 (Cumulative area) 
      Cumulative area ratio:   27.11
      Required ratio:    0.00 (Cumulative side area) 

    Layer: li1
      Partial area ratio:    0.00
      Required ratio:    0.00 (Gate area) 
      Partial area ratio:    0.00
      Required ratio:   75.00 (Side area) 
      Cumulative area ratio:    0.00
      Required ratio:    0.00 (Cumulative area) 
      Cumulative area ratio:    0.00
      Required ratio:    0.00 (Cumulative side area) 

    Via: M3M4_PR
      Partial area ratio:    0.01
      Required ratio:    6.00 (Gate area) 
      Cumulative area ratio:    0.90
      Required ratio:    0.00 (Cumulative area) 

    Via: M2M3_PR
      Partial area ratio:    0.02
      Required ratio:    6.00 (Gate area) 
      Cumulative area ratio:    0.43
      Required ratio:    0.00 (Cumulative area) 

    Via: M1M2_PR
      Partial area ratio:    0.18
      Required ratio:    6.00 (Gate area) 
      Cumulative area ratio:    0.41
      Required ratio:    0.00 (Cumulative area) 

    Via: L1M1_PR
      Partial area ratio:    0.23
      Required ratio:    3.00 (Gate area) 
      Cumulative area ratio:    0.23
      Required ratio:    0.00 (Cumulative area) 

  Pin: ANTENNA__29704__A0/DIODE (sky130_fd_sc_hd__diode_2)
    Layer: met4
      Partial area ratio:    3.54
      Required ratio:    0.00 (Gate area) 
      Partial area ratio:   19.19
      Required ratio: 4521.32 (Side area) 
      Cumulative area ratio:   94.84
      Required ratio:    0.00 (Cumulative area) 
      Cumulative area ratio:  482.36
      Required ratio:    0.00 (Cumulative side area) 

    Layer: met3
      Partial area ratio:    1.78
      Required ratio:    0.00 (Gate area) 
      Partial area ratio:    9.70
      Required ratio: 3991.04 (Side area) 
      Cumulative area ratio:   91.29
      Required ratio:    0.00 (Cumulative area) 
      Cumulative area ratio:  463.17
      Required ratio:    0.00 (Cumulative side area) 

    Layer: met2
      Partial area ratio:    2.47
      Required ratio:    0.00 (Gate area) 
      Partial area ratio:   12.68
      Required ratio: 3817.16 (Side area) 
      Cumulative area ratio:    2.81
      Required ratio:    0.00 (Cumulative area) 
      Cumulative area ratio:   14.61
      Required ratio:    0.00 (Cumulative side area) 

    Layer: met1
      Partial area ratio:    0.34
      Required ratio:    0.00 (Gate area) 
      Partial area ratio:    1.93
      Required ratio: 2773.88 (Side area) 
      Cumulative area ratio:    0.34
      Required ratio:    0.00 (Cumulative area) 
      Cumulative area ratio:    1.93
      Required ratio:    0.00 (Cumulative side area) 

    Layer: li1
      Partial area ratio:    0.00
      Required ratio:    0.00 (Gate area) 
      Partial area ratio:    0.00
      Required ratio:  270.61 (Side area) 
      Cumulative area ratio:    0.00
      Required ratio:    0.00 (Cumulative area) 
      Cumulative area ratio:    0.00
      Required ratio:    0.00 (Cumulative side area) 

    Via: M3M4_PR
      Partial area ratio:    0.01
      Required ratio:    6.00 (Gate area) 
      Cumulative area ratio:    0.61
      Required ratio:    0.00 (Cumulative area) 

    Via: M2M3_PR
      Partial area ratio:    0.02
      Required ratio:    6.00 (Gate area) 
      Cumulative area ratio:    0.14
      Required ratio:    0.00 (Cumulative area) 

    Via: M1M2_PR
      Partial area ratio:    0.05
      Required ratio:    6.00 (Gate area) 
      Cumulative area ratio:    0.12
      Required ratio:    0.00 (Cumulative area) 

    Via: L1M1_PR
      Partial area ratio:    0.07
      Required ratio:    3.00 (Gate area) 
      Cumulative area ratio:    0.07
      Required ratio:    0.00 (Cumulative area) 

  Pin: _28364_/A1 (sky130_fd_sc_hd__mux2_1)
    Layer: met4
      Partial area ratio:    3.54
      Required ratio:    0.00 (Gate area) 
      Partial area ratio:   19.19
      Required ratio: 4521.32 (Side area) 
      Cumulative area ratio:   94.50
      Required ratio:    0.00 (Cumulative area) 
      Cumulative area ratio:  480.43
      Required ratio:    0.00 (Cumulative side area) 

    Layer: met3
      Partial area ratio:    1.78
      Required ratio:    0.00 (Gate area) 
      Partial area ratio:    9.70
      Required ratio: 3991.04 (Side area) 
      Cumulative area ratio:   90.95
      Required ratio:    0.00 (Cumulative area) 
      Cumulative area ratio:  461.24
      Required ratio:    0.00 (Cumulative side area) 

    Layer: met2
      Partial area ratio:    2.47
      Required ratio:    0.00 (Gate area) 
      Partial area ratio:   12.68
      Required ratio: 3817.16 (Side area) 
      Cumulative area ratio:   89.17
      Required ratio:    0.00 (Cumulative area) 
      Cumulative area ratio:  451.54
      Required ratio:    0.00 (Cumulative side area) 

    Layer: met1
      Partial area ratio:   82.31
      Required ratio:    0.00 (Gate area) 
      Partial area ratio:  416.22
      Required ratio:  400.00 (Side area) (VIOLATED)
      Cumulative area ratio:   82.31
      Required ratio:    0.00 (Cumulative area) 
      Cumulative area ratio:  416.22
      Required ratio:    0.00 (Cumulative side area) 

    Layer: li1
      Partial area ratio:    0.00
      Required ratio:    0.00 (Gate area) 
      Partial area ratio:    0.00
      Required ratio:   75.00 (Side area) 
      Cumulative area ratio:    0.00
      Required ratio:    0.00 (Cumulative area) 
      Cumulative area ratio:    0.00
      Required ratio:    0.00 (Cumulative side area) 

    Via: M3M4_PR
      Partial area ratio:    0.01
      Required ratio:    6.00 (Gate area) 
      Cumulative area ratio:    0.72
      Required ratio:    0.00 (Cumulative area) 

    Via: M2M3_PR
      Partial area ratio:    0.02
      Required ratio:    6.00 (Gate area) 
      Cumulative area ratio:    0.71
      Required ratio:    0.00 (Cumulative area) 

    Via: M1M2_PR
      Partial area ratio:    0.36
      Required ratio:    6.00 (Gate area) 
      Cumulative area ratio:    0.59
      Required ratio:    0.00 (Cumulative area) 

    Via: L1M1_PR
      Partial area ratio:    0.23
      Required ratio:    3.00 (Gate area) 
      Cumulative area ratio:    0.23
      Required ratio:    0.00 (Cumulative area) 

  Pin: ANTENNA__28096__A1/DIODE (sky130_fd_sc_hd__diode_2)
    Layer: met4
      Partial area ratio:    3.54
      Required ratio:    0.00 (Gate area) 
      Partial area ratio:   19.19
      Required ratio: 4521.32 (Side area) 
      Cumulative area ratio:  103.02
      Required ratio:    0.00 (Cumulative area) 
      Cumulative area ratio:  523.41
      Required ratio:    0.00 (Cumulative side area) 

    Layer: met3
      Partial area ratio:    1.78
      Required ratio:    0.00 (Gate area) 
      Partial area ratio:    9.70
      Required ratio: 3991.04 (Side area) 
      Cumulative area ratio:   99.48
      Required ratio:    0.00 (Cumulative area) 
      Cumulative area ratio:  504.22
      Required ratio:    0.00 (Cumulative side area) 

    Layer: met2
      Partial area ratio:    7.80
      Required ratio:    0.00 (Gate area) 
      Partial area ratio:   39.19
      Required ratio: 2773.88 (Side area) 
      Cumulative area ratio:    8.53
      Required ratio:    0.00 (Cumulative area) 
      Cumulative area ratio:   42.98
      Required ratio:    0.00 (Cumulative side area) 

    Layer: met1
      Partial area ratio:    0.72
      Required ratio:    0.00 (Gate area) 
      Partial area ratio:    3.80
      Required ratio: 2773.88 (Side area) 
      Cumulative area ratio:    0.72
      Required ratio:    0.00 (Cumulative area) 
      Cumulative area ratio:    3.80
      Required ratio:    0.00 (Cumulative side area) 

    Layer: li1
      Partial area ratio:    0.00
      Required ratio:    0.00 (Gate area) 
      Partial area ratio:    0.00
      Required ratio:  270.61 (Side area) 
      Cumulative area ratio:    0.00
      Required ratio:    0.00 (Cumulative area) 
      Cumulative area ratio:    0.00
      Required ratio:    0.00 (Cumulative side area) 

    Via: M3M4_PR
      Partial area ratio:    0.01
      Required ratio:    6.00 (Gate area) 
      Cumulative area ratio:    0.67
      Required ratio:    0.00 (Cumulative area) 

    Via: M2M3_PR
      Partial area ratio:    0.07
      Required ratio:    6.00 (Gate area) 
      Cumulative area ratio:    0.18
      Required ratio:    0.00 (Cumulative area) 

    Via: M1M2_PR
      Partial area ratio:    0.04
      Required ratio:    6.00 (Gate area) 
      Cumulative area ratio:    0.11
      Required ratio:    0.00 (Cumulative area) 

    Via: L1M1_PR
      Partial area ratio:    0.07
      Required ratio:    3.00 (Gate area) 
      Cumulative area ratio:    0.07
      Required ratio:    0.00 (Cumulative area) 

  Pin: _28096_/A1 (sky130_fd_sc_hd__mux2_1)
    Layer: met4
      Partial area ratio:    3.54
      Required ratio:    0.00 (Gate area) 
      Partial area ratio:   19.19
      Required ratio: 4521.32 (Side area) 
      Cumulative area ratio:  103.02
      Required ratio:    0.00 (Cumulative area) 
      Cumulative area ratio:  523.41
      Required ratio:    0.00 (Cumulative side area) 

    Layer: met3
      Partial area ratio:    1.78
      Required ratio:    0.00 (Gate area) 
      Partial area ratio:    9.70
      Required ratio: 3991.04 (Side area) 
      Cumulative area ratio:   99.48
      Required ratio:    0.00 (Cumulative area) 
      Cumulative area ratio:  504.22
      Required ratio:    0.00 (Cumulative side area) 

    Layer: met2
      Partial area ratio:    7.80
      Required ratio:    0.00 (Gate area) 
      Partial area ratio:   39.19
      Required ratio: 2773.88 (Side area) 
      Cumulative area ratio:    8.53
      Required ratio:    0.00 (Cumulative area) 
      Cumulative area ratio:   42.98
      Required ratio:    0.00 (Cumulative side area) 

    Layer: met1
      Partial area ratio:    0.72
      Required ratio:    0.00 (Gate area) 
      Partial area ratio:    3.80
      Required ratio: 2773.88 (Side area) 
      Cumulative area ratio:    0.72
      Required ratio:    0.00 (Cumulative area) 
      Cumulative area ratio:    3.80
      Required ratio:    0.00 (Cumulative side area) 

    Layer: li1
      Partial area ratio:    0.00
      Required ratio:    0.00 (Gate area) 
      Partial area ratio:    0.00
      Required ratio:   75.00 (Side area) 
      Cumulative area ratio:    0.00
      Required ratio:    0.00 (Cumulative area) 
      Cumulative area ratio:    0.00
      Required ratio:    0.00 (Cumulative side area) 

    Via: M3M4_PR
      Partial area ratio:    0.01
      Required ratio:    6.00 (Gate area) 
      Cumulative area ratio:    0.83
      Required ratio:    0.00 (Cumulative area) 

    Via: M2M3_PR
      Partial area ratio:    0.07
      Required ratio:    6.00 (Gate area) 
      Cumulative area ratio:    0.34
      Required ratio:    0.00 (Cumulative area) 

    Via: M1M2_PR
      Partial area ratio:    0.04
      Required ratio:    6.00 (Gate area) 
      Cumulative area ratio:    0.27
      Required ratio:    0.00 (Cumulative area) 

    Via: L1M1_PR
      Partial area ratio:    0.23
      Required ratio:    3.00 (Gate area) 
      Cumulative area ratio:    0.23
      Required ratio:    0.00 (Cumulative area) 

  Pin: ANTENNA__28364__A1/DIODE (sky130_fd_sc_hd__diode_2)
    Layer: met4
      Partial area ratio:    3.54
      Required ratio:    0.00 (Gate area) 
      Partial area ratio:   19.19
      Required ratio: 4521.32 (Side area) 
      Cumulative area ratio:   94.50
      Required ratio:    0.00 (Cumulative area) 
      Cumulative area ratio:  480.43
      Required ratio:    0.00 (Cumulative side area) 

    Layer: met3
      Partial area ratio:    1.78
      Required ratio:    0.00 (Gate area) 
      Partial area ratio:    9.70
      Required ratio: 3991.04 (Side area) 
      Cumulative area ratio:   90.95
      Required ratio:    0.00 (Cumulative area) 
      Cumulative area ratio:  461.24
      Required ratio:    0.00 (Cumulative side area) 

    Layer: met2
      Partial area ratio:    2.47
      Required ratio:    0.00 (Gate area) 
      Partial area ratio:   12.68
      Required ratio: 3817.16 (Side area) 
      Cumulative area ratio:    6.86
      Required ratio:    0.00 (Cumulative area) 
      Cumulative area ratio:   35.32
      Required ratio:    0.00 (Cumulative side area) 

    Layer: met1
      Partial area ratio:    4.39
      Required ratio:    0.00 (Gate area) 
      Partial area ratio:   22.64
      Required ratio: 2773.88 (Side area) 
      Cumulative area ratio:    4.39
      Required ratio:    0.00 (Cumulative area) 
      Cumulative area ratio:   22.64
      Required ratio:    0.00 (Cumulative side area) 

    Layer: li1
      Partial area ratio:    0.00
      Required ratio:    0.00 (Gate area) 
      Partial area ratio:    0.00
      Required ratio:  270.61 (Side area) 
      Cumulative area ratio:    0.00
      Required ratio:    0.00 (Cumulative area) 
      Cumulative area ratio:    0.00
      Required ratio:    0.00 (Cumulative side area) 

    Via: M3M4_PR
      Partial area ratio:    0.01
      Required ratio:    6.00 (Gate area) 
      Cumulative area ratio:    0.56
      Required ratio:    0.00 (Cumulative area) 

    Via: M2M3_PR
      Partial area ratio:    0.02
      Required ratio:    6.00 (Gate area) 
      Cumulative area ratio:    0.19
      Required ratio:    0.00 (Cumulative area) 

    Via: M1M2_PR
      Partial area ratio:    0.10
      Required ratio:    6.00 (Gate area) 
      Cumulative area ratio:    0.17
      Required ratio:    0.00 (Cumulative area) 

    Via: L1M1_PR
      Partial area ratio:    0.07
      Required ratio:    3.00 (Gate area) 
      Cumulative area ratio:    0.07
      Required ratio:    0.00 (Cumulative area) 

  Pin: _29168_/A0 (sky130_fd_sc_hd__mux2_1)
    Layer: met4
      Partial area ratio:    3.54
      Required ratio:    0.00 (Gate area) 
      Partial area ratio:   19.19
      Required ratio: 4521.32 (Side area) 
      Cumulative area ratio:   96.19
      Required ratio:    0.00 (Cumulative area) 
      Cumulative area ratio:  489.65
      Required ratio:    0.00 (Cumulative side area) 

    Layer: met3
      Partial area ratio:    1.78
      Required ratio:    0.00 (Gate area) 
      Partial area ratio:    9.70
      Required ratio: 3991.04 (Side area) 
      Cumulative area ratio:   92.64
      Required ratio:    0.00 (Cumulative area) 
      Cumulative area ratio:  470.46
      Required ratio:    0.00 (Cumulative side area) 

    Layer: met2
      Partial area ratio:    2.47
      Required ratio:    0.00 (Gate area) 
      Partial area ratio:   12.68
      Required ratio: 3817.16 (Side area) 
      Cumulative area ratio:    4.16
      Required ratio:    0.00 (Cumulative area) 
      Cumulative area ratio:   21.90
      Required ratio:    0.00 (Cumulative side area) 

    Layer: met1
      Partial area ratio:    1.69
      Required ratio:    0.00 (Gate area) 
      Partial area ratio:    9.22
      Required ratio:  400.00 (Side area) 
      Cumulative area ratio:    1.69
      Required ratio:    0.00 (Cumulative area) 
      Cumulative area ratio:    9.22
      Required ratio:    0.00 (Cumulative side area) 

    Layer: li1
      Partial area ratio:    0.00
      Required ratio:    0.00 (Gate area) 
      Partial area ratio:    0.00
      Required ratio:   75.00 (Side area) 
      Cumulative area ratio:    0.00
      Required ratio:    0.00 (Cumulative area) 
      Cumulative area ratio:    0.00
      Required ratio:    0.00 (Cumulative side area) 

    Via: M3M4_PR
      Partial area ratio:    0.01
      Required ratio:    6.00 (Gate area) 
      Cumulative area ratio:    0.90
      Required ratio:    0.00 (Cumulative area) 

    Via: M2M3_PR
      Partial area ratio:    0.02
      Required ratio:    6.00 (Gate area) 
      Cumulative area ratio:    0.43
      Required ratio:    0.00 (Cumulative area) 

    Via: M1M2_PR
      Partial area ratio:    0.18
      Required ratio:    6.00 (Gate area) 
      Cumulative area ratio:    0.41
      Required ratio:    0.00 (Cumulative area) 

    Via: L1M1_PR
      Partial area ratio:    0.23
      Required ratio:    3.00 (Gate area) 
      Cumulative area ratio:    0.23
      Required ratio:    0.00 (Cumulative area) 

  Pin: ANTENNA__29168__A0/DIODE (sky130_fd_sc_hd__diode_2)
    Layer: met4
      Partial area ratio:    3.54
      Required ratio:    0.00 (Gate area) 
      Partial area ratio:   19.19
      Required ratio: 4521.32 (Side area) 
      Cumulative area ratio:   94.84
      Required ratio:    0.00 (Cumulative area) 
      Cumulative area ratio:  482.36
      Required ratio:    0.00 (Cumulative side area) 

    Layer: met3
      Partial area ratio:    1.78
      Required ratio:    0.00 (Gate area) 
      Partial area ratio:    9.70
      Required ratio: 3991.04 (Side area) 
      Cumulative area ratio:   91.29
      Required ratio:    0.00 (Cumulative area) 
      Cumulative area ratio:  463.17
      Required ratio:    0.00 (Cumulative side area) 

    Layer: met2
      Partial area ratio:    2.47
      Required ratio:    0.00 (Gate area) 
      Partial area ratio:   12.68
      Required ratio: 3817.16 (Side area) 
      Cumulative area ratio:    2.81
      Required ratio:    0.00 (Cumulative area) 
      Cumulative area ratio:   14.61
      Required ratio:    0.00 (Cumulative side area) 

    Layer: met1
      Partial area ratio:    0.34
      Required ratio:    0.00 (Gate area) 
      Partial area ratio:    1.93
      Required ratio: 2773.88 (Side area) 
      Cumulative area ratio:    0.34
      Required ratio:    0.00 (Cumulative area) 
      Cumulative area ratio:    1.93
      Required ratio:    0.00 (Cumulative side area) 

    Layer: li1
      Partial area ratio:    0.00
      Required ratio:    0.00 (Gate area) 
      Partial area ratio:    0.00
      Required ratio:  270.61 (Side area) 
      Cumulative area ratio:    0.00
      Required ratio:    0.00 (Cumulative area) 
      Cumulative area ratio:    0.00
      Required ratio:    0.00 (Cumulative side area) 

    Via: M3M4_PR
      Partial area ratio:    0.01
      Required ratio:    6.00 (Gate area) 
      Cumulative area ratio:    0.61
      Required ratio:    0.00 (Cumulative area) 

    Via: M2M3_PR
      Partial area ratio:    0.02
      Required ratio:    6.00 (Gate area) 
      Cumulative area ratio:    0.14
      Required ratio:    0.00 (Cumulative area) 

    Via: M1M2_PR
      Partial area ratio:    0.05
      Required ratio:    6.00 (Gate area) 
      Cumulative area ratio:    0.12
      Required ratio:    0.00 (Cumulative area) 

    Via: L1M1_PR
      Partial area ratio:    0.07
      Required ratio:    3.00 (Gate area) 
      Cumulative area ratio:    0.07
      Required ratio:    0.00 (Cumulative area) 

  Pin: _30174_/A1 (sky130_fd_sc_hd__mux2_1)
    Layer: met2
      Partial area ratio:    1.30
      Required ratio:    0.00 (Gate area) 
      Partial area ratio:    6.85
      Required ratio: 3130.28 (Side area) 
      Cumulative area ratio:    3.25
      Required ratio:    0.00 (Cumulative area) 
      Cumulative area ratio:   17.29
      Required ratio:    0.00 (Cumulative side area) 

    Layer: met3
      Partial area ratio:   24.90
      Required ratio:    0.00 (Gate area) 
      Partial area ratio:  133.63
      Required ratio: 3130.28 (Side area) 
      Cumulative area ratio:   28.14
      Required ratio:    0.00 (Cumulative area) 
      Cumulative area ratio:  150.92
      Required ratio:    0.00 (Cumulative side area) 

    Layer: met4
      Partial area ratio:    3.54
      Required ratio:    0.00 (Gate area) 
      Partial area ratio:   19.19
      Required ratio: 4521.32 (Side area) 
      Cumulative area ratio:   31.69
      Required ratio:    0.00 (Cumulative area) 
      Cumulative area ratio:  170.11
      Required ratio:    0.00 (Cumulative side area) 

    Layer: met1
      Partial area ratio:    1.95
      Required ratio:    0.00 (Gate area) 
      Partial area ratio:   10.44
      Required ratio: 2773.88 (Side area) 
      Cumulative area ratio:    1.95
      Required ratio:    0.00 (Cumulative area) 
      Cumulative area ratio:   10.44
      Required ratio:    0.00 (Cumulative side area) 

    Layer: li1
      Partial area ratio:    0.00
      Required ratio:    0.00 (Gate area) 
      Partial area ratio:    0.00
      Required ratio:   75.00 (Side area) 
      Cumulative area ratio:    0.00
      Required ratio:    0.00 (Cumulative area) 
      Cumulative area ratio:    0.00
      Required ratio:    0.00 (Cumulative side area) 

    Via: M2M3_PR
      Partial area ratio:    0.07
      Required ratio:    6.00 (Gate area) 
      Cumulative area ratio:    0.34
      Required ratio:    0.00 (Cumulative area) 

    Via: M3M4_PR
      Partial area ratio:    0.07
      Required ratio:    6.00 (Gate area) 
      Cumulative area ratio:    0.41
      Required ratio:    0.00 (Cumulative area) 

    Via: M1M2_PR
      Partial area ratio:    0.04
      Required ratio:    6.00 (Gate area) 
      Cumulative area ratio:    0.27
      Required ratio:    0.00 (Cumulative area) 

    Via: L1M1_PR
      Partial area ratio:    0.23
      Required ratio:    3.00 (Gate area) 
      Cumulative area ratio:    0.23
      Required ratio:    0.00 (Cumulative area) 

  Pin: ANTENNA__30174__A1/DIODE (sky130_fd_sc_hd__diode_2)
    Layer: met2
      Partial area ratio:    1.30
      Required ratio:    0.00 (Gate area) 
      Partial area ratio:    6.85
      Required ratio: 3130.28 (Side area) 
      Cumulative area ratio:    3.25
      Required ratio:    0.00 (Cumulative area) 
      Cumulative area ratio:   17.29
      Required ratio:    0.00 (Cumulative side area) 

    Layer: met3
      Partial area ratio:   24.90
      Required ratio:    0.00 (Gate area) 
      Partial area ratio:  133.63
      Required ratio: 3130.28 (Side area) 
      Cumulative area ratio:   28.14
      Required ratio:    0.00 (Cumulative area) 
      Cumulative area ratio:  150.92
      Required ratio:    0.00 (Cumulative side area) 

    Layer: met4
      Partial area ratio:    3.54
      Required ratio:    0.00 (Gate area) 
      Partial area ratio:   19.19
      Required ratio: 4521.32 (Side area) 
      Cumulative area ratio:   31.69
      Required ratio:    0.00 (Cumulative area) 
      Cumulative area ratio:  170.11
      Required ratio:    0.00 (Cumulative side area) 

    Layer: met1
      Partial area ratio:    1.95
      Required ratio:    0.00 (Gate area) 
      Partial area ratio:   10.44
      Required ratio: 2773.88 (Side area) 
      Cumulative area ratio:    1.95
      Required ratio:    0.00 (Cumulative area) 
      Cumulative area ratio:   10.44
      Required ratio:    0.00 (Cumulative side area) 

    Layer: li1
      Partial area ratio:    0.00
      Required ratio:    0.00 (Gate area) 
      Partial area ratio:    0.00
      Required ratio:  270.61 (Side area) 
      Cumulative area ratio:    0.00
      Required ratio:    0.00 (Cumulative area) 
      Cumulative area ratio:    0.00
      Required ratio:    0.00 (Cumulative side area) 

    Via: M2M3_PR
      Partial area ratio:    0.07
      Required ratio:    6.00 (Gate area) 
      Cumulative area ratio:    0.18
      Required ratio:    0.00 (Cumulative area) 

    Via: M3M4_PR
      Partial area ratio:    0.07
      Required ratio:    6.00 (Gate area) 
      Cumulative area ratio:    0.25
      Required ratio:    0.00 (Cumulative area) 

    Via: M1M2_PR
      Partial area ratio:    0.04
      Required ratio:    6.00 (Gate area) 
      Cumulative area ratio:    0.11
      Required ratio:    0.00 (Cumulative area) 

    Via: L1M1_PR
      Partial area ratio:    0.07
      Required ratio:    3.00 (Gate area) 
      Cumulative area ratio:    0.07
      Required ratio:    0.00 (Cumulative area) 


Net: u_cmd_parser.challenge_nonce\[51\]
  Pin: ANTENNA__29170__A0/DIODE (sky130_fd_sc_hd__diode_2)
    Layer: met2
      Partial area ratio:    3.37
      Required ratio:    0.00 (Gate area) 
      Partial area ratio:   17.23
      Required ratio: 4347.44 (Side area) 
      Cumulative area ratio:   12.40
      Required ratio:    0.00 (Cumulative area) 
      Cumulative area ratio:   63.28
      Required ratio:    0.00 (Cumulative side area) 

    Layer: met1
      Partial area ratio:    9.03
      Required ratio:    0.00 (Gate area) 
      Partial area ratio:   46.05
      Required ratio: 2773.88 (Side area) 
      Cumulative area ratio:    9.03
      Required ratio:    0.00 (Cumulative area) 
      Cumulative area ratio:   46.05
      Required ratio:    0.00 (Cumulative side area) 

    Layer: li1
      Partial area ratio:    0.00
      Required ratio:    0.00 (Gate area) 
      Partial area ratio:    0.00
      Required ratio:  270.61 (Side area) 
      Cumulative area ratio:    0.00
      Required ratio:    0.00 (Cumulative area) 
      Cumulative area ratio:    0.00
      Required ratio:    0.00 (Cumulative side area) 

    Layer: met3
      Partial area ratio:    1.19
      Required ratio:    0.00 (Gate area) 
      Partial area ratio:    6.46
      Required ratio: 4521.32 (Side area) 
      Cumulative area ratio:   13.60
      Required ratio:    0.00 (Cumulative area) 
      Cumulative area ratio:   69.74
      Required ratio:    0.00 (Cumulative side area) 

    Via: M2M3_PR
      Partial area ratio:    0.01
      Required ratio:    6.00 (Gate area) 
      Cumulative area ratio:    0.18
      Required ratio:    0.00 (Cumulative area) 

    Via: M1M2_PR
      Partial area ratio:    0.10
      Required ratio:    6.00 (Gate area) 
      Cumulative area ratio:    0.17
      Required ratio:    0.00 (Cumulative area) 

    Via: L1M1_PR
      Partial area ratio:    0.07
      Required ratio:    3.00 (Gate area) 
      Cumulative area ratio:    0.07
      Required ratio:    0.00 (Cumulative area) 

  Pin: ANTENNA__29706__A0/DIODE (sky130_fd_sc_hd__diode_2)
    Layer: met2
      Partial area ratio:    3.37
      Required ratio:    0.00 (Gate area) 
      Partial area ratio:   17.23
      Required ratio: 4347.44 (Side area) 
      Cumulative area ratio:   14.46
      Required ratio:    0.00 (Cumulative area) 
      Cumulative area ratio:   74.09
      Required ratio:    0.00 (Cumulative side area) 

    Layer: met1
      Partial area ratio:    2.06
      Required ratio:    0.00 (Gate area) 
      Partial area ratio:   10.81
      Required ratio: 2773.88 (Side area) 
      Cumulative area ratio:    2.06
      Required ratio:    0.00 (Cumulative area) 
      Cumulative area ratio:   10.81
      Required ratio:    0.00 (Cumulative side area) 

    Layer: li1
      Partial area ratio:    0.00
      Required ratio:    0.00 (Gate area) 
      Partial area ratio:    0.00
      Required ratio:  270.61 (Side area) 
      Cumulative area ratio:    0.00
      Required ratio:    0.00 (Cumulative area) 
      Cumulative area ratio:    0.00
      Required ratio:    0.00 (Cumulative side area) 

    Layer: met3
      Partial area ratio:    1.19
      Required ratio:    0.00 (Gate area) 
      Partial area ratio:    6.46
      Required ratio: 4521.32 (Side area) 
      Cumulative area ratio:   15.65
      Required ratio:    0.00 (Cumulative area) 
      Cumulative area ratio:   80.56
      Required ratio:    0.00 (Cumulative side area) 

    Via: M2M3_PR
      Partial area ratio:    0.01
      Required ratio:    6.00 (Gate area) 
      Cumulative area ratio:    0.26
      Required ratio:    0.00 (Cumulative area) 

    Via: M1M2_PR
      Partial area ratio:    0.08
      Required ratio:    6.00 (Gate area) 
      Cumulative area ratio:    0.15
      Required ratio:    0.00 (Cumulative area) 

    Via: L1M1_PR
      Partial area ratio:    0.07
      Required ratio:    3.00 (Gate area) 
      Cumulative area ratio:    0.07
      Required ratio:    0.00 (Cumulative area) 

  Pin: ANTENNA__30688__A0/DIODE (sky130_fd_sc_hd__diode_2)
    Layer: met2
      Partial area ratio:    3.37
      Required ratio:    0.00 (Gate area) 
      Partial area ratio:   17.23
      Required ratio: 4347.44 (Side area) 
      Cumulative area ratio:   15.45
      Required ratio:    0.00 (Cumulative area) 
      Cumulative area ratio:   79.59
      Required ratio:    0.00 (Cumulative side area) 

    Layer: met1
      Partial area ratio:    0.99
      Required ratio:    0.00 (Gate area) 
      Partial area ratio:    5.49
      Required ratio: 2773.88 (Side area) 
      Cumulative area ratio:    0.99
      Required ratio:    0.00 (Cumulative area) 
      Cumulative area ratio:    5.49
      Required ratio:    0.00 (Cumulative side area) 

    Layer: li1
      Partial area ratio:    0.00
      Required ratio:    0.00 (Gate area) 
      Partial area ratio:    0.00
      Required ratio:  270.61 (Side area) 
      Cumulative area ratio:    0.00
      Required ratio:    0.00 (Cumulative area) 
      Cumulative area ratio:    0.00
      Required ratio:    0.00 (Cumulative side area) 

    Layer: met3
      Partial area ratio:    1.19
      Required ratio:    0.00 (Gate area) 
      Partial area ratio:    6.46
      Required ratio: 4521.32 (Side area) 
      Cumulative area ratio:   16.65
      Required ratio:    0.00 (Cumulative area) 
      Cumulative area ratio:   86.05
      Required ratio:    0.00 (Cumulative side area) 

    Via: M2M3_PR
      Partial area ratio:    0.01
      Required ratio:    6.00 (Gate area) 
      Cumulative area ratio:    0.30
      Required ratio:    0.00 (Cumulative area) 

    Via: M1M2_PR
      Partial area ratio:    0.04
      Required ratio:    6.00 (Gate area) 
      Cumulative area ratio:    0.11
      Required ratio:    0.00 (Cumulative area) 

    Via: L1M1_PR
      Partial area ratio:    0.07
      Required ratio:    3.00 (Gate area) 
      Cumulative area ratio:    0.07
      Required ratio:    0.00 (Cumulative area) 

  Pin: _30688_/A0 (sky130_fd_sc_hd__mux2_1)
    Layer: met2
      Partial area ratio:    3.37
      Required ratio:    0.00 (Gate area) 
      Partial area ratio:   17.23
      Required ratio: 4347.44 (Side area) 
      Cumulative area ratio:   15.45
      Required ratio:    0.00 (Cumulative area) 
      Cumulative area ratio:   79.59
      Required ratio:    0.00 (Cumulative side area) 

    Layer: met1
      Partial area ratio:    0.99
      Required ratio:    0.00 (Gate area) 
      Partial area ratio:    5.49
      Required ratio: 2773.88 (Side area) 
      Cumulative area ratio:    0.99
      Required ratio:    0.00 (Cumulative area) 
      Cumulative area ratio:    5.49
      Required ratio:    0.00 (Cumulative side area) 

    Layer: li1
      Partial area ratio:    0.00
      Required ratio:    0.00 (Gate area) 
      Partial area ratio:    0.00
      Required ratio:   75.00 (Side area) 
      Cumulative area ratio:    0.00
      Required ratio:    0.00 (Cumulative area) 
      Cumulative area ratio:    0.00
      Required ratio:    0.00 (Cumulative side area) 

    Layer: met3
      Partial area ratio:    1.19
      Required ratio:    0.00 (Gate area) 
      Partial area ratio:    6.46
      Required ratio: 4521.32 (Side area) 
      Cumulative area ratio:   16.65
      Required ratio:    0.00 (Cumulative area) 
      Cumulative area ratio:   86.05
      Required ratio:    0.00 (Cumulative side area) 

    Via: M2M3_PR
      Partial area ratio:    0.01
      Required ratio:    6.00 (Gate area) 
      Cumulative area ratio:    0.46
      Required ratio:    0.00 (Cumulative area) 

    Via: M1M2_PR
      Partial area ratio:    0.04
      Required ratio:    6.00 (Gate area) 
      Cumulative area ratio:    0.27
      Required ratio:    0.00 (Cumulative area) 

    Via: L1M1_PR
      Partial area ratio:    0.23
      Required ratio:    3.00 (Gate area) 
      Cumulative area ratio:    0.23
      Required ratio:    0.00 (Cumulative area) 

  Pin: _28902_/A1 (sky130_fd_sc_hd__mux2_1)
    Layer: met2
      Partial area ratio:    3.37
      Required ratio:    0.00 (Gate area) 
      Partial area ratio:   17.23
      Required ratio: 4347.44 (Side area) 
      Cumulative area ratio:   15.53
      Required ratio:    0.00 (Cumulative area) 
      Cumulative area ratio:   79.81
      Required ratio:    0.00 (Cumulative side area) 

    Layer: met1
      Partial area ratio:    1.07
      Required ratio:    0.00 (Gate area) 
      Partial area ratio:    5.72
      Required ratio: 2773.88 (Side area) 
      Cumulative area ratio:    1.07
      Required ratio:    0.00 (Cumulative area) 
      Cumulative area ratio:    5.72
      Required ratio:    0.00 (Cumulative side area) 

    Layer: li1
      Partial area ratio:    0.00
      Required ratio:    0.00 (Gate area) 
      Partial area ratio:    0.00
      Required ratio:   75.00 (Side area) 
      Cumulative area ratio:    0.00
      Required ratio:    0.00 (Cumulative area) 
      Cumulative area ratio:    0.00
      Required ratio:    0.00 (Cumulative side area) 

    Layer: met3
      Partial area ratio:    1.19
      Required ratio:    0.00 (Gate area) 
      Partial area ratio:    6.46
      Required ratio: 4521.32 (Side area) 
      Cumulative area ratio:   16.73
      Required ratio:    0.00 (Cumulative area) 
      Cumulative area ratio:   86.27
      Required ratio:    0.00 (Cumulative side area) 

    Via: M2M3_PR
      Partial area ratio:    0.01
      Required ratio:    6.00 (Gate area) 
      Cumulative area ratio:    0.46
      Required ratio:    0.00 (Cumulative area) 

    Via: M1M2_PR
      Partial area ratio:    0.04
      Required ratio:    6.00 (Gate area) 
      Cumulative area ratio:    0.27
      Required ratio:    0.00 (Cumulative area) 

    Via: L1M1_PR
      Partial area ratio:    0.23
      Required ratio:    3.00 (Gate area) 
      Cumulative area ratio:    0.23
      Required ratio:    0.00 (Cumulative area) 

  Pin: ANTENNA__28902__A1/DIODE (sky130_fd_sc_hd__diode_2)
    Layer: met2
      Partial area ratio:    3.37
      Required ratio:    0.00 (Gate area) 
      Partial area ratio:   17.23
      Required ratio: 4347.44 (Side area) 
      Cumulative area ratio:   15.53
      Required ratio:    0.00 (Cumulative area) 
      Cumulative area ratio:   79.81
      Required ratio:    0.00 (Cumulative side area) 

    Layer: met1
      Partial area ratio:    1.07
      Required ratio:    0.00 (Gate area) 
      Partial area ratio:    5.72
      Required ratio: 2773.88 (Side area) 
      Cumulative area ratio:    1.07
      Required ratio:    0.00 (Cumulative area) 
      Cumulative area ratio:    5.72
      Required ratio:    0.00 (Cumulative side area) 

    Layer: li1
      Partial area ratio:    0.00
      Required ratio:    0.00 (Gate area) 
      Partial area ratio:    0.00
      Required ratio:  270.61 (Side area) 
      Cumulative area ratio:    0.00
      Required ratio:    0.00 (Cumulative area) 
      Cumulative area ratio:    0.00
      Required ratio:    0.00 (Cumulative side area) 

    Layer: met3
      Partial area ratio:    1.19
      Required ratio:    0.00 (Gate area) 
      Partial area ratio:    6.46
      Required ratio: 4521.32 (Side area) 
      Cumulative area ratio:   16.73
      Required ratio:    0.00 (Cumulative area) 
      Cumulative area ratio:   86.27
      Required ratio:    0.00 (Cumulative side area) 

    Via: M2M3_PR
      Partial area ratio:    0.01
      Required ratio:    6.00 (Gate area) 
      Cumulative area ratio:    0.30
      Required ratio:    0.00 (Cumulative area) 

    Via: M1M2_PR
      Partial area ratio:    0.04
      Required ratio:    6.00 (Gate area) 
      Cumulative area ratio:    0.11
      Required ratio:    0.00 (Cumulative area) 

    Via: L1M1_PR
      Partial area ratio:    0.07
      Required ratio:    3.00 (Gate area) 
      Cumulative area ratio:    0.07
      Required ratio:    0.00 (Cumulative area) 

  Pin: _29706_/A0 (sky130_fd_sc_hd__mux2_1)
    Layer: met2
      Partial area ratio:    3.37
      Required ratio:    0.00 (Gate area) 
      Partial area ratio:   17.23
      Required ratio: 4347.44 (Side area) 
      Cumulative area ratio:   14.46
      Required ratio:    0.00 (Cumulative area) 
      Cumulative area ratio:   74.09
      Required ratio:    0.00 (Cumulative side area) 

    Layer: met1
      Partial area ratio:    2.06
      Required ratio:    0.00 (Gate area) 
      Partial area ratio:   10.81
      Required ratio: 2773.88 (Side area) 
      Cumulative area ratio:    2.06
      Required ratio:    0.00 (Cumulative area) 
      Cumulative area ratio:   10.81
      Required ratio:    0.00 (Cumulative side area) 

    Layer: li1
      Partial area ratio:    0.00
      Required ratio:    0.00 (Gate area) 
      Partial area ratio:    0.00
      Required ratio:   75.00 (Side area) 
      Cumulative area ratio:    0.00
      Required ratio:    0.00 (Cumulative area) 
      Cumulative area ratio:    0.00
      Required ratio:    0.00 (Cumulative side area) 

    Layer: met3
      Partial area ratio:    1.19
      Required ratio:    0.00 (Gate area) 
      Partial area ratio:    6.46
      Required ratio: 4521.32 (Side area) 
      Cumulative area ratio:   15.65
      Required ratio:    0.00 (Cumulative area) 
      Cumulative area ratio:   80.56
      Required ratio:    0.00 (Cumulative side area) 

    Via: M2M3_PR
      Partial area ratio:    0.01
      Required ratio:    6.00 (Gate area) 
      Cumulative area ratio:    0.42
      Required ratio:    0.00 (Cumulative area) 

    Via: M1M2_PR
      Partial area ratio:    0.08
      Required ratio:    6.00 (Gate area) 
      Cumulative area ratio:    0.31
      Required ratio:    0.00 (Cumulative area) 

    Via: L1M1_PR
      Partial area ratio:    0.23
      Required ratio:    3.00 (Gate area) 
      Cumulative area ratio:    0.23
      Required ratio:    0.00 (Cumulative area) 

  Pin: ANTENNA__28366__A1/DIODE (sky130_fd_sc_hd__diode_2)
    Layer: met2
      Partial area ratio:    3.37
      Required ratio:    0.00 (Gate area) 
      Partial area ratio:   17.23
      Required ratio: 4347.44 (Side area) 
      Cumulative area ratio:   19.27
      Required ratio:    0.00 (Cumulative area) 
      Cumulative area ratio:   99.45
      Required ratio:    0.00 (Cumulative side area) 

    Layer: met1
      Partial area ratio:    6.87
      Required ratio:    0.00 (Gate area) 
      Partial area ratio:   36.17
      Required ratio: 2773.88 (Side area) 
      Cumulative area ratio:    6.87
      Required ratio:    0.00 (Cumulative area) 
      Cumulative area ratio:   36.17
      Required ratio:    0.00 (Cumulative side area) 

    Layer: li1
      Partial area ratio:    0.00
      Required ratio:    0.00 (Gate area) 
      Partial area ratio:    0.00
      Required ratio:  270.61 (Side area) 
      Cumulative area ratio:    0.00
      Required ratio:    0.00 (Cumulative area) 
      Cumulative area ratio:    0.00
      Required ratio:    0.00 (Cumulative side area) 

    Layer: met3
      Partial area ratio:    1.19
      Required ratio:    0.00 (Gate area) 
      Partial area ratio:    6.46
      Required ratio: 4521.32 (Side area) 
      Cumulative area ratio:   20.47
      Required ratio:    0.00 (Cumulative area) 
      Cumulative area ratio:  105.91
      Required ratio:    0.00 (Cumulative side area) 

    Via: M2M3_PR
      Partial area ratio:    0.01
      Required ratio:    6.00 (Gate area) 
      Cumulative area ratio:    0.28
      Required ratio:    0.00 (Cumulative area) 

    Via: M1M2_PR
      Partial area ratio:    0.10
      Required ratio:    6.00 (Gate area) 
      Cumulative area ratio:    0.17
      Required ratio:    0.00 (Cumulative area) 

    Via: L1M1_PR
      Partial area ratio:    0.07
      Required ratio:    3.00 (Gate area) 
      Cumulative area ratio:    0.07
      Required ratio:    0.00 (Cumulative area) 

  Pin: ANTENNA__28634__A1/DIODE (sky130_fd_sc_hd__diode_2)
    Layer: met2
      Partial area ratio:    3.37
      Required ratio:    0.00 (Gate area) 
      Partial area ratio:   17.23
      Required ratio: 4347.44 (Side area) 
      Cumulative area ratio:   20.25
      Required ratio:    0.00 (Cumulative area) 
      Cumulative area ratio:  104.80
      Required ratio:    0.00 (Cumulative side area) 

    Layer: met1
      Partial area ratio:    0.34
      Required ratio:    0.00 (Gate area) 
      Partial area ratio:    1.93
      Required ratio: 2773.88 (Side area) 
      Cumulative area ratio:    0.34
      Required ratio:    0.00 (Cumulative area) 
      Cumulative area ratio:    1.93
      Required ratio:    0.00 (Cumulative side area) 

    Layer: li1
      Partial area ratio:    0.00
      Required ratio:    0.00 (Gate area) 
      Partial area ratio:    0.00
      Required ratio:  270.61 (Side area) 
      Cumulative area ratio:    0.00
      Required ratio:    0.00 (Cumulative area) 
      Cumulative area ratio:    0.00
      Required ratio:    0.00 (Cumulative side area) 

    Layer: met3
      Partial area ratio:    1.19
      Required ratio:    0.00 (Gate area) 
      Partial area ratio:    6.46
      Required ratio: 4521.32 (Side area) 
      Cumulative area ratio:   21.45
      Required ratio:    0.00 (Cumulative area) 
      Cumulative area ratio:  111.26
      Required ratio:    0.00 (Cumulative side area) 

    Via: M2M3_PR
      Partial area ratio:    0.01
      Required ratio:    6.00 (Gate area) 
      Cumulative area ratio:    0.44
      Required ratio:    0.00 (Cumulative area) 

    Via: M1M2_PR
      Partial area ratio:    0.05
      Required ratio:    6.00 (Gate area) 
      Cumulative area ratio:    0.12
      Required ratio:    0.00 (Cumulative area) 

    Via: L1M1_PR
      Partial area ratio:    0.07
      Required ratio:    3.00 (Gate area) 
      Cumulative area ratio:    0.07
      Required ratio:    0.00 (Cumulative area) 

  Pin: _28634_/A1 (sky130_fd_sc_hd__mux2_1)
    Layer: met2
      Partial area ratio:    3.37
      Required ratio:    0.00 (Gate area) 
      Partial area ratio:   17.23
      Required ratio: 4347.44 (Side area) 
      Cumulative area ratio:   22.65
      Required ratio:    0.00 (Cumulative area) 
      Cumulative area ratio:  118.09
      Required ratio:    0.00 (Cumulative side area) 

    Layer: met1
      Partial area ratio:    2.73
      Required ratio:    0.00 (Gate area) 
      Partial area ratio:   15.22
      Required ratio:  400.00 (Side area) 
      Cumulative area ratio:    2.73
      Required ratio:    0.00 (Cumulative area) 
      Cumulative area ratio:   15.22
      Required ratio:    0.00 (Cumulative side area) 

    Layer: li1
      Partial area ratio:    0.00
      Required ratio:    0.00 (Gate area) 
      Partial area ratio:    0.00
      Required ratio:   75.00 (Side area) 
      Cumulative area ratio:    0.00
      Required ratio:    0.00 (Cumulative area) 
      Cumulative area ratio:    0.00
      Required ratio:    0.00 (Cumulative side area) 

    Layer: met3
      Partial area ratio:    1.19
      Required ratio:    0.00 (Gate area) 
      Partial area ratio:    6.46
      Required ratio: 4521.32 (Side area) 
      Cumulative area ratio:   23.84
      Required ratio:    0.00 (Cumulative area) 
      Cumulative area ratio:  124.55
      Required ratio:    0.00 (Cumulative side area) 

    Via: M2M3_PR
      Partial area ratio:    0.01
      Required ratio:    6.00 (Gate area) 
      Cumulative area ratio:    0.73
      Required ratio:    0.00 (Cumulative area) 

    Via: M1M2_PR
      Partial area ratio:    0.18
      Required ratio:    6.00 (Gate area) 
      Cumulative area ratio:    0.41
      Required ratio:    0.00 (Cumulative area) 

    Via: L1M1_PR
      Partial area ratio:    0.23
      Required ratio:    3.00 (Gate area) 
      Cumulative area ratio:    0.23
      Required ratio:    0.00 (Cumulative area) 

  Pin: _29438_/A0 (sky130_fd_sc_hd__mux2_1)
    Layer: met2
      Partial area ratio:    3.37
      Required ratio:    0.00 (Gate area) 
      Partial area ratio:   17.23
      Required ratio: 4347.44 (Side area) 
      Cumulative area ratio:   19.91
      Required ratio:    0.00 (Cumulative area) 
      Cumulative area ratio:  102.86
      Required ratio:    0.00 (Cumulative side area) 

    Layer: met1
      Partial area ratio:    0.00
      Required ratio:    0.00 (Gate area) 
      Partial area ratio:    0.00
      Required ratio:  400.00 (Side area) 
      Cumulative area ratio:    0.00
      Required ratio:    0.00 (Cumulative area) 
      Cumulative area ratio:    0.00
      Required ratio:    0.00 (Cumulative side area) 

    Layer: li1
      Partial area ratio:    0.00
      Required ratio:    0.00 (Gate area) 
      Partial area ratio:    0.00
      Required ratio:   75.00 (Side area) 
      Cumulative area ratio:    0.00
      Required ratio:    0.00 (Cumulative area) 
      Cumulative area ratio:    0.00
      Required ratio:    0.00 (Cumulative side area) 

    Layer: met3
      Partial area ratio:    1.19
      Required ratio:    0.00 (Gate area) 
      Partial area ratio:    6.46
      Required ratio: 4521.32 (Side area) 
      Cumulative area ratio:   21.11
      Required ratio:    0.00 (Cumulative area) 
      Cumulative area ratio:  109.33
      Required ratio:    0.00 (Cumulative side area) 

    Via: M2M3_PR
      Partial area ratio:    0.01
      Required ratio:    6.00 (Gate area) 
      Cumulative area ratio:    0.73
      Required ratio:    0.00 (Cumulative area) 

    Via: M1M2_PR
      Partial area ratio:    0.18
      Required ratio:    6.00 (Gate area) 
      Cumulative area ratio:    0.41
      Required ratio:    0.00 (Cumulative area) 

    Via: L1M1_PR
      Partial area ratio:    0.23
      Required ratio:    3.00 (Gate area) 
      Cumulative area ratio:    0.23
      Required ratio:    0.00 (Cumulative area) 

  Pin: ANTENNA__29438__A0/DIODE (sky130_fd_sc_hd__diode_2)
    Layer: met2
      Partial area ratio:    3.37
      Required ratio:    0.00 (Gate area) 
      Partial area ratio:   17.23
      Required ratio: 4347.44 (Side area) 
      Cumulative area ratio:   19.91
      Required ratio:    0.00 (Cumulative area) 
      Cumulative area ratio:  102.86
      Required ratio:    0.00 (Cumulative side area) 

    Layer: met1
      Partial area ratio:    0.64
      Required ratio:    0.00 (Gate area) 
      Partial area ratio:    3.41
      Required ratio: 2773.88 (Side area) 
      Cumulative area ratio:    0.64
      Required ratio:    0.00 (Cumulative area) 
      Cumulative area ratio:    3.41
      Required ratio:    0.00 (Cumulative side area) 

    Layer: li1
      Partial area ratio:    0.00
      Required ratio:    0.00 (Gate area) 
      Partial area ratio:    0.00
      Required ratio:  270.61 (Side area) 
      Cumulative area ratio:    0.00
      Required ratio:    0.00 (Cumulative area) 
      Cumulative area ratio:    0.00
      Required ratio:    0.00 (Cumulative side area) 

    Layer: met3
      Partial area ratio:    1.19
      Required ratio:    0.00 (Gate area) 
      Partial area ratio:    6.46
      Required ratio: 4521.32 (Side area) 
      Cumulative area ratio:   21.11
      Required ratio:    0.00 (Cumulative area) 
      Cumulative area ratio:  109.33
      Required ratio:    0.00 (Cumulative side area) 

    Via: M2M3_PR
      Partial area ratio:    0.01
      Required ratio:    6.00 (Gate area) 
      Cumulative area ratio:    0.39
      Required ratio:    0.00 (Cumulative area) 

    Via: M1M2_PR
      Partial area ratio:    0.10
      Required ratio:    6.00 (Gate area) 
      Cumulative area ratio:    0.17
      Required ratio:    0.00 (Cumulative area) 

    Via: L1M1_PR
      Partial area ratio:    0.07
      Required ratio:    3.00 (Gate area) 
      Cumulative area ratio:    0.07
      Required ratio:    0.00 (Cumulative area) 

  Pin: ANTENNA__28098__A1/DIODE (sky130_fd_sc_hd__diode_2)
    Layer: met3
      Partial area ratio:    1.19
      Required ratio:    0.00 (Gate area) 
      Partial area ratio:    6.46
      Required ratio: 4521.32 (Side area) 
      Cumulative area ratio:   83.82
      Required ratio:    0.00 (Cumulative area) 
      Cumulative area ratio:  424.21
      Required ratio:    0.00 (Cumulative side area) 

    Layer: met2
      Partial area ratio:    2.18
      Required ratio:    0.00 (Gate area) 
      Partial area ratio:   11.45
      Required ratio: 2773.88 (Side area) 
      Cumulative area ratio:   82.62
      Required ratio:    0.00 (Cumulative area) 
      Cumulative area ratio:  417.75
      Required ratio:    0.00 (Cumulative side area) 

    Layer: met1
      Partial area ratio:    0.19
      Required ratio:    0.00 (Gate area) 
      Partial area ratio:    1.19
      Required ratio: 2773.88 (Side area) 
      Cumulative area ratio:    0.19
      Required ratio:    0.00 (Cumulative area) 
      Cumulative area ratio:    1.19
      Required ratio:    0.00 (Cumulative side area) 

    Layer: li1
      Partial area ratio:    0.00
      Required ratio:    0.00 (Gate area) 
      Partial area ratio:    0.00
      Required ratio:  270.61 (Side area) 
      Cumulative area ratio:    0.00
      Required ratio:    0.00 (Cumulative area) 
      Cumulative area ratio:    0.00
      Required ratio:    0.00 (Cumulative side area) 

    Via: M2M3_PR
      Partial area ratio:    0.07
      Required ratio:    6.00 (Gate area) 
      Cumulative area ratio:    0.55
      Required ratio:    0.00 (Cumulative area) 

    Via: M1M2_PR
      Partial area ratio:    0.05
      Required ratio:    6.00 (Gate area) 
      Cumulative area ratio:    0.12
      Required ratio:    0.00 (Cumulative area) 

    Via: L1M1_PR
      Partial area ratio:    0.07
      Required ratio:    3.00 (Gate area) 
      Cumulative area ratio:    0.07
      Required ratio:    0.00 (Cumulative area) 

  Pin: _28098_/A1 (sky130_fd_sc_hd__mux2_1)
    Layer: met3
      Partial area ratio:    1.19
      Required ratio:    0.00 (Gate area) 
      Partial area ratio:    6.46
      Required ratio: 4521.32 (Side area) 
      Cumulative area ratio:   83.62
      Required ratio:    0.00 (Cumulative area) 
      Cumulative area ratio:  423.02
      Required ratio:    0.00 (Cumulative side area) 

    Layer: met2
      Partial area ratio:    2.18
      Required ratio:    0.00 (Gate area) 
      Partial area ratio:   11.45
      Required ratio: 2773.88 (Side area) 
      Cumulative area ratio:   82.43
      Required ratio:    0.00 (Cumulative area) 
      Cumulative area ratio:  416.56
      Required ratio:    0.00 (Cumulative side area) 

    Layer: met1
      Partial area ratio:   80.24
      Required ratio:    0.00 (Gate area) 
      Partial area ratio:  405.11
      Required ratio:  400.00 (Side area) (VIOLATED)
      Cumulative area ratio:   80.24
      Required ratio:    0.00 (Cumulative area) 
      Cumulative area ratio:  405.11
      Required ratio:    0.00 (Cumulative side area) 

    Layer: li1
      Partial area ratio:    0.00
      Required ratio:    0.00 (Gate area) 
      Partial area ratio:    0.00
      Required ratio:   75.00 (Side area) 
      Cumulative area ratio:    0.00
      Required ratio:    0.00 (Cumulative area) 
      Cumulative area ratio:    0.00
      Required ratio:    0.00 (Cumulative side area) 

    Via: M2M3_PR
      Partial area ratio:    0.07
      Required ratio:    6.00 (Gate area) 
      Cumulative area ratio:    0.66
      Required ratio:    0.00 (Cumulative area) 

    Via: M1M2_PR
      Partial area ratio:    0.36
      Required ratio:    6.00 (Gate area) 
      Cumulative area ratio:    0.59
      Required ratio:    0.00 (Cumulative area) 

    Via: L1M1_PR
      Partial area ratio:    0.23
      Required ratio:    3.00 (Gate area) 
      Cumulative area ratio:    0.23
      Required ratio:    0.00 (Cumulative area) 

  Pin: _28366_/A1 (sky130_fd_sc_hd__mux2_1)
    Layer: met2
      Partial area ratio:    3.37
      Required ratio:    0.00 (Gate area) 
      Partial area ratio:   17.23
      Required ratio: 4347.44 (Side area) 
      Cumulative area ratio:   20.45
      Required ratio:    0.00 (Cumulative area) 
      Cumulative area ratio:  106.12
      Required ratio:    0.00 (Cumulative side area) 

    Layer: met3
      Partial area ratio:    1.19
      Required ratio:    0.00 (Gate area) 
      Partial area ratio:    6.46
      Required ratio: 4521.32 (Side area) 
      Cumulative area ratio:   21.65
      Required ratio:    0.00 (Cumulative area) 
      Cumulative area ratio:  112.58
      Required ratio:    0.00 (Cumulative side area) 

    Layer: met1
      Partial area ratio:    1.18
      Required ratio:    0.00 (Gate area) 
      Partial area ratio:    6.67
      Required ratio:  400.00 (Side area) 
      Cumulative area ratio:    1.18
      Required ratio:    0.00 (Cumulative area) 
      Cumulative area ratio:    6.67
      Required ratio:    0.00 (Cumulative side area) 

    Layer: li1
      Partial area ratio:    0.00
      Required ratio:    0.00 (Gate area) 
      Partial area ratio:    0.00
      Required ratio:   75.00 (Side area) 
      Cumulative area ratio:    0.00
      Required ratio:    0.00 (Cumulative area) 
      Cumulative area ratio:    0.00
      Required ratio:    0.00 (Cumulative side area) 

    Via: M2M3_PR
      Partial area ratio:    0.01
      Required ratio:    6.00 (Gate area) 
      Cumulative area ratio:    0.62
      Required ratio:    0.00 (Cumulative area) 

    Via: M1M2_PR
      Partial area ratio:    0.18
      Required ratio:    6.00 (Gate area) 
      Cumulative area ratio:    0.41
      Required ratio:    0.00 (Cumulative area) 

    Via: L1M1_PR
      Partial area ratio:    0.23
      Required ratio:    3.00 (Gate area) 
      Cumulative area ratio:    0.23
      Required ratio:    0.00 (Cumulative area) 

  Pin: _29170_/A0 (sky130_fd_sc_hd__mux2_1)
    Layer: met2
      Partial area ratio:    3.37
      Required ratio:    0.00 (Gate area) 
      Partial area ratio:   17.23
      Required ratio: 4347.44 (Side area) 
      Cumulative area ratio:   12.40
      Required ratio:    0.00 (Cumulative area) 
      Cumulative area ratio:   63.28
      Required ratio:    0.00 (Cumulative side area) 

    Layer: met3
      Partial area ratio:    1.19
      Required ratio:    0.00 (Gate area) 
      Partial area ratio:    6.46
      Required ratio: 4521.32 (Side area) 
      Cumulative area ratio:   13.60
      Required ratio:    0.00 (Cumulative area) 
      Cumulative area ratio:   69.74
      Required ratio:    0.00 (Cumulative side area) 

    Layer: met1
      Partial area ratio:    0.00
      Required ratio:    0.00 (Gate area) 
      Partial area ratio:    0.00
      Required ratio:  400.00 (Side area) 
      Cumulative area ratio:    0.00
      Required ratio:    0.00 (Cumulative area) 
      Cumulative area ratio:    0.00
      Required ratio:    0.00 (Cumulative side area) 

    Layer: li1
      Partial area ratio:    0.00
      Required ratio:    0.00 (Gate area) 
      Partial area ratio:    0.00
      Required ratio:   75.00 (Side area) 
      Cumulative area ratio:    0.00
      Required ratio:    0.00 (Cumulative area) 
      Cumulative area ratio:    0.00
      Required ratio:    0.00 (Cumulative side area) 

    Via: M2M3_PR
      Partial area ratio:    0.01
      Required ratio:    6.00 (Gate area) 
      Cumulative area ratio:    0.52
      Required ratio:    0.00 (Cumulative area) 

    Via: M1M2_PR
      Partial area ratio:    0.18
      Required ratio:    6.00 (Gate area) 
      Cumulative area ratio:    0.41
      Required ratio:    0.00 (Cumulative area) 

    Via: L1M1_PR
      Partial area ratio:    0.23
      Required ratio:    3.00 (Gate area) 
      Cumulative area ratio:    0.23
      Required ratio:    0.00 (Cumulative area) 

  Pin: ANTENNA__30176__A1/DIODE (sky130_fd_sc_hd__diode_2)
    Layer: met2
      Partial area ratio:    3.37
      Required ratio:    0.00 (Gate area) 
      Partial area ratio:   17.23
      Required ratio: 4347.44 (Side area) 
      Cumulative area ratio:    5.63
      Required ratio:    0.00 (Cumulative area) 
      Cumulative area ratio:   29.24
      Required ratio:    0.00 (Cumulative side area) 

    Layer: met3
      Partial area ratio:    1.19
      Required ratio:    0.00 (Gate area) 
      Partial area ratio:    6.46
      Required ratio: 4521.32 (Side area) 
      Cumulative area ratio:    6.83
      Required ratio:    0.00 (Cumulative area) 
      Cumulative area ratio:   35.70
      Required ratio:    0.00 (Cumulative side area) 

    Layer: met1
      Partial area ratio:    2.26
      Required ratio:    0.00 (Gate area) 
      Partial area ratio:   12.01
      Required ratio: 2773.88 (Side area) 
      Cumulative area ratio:    2.26
      Required ratio:    0.00 (Cumulative area) 
      Cumulative area ratio:   12.01
      Required ratio:    0.00 (Cumulative side area) 

    Layer: li1
      Partial area ratio:    0.00
      Required ratio:    0.00 (Gate area) 
      Partial area ratio:    0.00
      Required ratio:  270.61 (Side area) 
      Cumulative area ratio:    0.00
      Required ratio:    0.00 (Cumulative area) 
      Cumulative area ratio:    0.00
      Required ratio:    0.00 (Cumulative side area) 

    Via: M2M3_PR
      Partial area ratio:    0.01
      Required ratio:    6.00 (Gate area) 
      Cumulative area ratio:    0.12
      Required ratio:    0.00 (Cumulative area) 

    Via: M1M2_PR
      Partial area ratio:    0.04
      Required ratio:    6.00 (Gate area) 
      Cumulative area ratio:    0.11
      Required ratio:    0.00 (Cumulative area) 

    Via: L1M1_PR
      Partial area ratio:    0.07
      Required ratio:    3.00 (Gate area) 
      Cumulative area ratio:    0.07
      Required ratio:    0.00 (Cumulative area) 

  Pin: _30176_/A1 (sky130_fd_sc_hd__mux2_1)
    Layer: met2
      Partial area ratio:    3.37
      Required ratio:    0.00 (Gate area) 
      Partial area ratio:   17.23
      Required ratio: 4347.44 (Side area) 
      Cumulative area ratio:    5.63
      Required ratio:    0.00 (Cumulative area) 
      Cumulative area ratio:   29.24
      Required ratio:    0.00 (Cumulative side area) 

    Layer: met3
      Partial area ratio:    1.19
      Required ratio:    0.00 (Gate area) 
      Partial area ratio:    6.46
      Required ratio: 4521.32 (Side area) 
      Cumulative area ratio:    6.83
      Required ratio:    0.00 (Cumulative area) 
      Cumulative area ratio:   35.70
      Required ratio:    0.00 (Cumulative side area) 

    Layer: met1
      Partial area ratio:    2.26
      Required ratio:    0.00 (Gate area) 
      Partial area ratio:   12.01
      Required ratio: 2773.88 (Side area) 
      Cumulative area ratio:    2.26
      Required ratio:    0.00 (Cumulative area) 
      Cumulative area ratio:   12.01
      Required ratio:    0.00 (Cumulative side area) 

    Layer: li1
      Partial area ratio:    0.00
      Required ratio:    0.00 (Gate area) 
      Partial area ratio:    0.00
      Required ratio:   75.00 (Side area) 
      Cumulative area ratio:    0.00
      Required ratio:    0.00 (Cumulative area) 
      Cumulative area ratio:    0.00
      Required ratio:    0.00 (Cumulative side area) 

    Via: M2M3_PR
      Partial area ratio:    0.01
      Required ratio:    6.00 (Gate area) 
      Cumulative area ratio:    0.28
      Required ratio:    0.00 (Cumulative area) 

    Via: M1M2_PR
      Partial area ratio:    0.04
      Required ratio:    6.00 (Gate area) 
      Cumulative area ratio:    0.27
      Required ratio:    0.00 (Cumulative area) 

    Via: L1M1_PR
      Partial area ratio:    0.23
      Required ratio:    3.00 (Gate area) 
      Cumulative area ratio:    0.23
      Required ratio:    0.00 (Cumulative area) 


Net: u_cmd_parser.challenge_nonce\[55\]
  Pin: _29714_/A0 (sky130_fd_sc_hd__mux2_1)
    Layer: met2
      Partial area ratio:    3.75
      Required ratio:    0.00 (Gate area) 
      Partial area ratio:   19.42
      Required ratio: 2956.40 (Side area) 
      Cumulative area ratio:   57.24
      Required ratio:    0.00 (Cumulative area) 
      Cumulative area ratio:  294.94
      Required ratio:    0.00 (Cumulative side area) 

    Layer: met1
      Partial area ratio:    8.45
      Required ratio:    0.00 (Gate area) 
      Partial area ratio:   44.07
      Required ratio:  400.00 (Side area) 
      Cumulative area ratio:    8.45
      Required ratio:    0.00 (Cumulative area) 
      Cumulative area ratio:   44.07
      Required ratio:    0.00 (Cumulative side area) 

    Layer: li1
      Partial area ratio:    0.00
      Required ratio:    0.00 (Gate area) 
      Partial area ratio:    0.00
      Required ratio:   75.00 (Side area) 
      Cumulative area ratio:    0.00
      Required ratio:    0.00 (Cumulative area) 
      Cumulative area ratio:    0.00
      Required ratio:    0.00 (Cumulative side area) 

    Layer: met3
      Partial area ratio:    7.75
      Required ratio:    0.00 (Gate area) 
      Partial area ratio:   41.74
      Required ratio: 2956.40 (Side area) 
      Cumulative area ratio:   64.99
      Required ratio:    0.00 (Cumulative area) 
      Cumulative area ratio:  336.68
      Required ratio:    0.00 (Cumulative side area) 

    Via: M2M3_PR
      Partial area ratio:    0.04
      Required ratio:    6.00 (Gate area) 
      Cumulative area ratio:    1.28
      Required ratio:    0.00 (Cumulative area) 

    Via: M1M2_PR
      Partial area ratio:    0.12
      Required ratio:    6.00 (Gate area) 
      Cumulative area ratio:    0.35
      Required ratio:    0.00 (Cumulative area) 

    Via: L1M1_PR
      Partial area ratio:    0.23
      Required ratio:    3.00 (Gate area) 
      Cumulative area ratio:    0.23
      Required ratio:    0.00 (Cumulative area) 

  Pin: _29446_/A0 (sky130_fd_sc_hd__mux2_1)
    Layer: met2
      Partial area ratio:    3.75
      Required ratio:    0.00 (Gate area) 
      Partial area ratio:   19.42
      Required ratio: 2956.40 (Side area) 
      Cumulative area ratio:   57.24
      Required ratio:    0.00 (Cumulative area) 
      Cumulative area ratio:  294.94
      Required ratio:    0.00 (Cumulative side area) 

    Layer: met1
      Partial area ratio:    8.45
      Required ratio:    0.00 (Gate area) 
      Partial area ratio:   44.07
      Required ratio:  400.00 (Side area) 
      Cumulative area ratio:    8.45
      Required ratio:    0.00 (Cumulative area) 
      Cumulative area ratio:   44.07
      Required ratio:    0.00 (Cumulative side area) 

    Layer: li1
      Partial area ratio:    0.00
      Required ratio:    0.00 (Gate area) 
      Partial area ratio:    0.00
      Required ratio:   75.00 (Side area) 
      Cumulative area ratio:    0.00
      Required ratio:    0.00 (Cumulative area) 
      Cumulative area ratio:    0.00
      Required ratio:    0.00 (Cumulative side area) 

    Layer: met3
      Partial area ratio:    7.75
      Required ratio:    0.00 (Gate area) 
      Partial area ratio:   41.74
      Required ratio: 2956.40 (Side area) 
      Cumulative area ratio:   64.99
      Required ratio:    0.00 (Cumulative area) 
      Cumulative area ratio:  336.68
      Required ratio:    0.00 (Cumulative side area) 

    Via: M2M3_PR
      Partial area ratio:    0.04
      Required ratio:    6.00 (Gate area) 
      Cumulative area ratio:    1.28
      Required ratio:    0.00 (Cumulative area) 

    Via: M1M2_PR
      Partial area ratio:    0.12
      Required ratio:    6.00 (Gate area) 
      Cumulative area ratio:    0.35
      Required ratio:    0.00 (Cumulative area) 

    Via: L1M1_PR
      Partial area ratio:    0.23
      Required ratio:    3.00 (Gate area) 
      Cumulative area ratio:    0.23
      Required ratio:    0.00 (Cumulative area) 

  Pin: _28642_/A1 (sky130_fd_sc_hd__mux2_1)
    Layer: met2
      Partial area ratio:    3.75
      Required ratio:    0.00 (Gate area) 
      Partial area ratio:   19.42
      Required ratio: 2956.40 (Side area) 
      Cumulative area ratio:   57.24
      Required ratio:    0.00 (Cumulative area) 
      Cumulative area ratio:  294.94
      Required ratio:    0.00 (Cumulative side area) 

    Layer: met1
      Partial area ratio:    8.45
      Required ratio:    0.00 (Gate area) 
      Partial area ratio:   44.07
      Required ratio:  400.00 (Side area) 
      Cumulative area ratio:    8.45
      Required ratio:    0.00 (Cumulative area) 
      Cumulative area ratio:   44.07
      Required ratio:    0.00 (Cumulative side area) 

    Layer: li1
      Partial area ratio:    0.00
      Required ratio:    0.00 (Gate area) 
      Partial area ratio:    0.00
      Required ratio:   75.00 (Side area) 
      Cumulative area ratio:    0.00
      Required ratio:    0.00 (Cumulative area) 
      Cumulative area ratio:    0.00
      Required ratio:    0.00 (Cumulative side area) 

    Layer: met3
      Partial area ratio:    7.75
      Required ratio:    0.00 (Gate area) 
      Partial area ratio:   41.74
      Required ratio: 2956.40 (Side area) 
      Cumulative area ratio:   64.99
      Required ratio:    0.00 (Cumulative area) 
      Cumulative area ratio:  336.68
      Required ratio:    0.00 (Cumulative side area) 

    Via: M2M3_PR
      Partial area ratio:    0.04
      Required ratio:    6.00 (Gate area) 
      Cumulative area ratio:    1.28
      Required ratio:    0.00 (Cumulative area) 

    Via: M1M2_PR
      Partial area ratio:    0.12
      Required ratio:    6.00 (Gate area) 
      Cumulative area ratio:    0.35
      Required ratio:    0.00 (Cumulative area) 

    Via: L1M1_PR
      Partial area ratio:    0.23
      Required ratio:    3.00 (Gate area) 
      Cumulative area ratio:    0.23
      Required ratio:    0.00 (Cumulative area) 

  Pin: _28106_/A1 (sky130_fd_sc_hd__mux2_1)
    Layer: met3
      Partial area ratio:    7.75
      Required ratio:    0.00 (Gate area) 
      Partial area ratio:   41.74
      Required ratio: 2956.40 (Side area) 
      Cumulative area ratio:  107.53
      Required ratio:    0.00 (Cumulative area) 
      Cumulative area ratio:  548.46
      Required ratio:    0.00 (Cumulative side area) 

    Layer: met2
      Partial area ratio:    3.74
      Required ratio:    0.00 (Gate area) 
      Partial area ratio:   19.50
      Required ratio:  400.00 (Side area) 
      Cumulative area ratio:   99.79
      Required ratio:    0.00 (Cumulative area) 
      Cumulative area ratio:  506.72
      Required ratio:    0.00 (Cumulative side area) 

    Layer: met1
      Partial area ratio:   96.04
      Required ratio:    0.00 (Gate area) 
      Partial area ratio:  487.22
      Required ratio:  400.00 (Side area) (VIOLATED)
      Cumulative area ratio:   96.04
      Required ratio:    0.00 (Cumulative area) 
      Cumulative area ratio:  487.22
      Required ratio:    0.00 (Cumulative side area) 

    Layer: li1
      Partial area ratio:    0.00
      Required ratio:    0.00 (Gate area) 
      Partial area ratio:    0.00
      Required ratio:   75.00 (Side area) 
      Cumulative area ratio:    0.00
      Required ratio:    0.00 (Cumulative area) 
      Cumulative area ratio:    0.00
      Required ratio:    0.00 (Cumulative side area) 

    Via: M2M3_PR
      Partial area ratio:    0.32
      Required ratio:    6.00 (Gate area) 
      Cumulative area ratio:    0.73
      Required ratio:    0.00 (Cumulative area) 

    Via: M1M2_PR
      Partial area ratio:    0.18
      Required ratio:    6.00 (Gate area) 
      Cumulative area ratio:    0.41
      Required ratio:    0.00 (Cumulative area) 

    Via: L1M1_PR
      Partial area ratio:    0.23
      Required ratio:    3.00 (Gate area) 
      Cumulative area ratio:    0.23
      Required ratio:    0.00 (Cumulative area) 

  Pin: _29178_/A0 (sky130_fd_sc_hd__mux2_1)
    Layer: met2
      Partial area ratio:    3.75
      Required ratio:    0.00 (Gate area) 
      Partial area ratio:   19.42
      Required ratio: 2956.40 (Side area) 
      Cumulative area ratio:   48.79
      Required ratio:    0.00 (Cumulative area) 
      Cumulative area ratio:  250.87
      Required ratio:    0.00 (Cumulative side area) 

    Layer: met1
      Partial area ratio:    2.60
      Required ratio:    0.00 (Gate area) 
      Partial area ratio:   14.56
      Required ratio:  400.00 (Side area) 
      Cumulative area ratio:    2.60
      Required ratio:    0.00 (Cumulative area) 
      Cumulative area ratio:   14.56
      Required ratio:    0.00 (Cumulative side area) 

    Layer: met3
      Partial area ratio:    7.75
      Required ratio:    0.00 (Gate area) 
      Partial area ratio:   41.74
      Required ratio: 2956.40 (Side area) 
      Cumulative area ratio:   56.54
      Required ratio:    0.00 (Cumulative area) 
      Cumulative area ratio:  292.60
      Required ratio:    0.00 (Cumulative side area) 

    Layer: li1
      Partial area ratio:    0.00
      Required ratio:    0.00 (Gate area) 
      Partial area ratio:    0.00
      Required ratio:   75.00 (Side area) 
      Cumulative area ratio:    0.00
      Required ratio:    0.00 (Cumulative area) 
      Cumulative area ratio:    0.00
      Required ratio:    0.00 (Cumulative side area) 

    Via: M2M3_PR
      Partial area ratio:    0.04
      Required ratio:    6.00 (Gate area) 
      Cumulative area ratio:    1.16
      Required ratio:    0.00 (Cumulative area) 

    Via: M1M2_PR
      Partial area ratio:    0.36
      Required ratio:    6.00 (Gate area) 
      Cumulative area ratio:    0.59
      Required ratio:    0.00 (Cumulative area) 

    Via: L1M1_PR
      Partial area ratio:    0.23
      Required ratio:    3.00 (Gate area) 
      Cumulative area ratio:    0.23
      Required ratio:    0.00 (Cumulative area) 

  Pin: _30696_/A0 (sky130_fd_sc_hd__mux2_1)
    Layer: met2
      Partial area ratio:    3.75
      Required ratio:    0.00 (Gate area) 
      Partial area ratio:   19.42
      Required ratio: 2956.40 (Side area) 
      Cumulative area ratio:   52.99
      Required ratio:    0.00 (Cumulative area) 
      Cumulative area ratio:  271.09
      Required ratio:    0.00 (Cumulative side area) 

    Layer: met3
      Partial area ratio:    7.75
      Required ratio:    0.00 (Gate area) 
      Partial area ratio:   41.74
      Required ratio: 2956.40 (Side area) 
      Cumulative area ratio:   60.74
      Required ratio:    0.00 (Cumulative area) 
      Cumulative area ratio:  312.83
      Required ratio:    0.00 (Cumulative side area) 

    Layer: met1
      Partial area ratio:    6.80
      Required ratio:    0.00 (Gate area) 
      Partial area ratio:   34.78
      Required ratio:  400.00 (Side area) 
      Cumulative area ratio:    6.80
      Required ratio:    0.00 (Cumulative area) 
      Cumulative area ratio:   34.78
      Required ratio:    0.00 (Cumulative side area) 

    Layer: li1
      Partial area ratio:    0.00
      Required ratio:    0.00 (Gate area) 
      Partial area ratio:    0.00
      Required ratio:   75.00 (Side area) 
      Cumulative area ratio:    0.00
      Required ratio:    0.00 (Cumulative area) 
      Cumulative area ratio:    0.00
      Required ratio:    0.00 (Cumulative side area) 

    Via: M2M3_PR
      Partial area ratio:    0.04
      Required ratio:    6.00 (Gate area) 
      Cumulative area ratio:    0.98
      Required ratio:    0.00 (Cumulative area) 

    Via: M1M2_PR
      Partial area ratio:    0.18
      Required ratio:    6.00 (Gate area) 
      Cumulative area ratio:    0.41
      Required ratio:    0.00 (Cumulative area) 

    Via: L1M1_PR
      Partial area ratio:    0.23
      Required ratio:    3.00 (Gate area) 
      Cumulative area ratio:    0.23
      Required ratio:    0.00 (Cumulative area) 

  Pin: _28910_/A1 (sky130_fd_sc_hd__mux2_1)
    Layer: met2
      Partial area ratio:    3.75
      Required ratio:    0.00 (Gate area) 
      Partial area ratio:   19.42
      Required ratio: 2956.40 (Side area) 
      Cumulative area ratio:   46.19
      Required ratio:    0.00 (Cumulative area) 
      Cumulative area ratio:  236.31
      Required ratio:    0.00 (Cumulative side area) 

    Layer: met1
      Partial area ratio:   42.44
      Required ratio:    0.00 (Gate area) 
      Partial area ratio:  216.89
      Required ratio:  400.00 (Side area) 
      Cumulative area ratio:   42.44
      Required ratio:    0.00 (Cumulative area) 
      Cumulative area ratio:  216.89
      Required ratio:    0.00 (Cumulative side area) 

    Layer: met3
      Partial area ratio:    7.75
      Required ratio:    0.00 (Gate area) 
      Partial area ratio:   41.74
      Required ratio: 2956.40 (Side area) 
      Cumulative area ratio:   53.94
      Required ratio:    0.00 (Cumulative area) 
      Cumulative area ratio:  278.05
      Required ratio:    0.00 (Cumulative side area) 

    Layer: li1
      Partial area ratio:    0.00
      Required ratio:    0.00 (Gate area) 
      Partial area ratio:    0.00
      Required ratio:   75.00 (Side area) 
      Cumulative area ratio:    0.00
      Required ratio:    0.00 (Cumulative area) 
      Cumulative area ratio:    0.00
      Required ratio:    0.00 (Cumulative side area) 

    Via: M2M3_PR
      Partial area ratio:    0.04
      Required ratio:    6.00 (Gate area) 
      Cumulative area ratio:    0.80
      Required ratio:    0.00 (Cumulative area) 

    Via: M1M2_PR
      Partial area ratio:    0.54
      Required ratio:    6.00 (Gate area) 
      Cumulative area ratio:    0.77
      Required ratio:    0.00 (Cumulative area) 

    Via: L1M1_PR
      Partial area ratio:    0.23
      Required ratio:    3.00 (Gate area) 
      Cumulative area ratio:    0.23
      Required ratio:    0.00 (Cumulative area) 

  Pin: _28374_/A1 (sky130_fd_sc_hd__mux2_1)
    Layer: met2
      Partial area ratio:    3.75
      Required ratio:    0.00 (Gate area) 
      Partial area ratio:   19.42
      Required ratio: 2956.40 (Side area) 
      Cumulative area ratio:   50.44
      Required ratio:    0.00 (Cumulative area) 
      Cumulative area ratio:  258.31
      Required ratio:    0.00 (Cumulative side area) 

    Layer: met3
      Partial area ratio:    7.75
      Required ratio:    0.00 (Gate area) 
      Partial area ratio:   41.74
      Required ratio: 2956.40 (Side area) 
      Cumulative area ratio:   58.18
      Required ratio:    0.00 (Cumulative area) 
      Cumulative area ratio:  300.05
      Required ratio:    0.00 (Cumulative side area) 

    Layer: met1
      Partial area ratio:    4.24
      Required ratio:    0.00 (Gate area) 
      Partial area ratio:   22.00
      Required ratio:  400.00 (Side area) 
      Cumulative area ratio:    4.24
      Required ratio:    0.00 (Cumulative area) 
      Cumulative area ratio:   22.00
      Required ratio:    0.00 (Cumulative side area) 

    Layer: li1
      Partial area ratio:    0.00
      Required ratio:    0.00 (Gate area) 
      Partial area ratio:    0.00
      Required ratio:   75.00 (Side area) 
      Cumulative area ratio:    0.00
      Required ratio:    0.00 (Cumulative area) 
      Cumulative area ratio:    0.00
      Required ratio:    0.00 (Cumulative side area) 

    Via: M2M3_PR
      Partial area ratio:    0.04
      Required ratio:    6.00 (Gate area) 
      Cumulative area ratio:    0.98
      Required ratio:    0.00 (Cumulative area) 

    Via: M1M2_PR
      Partial area ratio:    0.18
      Required ratio:    6.00 (Gate area) 
      Cumulative area ratio:    0.41
      Required ratio:    0.00 (Cumulative area) 

    Via: L1M1_PR
      Partial area ratio:    0.23
      Required ratio:    3.00 (Gate area) 
      Cumulative area ratio:    0.23
      Required ratio:    0.00 (Cumulative area) 

  Pin: _30184_/A1 (sky130_fd_sc_hd__mux2_1)
    Layer: met2
      Partial area ratio:    3.75
      Required ratio:    0.00 (Gate area) 
      Partial area ratio:   19.42
      Required ratio: 2956.40 (Side area) 
      Cumulative area ratio:    5.44
      Required ratio:    0.00 (Cumulative area) 
      Cumulative area ratio:   28.65
      Required ratio:    0.00 (Cumulative side area) 

    Layer: met3
      Partial area ratio:    7.75
      Required ratio:    0.00 (Gate area) 
      Partial area ratio:   41.74
      Required ratio: 2956.40 (Side area) 
      Cumulative area ratio:   13.18
      Required ratio:    0.00 (Cumulative area) 
      Cumulative area ratio:   70.38
      Required ratio:    0.00 (Cumulative side area) 

    Layer: met1
      Partial area ratio:    1.69
      Required ratio:    0.00 (Gate area) 
      Partial area ratio:    9.22
      Required ratio:  400.00 (Side area) 
      Cumulative area ratio:    1.69
      Required ratio:    0.00 (Cumulative area) 
      Cumulative area ratio:    9.22
      Required ratio:    0.00 (Cumulative side area) 

    Layer: li1
      Partial area ratio:    0.00
      Required ratio:    0.00 (Gate area) 
      Partial area ratio:    0.00
      Required ratio:   75.00 (Side area) 
      Cumulative area ratio:    0.00
      Required ratio:    0.00 (Cumulative area) 
      Cumulative area ratio:    0.00
      Required ratio:    0.00 (Cumulative side area) 

    Via: M2M3_PR
      Partial area ratio:    0.04
      Required ratio:    6.00 (Gate area) 
      Cumulative area ratio:    0.45
      Required ratio:    0.00 (Cumulative area) 

    Via: M1M2_PR
      Partial area ratio:    0.18
      Required ratio:    6.00 (Gate area) 
      Cumulative area ratio:    0.41
      Required ratio:    0.00 (Cumulative area) 

    Via: L1M1_PR
      Partial area ratio:    0.23
      Required ratio:    3.00 (Gate area) 
      Cumulative area ratio:    0.23
      Required ratio:    0.00 (Cumulative area) 


Net: u_cmd_parser.challenge_nonce\[56\]
  Pin: _30186_/A1 (sky130_fd_sc_hd__mux2_1)
    Layer: met2
      Partial area ratio:    4.23
      Required ratio:    0.00 (Gate area) 
      Partial area ratio:   22.12
      Required ratio: 2956.40 (Side area) 
      Cumulative area ratio:    4.23
      Required ratio:    0.00 (Cumulative area) 
      Cumulative area ratio:   22.12
      Required ratio:    0.00 (Cumulative side area) 

    Layer: met1
      Partial area ratio:    0.00
      Required ratio:    0.00 (Gate area) 
      Partial area ratio:    0.00
      Required ratio:  400.00 (Side area) 
      Cumulative area ratio:    0.00
      Required ratio:    0.00 (Cumulative area) 
      Cumulative area ratio:    0.00
      Required ratio:    0.00 (Cumulative side area) 

    Layer: li1
      Partial area ratio:    0.00
      Required ratio:    0.00 (Gate area) 
      Partial area ratio:    0.00
      Required ratio:   75.00 (Side area) 
      Cumulative area ratio:    0.00
      Required ratio:    0.00 (Cumulative area) 
      Cumulative area ratio:    0.00
      Required ratio:    0.00 (Cumulative side area) 

    Via: M1M2_PR
      Partial area ratio:    0.18
      Required ratio:    6.00 (Gate area) 
      Cumulative area ratio:    0.41
      Required ratio:    0.00 (Cumulative area) 

    Via: L1M1_PR
      Partial area ratio:    0.23
      Required ratio:    3.00 (Gate area) 
      Cumulative area ratio:    0.23
      Required ratio:    0.00 (Cumulative area) 

  Pin: _30698_/A0 (sky130_fd_sc_hd__mux2_1)
    Layer: met1
      Partial area ratio:    5.42
      Required ratio:    0.00 (Gate area) 
      Partial area ratio:   28.67
      Required ratio:  400.00 (Side area) 
      Cumulative area ratio:    5.42
      Required ratio:    0.00 (Cumulative area) 
      Cumulative area ratio:   28.67
      Required ratio:    0.00 (Cumulative side area) 

    Layer: li1
      Partial area ratio:    0.00
      Required ratio:    0.00 (Gate area) 
      Partial area ratio:    0.00
      Required ratio:   75.00 (Side area) 
      Cumulative area ratio:    0.00
      Required ratio:    0.00 (Cumulative area) 
      Cumulative area ratio:    0.00
      Required ratio:    0.00 (Cumulative side area) 

    Via: M1M2_PR
      Partial area ratio:    0.36
      Required ratio:    6.00 (Gate area) 
      Cumulative area ratio:    0.59
      Required ratio:    0.00 (Cumulative area) 

    Via: L1M1_PR
      Partial area ratio:    0.23
      Required ratio:    3.00 (Gate area) 
      Cumulative area ratio:    0.23
      Required ratio:    0.00 (Cumulative area) 

  Pin: _28644_/A1 (sky130_fd_sc_hd__mux2_1)
    Layer: met1
      Partial area ratio:    0.67
      Required ratio:    0.00 (Gate area) 
      Partial area ratio:    4.11
      Required ratio:  400.00 (Side area) 
      Cumulative area ratio:    0.67
      Required ratio:    0.00 (Cumulative area) 
      Cumulative area ratio:    4.11
      Required ratio:    0.00 (Cumulative side area) 

    Layer: li1
      Partial area ratio:    0.00
      Required ratio:    0.00 (Gate area) 
      Partial area ratio:    0.00
      Required ratio:   75.00 (Side area) 
      Cumulative area ratio:    0.00
      Required ratio:    0.00 (Cumulative area) 
      Cumulative area ratio:    0.00
      Required ratio:    0.00 (Cumulative side area) 

    Via: M1M2_PR
      Partial area ratio:    0.18
      Required ratio:    6.00 (Gate area) 
      Cumulative area ratio:    0.41
      Required ratio:    0.00 (Cumulative area) 

    Via: L1M1_PR
      Partial area ratio:    0.23
      Required ratio:    3.00 (Gate area) 
      Cumulative area ratio:    0.23
      Required ratio:    0.00 (Cumulative area) 

  Pin: _28108_/A1 (sky130_fd_sc_hd__mux2_1)
    Layer: met1
      Partial area ratio:   32.02
      Required ratio:    0.00 (Gate area) 
      Partial area ratio:  162.44
      Required ratio:  400.00 (Side area) 
      Cumulative area ratio:   32.02
      Required ratio:    0.00 (Cumulative area) 
      Cumulative area ratio:  162.44
      Required ratio:    0.00 (Cumulative side area) 

    Layer: li1
      Partial area ratio:    0.00
      Required ratio:    0.00 (Gate area) 
      Partial area ratio:    0.00
      Required ratio:   75.00 (Side area) 
      Cumulative area ratio:    0.00
      Required ratio:    0.00 (Cumulative area) 
      Cumulative area ratio:    0.00
      Required ratio:    0.00 (Cumulative side area) 

    Via: M1M2_PR
      Partial area ratio:    0.18
      Required ratio:    6.00 (Gate area) 
      Cumulative area ratio:    0.41
      Required ratio:    0.00 (Cumulative area) 

    Via: L1M1_PR
      Partial area ratio:    0.23
      Required ratio:    3.00 (Gate area) 
      Cumulative area ratio:    0.23
      Required ratio:    0.00 (Cumulative area) 

  Pin: _28376_/A1 (sky130_fd_sc_hd__mux2_1)
    Layer: met1
      Partial area ratio:  105.49
      Required ratio:    0.00 (Gate area) 
      Partial area ratio:  542.22
      Required ratio:  400.00 (Side area) (VIOLATED)
      Cumulative area ratio:  105.49
      Required ratio:    0.00 (Cumulative area) 
      Cumulative area ratio:  542.22
      Required ratio:    0.00 (Cumulative side area) 

    Layer: li1
      Partial area ratio:    0.00
      Required ratio:    0.00 (Gate area) 
      Partial area ratio:    0.00
      Required ratio:   75.00 (Side area) 
      Cumulative area ratio:    0.00
      Required ratio:    0.00 (Cumulative area) 
      Cumulative area ratio:    0.00
      Required ratio:    0.00 (Cumulative side area) 

    Via: M1M2_PR
      Partial area ratio:    0.36
      Required ratio:    6.00 (Gate area) 
      Cumulative area ratio:    0.59
      Required ratio:    0.00 (Cumulative area) 

    Via: L1M1_PR
      Partial area ratio:    0.23
      Required ratio:    3.00 (Gate area) 
      Cumulative area ratio:    0.23
      Required ratio:    0.00 (Cumulative area) 

  Pin: _29448_/A0 (sky130_fd_sc_hd__mux2_1)
    Layer: met1
      Partial area ratio:    3.44
      Required ratio:    0.00 (Gate area) 
      Partial area ratio:   21.11
      Required ratio:  400.00 (Side area) 
      Cumulative area ratio:    3.44
      Required ratio:    0.00 (Cumulative area) 
      Cumulative area ratio:   21.11
      Required ratio:    0.00 (Cumulative side area) 

    Layer: li1
      Partial area ratio:    0.00
      Required ratio:    0.00 (Gate area) 
      Partial area ratio:    0.00
      Required ratio:   75.00 (Side area) 
      Cumulative area ratio:    0.00
      Required ratio:    0.00 (Cumulative area) 
      Cumulative area ratio:    0.00
      Required ratio:    0.00 (Cumulative side area) 

    Via: M1M2_PR
      Partial area ratio:    0.36
      Required ratio:    6.00 (Gate area) 
      Cumulative area ratio:    0.59
      Required ratio:    0.00 (Cumulative area) 

    Via: L1M1_PR
      Partial area ratio:    0.23
      Required ratio:    3.00 (Gate area) 
      Cumulative area ratio:    0.23
      Required ratio:    0.00 (Cumulative area) 

  Pin: _29716_/A0 (sky130_fd_sc_hd__mux2_1)
    Layer: met1
      Partial area ratio:    2.22
      Required ratio:    0.00 (Gate area) 
      Partial area ratio:   12.67
      Required ratio:  400.00 (Side area) 
      Cumulative area ratio:    2.22
      Required ratio:    0.00 (Cumulative area) 
      Cumulative area ratio:   12.67
      Required ratio:    0.00 (Cumulative side area) 

    Layer: li1
      Partial area ratio:    0.00
      Required ratio:    0.00 (Gate area) 
      Partial area ratio:    0.00
      Required ratio:   75.00 (Side area) 
      Cumulative area ratio:    0.00
      Required ratio:    0.00 (Cumulative area) 
      Cumulative area ratio:    0.00
      Required ratio:    0.00 (Cumulative side area) 

    Via: M1M2_PR
      Partial area ratio:    0.36
      Required ratio:    6.00 (Gate area) 
      Cumulative area ratio:    0.59
      Required ratio:    0.00 (Cumulative area) 

    Via: L1M1_PR
      Partial area ratio:    0.23
      Required ratio:    3.00 (Gate area) 
      Cumulative area ratio:    0.23
      Required ratio:    0.00 (Cumulative area) 

  Pin: _29180_/A0 (sky130_fd_sc_hd__mux2_1)
    Layer: met1
      Partial area ratio:    7.71
      Required ratio:    0.00 (Gate area) 
      Partial area ratio:   40.11
      Required ratio:  400.00 (Side area) 
      Cumulative area ratio:    7.71
      Required ratio:    0.00 (Cumulative area) 
      Cumulative area ratio:   40.11
      Required ratio:    0.00 (Cumulative side area) 

    Layer: li1
      Partial area ratio:    0.00
      Required ratio:    0.00 (Gate area) 
      Partial area ratio:    0.00
      Required ratio:   75.00 (Side area) 
      Cumulative area ratio:    0.00
      Required ratio:    0.00 (Cumulative area) 
      Cumulative area ratio:    0.00
      Required ratio:    0.00 (Cumulative side area) 

    Via: M1M2_PR
      Partial area ratio:    0.18
      Required ratio:    6.00 (Gate area) 
      Cumulative area ratio:    0.41
      Required ratio:    0.00 (Cumulative area) 

    Via: L1M1_PR
      Partial area ratio:    0.23
      Required ratio:    3.00 (Gate area) 
      Cumulative area ratio:    0.23
      Required ratio:    0.00 (Cumulative area) 

  Pin: _28912_/A1 (sky130_fd_sc_hd__mux2_1)
    Layer: met1
      Partial area ratio:   21.98
      Required ratio:    0.00 (Gate area) 
      Partial area ratio:  113.78
      Required ratio: 2956.40 (Side area) 
      Cumulative area ratio:   21.98
      Required ratio:    0.00 (Cumulative area) 
      Cumulative area ratio:  113.78
      Required ratio:    0.00 (Cumulative side area) 

    Layer: met2
      Partial area ratio:    4.23
      Required ratio:    0.00 (Gate area) 
      Partial area ratio:   22.12
      Required ratio: 2956.40 (Side area) 
      Cumulative area ratio:   26.21
      Required ratio:    0.00 (Cumulative area) 
      Cumulative area ratio:  135.90
      Required ratio:    0.00 (Cumulative side area) 

    Layer: li1
      Partial area ratio:    0.00
      Required ratio:    0.00 (Gate area) 
      Partial area ratio:    0.00
      Required ratio:   75.00 (Side area) 
      Cumulative area ratio:    0.00
      Required ratio:    0.00 (Cumulative area) 
      Cumulative area ratio:    0.00
      Required ratio:    0.00 (Cumulative side area) 

    Via: M1M2_PR
      Partial area ratio:    0.36
      Required ratio:    6.00 (Gate area) 
      Cumulative area ratio:    0.59
      Required ratio:    0.00 (Cumulative area) 

    Via: L1M1_PR
      Partial area ratio:    0.23
      Required ratio:    3.00 (Gate area) 
      Cumulative area ratio:    0.23
      Required ratio:    0.00 (Cumulative area) 


Net: u_cmd_parser.challenge_nonce\[98\]
  Pin: _30274_/A1 (sky130_fd_sc_hd__mux2_1)
    Layer: met2
      Partial area ratio:    6.69
      Required ratio:    0.00 (Gate area) 
      Partial area ratio:   34.40
      Required ratio: 2956.40 (Side area) 
      Cumulative area ratio:   96.00
      Required ratio:    0.00 (Cumulative area) 
      Cumulative area ratio:  492.62
      Required ratio:    0.00 (Cumulative side area) 

    Layer: met1
      Partial area ratio:    8.33
      Required ratio:    0.00 (Gate area) 
      Partial area ratio:   42.44
      Required ratio:  400.00 (Side area) 
      Cumulative area ratio:    8.33
      Required ratio:    0.00 (Cumulative area) 
      Cumulative area ratio:   42.44
      Required ratio:    0.00 (Cumulative side area) 

    Layer: li1
      Partial area ratio:    0.00
      Required ratio:    0.00 (Gate area) 
      Partial area ratio:    0.00
      Required ratio:   75.00 (Side area) 
      Cumulative area ratio:    0.00
      Required ratio:    0.00 (Cumulative area) 
      Cumulative area ratio:    0.00
      Required ratio:    0.00 (Cumulative side area) 

    Via: M1M2_PR
      Partial area ratio:    0.18
      Required ratio:    6.00 (Gate area) 
      Cumulative area ratio:    0.41
      Required ratio:    0.00 (Cumulative area) 

    Via: L1M1_PR
      Partial area ratio:    0.23
      Required ratio:    3.00 (Gate area) 
      Cumulative area ratio:    0.23
      Required ratio:    0.00 (Cumulative area) 

  Pin: _29804_/A0 (sky130_fd_sc_hd__mux2_1)
    Layer: met2
      Partial area ratio:    6.69
      Required ratio:    0.00 (Gate area) 
      Partial area ratio:   34.40
      Required ratio: 2956.40 (Side area) 
      Cumulative area ratio:   91.40
      Required ratio:    0.00 (Cumulative area) 
      Cumulative area ratio:  469.62
      Required ratio:    0.00 (Cumulative side area) 

    Layer: met1
      Partial area ratio:    3.73
      Required ratio:    0.00 (Gate area) 
      Partial area ratio:   19.44
      Required ratio:  400.00 (Side area) 
      Cumulative area ratio:    3.73
      Required ratio:    0.00 (Cumulative area) 
      Cumulative area ratio:   19.44
      Required ratio:    0.00 (Cumulative side area) 

    Layer: li1
      Partial area ratio:    0.00
      Required ratio:    0.00 (Gate area) 
      Partial area ratio:    0.00
      Required ratio:   75.00 (Side area) 
      Cumulative area ratio:    0.00
      Required ratio:    0.00 (Cumulative area) 
      Cumulative area ratio:    0.00
      Required ratio:    0.00 (Cumulative side area) 

    Via: M1M2_PR
      Partial area ratio:    0.18
      Required ratio:    6.00 (Gate area) 
      Cumulative area ratio:    0.41
      Required ratio:    0.00 (Cumulative area) 

    Via: L1M1_PR
      Partial area ratio:    0.23
      Required ratio:    3.00 (Gate area) 
      Cumulative area ratio:    0.23
      Required ratio:    0.00 (Cumulative area) 

  Pin: _28464_/A1 (sky130_fd_sc_hd__mux2_1)
    Layer: met2
      Partial area ratio:    6.69
      Required ratio:    0.00 (Gate area) 
      Partial area ratio:   34.40
      Required ratio: 2956.40 (Side area) 
      Cumulative area ratio:   88.33
      Required ratio:    0.00 (Cumulative area) 
      Cumulative area ratio:  454.29
      Required ratio:    0.00 (Cumulative side area) 

    Layer: met1
      Partial area ratio:    0.67
      Required ratio:    0.00 (Gate area) 
      Partial area ratio:    4.11
      Required ratio:  400.00 (Side area) 
      Cumulative area ratio:    0.67
      Required ratio:    0.00 (Cumulative area) 
      Cumulative area ratio:    4.11
      Required ratio:    0.00 (Cumulative side area) 

    Layer: li1
      Partial area ratio:    0.00
      Required ratio:    0.00 (Gate area) 
      Partial area ratio:    0.00
      Required ratio:   75.00 (Side area) 
      Cumulative area ratio:    0.00
      Required ratio:    0.00 (Cumulative area) 
      Cumulative area ratio:    0.00
      Required ratio:    0.00 (Cumulative side area) 

    Via: M1M2_PR
      Partial area ratio:    0.18
      Required ratio:    6.00 (Gate area) 
      Cumulative area ratio:    0.41
      Required ratio:    0.00 (Cumulative area) 

    Via: L1M1_PR
      Partial area ratio:    0.23
      Required ratio:    3.00 (Gate area) 
      Cumulative area ratio:    0.23
      Required ratio:    0.00 (Cumulative area) 

  Pin: _29536_/A0 (sky130_fd_sc_hd__mux2_1)
    Layer: met2
      Partial area ratio:    6.69
      Required ratio:    0.00 (Gate area) 
      Partial area ratio:   34.40
      Required ratio: 2956.40 (Side area) 
      Cumulative area ratio:   98.62
      Required ratio:    0.00 (Cumulative area) 
      Cumulative area ratio:  508.07
      Required ratio:    0.00 (Cumulative side area) 

    Layer: met1
      Partial area ratio:   10.96
      Required ratio:    0.00 (Gate area) 
      Partial area ratio:   57.89
      Required ratio:  400.00 (Side area) 
      Cumulative area ratio:   10.96
      Required ratio:    0.00 (Cumulative area) 
      Cumulative area ratio:   57.89
      Required ratio:    0.00 (Cumulative side area) 

    Layer: li1
      Partial area ratio:    0.00
      Required ratio:    0.00 (Gate area) 
      Partial area ratio:    0.00
      Required ratio:   75.00 (Side area) 
      Cumulative area ratio:    0.00
      Required ratio:    0.00 (Cumulative area) 
      Cumulative area ratio:    0.00
      Required ratio:    0.00 (Cumulative side area) 

    Via: M1M2_PR
      Partial area ratio:    0.36
      Required ratio:    6.00 (Gate area) 
      Cumulative area ratio:    0.59
      Required ratio:    0.00 (Cumulative area) 

    Via: L1M1_PR
      Partial area ratio:    0.23
      Required ratio:    3.00 (Gate area) 
      Cumulative area ratio:    0.23
      Required ratio:    0.00 (Cumulative area) 

  Pin: _28732_/A1 (sky130_fd_sc_hd__mux2_1)
    Layer: met2
      Partial area ratio:    6.69
      Required ratio:    0.00 (Gate area) 
      Partial area ratio:   34.40
      Required ratio: 2956.40 (Side area) 
      Cumulative area ratio:  107.98
      Required ratio:    0.00 (Cumulative area) 
      Cumulative area ratio:  555.62
      Required ratio:    0.00 (Cumulative side area) 

    Layer: met1
      Partial area ratio:    9.36
      Required ratio:    0.00 (Gate area) 
      Partial area ratio:   47.56
      Required ratio:  400.00 (Side area) 
      Cumulative area ratio:    9.36
      Required ratio:    0.00 (Cumulative area) 
      Cumulative area ratio:   47.56
      Required ratio:    0.00 (Cumulative side area) 

    Layer: li1
      Partial area ratio:    0.00
      Required ratio:    0.00 (Gate area) 
      Partial area ratio:    0.00
      Required ratio:   75.00 (Side area) 
      Cumulative area ratio:    0.00
      Required ratio:    0.00 (Cumulative area) 
      Cumulative area ratio:    0.00
      Required ratio:    0.00 (Cumulative side area) 

    Via: M1M2_PR
      Partial area ratio:    0.18
      Required ratio:    6.00 (Gate area) 
      Cumulative area ratio:    0.41
      Required ratio:    0.00 (Cumulative area) 

    Via: L1M1_PR
      Partial area ratio:    0.23
      Required ratio:    3.00 (Gate area) 
      Cumulative area ratio:    0.23
      Required ratio:    0.00 (Cumulative area) 

  Pin: _29268_/A0 (sky130_fd_sc_hd__mux2_1)
    Layer: met2
      Partial area ratio:    6.69
      Required ratio:    0.00 (Gate area) 
      Partial area ratio:   34.40
      Required ratio: 2956.40 (Side area) 
      Cumulative area ratio:   98.62
      Required ratio:    0.00 (Cumulative area) 
      Cumulative area ratio:  508.07
      Required ratio:    0.00 (Cumulative side area) 

    Layer: met1
      Partial area ratio:    0.00
      Required ratio:    0.00 (Gate area) 
      Partial area ratio:    0.00
      Required ratio:  400.00 (Side area) 
      Cumulative area ratio:    0.00
      Required ratio:    0.00 (Cumulative area) 
      Cumulative area ratio:    0.00
      Required ratio:    0.00 (Cumulative side area) 

    Layer: li1
      Partial area ratio:    0.00
      Required ratio:    0.00 (Gate area) 
      Partial area ratio:    0.00
      Required ratio:   75.00 (Side area) 
      Cumulative area ratio:    0.00
      Required ratio:    0.00 (Cumulative area) 
      Cumulative area ratio:    0.00
      Required ratio:    0.00 (Cumulative side area) 

    Via: M1M2_PR
      Partial area ratio:    0.18
      Required ratio:    6.00 (Gate area) 
      Cumulative area ratio:    0.41
      Required ratio:    0.00 (Cumulative area) 

    Via: L1M1_PR
      Partial area ratio:    0.23
      Required ratio:    3.00 (Gate area) 
      Cumulative area ratio:    0.23
      Required ratio:    0.00 (Cumulative area) 

  Pin: _30786_/A0 (sky130_fd_sc_hd__mux2_1)
    Layer: met2
      Partial area ratio:    6.69
      Required ratio:    0.00 (Gate area) 
      Partial area ratio:   34.40
      Required ratio: 2956.40 (Side area) 
      Cumulative area ratio:   91.91
      Required ratio:    0.00 (Cumulative area) 
      Cumulative area ratio:  472.18
      Required ratio:    0.00 (Cumulative side area) 

    Layer: met1
      Partial area ratio:    4.24
      Required ratio:    0.00 (Gate area) 
      Partial area ratio:   22.00
      Required ratio:  400.00 (Side area) 
      Cumulative area ratio:    4.24
      Required ratio:    0.00 (Cumulative area) 
      Cumulative area ratio:   22.00
      Required ratio:    0.00 (Cumulative side area) 

    Layer: li1
      Partial area ratio:    0.00
      Required ratio:    0.00 (Gate area) 
      Partial area ratio:    0.00
      Required ratio:   75.00 (Side area) 
      Cumulative area ratio:    0.00
      Required ratio:    0.00 (Cumulative area) 
      Cumulative area ratio:    0.00
      Required ratio:    0.00 (Cumulative side area) 

    Via: M1M2_PR
      Partial area ratio:    0.18
      Required ratio:    6.00 (Gate area) 
      Cumulative area ratio:    0.41
      Required ratio:    0.00 (Cumulative area) 

    Via: L1M1_PR
      Partial area ratio:    0.23
      Required ratio:    3.00 (Gate area) 
      Cumulative area ratio:    0.23
      Required ratio:    0.00 (Cumulative area) 

  Pin: _29000_/A1 (sky130_fd_sc_hd__mux2_1)
    Layer: met2
      Partial area ratio:    6.69
      Required ratio:    0.00 (Gate area) 
      Partial area ratio:   34.40
      Required ratio: 2956.40 (Side area) 
      Cumulative area ratio:   89.36
      Required ratio:    0.00 (Cumulative area) 
      Cumulative area ratio:  459.40
      Required ratio:    0.00 (Cumulative side area) 

    Layer: met1
      Partial area ratio:    1.69
      Required ratio:    0.00 (Gate area) 
      Partial area ratio:    9.22
      Required ratio:  400.00 (Side area) 
      Cumulative area ratio:    1.69
      Required ratio:    0.00 (Cumulative area) 
      Cumulative area ratio:    9.22
      Required ratio:    0.00 (Cumulative side area) 

    Layer: li1
      Partial area ratio:    0.00
      Required ratio:    0.00 (Gate area) 
      Partial area ratio:    0.00
      Required ratio:   75.00 (Side area) 
      Cumulative area ratio:    0.00
      Required ratio:    0.00 (Cumulative area) 
      Cumulative area ratio:    0.00
      Required ratio:    0.00 (Cumulative side area) 

    Via: M1M2_PR
      Partial area ratio:    0.18
      Required ratio:    6.00 (Gate area) 
      Cumulative area ratio:    0.41
      Required ratio:    0.00 (Cumulative area) 

    Via: L1M1_PR
      Partial area ratio:    0.23
      Required ratio:    3.00 (Gate area) 
      Cumulative area ratio:    0.23
      Required ratio:    0.00 (Cumulative area) 

  Pin: _28196_/A1 (sky130_fd_sc_hd__mux2_1)
    Layer: met2
      Partial area ratio:    6.69
      Required ratio:    0.00 (Gate area) 
      Partial area ratio:   34.40
      Required ratio: 2956.40 (Side area) 
      Cumulative area ratio:   87.67
      Required ratio:    0.00 (Cumulative area) 
      Cumulative area ratio:  450.18
      Required ratio:    0.00 (Cumulative side area) 

    Layer: met1
      Partial area ratio:   80.98
      Required ratio:    0.00 (Gate area) 
      Partial area ratio:  415.78
      Required ratio:  400.00 (Side area) (VIOLATED)
      Cumulative area ratio:   80.98
      Required ratio:    0.00 (Cumulative area) 
      Cumulative area ratio:  415.78
      Required ratio:    0.00 (Cumulative side area) 

    Layer: li1
      Partial area ratio:    0.00
      Required ratio:    0.00 (Gate area) 
      Partial area ratio:    0.00
      Required ratio:   75.00 (Side area) 
      Cumulative area ratio:    0.00
      Required ratio:    0.00 (Cumulative area) 
      Cumulative area ratio:    0.00
      Required ratio:    0.00 (Cumulative side area) 

    Via: M1M2_PR
      Partial area ratio:    0.54
      Required ratio:    6.00 (Gate area) 
      Cumulative area ratio:    0.77
      Required ratio:    0.00 (Cumulative area) 

    Via: L1M1_PR
      Partial area ratio:    0.23
      Required ratio:    3.00 (Gate area) 
      Cumulative area ratio:    0.23
      Required ratio:    0.00 (Cumulative area) 


Net: net38
  Pin: ANTENNA__26726__B1/DIODE (sky130_fd_sc_hd__diode_2)
    Layer: met2
      Partial area ratio:    1.46
      Required ratio:    0.00 (Gate area) 
      Partial area ratio:    7.56
      Required ratio: 3304.16 (Side area) 
      Cumulative area ratio:    1.95
      Required ratio:    0.00 (Cumulative area) 
      Cumulative area ratio:   10.23
      Required ratio:    0.00 (Cumulative side area) 

    Layer: met1
      Partial area ratio:    0.49
      Required ratio:    0.00 (Gate area) 
      Partial area ratio:    2.67
      Required ratio: 2773.88 (Side area) 
      Cumulative area ratio:    0.49
      Required ratio:    0.00 (Cumulative area) 
      Cumulative area ratio:    2.67
      Required ratio:    0.00 (Cumulative side area) 

    Layer: li1
      Partial area ratio:    0.00
      Required ratio:    0.00 (Gate area) 
      Partial area ratio:    0.00
      Required ratio:  270.61 (Side area) 
      Cumulative area ratio:    0.00
      Required ratio:    0.00 (Cumulative area) 
      Cumulative area ratio:    0.00
      Required ratio:    0.00 (Cumulative side area) 

    Layer: met3
      Partial area ratio:   14.82
      Required ratio:    0.00 (Gate area) 
      Partial area ratio:   79.64
      Required ratio: 4173.56 (Side area) 
      Cumulative area ratio:   16.78
      Required ratio:    0.00 (Cumulative area) 
      Cumulative area ratio:   89.87
      Required ratio:    0.00 (Cumulative side area) 

    Via: M2M3_PR
      Partial area ratio:    0.03
      Required ratio:    6.00 (Gate area) 
      Cumulative area ratio:    0.15
      Required ratio:    0.00 (Cumulative area) 

    Via: M1M2_PR
      Partial area ratio:    0.05
      Required ratio:    6.00 (Gate area) 
      Cumulative area ratio:    0.12
      Required ratio:    0.00 (Cumulative area) 

    Via: L1M1_PR
      Partial area ratio:    0.07
      Required ratio:    3.00 (Gate area) 
      Cumulative area ratio:    0.07
      Required ratio:    0.00 (Cumulative area) 

  Pin: ANTENNA__27106__B1/DIODE (sky130_fd_sc_hd__diode_2)
    Layer: met3
      Partial area ratio:   14.82
      Required ratio:    0.00 (Gate area) 
      Partial area ratio:   79.64
      Required ratio: 4173.56 (Side area) 
      Cumulative area ratio:  108.27
      Required ratio:    0.00 (Cumulative area) 
      Cumulative area ratio:  554.88
      Required ratio:    0.00 (Cumulative side area) 

    Layer: met2
      Partial area ratio:   13.42
      Required ratio:    0.00 (Gate area) 
      Partial area ratio:   67.87
      Required ratio: 2947.76 (Side area) 
      Cumulative area ratio:   14.65
      Required ratio:    0.00 (Cumulative area) 
      Cumulative area ratio:   74.24
      Required ratio:    0.00 (Cumulative side area) 

    Layer: met1
      Partial area ratio:    1.23
      Required ratio:    0.00 (Gate area) 
      Partial area ratio:    6.38
      Required ratio: 2773.88 (Side area) 
      Cumulative area ratio:    1.23
      Required ratio:    0.00 (Cumulative area) 
      Cumulative area ratio:    6.38
      Required ratio:    0.00 (Cumulative side area) 

    Layer: li1
      Partial area ratio:    0.00
      Required ratio:    0.00 (Gate area) 
      Partial area ratio:    0.00
      Required ratio:  270.61 (Side area) 
      Cumulative area ratio:    0.00
      Required ratio:    0.00 (Cumulative area) 
      Cumulative area ratio:    0.00
      Required ratio:    0.00 (Cumulative side area) 

    Via: M2M3_PR
      Partial area ratio:    0.07
      Required ratio:    6.00 (Gate area) 
      Cumulative area ratio:    0.24
      Required ratio:    0.00 (Cumulative area) 

    Via: M1M2_PR
      Partial area ratio:    0.10
      Required ratio:    6.00 (Gate area) 
      Cumulative area ratio:    0.17
      Required ratio:    0.00 (Cumulative area) 

    Via: L1M1_PR
      Partial area ratio:    0.07
      Required ratio:    3.00 (Gate area) 
      Cumulative area ratio:    0.07
      Required ratio:    0.00 (Cumulative area) 

  Pin: _27106_/B1 (sky130_fd_sc_hd__a2bb2o_1)
    Layer: met3
      Partial area ratio:   14.82
      Required ratio:    0.00 (Gate area) 
      Partial area ratio:   79.64
      Required ratio: 4173.56 (Side area) 
      Cumulative area ratio:  108.27
      Required ratio:    0.00 (Cumulative area) 
      Cumulative area ratio:  554.88
      Required ratio:    0.00 (Cumulative side area) 

    Layer: met2
      Partial area ratio:   13.42
      Required ratio:    0.00 (Gate area) 
      Partial area ratio:   67.87
      Required ratio: 2947.76 (Side area) 
      Cumulative area ratio:   93.45
      Required ratio:    0.00 (Cumulative area) 
      Cumulative area ratio:  475.24
      Required ratio:    0.00 (Cumulative side area) 

    Layer: met1
      Partial area ratio:   78.80
      Required ratio:    0.00 (Gate area) 
      Partial area ratio:  401.00
      Required ratio:  400.00 (Side area) (VIOLATED)
      Cumulative area ratio:   78.80
      Required ratio:    0.00 (Cumulative area) 
      Cumulative area ratio:  401.00
      Required ratio:    0.00 (Cumulative side area) 

    Layer: li1
      Partial area ratio:    0.00
      Required ratio:    0.00 (Gate area) 
      Partial area ratio:    0.00
      Required ratio:   75.00 (Side area) 
      Cumulative area ratio:    0.00
      Required ratio:    0.00 (Cumulative area) 
      Cumulative area ratio:    0.00
      Required ratio:    0.00 (Cumulative side area) 

    Via: M2M3_PR
      Partial area ratio:    0.07
      Required ratio:    6.00 (Gate area) 
      Cumulative area ratio:    0.76
      Required ratio:    0.00 (Cumulative area) 

    Via: M1M2_PR
      Partial area ratio:    0.36
      Required ratio:    6.00 (Gate area) 
      Cumulative area ratio:    0.59
      Required ratio:    0.00 (Cumulative area) 

    Via: L1M1_PR
      Partial area ratio:    0.23
      Required ratio:    3.00 (Gate area) 
      Cumulative area ratio:    0.23
      Required ratio:    0.00 (Cumulative area) 

  Pin: ANTENNA__26841__A2_N/DIODE (sky130_fd_sc_hd__diode_2)
    Layer: met3
      Partial area ratio:   14.82
      Required ratio:    0.00 (Gate area) 
      Partial area ratio:   79.64
      Required ratio: 4173.56 (Side area) 
      Cumulative area ratio:  111.14
      Required ratio:    0.00 (Cumulative area) 
      Cumulative area ratio:  570.77
      Required ratio:    0.00 (Cumulative side area) 

    Layer: met2
      Partial area ratio:   13.42
      Required ratio:    0.00 (Gate area) 
      Partial area ratio:   67.87
      Required ratio: 2947.76 (Side area) 
      Cumulative area ratio:   96.31
      Required ratio:    0.00 (Cumulative area) 
      Cumulative area ratio:  491.13
      Required ratio:    0.00 (Cumulative side area) 

    Layer: met1
      Partial area ratio:    0.00
      Required ratio:    0.00 (Gate area) 
      Partial area ratio:    0.00
      Required ratio: 2773.88 (Side area) 
      Cumulative area ratio:    0.00
      Required ratio:    0.00 (Cumulative area) 
      Cumulative area ratio:    0.00
      Required ratio:    0.00 (Cumulative side area) 

    Layer: li1
      Partial area ratio:    0.00
      Required ratio:    0.00 (Gate area) 
      Partial area ratio:    0.00
      Required ratio:  270.61 (Side area) 
      Cumulative area ratio:    0.00
      Required ratio:    0.00 (Cumulative area) 
      Cumulative area ratio:    0.00
      Required ratio:    0.00 (Cumulative side area) 

    Via: M2M3_PR
      Partial area ratio:    0.07
      Required ratio:    6.00 (Gate area) 
      Cumulative area ratio:    1.01
      Required ratio:    0.00 (Cumulative area) 

    Via: M1M2_PR
      Partial area ratio:    0.05
      Required ratio:    6.00 (Gate area) 
      Cumulative area ratio:    0.12
      Required ratio:    0.00 (Cumulative area) 

    Via: L1M1_PR
      Partial area ratio:    0.07
      Required ratio:    3.00 (Gate area) 
      Cumulative area ratio:    0.07
      Required ratio:    0.00 (Cumulative area) 

  Pin: _26841_/A2_N (sky130_fd_sc_hd__o2bb2a_1)
    Layer: met3
      Partial area ratio:   14.82
      Required ratio:    0.00 (Gate area) 
      Partial area ratio:   79.64
      Required ratio: 4173.56 (Side area) 
      Cumulative area ratio:  111.14
      Required ratio:    0.00 (Cumulative area) 
      Cumulative area ratio:  570.77
      Required ratio:    0.00 (Cumulative side area) 

    Layer: met2
      Partial area ratio:   13.42
      Required ratio:    0.00 (Gate area) 
      Partial area ratio:   67.87
      Required ratio: 2947.76 (Side area) 
      Cumulative area ratio:   96.31
      Required ratio:    0.00 (Cumulative area) 
      Cumulative area ratio:  491.13
      Required ratio:    0.00 (Cumulative side area) 

    Layer: met1
      Partial area ratio:    2.87
      Required ratio:    0.00 (Gate area) 
      Partial area ratio:   15.89
      Required ratio:  400.00 (Side area) 
      Cumulative area ratio:    2.87
      Required ratio:    0.00 (Cumulative area) 
      Cumulative area ratio:   15.89
      Required ratio:    0.00 (Cumulative side area) 

    Layer: li1
      Partial area ratio:    0.00
      Required ratio:    0.00 (Gate area) 
      Partial area ratio:    0.00
      Required ratio:   75.00 (Side area) 
      Cumulative area ratio:    0.00
      Required ratio:    0.00 (Cumulative area) 
      Cumulative area ratio:    0.00
      Required ratio:    0.00 (Cumulative side area) 

    Via: M2M3_PR
      Partial area ratio:    0.07
      Required ratio:    6.00 (Gate area) 
      Cumulative area ratio:    1.12
      Required ratio:    0.00 (Cumulative area) 

    Via: M1M2_PR
      Partial area ratio:    0.36
      Required ratio:    6.00 (Gate area) 
      Cumulative area ratio:    0.59
      Required ratio:    0.00 (Cumulative area) 

    Via: L1M1_PR
      Partial area ratio:    0.23
      Required ratio:    3.00 (Gate area) 
      Cumulative area ratio:    0.23
      Required ratio:    0.00 (Cumulative area) 

  Pin: _26417_/A2_N (sky130_fd_sc_hd__o2bb2a_1)
    Layer: met3
      Partial area ratio:   14.82
      Required ratio:    0.00 (Gate area) 
      Partial area ratio:   79.64
      Required ratio: 4173.56 (Side area) 
      Cumulative area ratio:  116.86
      Required ratio:    0.00 (Cumulative area) 
      Cumulative area ratio:  601.21
      Required ratio:    0.00 (Cumulative side area) 

    Layer: met2
      Partial area ratio:    3.88
      Required ratio:    0.00 (Gate area) 
      Partial area ratio:   20.21
      Required ratio: 3121.64 (Side area) 
      Cumulative area ratio:    8.59
      Required ratio:    0.00 (Cumulative area) 
      Cumulative area ratio:   46.32
      Required ratio:    0.00 (Cumulative side area) 

    Layer: met1
      Partial area ratio:    3.78
      Required ratio:    0.00 (Gate area) 
      Partial area ratio:   21.22
      Required ratio:  400.00 (Side area) 
      Cumulative area ratio:    3.78
      Required ratio:    0.00 (Cumulative area) 
      Cumulative area ratio:   21.22
      Required ratio:    0.00 (Cumulative side area) 

    Layer: li1
      Partial area ratio:    0.00
      Required ratio:    0.00 (Gate area) 
      Partial area ratio:    0.00
      Required ratio:   75.00 (Side area) 
      Cumulative area ratio:    0.00
      Required ratio:    0.00 (Cumulative area) 
      Cumulative area ratio:    0.00
      Required ratio:    0.00 (Cumulative side area) 

    Via: M2M3_PR
      Partial area ratio:    0.02
      Required ratio:    6.00 (Gate area) 
      Cumulative area ratio:    0.53
      Required ratio:    0.00 (Cumulative area) 

    Via: M1M2_PR
      Partial area ratio:    0.18
      Required ratio:    6.00 (Gate area) 
      Cumulative area ratio:    0.41
      Required ratio:    0.00 (Cumulative area) 

    Via: L1M1_PR
      Partial area ratio:    0.23
      Required ratio:    3.00 (Gate area) 
      Cumulative area ratio:    0.23
      Required ratio:    0.00 (Cumulative area) 

  Pin: ANTENNA__26417__A2_N/DIODE (sky130_fd_sc_hd__diode_2)
    Layer: met3
      Partial area ratio:   14.82
      Required ratio:    0.00 (Gate area) 
      Partial area ratio:   79.64
      Required ratio: 4173.56 (Side area) 
      Cumulative area ratio:  113.08
      Required ratio:    0.00 (Cumulative area) 
      Cumulative area ratio:  579.98
      Required ratio:    0.00 (Cumulative side area) 

    Layer: met2
      Partial area ratio:    3.88
      Required ratio:    0.00 (Gate area) 
      Partial area ratio:   20.21
      Required ratio: 3121.64 (Side area) 
      Cumulative area ratio:    4.81
      Required ratio:    0.00 (Cumulative area) 
      Cumulative area ratio:   25.10
      Required ratio:    0.00 (Cumulative side area) 

    Layer: met1
      Partial area ratio:    0.93
      Required ratio:    0.00 (Gate area) 
      Partial area ratio:    4.90
      Required ratio: 2773.88 (Side area) 
      Cumulative area ratio:    0.93
      Required ratio:    0.00 (Cumulative area) 
      Cumulative area ratio:    4.90
      Required ratio:    0.00 (Cumulative side area) 

    Layer: li1
      Partial area ratio:    0.00
      Required ratio:    0.00 (Gate area) 
      Partial area ratio:    0.00
      Required ratio:  270.61 (Side area) 
      Cumulative area ratio:    0.00
      Required ratio:    0.00 (Cumulative area) 
      Cumulative area ratio:    0.00
      Required ratio:    0.00 (Cumulative side area) 

    Via: M2M3_PR
      Partial area ratio:    0.02
      Required ratio:    6.00 (Gate area) 
      Cumulative area ratio:    0.19
      Required ratio:    0.00 (Cumulative area) 

    Via: M1M2_PR
      Partial area ratio:    0.10
      Required ratio:    6.00 (Gate area) 
      Cumulative area ratio:    0.17
      Required ratio:    0.00 (Cumulative area) 

    Via: L1M1_PR
      Partial area ratio:    0.07
      Required ratio:    3.00 (Gate area) 
      Cumulative area ratio:    0.07
      Required ratio:    0.00 (Cumulative area) 

  Pin: _25744_/A (sky130_fd_sc_hd__buf_4)
    Layer: met3
      Partial area ratio:   14.82
      Required ratio:    0.00 (Gate area) 
      Partial area ratio:   79.64
      Required ratio: 4173.56 (Side area) 
      Cumulative area ratio:  112.96
      Required ratio:    0.00 (Cumulative area) 
      Cumulative area ratio:  579.44
      Required ratio:    0.00 (Cumulative side area) 

    Layer: met2
      Partial area ratio:    3.88
      Required ratio:    0.00 (Gate area) 
      Partial area ratio:   20.21
      Required ratio: 3121.64 (Side area) 
      Cumulative area ratio:    4.69
      Required ratio:    0.00 (Cumulative area) 
      Cumulative area ratio:   24.56
      Required ratio:    0.00 (Cumulative side area) 

    Layer: met1
      Partial area ratio:    0.81
      Required ratio:    0.00 (Gate area) 
      Partial area ratio:    4.35
      Required ratio: 2773.88 (Side area) 
      Cumulative area ratio:    0.81
      Required ratio:    0.00 (Cumulative area) 
      Cumulative area ratio:    4.35
      Required ratio:    0.00 (Cumulative side area) 

    Layer: li1
      Partial area ratio:    0.00
      Required ratio:    0.00 (Gate area) 
      Partial area ratio:    0.00
      Required ratio:   75.00 (Side area) 
      Cumulative area ratio:    0.00
      Required ratio:    0.00 (Cumulative area) 
      Cumulative area ratio:    0.00
      Required ratio:    0.00 (Cumulative side area) 

    Via: M2M3_PR
      Partial area ratio:    0.02
      Required ratio:    6.00 (Gate area) 
      Cumulative area ratio:    0.17
      Required ratio:    0.00 (Cumulative area) 

    Via: M1M2_PR
      Partial area ratio:    0.03
      Required ratio:    6.00 (Gate area) 
      Cumulative area ratio:    0.15
      Required ratio:    0.00 (Cumulative area) 

    Via: L1M1_PR
      Partial area ratio:    0.12
      Required ratio:    3.00 (Gate area) 
      Cumulative area ratio:    0.12
      Required ratio:    0.00 (Cumulative area) 

  Pin: ANTENNA__25744__A/DIODE (sky130_fd_sc_hd__diode_2)
    Layer: met3
      Partial area ratio:   14.82
      Required ratio:    0.00 (Gate area) 
      Partial area ratio:   79.64
      Required ratio: 4173.56 (Side area) 
      Cumulative area ratio:  112.96
      Required ratio:    0.00 (Cumulative area) 
      Cumulative area ratio:  579.44
      Required ratio:    0.00 (Cumulative side area) 

    Layer: met2
      Partial area ratio:    3.88
      Required ratio:    0.00 (Gate area) 
      Partial area ratio:   20.21
      Required ratio: 3121.64 (Side area) 
      Cumulative area ratio:    4.69
      Required ratio:    0.00 (Cumulative area) 
      Cumulative area ratio:   24.56
      Required ratio:    0.00 (Cumulative side area) 

    Layer: met1
      Partial area ratio:    0.81
      Required ratio:    0.00 (Gate area) 
      Partial area ratio:    4.35
      Required ratio: 2773.88 (Side area) 
      Cumulative area ratio:    0.81
      Required ratio:    0.00 (Cumulative area) 
      Cumulative area ratio:    4.35
      Required ratio:    0.00 (Cumulative side area) 

    Layer: li1
      Partial area ratio:    0.00
      Required ratio:    0.00 (Gate area) 
      Partial area ratio:    0.00
      Required ratio:  270.61 (Side area) 
      Cumulative area ratio:    0.00
      Required ratio:    0.00 (Cumulative area) 
      Cumulative area ratio:    0.00
      Required ratio:    0.00 (Cumulative side area) 

    Via: M2M3_PR
      Partial area ratio:    0.02
      Required ratio:    6.00 (Gate area) 
      Cumulative area ratio:    0.12
      Required ratio:    0.00 (Cumulative area) 

    Via: M1M2_PR
      Partial area ratio:    0.03
      Required ratio:    6.00 (Gate area) 
      Cumulative area ratio:    0.10
      Required ratio:    0.00 (Cumulative area) 

    Via: L1M1_PR
      Partial area ratio:    0.07
      Required ratio:    3.00 (Gate area) 
      Cumulative area ratio:    0.07
      Required ratio:    0.00 (Cumulative area) 

  Pin: ANTENNA__26043__A2_N/DIODE (sky130_fd_sc_hd__diode_2)
    Layer: met3
      Partial area ratio:   14.82
      Required ratio:    0.00 (Gate area) 
      Partial area ratio:   79.64
      Required ratio: 4173.56 (Side area) 
      Cumulative area ratio:  113.02
      Required ratio:    0.00 (Cumulative area) 
      Cumulative area ratio:  579.81
      Required ratio:    0.00 (Cumulative side area) 

    Layer: met2
      Partial area ratio:    3.88
      Required ratio:    0.00 (Gate area) 
      Partial area ratio:   20.21
      Required ratio: 3121.64 (Side area) 
      Cumulative area ratio:    4.75
      Required ratio:    0.00 (Cumulative area) 
      Cumulative area ratio:   24.92
      Required ratio:    0.00 (Cumulative side area) 

    Layer: met1
      Partial area ratio:    0.87
      Required ratio:    0.00 (Gate area) 
      Partial area ratio:    4.72
      Required ratio: 2773.88 (Side area) 
      Cumulative area ratio:    0.87
      Required ratio:    0.00 (Cumulative area) 
      Cumulative area ratio:    4.72
      Required ratio:    0.00 (Cumulative side area) 

    Layer: li1
      Partial area ratio:    0.00
      Required ratio:    0.00 (Gate area) 
      Partial area ratio:    0.00
      Required ratio:  270.61 (Side area) 
      Cumulative area ratio:    0.00
      Required ratio:    0.00 (Cumulative area) 
      Cumulative area ratio:    0.00
      Required ratio:    0.00 (Cumulative side area) 

    Via: M2M3_PR
      Partial area ratio:    0.02
      Required ratio:    6.00 (Gate area) 
      Cumulative area ratio:    0.13
      Required ratio:    0.00 (Cumulative area) 

    Via: M1M2_PR
      Partial area ratio:    0.04
      Required ratio:    6.00 (Gate area) 
      Cumulative area ratio:    0.11
      Required ratio:    0.00 (Cumulative area) 

    Via: L1M1_PR
      Partial area ratio:    0.07
      Required ratio:    3.00 (Gate area) 
      Cumulative area ratio:    0.07
      Required ratio:    0.00 (Cumulative area) 

  Pin: _26043_/A2_N (sky130_fd_sc_hd__o2bb2a_1)
    Layer: met3
      Partial area ratio:   14.82
      Required ratio:    0.00 (Gate area) 
      Partial area ratio:   79.64
      Required ratio: 4173.56 (Side area) 
      Cumulative area ratio:  113.02
      Required ratio:    0.00 (Cumulative area) 
      Cumulative area ratio:  579.81
      Required ratio:    0.00 (Cumulative side area) 

    Layer: met2
      Partial area ratio:    3.88
      Required ratio:    0.00 (Gate area) 
      Partial area ratio:   20.21
      Required ratio: 3121.64 (Side area) 
      Cumulative area ratio:    4.75
      Required ratio:    0.00 (Cumulative area) 
      Cumulative area ratio:   24.92
      Required ratio:    0.00 (Cumulative side area) 

    Layer: met1
      Partial area ratio:    0.87
      Required ratio:    0.00 (Gate area) 
      Partial area ratio:    4.72
      Required ratio: 2773.88 (Side area) 
      Cumulative area ratio:    0.87
      Required ratio:    0.00 (Cumulative area) 
      Cumulative area ratio:    4.72
      Required ratio:    0.00 (Cumulative side area) 

    Layer: li1
      Partial area ratio:    0.00
      Required ratio:    0.00 (Gate area) 
      Partial area ratio:    0.00
      Required ratio:   75.00 (Side area) 
      Cumulative area ratio:    0.00
      Required ratio:    0.00 (Cumulative area) 
      Cumulative area ratio:    0.00
      Required ratio:    0.00 (Cumulative side area) 

    Via: M2M3_PR
      Partial area ratio:    0.02
      Required ratio:    6.00 (Gate area) 
      Cumulative area ratio:    0.29
      Required ratio:    0.00 (Cumulative area) 

    Via: M1M2_PR
      Partial area ratio:    0.04
      Required ratio:    6.00 (Gate area) 
      Cumulative area ratio:    0.27
      Required ratio:    0.00 (Cumulative area) 

    Via: L1M1_PR
      Partial area ratio:    0.23
      Required ratio:    3.00 (Gate area) 
      Cumulative area ratio:    0.23
      Required ratio:    0.00 (Cumulative area) 

  Pin: ANTENNA__26720__B1/DIODE (sky130_fd_sc_hd__diode_2)
    Layer: met2
      Partial area ratio:    1.46
      Required ratio:    0.00 (Gate area) 
      Partial area ratio:    7.56
      Required ratio: 3304.16 (Side area) 
      Cumulative area ratio:    2.58
      Required ratio:    0.00 (Cumulative area) 
      Cumulative area ratio:   13.74
      Required ratio:    0.00 (Cumulative side area) 

    Layer: met3
      Partial area ratio:   14.82
      Required ratio:    0.00 (Gate area) 
      Partial area ratio:   79.64
      Required ratio: 4173.56 (Side area) 
      Cumulative area ratio:   17.40
      Required ratio:    0.00 (Cumulative area) 
      Cumulative area ratio:   93.38
      Required ratio:    0.00 (Cumulative side area) 

    Layer: met1
      Partial area ratio:    1.12
      Required ratio:    0.00 (Gate area) 
      Partial area ratio:    6.18
      Required ratio: 2773.88 (Side area) 
      Cumulative area ratio:    1.12
      Required ratio:    0.00 (Cumulative area) 
      Cumulative area ratio:    6.18
      Required ratio:    0.00 (Cumulative side area) 

    Layer: li1
      Partial area ratio:    0.00
      Required ratio:    0.00 (Gate area) 
      Partial area ratio:    0.00
      Required ratio:  270.61 (Side area) 
      Cumulative area ratio:    0.00
      Required ratio:    0.00 (Cumulative area) 
      Cumulative area ratio:    0.00
      Required ratio:    0.00 (Cumulative side area) 

    Via: M2M3_PR
      Partial area ratio:    0.03
      Required ratio:    6.00 (Gate area) 
      Cumulative area ratio:    0.13
      Required ratio:    0.00 (Cumulative area) 

    Via: M1M2_PR
      Partial area ratio:    0.03
      Required ratio:    6.00 (Gate area) 
      Cumulative area ratio:    0.09
      Required ratio:    0.00 (Cumulative area) 

    Via: L1M1_PR
      Partial area ratio:    0.07
      Required ratio:    3.00 (Gate area) 
      Cumulative area ratio:    0.07
      Required ratio:    0.00 (Cumulative area) 

  Pin: _26726_/B1 (sky130_fd_sc_hd__a2bb2o_1)
    Layer: met2
      Partial area ratio:    1.46
      Required ratio:    0.00 (Gate area) 
      Partial area ratio:    7.56
      Required ratio: 3304.16 (Side area) 
      Cumulative area ratio:    2.58
      Required ratio:    0.00 (Cumulative area) 
      Cumulative area ratio:   13.74
      Required ratio:    0.00 (Cumulative side area) 

    Layer: met3
      Partial area ratio:   14.82
      Required ratio:    0.00 (Gate area) 
      Partial area ratio:   79.64
      Required ratio: 4173.56 (Side area) 
      Cumulative area ratio:   17.40
      Required ratio:    0.00 (Cumulative area) 
      Cumulative area ratio:   93.38
      Required ratio:    0.00 (Cumulative side area) 

    Layer: met1
      Partial area ratio:    1.12
      Required ratio:    0.00 (Gate area) 
      Partial area ratio:    6.18
      Required ratio: 2773.88 (Side area) 
      Cumulative area ratio:    1.12
      Required ratio:    0.00 (Cumulative area) 
      Cumulative area ratio:    6.18
      Required ratio:    0.00 (Cumulative side area) 

    Layer: li1
      Partial area ratio:    0.00
      Required ratio:    0.00 (Gate area) 
      Partial area ratio:    0.00
      Required ratio:   75.00 (Side area) 
      Cumulative area ratio:    0.00
      Required ratio:    0.00 (Cumulative area) 
      Cumulative area ratio:    0.00
      Required ratio:    0.00 (Cumulative side area) 

    Via: M2M3_PR
      Partial area ratio:    0.03
      Required ratio:    6.00 (Gate area) 
      Cumulative area ratio:    0.29
      Required ratio:    0.00 (Cumulative area) 

    Via: M1M2_PR
      Partial area ratio:    0.03
      Required ratio:    6.00 (Gate area) 
      Cumulative area ratio:    0.26
      Required ratio:    0.00 (Cumulative area) 

    Via: L1M1_PR
      Partial area ratio:    0.23
      Required ratio:    3.00 (Gate area) 
      Cumulative area ratio:    0.23
      Required ratio:    0.00 (Cumulative area) 

  Pin: _26720_/B1 (sky130_fd_sc_hd__o22ai_1)
    Layer: met2
      Partial area ratio:    1.46
      Required ratio:    0.00 (Gate area) 
      Partial area ratio:    7.56
      Required ratio: 3304.16 (Side area) 
      Cumulative area ratio:    2.58
      Required ratio:    0.00 (Cumulative area) 
      Cumulative area ratio:   13.74
      Required ratio:    0.00 (Cumulative side area) 

    Layer: met3
      Partial area ratio:   14.82
      Required ratio:    0.00 (Gate area) 
      Partial area ratio:   79.64
      Required ratio: 4173.56 (Side area) 
      Cumulative area ratio:   17.40
      Required ratio:    0.00 (Cumulative area) 
      Cumulative area ratio:   93.38
      Required ratio:    0.00 (Cumulative side area) 

    Layer: met1
      Partial area ratio:    1.12
      Required ratio:    0.00 (Gate area) 
      Partial area ratio:    6.18
      Required ratio: 2773.88 (Side area) 
      Cumulative area ratio:    1.12
      Required ratio:    0.00 (Cumulative area) 
      Cumulative area ratio:    6.18
      Required ratio:    0.00 (Cumulative side area) 

    Layer: li1
      Partial area ratio:    0.00
      Required ratio:    0.00 (Gate area) 
      Partial area ratio:    0.00
      Required ratio:   75.00 (Side area) 
      Cumulative area ratio:    0.00
      Required ratio:    0.00 (Cumulative area) 
      Cumulative area ratio:    0.00
      Required ratio:    0.00 (Cumulative side area) 

    Via: M2M3_PR
      Partial area ratio:    0.03
      Required ratio:    6.00 (Gate area) 
      Cumulative area ratio:    0.18
      Required ratio:    0.00 (Cumulative area) 

    Via: M1M2_PR
      Partial area ratio:    0.03
      Required ratio:    6.00 (Gate area) 
      Cumulative area ratio:    0.14
      Required ratio:    0.00 (Cumulative area) 

    Via: L1M1_PR
      Partial area ratio:    0.12
      Required ratio:    3.00 (Gate area) 
      Cumulative area ratio:    0.12
      Required ratio:    0.00 (Cumulative area) 


Net: net2517
  Pin: ANTENNA__23604__A0/DIODE (sky130_fd_sc_hd__diode_2)
    Layer: met2
      Partial area ratio:    8.81
      Required ratio:    0.00 (Gate area) 
      Partial area ratio:   44.77
      Required ratio: 3656.24 (Side area) 
      Cumulative area ratio:   11.74
      Required ratio:    0.00 (Cumulative area) 
      Cumulative area ratio:   60.08
      Required ratio:    0.00 (Cumulative side area) 

    Layer: met1
      Partial area ratio:    2.92
      Required ratio:    0.00 (Gate area) 
      Partial area ratio:   15.31
      Required ratio: 2773.88 (Side area) 
      Cumulative area ratio:    2.92
      Required ratio:    0.00 (Cumulative area) 
      Cumulative area ratio:   15.31
      Required ratio:    0.00 (Cumulative side area) 

    Layer: li1
      Partial area ratio:    0.00
      Required ratio:    0.00 (Gate area) 
      Partial area ratio:    0.00
      Required ratio:  270.61 (Side area) 
      Cumulative area ratio:    0.00
      Required ratio:    0.00 (Cumulative area) 
      Cumulative area ratio:    0.00
      Required ratio:    0.00 (Cumulative side area) 

    Layer: met3
      Partial area ratio:    0.18
      Required ratio:    0.00 (Gate area) 
      Partial area ratio:    1.23
      Required ratio: 3656.24 (Side area) 
      Cumulative area ratio:   11.91
      Required ratio:    0.00 (Cumulative area) 
      Cumulative area ratio:   61.31
      Required ratio:    0.00 (Cumulative side area) 

    Layer: met4
      Partial area ratio:   24.11
      Required ratio:    0.00 (Gate area) 
      Partial area ratio:  129.62
      Required ratio: 4004.00 (Side area) 
      Cumulative area ratio:   36.02
      Required ratio:    0.00 (Cumulative area) 
      Cumulative area ratio:  190.93
      Required ratio:    0.00 (Cumulative side area) 

    Via: M2M3_PR
      Partial area ratio:    0.02
      Required ratio:    6.00 (Gate area) 
      Cumulative area ratio:    0.17
      Required ratio:    0.00 (Cumulative area) 

    Via: M1M2_PR
      Partial area ratio:    0.08
      Required ratio:    6.00 (Gate area) 
      Cumulative area ratio:    0.15
      Required ratio:    0.00 (Cumulative area) 

    Via: L1M1_PR
      Partial area ratio:    0.07
      Required ratio:    3.00 (Gate area) 
      Cumulative area ratio:    0.07
      Required ratio:    0.00 (Cumulative area) 

    Via: M3M4_PR
      Partial area ratio:    0.02
      Required ratio:    6.00 (Gate area) 
      Cumulative area ratio:    0.19
      Required ratio:    0.00 (Cumulative area) 

  Pin: _23604_/A0 (sky130_fd_sc_hd__mux2_1)
    Layer: met2
      Partial area ratio:    8.81
      Required ratio:    0.00 (Gate area) 
      Partial area ratio:   44.77
      Required ratio: 3656.24 (Side area) 
      Cumulative area ratio:   11.74
      Required ratio:    0.00 (Cumulative area) 
      Cumulative area ratio:   60.08
      Required ratio:    0.00 (Cumulative side area) 

    Layer: met1
      Partial area ratio:    2.92
      Required ratio:    0.00 (Gate area) 
      Partial area ratio:   15.31
      Required ratio: 2773.88 (Side area) 
      Cumulative area ratio:    2.92
      Required ratio:    0.00 (Cumulative area) 
      Cumulative area ratio:   15.31
      Required ratio:    0.00 (Cumulative side area) 

    Layer: li1
      Partial area ratio:    0.00
      Required ratio:    0.00 (Gate area) 
      Partial area ratio:    0.00
      Required ratio:   75.00 (Side area) 
      Cumulative area ratio:    0.00
      Required ratio:    0.00 (Cumulative area) 
      Cumulative area ratio:    0.00
      Required ratio:    0.00 (Cumulative side area) 

    Layer: met3
      Partial area ratio:    0.18
      Required ratio:    0.00 (Gate area) 
      Partial area ratio:    1.23
      Required ratio: 3656.24 (Side area) 
      Cumulative area ratio:   11.91
      Required ratio:    0.00 (Cumulative area) 
      Cumulative area ratio:   61.31
      Required ratio:    0.00 (Cumulative side area) 

    Layer: met4
      Partial area ratio:   24.11
      Required ratio:    0.00 (Gate area) 
      Partial area ratio:  129.62
      Required ratio: 4004.00 (Side area) 
      Cumulative area ratio:   36.02
      Required ratio:    0.00 (Cumulative area) 
      Cumulative area ratio:  190.93
      Required ratio:    0.00 (Cumulative side area) 

    Via: M2M3_PR
      Partial area ratio:    0.02
      Required ratio:    6.00 (Gate area) 
      Cumulative area ratio:    0.33
      Required ratio:    0.00 (Cumulative area) 

    Via: M1M2_PR
      Partial area ratio:    0.08
      Required ratio:    6.00 (Gate area) 
      Cumulative area ratio:    0.31
      Required ratio:    0.00 (Cumulative area) 

    Via: L1M1_PR
      Partial area ratio:    0.23
      Required ratio:    3.00 (Gate area) 
      Cumulative area ratio:    0.23
      Required ratio:    0.00 (Cumulative area) 

    Via: M3M4_PR
      Partial area ratio:    0.02
      Required ratio:    6.00 (Gate area) 
      Cumulative area ratio:    0.36
      Required ratio:    0.00 (Cumulative area) 

  Pin: ANTENNA__22248__A0/DIODE (sky130_fd_sc_hd__diode_2)
    Layer: met2
      Partial area ratio:    8.81
      Required ratio:    0.00 (Gate area) 
      Partial area ratio:   44.77
      Required ratio: 3656.24 (Side area) 
      Cumulative area ratio:   11.74
      Required ratio:    0.00 (Cumulative area) 
      Cumulative area ratio:   60.08
      Required ratio:    0.00 (Cumulative side area) 

    Layer: met1
      Partial area ratio:    0.00
      Required ratio:    0.00 (Gate area) 
      Partial area ratio:    0.00
      Required ratio: 2773.88 (Side area) 
      Cumulative area ratio:    0.00
      Required ratio:    0.00 (Cumulative area) 
      Cumulative area ratio:    0.00
      Required ratio:    0.00 (Cumulative side area) 

    Layer: li1
      Partial area ratio:    0.00
      Required ratio:    0.00 (Gate area) 
      Partial area ratio:    0.00
      Required ratio:  270.61 (Side area) 
      Cumulative area ratio:    0.00
      Required ratio:    0.00 (Cumulative area) 
      Cumulative area ratio:    0.00
      Required ratio:    0.00 (Cumulative side area) 

    Layer: met3
      Partial area ratio:    0.18
      Required ratio:    0.00 (Gate area) 
      Partial area ratio:    1.23
      Required ratio: 3656.24 (Side area) 
      Cumulative area ratio:   11.91
      Required ratio:    0.00 (Cumulative area) 
      Cumulative area ratio:   61.31
      Required ratio:    0.00 (Cumulative side area) 

    Layer: met4
      Partial area ratio:   24.11
      Required ratio:    0.00 (Gate area) 
      Partial area ratio:  129.62
      Required ratio: 4004.00 (Side area) 
      Cumulative area ratio:   36.02
      Required ratio:    0.00 (Cumulative area) 
      Cumulative area ratio:  190.93
      Required ratio:    0.00 (Cumulative side area) 

    Via: M2M3_PR
      Partial area ratio:    0.02
      Required ratio:    6.00 (Gate area) 
      Cumulative area ratio:    0.22
      Required ratio:    0.00 (Cumulative area) 

    Via: M1M2_PR
      Partial area ratio:    0.05
      Required ratio:    6.00 (Gate area) 
      Cumulative area ratio:    0.12
      Required ratio:    0.00 (Cumulative area) 

    Via: L1M1_PR
      Partial area ratio:    0.07
      Required ratio:    3.00 (Gate area) 
      Cumulative area ratio:    0.07
      Required ratio:    0.00 (Cumulative area) 

    Via: M3M4_PR
      Partial area ratio:    0.02
      Required ratio:    6.00 (Gate area) 
      Cumulative area ratio:    0.25
      Required ratio:    0.00 (Cumulative area) 

  Pin: _22248_/A0 (sky130_fd_sc_hd__mux2_1)
    Layer: met2
      Partial area ratio:    8.81
      Required ratio:    0.00 (Gate area) 
      Partial area ratio:   44.77
      Required ratio: 3656.24 (Side area) 
      Cumulative area ratio:  202.23
      Required ratio:    0.00 (Cumulative area) 
      Cumulative area ratio: 1024.19
      Required ratio:    0.00 (Cumulative side area) 

    Layer: met1
      Partial area ratio:  190.49
      Required ratio:    0.00 (Gate area) 
      Partial area ratio:  964.11
      Required ratio:  400.00 (Side area) (VIOLATED)
      Cumulative area ratio:  190.49
      Required ratio:    0.00 (Cumulative area) 
      Cumulative area ratio:  964.11
      Required ratio:    0.00 (Cumulative side area) 

    Layer: li1
      Partial area ratio:    0.00
      Required ratio:    0.00 (Gate area) 
      Partial area ratio:    0.00
      Required ratio:   75.00 (Side area) 
      Cumulative area ratio:    0.00
      Required ratio:    0.00 (Cumulative area) 
      Cumulative area ratio:    0.00
      Required ratio:    0.00 (Cumulative side area) 

    Layer: met3
      Partial area ratio:    0.18
      Required ratio:    0.00 (Gate area) 
      Partial area ratio:    1.23
      Required ratio: 3656.24 (Side area) 
      Cumulative area ratio:  202.40
      Required ratio:    0.00 (Cumulative area) 
      Cumulative area ratio: 1025.42
      Required ratio:    0.00 (Cumulative side area) 

    Layer: met4
      Partial area ratio:   24.11
      Required ratio:    0.00 (Gate area) 
      Partial area ratio:  129.62
      Required ratio: 4004.00 (Side area) 
      Cumulative area ratio:  226.51
      Required ratio:    0.00 (Cumulative area) 
      Cumulative area ratio: 1155.04
      Required ratio:    0.00 (Cumulative side area) 

    Via: M2M3_PR
      Partial area ratio:    0.02
      Required ratio:    6.00 (Gate area) 
      Cumulative area ratio:    0.69
      Required ratio:    0.00 (Cumulative area) 

    Via: M1M2_PR
      Partial area ratio:    0.36
      Required ratio:    6.00 (Gate area) 
      Cumulative area ratio:    0.59
      Required ratio:    0.00 (Cumulative area) 

    Via: L1M1_PR
      Partial area ratio:    0.23
      Required ratio:    3.00 (Gate area) 
      Cumulative area ratio:    0.23
      Required ratio:    0.00 (Cumulative area) 

    Via: M3M4_PR
      Partial area ratio:    0.02
      Required ratio:    6.00 (Gate area) 
      Cumulative area ratio:    0.71
      Required ratio:    0.00 (Cumulative area) 

  Pin: ANTENNA__23321__A0/DIODE (sky130_fd_sc_hd__diode_2)
    Layer: met2
      Partial area ratio:    8.81
      Required ratio:    0.00 (Gate area) 
      Partial area ratio:   44.77
      Required ratio: 3656.24 (Side area) 
      Cumulative area ratio:  202.83
      Required ratio:    0.00 (Cumulative area) 
      Cumulative area ratio: 1027.41
      Required ratio:    0.00 (Cumulative side area) 

    Layer: met1
      Partial area ratio:    0.61
      Required ratio:    0.00 (Gate area) 
      Partial area ratio:    3.22
      Required ratio: 2773.88 (Side area) 
      Cumulative area ratio:    0.61
      Required ratio:    0.00 (Cumulative area) 
      Cumulative area ratio:    3.22
      Required ratio:    0.00 (Cumulative side area) 

    Layer: li1
      Partial area ratio:    0.00
      Required ratio:    0.00 (Gate area) 
      Partial area ratio:    0.00
      Required ratio:  270.61 (Side area) 
      Cumulative area ratio:    0.00
      Required ratio:    0.00 (Cumulative area) 
      Cumulative area ratio:    0.00
      Required ratio:    0.00 (Cumulative side area) 

    Layer: met3
      Partial area ratio:    0.18
      Required ratio:    0.00 (Gate area) 
      Partial area ratio:    1.23
      Required ratio: 3656.24 (Side area) 
      Cumulative area ratio:  203.01
      Required ratio:    0.00 (Cumulative area) 
      Cumulative area ratio: 1028.64
      Required ratio:    0.00 (Cumulative side area) 

    Layer: met4
      Partial area ratio:   24.11
      Required ratio:    0.00 (Gate area) 
      Partial area ratio:  129.62
      Required ratio: 4004.00 (Side area) 
      Cumulative area ratio:  227.12
      Required ratio:    0.00 (Cumulative area) 
      Cumulative area ratio: 1158.26
      Required ratio:    0.00 (Cumulative side area) 

    Via: M2M3_PR
      Partial area ratio:    0.02
      Required ratio:    6.00 (Gate area) 
      Cumulative area ratio:    0.57
      Required ratio:    0.00 (Cumulative area) 

    Via: M1M2_PR
      Partial area ratio:    0.04
      Required ratio:    6.00 (Gate area) 
      Cumulative area ratio:    0.11
      Required ratio:    0.00 (Cumulative area) 

    Via: L1M1_PR
      Partial area ratio:    0.07
      Required ratio:    3.00 (Gate area) 
      Cumulative area ratio:    0.07
      Required ratio:    0.00 (Cumulative area) 

    Via: M3M4_PR
      Partial area ratio:    0.02
      Required ratio:    6.00 (Gate area) 
      Cumulative area ratio:    0.59
      Required ratio:    0.00 (Cumulative area) 

  Pin: _23321_/A0 (sky130_fd_sc_hd__mux2_1)
    Layer: met2
      Partial area ratio:    8.81
      Required ratio:    0.00 (Gate area) 
      Partial area ratio:   44.77
      Required ratio: 3656.24 (Side area) 
      Cumulative area ratio:  202.83
      Required ratio:    0.00 (Cumulative area) 
      Cumulative area ratio: 1027.41
      Required ratio:    0.00 (Cumulative side area) 

    Layer: met1
      Partial area ratio:    0.61
      Required ratio:    0.00 (Gate area) 
      Partial area ratio:    3.22
      Required ratio: 2773.88 (Side area) 
      Cumulative area ratio:    0.61
      Required ratio:    0.00 (Cumulative area) 
      Cumulative area ratio:    3.22
      Required ratio:    0.00 (Cumulative side area) 

    Layer: li1
      Partial area ratio:    0.00
      Required ratio:    0.00 (Gate area) 
      Partial area ratio:    0.00
      Required ratio:   75.00 (Side area) 
      Cumulative area ratio:    0.00
      Required ratio:    0.00 (Cumulative area) 
      Cumulative area ratio:    0.00
      Required ratio:    0.00 (Cumulative side area) 

    Layer: met3
      Partial area ratio:    0.18
      Required ratio:    0.00 (Gate area) 
      Partial area ratio:    1.23
      Required ratio: 3656.24 (Side area) 
      Cumulative area ratio:  203.01
      Required ratio:    0.00 (Cumulative area) 
      Cumulative area ratio: 1028.64
      Required ratio:    0.00 (Cumulative side area) 

    Layer: met4
      Partial area ratio:   24.11
      Required ratio:    0.00 (Gate area) 
      Partial area ratio:  129.62
      Required ratio: 4004.00 (Side area) 
      Cumulative area ratio:  227.12
      Required ratio:    0.00 (Cumulative area) 
      Cumulative area ratio: 1158.26
      Required ratio:    0.00 (Cumulative side area) 

    Via: M2M3_PR
      Partial area ratio:    0.02
      Required ratio:    6.00 (Gate area) 
      Cumulative area ratio:    0.73
      Required ratio:    0.00 (Cumulative area) 

    Via: M1M2_PR
      Partial area ratio:    0.04
      Required ratio:    6.00 (Gate area) 
      Cumulative area ratio:    0.27
      Required ratio:    0.00 (Cumulative area) 

    Via: L1M1_PR
      Partial area ratio:    0.23
      Required ratio:    3.00 (Gate area) 
      Cumulative area ratio:    0.23
      Required ratio:    0.00 (Cumulative area) 

    Via: M3M4_PR
      Partial area ratio:    0.02
      Required ratio:    6.00 (Gate area) 
      Cumulative area ratio:    0.75
      Required ratio:    0.00 (Cumulative area) 

  Pin: ANTENNA__21980__A0/DIODE (sky130_fd_sc_hd__diode_2)
    Layer: met4
      Partial area ratio:   24.11
      Required ratio:    0.00 (Gate area) 
      Partial area ratio:  129.62
      Required ratio: 4004.00 (Side area) 
      Cumulative area ratio:   26.14
      Required ratio:    0.00 (Cumulative area) 
      Cumulative area ratio:  141.35
      Required ratio:    0.00 (Cumulative side area) 

    Layer: met3
      Partial area ratio:    0.53
      Required ratio:    0.00 (Gate area) 
      Partial area ratio:    3.68
      Required ratio: 2773.88 (Side area) 
      Cumulative area ratio:    2.02
      Required ratio:    0.00 (Cumulative area) 
      Cumulative area ratio:   11.73
      Required ratio:    0.00 (Cumulative side area) 

    Layer: met2
      Partial area ratio:    1.30
      Required ratio:    0.00 (Gate area) 
      Partial area ratio:    6.85
      Required ratio: 2773.88 (Side area) 
      Cumulative area ratio:    1.49
      Required ratio:    0.00 (Cumulative area) 
      Cumulative area ratio:    8.05
      Required ratio:    0.00 (Cumulative side area) 

    Layer: met1
      Partial area ratio:    0.19
      Required ratio:    0.00 (Gate area) 
      Partial area ratio:    1.19
      Required ratio: 2773.88 (Side area) 
      Cumulative area ratio:    0.19
      Required ratio:    0.00 (Cumulative area) 
      Cumulative area ratio:    1.19
      Required ratio:    0.00 (Cumulative side area) 

    Layer: li1
      Partial area ratio:    0.00
      Required ratio:    0.00 (Gate area) 
      Partial area ratio:    0.00
      Required ratio:  270.61 (Side area) 
      Cumulative area ratio:    0.00
      Required ratio:    0.00 (Cumulative area) 
      Cumulative area ratio:    0.00
      Required ratio:    0.00 (Cumulative side area) 

    Via: M3M4_PR
      Partial area ratio:    0.07
      Required ratio:    6.00 (Gate area) 
      Cumulative area ratio:    0.26
      Required ratio:    0.00 (Cumulative area) 

    Via: M2M3_PR
      Partial area ratio:    0.07
      Required ratio:    6.00 (Gate area) 
      Cumulative area ratio:    0.19
      Required ratio:    0.00 (Cumulative area) 

    Via: M1M2_PR
      Partial area ratio:    0.05
      Required ratio:    6.00 (Gate area) 
      Cumulative area ratio:    0.12
      Required ratio:    0.00 (Cumulative area) 

    Via: L1M1_PR
      Partial area ratio:    0.07
      Required ratio:    3.00 (Gate area) 
      Cumulative area ratio:    0.07
      Required ratio:    0.00 (Cumulative area) 

  Pin: _21980_/A0 (sky130_fd_sc_hd__mux2_1)
    Layer: met4
      Partial area ratio:   24.11
      Required ratio:    0.00 (Gate area) 
      Partial area ratio:  129.62
      Required ratio: 4004.00 (Side area) 
      Cumulative area ratio:   26.61
      Required ratio:    0.00 (Cumulative area) 
      Cumulative area ratio:  144.27
      Required ratio:    0.00 (Cumulative side area) 

    Layer: met3
      Partial area ratio:    0.53
      Required ratio:    0.00 (Gate area) 
      Partial area ratio:    3.68
      Required ratio: 2773.88 (Side area) 
      Cumulative area ratio:    2.50
      Required ratio:    0.00 (Cumulative area) 
      Cumulative area ratio:   14.65
      Required ratio:    0.00 (Cumulative side area) 

    Layer: met2
      Partial area ratio:    1.30
      Required ratio:    0.00 (Gate area) 
      Partial area ratio:    6.85
      Required ratio: 2773.88 (Side area) 
      Cumulative area ratio:    1.97
      Required ratio:    0.00 (Cumulative area) 
      Cumulative area ratio:   10.97
      Required ratio:    0.00 (Cumulative side area) 

    Layer: met1
      Partial area ratio:    0.67
      Required ratio:    0.00 (Gate area) 
      Partial area ratio:    4.11
      Required ratio:  400.00 (Side area) 
      Cumulative area ratio:    0.67
      Required ratio:    0.00 (Cumulative area) 
      Cumulative area ratio:    4.11
      Required ratio:    0.00 (Cumulative side area) 

    Layer: li1
      Partial area ratio:    0.00
      Required ratio:    0.00 (Gate area) 
      Partial area ratio:    0.00
      Required ratio:   75.00 (Side area) 
      Cumulative area ratio:    0.00
      Required ratio:    0.00 (Cumulative area) 
      Cumulative area ratio:    0.00
      Required ratio:    0.00 (Cumulative side area) 

    Via: M3M4_PR
      Partial area ratio:    0.07
      Required ratio:    6.00 (Gate area) 
      Cumulative area ratio:    0.55
      Required ratio:    0.00 (Cumulative area) 

    Via: M2M3_PR
      Partial area ratio:    0.07
      Required ratio:    6.00 (Gate area) 
      Cumulative area ratio:    0.48
      Required ratio:    0.00 (Cumulative area) 

    Via: M1M2_PR
      Partial area ratio:    0.18
      Required ratio:    6.00 (Gate area) 
      Cumulative area ratio:    0.41
      Required ratio:    0.00 (Cumulative area) 

    Via: L1M1_PR
      Partial area ratio:    0.23
      Required ratio:    3.00 (Gate area) 
      Cumulative area ratio:    0.23
      Required ratio:    0.00 (Cumulative area) 

  Pin: ANTENNA__23052__A0/DIODE (sky130_fd_sc_hd__diode_2)
    Layer: met4
      Partial area ratio:   24.11
      Required ratio:    0.00 (Gate area) 
      Partial area ratio:  129.62
      Required ratio: 4004.00 (Side area) 
      Cumulative area ratio:   27.58
      Required ratio:    0.00 (Cumulative area) 
      Cumulative area ratio:  149.21
      Required ratio:    0.00 (Cumulative side area) 

    Layer: met3
      Partial area ratio:    1.27
      Required ratio:    0.00 (Gate area) 
      Partial area ratio:    7.62
      Required ratio: 2773.88 (Side area) 
      Cumulative area ratio:    3.47
      Required ratio:    0.00 (Cumulative area) 
      Cumulative area ratio:   19.58
      Required ratio:    0.00 (Cumulative side area) 

    Layer: met2
      Partial area ratio:    0.52
      Required ratio:    0.00 (Gate area) 
      Partial area ratio:    3.11
      Required ratio: 2773.88 (Side area) 
      Cumulative area ratio:    2.20
      Required ratio:    0.00 (Cumulative area) 
      Cumulative area ratio:   11.97
      Required ratio:    0.00 (Cumulative side area) 

    Layer: met1
      Partial area ratio:    1.68
      Required ratio:    0.00 (Gate area) 
      Partial area ratio:    8.86
      Required ratio: 2773.88 (Side area) 
      Cumulative area ratio:    1.68
      Required ratio:    0.00 (Cumulative area) 
      Cumulative area ratio:    8.86
      Required ratio:    0.00 (Cumulative side area) 

    Layer: li1
      Partial area ratio:    0.00
      Required ratio:    0.00 (Gate area) 
      Partial area ratio:    0.00
      Required ratio:  270.61 (Side area) 
      Cumulative area ratio:    0.00
      Required ratio:    0.00 (Cumulative area) 
      Cumulative area ratio:    0.00
      Required ratio:    0.00 (Cumulative side area) 

    Via: M3M4_PR
      Partial area ratio:    0.07
      Required ratio:    6.00 (Gate area) 
      Cumulative area ratio:    0.26
      Required ratio:    0.00 (Cumulative area) 

    Via: M2M3_PR
      Partial area ratio:    0.07
      Required ratio:    6.00 (Gate area) 
      Cumulative area ratio:    0.19
      Required ratio:    0.00 (Cumulative area) 

    Via: M1M2_PR
      Partial area ratio:    0.05
      Required ratio:    6.00 (Gate area) 
      Cumulative area ratio:    0.12
      Required ratio:    0.00 (Cumulative area) 

    Via: L1M1_PR
      Partial area ratio:    0.07
      Required ratio:    3.00 (Gate area) 
      Cumulative area ratio:    0.07
      Required ratio:    0.00 (Cumulative area) 

  Pin: _23052_/A0 (sky130_fd_sc_hd__mux2_1)
    Layer: met4
      Partial area ratio:   24.11
      Required ratio:    0.00 (Gate area) 
      Partial area ratio:  129.62
      Required ratio: 4004.00 (Side area) 
      Cumulative area ratio:   27.07
      Required ratio:    0.00 (Cumulative area) 
      Cumulative area ratio:  147.02
      Required ratio:    0.00 (Cumulative side area) 

    Layer: met3
      Partial area ratio:    1.27
      Required ratio:    0.00 (Gate area) 
      Partial area ratio:    7.62
      Required ratio: 2773.88 (Side area) 
      Cumulative area ratio:    2.96
      Required ratio:    0.00 (Cumulative area) 
      Cumulative area ratio:   17.39
      Required ratio:    0.00 (Cumulative side area) 

    Layer: met2
      Partial area ratio:    0.52
      Required ratio:    0.00 (Gate area) 
      Partial area ratio:    3.11
      Required ratio: 2773.88 (Side area) 
      Cumulative area ratio:    1.69
      Required ratio:    0.00 (Cumulative area) 
      Cumulative area ratio:    9.78
      Required ratio:    0.00 (Cumulative side area) 

    Layer: met1
      Partial area ratio:    1.18
      Required ratio:    0.00 (Gate area) 
      Partial area ratio:    6.67
      Required ratio:  400.00 (Side area) 
      Cumulative area ratio:    1.18
      Required ratio:    0.00 (Cumulative area) 
      Cumulative area ratio:    6.67
      Required ratio:    0.00 (Cumulative side area) 

    Layer: li1
      Partial area ratio:    0.00
      Required ratio:    0.00 (Gate area) 
      Partial area ratio:    0.00
      Required ratio:   75.00 (Side area) 
      Cumulative area ratio:    0.00
      Required ratio:    0.00 (Cumulative area) 
      Cumulative area ratio:    0.00
      Required ratio:    0.00 (Cumulative side area) 

    Via: M3M4_PR
      Partial area ratio:    0.07
      Required ratio:    6.00 (Gate area) 
      Cumulative area ratio:    0.55
      Required ratio:    0.00 (Cumulative area) 

    Via: M2M3_PR
      Partial area ratio:    0.07
      Required ratio:    6.00 (Gate area) 
      Cumulative area ratio:    0.48
      Required ratio:    0.00 (Cumulative area) 

    Via: M1M2_PR
      Partial area ratio:    0.18
      Required ratio:    6.00 (Gate area) 
      Cumulative area ratio:    0.41
      Required ratio:    0.00 (Cumulative area) 

    Via: L1M1_PR
      Partial area ratio:    0.23
      Required ratio:    3.00 (Gate area) 
      Cumulative area ratio:    0.23
      Required ratio:    0.00 (Cumulative area) 


[INFO ANT-0002] Found 27 net violations.
[INFO ANT-0001] Found 27 pin violations.
