net,length_um
_14982_,1469.63
_14942_,1438.51
_15142_,1406.67
_15147_,1405.19
_14974_,1396.88
_18589_,1385.77
_14972_,1371.16
net415,1370.58
_15137_,1368.73
_15115_,1367.18
_18418_,1366.59
_15111_,1361.83
_14953_,1345.88
_15131_,1327.52
_15104_,1318.01
_19489_,1314.29
_15119_,1311.14
_14945_,1308.63
_15133_,1294.08
_15127_,1290.41
_14955_,1289.25
_14969_,1287.09
_15065_,1286.96
_15053_,1284.77
_19330_,1271.19
_15117_,1268.55
_15140_,1267.43
_15099_,1245.02
_15154_,1237.53
_15063_,1227.82
_18210_,1226.435
_19071_,1220.495
_15107_,1214.15
_15150_,1211.06
_15152_,1210.43
_15074_,1206.54
_15077_,1192.84
_14986_,1190.35
_14947_,1178.09
_14964_,1175.42
_18396_,1174.04
_15135_,1168.42
_15037_,1167.62
_15034_,1160.32
_14978_,1144.53
_19020_,1140.8
_18105_,1139.865
_15061_,1134.03
_15030_,1133.8
_15025_,1119.23
_15080_,1109.68
_15032_,1108.65
_18537_,1081.9
_18581_,1080.56
_18431_,1080.23
_15113_,1077.28
_18610_,1074.74
_19230_,1074.06
_15047_,1070.23
_15129_,1069.28
_15057_,1067.68
_18727_,1052.43
_14984_,1051.01
_17266_,1047.45
_18252_,1045.79
_18608_,1044.39
_19322_,1040.86
_15082_,1031.56
_18630_,1030.68
_14950_,1030.41
_15041_,1030.26
_18146_,1027.315
_17119_,1022.52
_18155_,1021.21
_17258_,1018.565
_15095_,1004.4
_15166_,1003.12
_14994_,1000.42
net4,999.25
_15121_,997.24
_18520_,990.275
_14962_,988.68
_18564_,972.39
_17069_,967.22
_18755_,963.545
_15072_,947.13
_15109_,947
_15124_,926.74
_18195_,925.825
_17221_,925.09
_14996_,917.21
_14938_,914.375
_15170_,912.3
_15068_,909.89
_18575_,905.64
_15091_,904.17
_18552_,898.66
_15043_,898.1
_17316_,894.76
_15173_,890.71
_14976_,882.99
_17194_,875.61
_07722_,864.26
clknet_2_1_0_clk,863.22
_15084_,862.675
_15163_,859.81
_18080_,858.97
_19499_,857.86
clknet_2_3_0_clk,855.36
net233,852.09
_19458_,851.47
_15089_,849.17
_17297_,848.165
_17957_,847.21
_15102_,843.99
_17933_,840.74
_15008_,839.48
_17869_,838.77
_14998_,837.08
_18723_,835.54
clknet_2_2_0_clk,834.65
_18631_,832.44
_17249_,831.03
_17780_,825.42
_17789_,825.345
_17870_,824.72
_17212_,824.01
_17101_,823.71
_17850_,820.38
_15168_,818.58
clknet_0_clk,818.375
_15157_,814.78
_18148_,810.88
_18211_,807.24
_18448_,805.08
_18258_,803.415
_18129_,802.365
_17463_,801.25
_18178_,800.245
_17140_,792.51
_19363_,792.475
clknet_2_0_0_clk,791.26
_14988_,790.25
_18018_,790.095
_17240_,789.5
_15021_,786.43
_16979_,784.48
_17090_,780.855
_15050_,779.79
_08892_,771.335
net414,770.28
_17386_,765.03
clknet_5_23__leaf_clk,763.19
_17633_,761.62
_15023_,761.2
_18128_,761.02
_18048_,760.89
_15059_,759.8
_18040_,755.235
_17499_,753.6
_14990_,749.22
_17230_,748.165
_18490_,746.12
_18458_,745.98
_17481_,745.73
_17045_,743.85
_17973_,738.515
_19408_,738.3
_17144_,737.47
_17150_,734.43
_18203_,734.035
_18209_,732.35
_17384_,730.735
_19231_,728.88
_18204_,727.13
_14967_,725.54
_18222_,725.03
_17110_,721.76
_17157_,719.63
_17411_,719.1
_17734_,718.21
_17094_,718.13
_15003_,714.99
_18237_,711.35
_17625_,707.825
_18009_,707.35
_17717_,706.36
_17288_,702.845
_18071_,698.52
_17105_,695.835
_18036_,695.73
_17999_,694.93
_17109_,694.36
_18184_,693.87
_18060_,692.61
_18525_,691.04
_17153_,690.65
_14992_,689.35
_17148_,685.08
_17691_,685.01
_13859_,682.47
_17145_,680.74
_16949_,677.45
_17151_,676.91
_17001_,676.58
_17091_,671.92
_16895_,671.71
_18117_,671.68
_17453_,670.46
_18157_,670.415
_19059_,668.505
_03656_,665.815
_18135_,665.69
net5,663.42
_16519_,661.97
_18049_,659.42
_15097_,658.62
_17760_,657.45
net62,657.435
_17665_,654.79
_18360_,652.13
_17107_,650.39
_17147_,648.625
_15159_,646.88
_15012_,644.37
_14077_,644.04
_17175_,643.15
_17211_,642.94
_17131_,640.66
net40,640.265
_15010_,638.98
_15014_,638.09
_19586_,635.1
_18079_,634.58
_15093_,632.01
_14137_,630.12
clknet_5_22__leaf_clk,628.2
_17818_,628.165
_16891_,628.11
_17567_,627.31
_03833_,626.22
_17569_,624.63
_17167_,623.135
clknet_5_19__leaf_clk,622.08
_17096_,621.46
clk,618.89
_17471_,618.05
_17605_,617.6
_13988_,617.02
_17279_,616.81
_17753_,615.55
u_cmd_parser.challenge_nonce\[38\],615.19
net2517,615.18
_17859_,614.885
_17596_,612.44
_14760_,612.13
_17172_,611.54
_17142_,611.18
_18429_,611.18
_17905_,610.9
_18263_,608.425
_17500_,608.315
_16920_,607.66
_17182_,606.555
u_cmd_parser.challenge_nonce\[37\],604.745
_03639_,603.175
_17088_,602.68
u_cmd_parser.challenge_nonce\[36\],602.2
_18091_,600.92
_07627_,600
_17017_,599.66
_13771_,598.65
clknet_5_26__leaf_clk,598.39
_12892_,598.3
_17896_,597.265
_03841_,596.91
clknet_5_15__leaf_clk,595.08
_16954_,594.62
_18185_,594.265
net3,592.6
_17035_,592.49
_15000_,591.15
_17271_,591.145
_16896_,590.525
_17761_,589.45
_17544_,588.58
net61,587.97
_16969_,587.35
_17965_,587.12
clknet_5_12__leaf_clk,587.105
_18179_,586.3
_05011_,585.61
_16899_,584.94
_17941_,584.21
_05589_,583.14
u_cmd_parser.challenge_nonce\[33\],581.42
net297,580.2
_17325_,579.36
_17577_,579.17
_17434_,578.975
net47,578.21
_17491_,577.73
_03837_,576.81
_18115_,576.2
net298,575.44
_17011_,575.27
_18169_,574.64
_17013_,574.41
_03653_,573.3
_18059_,573.3
_17115_,572.92
_18225_,571.805
_17473_,571.16
_17039_,569.39
_16973_,569.355
_17587_,567.69
_05510_,567.54
_16916_,567.04
_17745_,566.47
_17112_,566.39
clknet_5_16__leaf_clk,565.84
_17113_,565.36
_17924_,565.34
_17726_,565.06
_04570_,564.59
clknet_5_24__leaf_clk,564.34
_17170_,564.29
_16460_,563.17
_03859_,562.82
_03850_,562.455
_15681_,560.53
_17206_,560.47
_17517_,560.18
_17248_,559.36
_17034_,559.26
_07656_,558.635
_04988_,558.575
_18364_,556.99
_17166_,555.515
_16975_,554.85
_06024_,554.76
_18116_,552.905
_17078_,552.585
net60,551.815
clknet_5_27__leaf_clk,551.78
_05149_,551.77
_17168_,551.3
_16984_,551.01
_15016_,551.005
_03652_,550.95
net41,550.69
_17827_,549.87
_04981_,549.74
_14924_,549.07
_04184_,548.995
clknet_5_20__leaf_clk,548.765
u_auth_fsm.pld_idx\[1\],548.3
_03642_,548.29
_18120_,546.735
net65,545.67
_17810_,545.19
_04710_,544.02
_17007_,543.99
clknet_5_28__leaf_clk,543.46
u_cmd_parser.challenge_nonce\[32\],542.66
_04150_,542.36
_16971_,541.92
_17699_,541.58
_17698_,541.56
_16906_,541.315
_03854_,540.14
_05509_,539.84
_16951_,539.2
_13770_,538.77
clknet_5_30__leaf_clk,538.74
net52,538.58
_17752_,537.83
_17991_,537.06
_13788_,536.72
_17229_,536.57
_17348_,535.39
_17041_,534.4
_04324_,533.24
clknet_5_18__leaf_clk,533.15
_17085_,531.65
_16911_,531.49
_17009_,531.41
_04033_,530.76
_17083_,528.97
_18017_,528.62
net55,528.46
_04497_,528.12
_04604_,527.71
_16838_,526.5
_16990_,525.88
_16966_,524.99
net42,524.98
_05146_,524.965
u_cmd_parser.challenge_nonce\[4\],524.59
_16964_,524.38
_17464_,524.08
_17176_,524.02
net77,523.79
_12827_,523.36
u_cmd_parser.challenge_nonce\[15\],523.21
_17983_,522.155
_18026_,521.445
_04010_,521.28
_17080_,521.05
_19582_,520.68
_03870_,519.6
_18156_,517.05
_14156_,516.03
_03846_,515.45
_17124_,515.05
_18535_,513.97
_18221_,513.27
_16994_,512.205
_14147_,512.12
_17333_,511.39
_09323_,511.04
net39,510.13
_07432_,510.04
_17561_,509.96
clknet_5_17__leaf_clk,508.93
_04637_,507.04
_06237_,506.2
_17771_,505.13
_17174_,504.15
_19706_,504.11
clknet_5_1__leaf_clk,502.66
_17998_,502.26
net66,501.95
_17830_,501.8
clknet_5_13__leaf_clk,501.51
net68,501.335
net100,501.1
_05141_,500.76
_04918_,500.14
_05268_,499.86
_04810_,499.46
_16955_,499.29
_17193_,499.08
_04744_,497.98
_17673_,497.3
_04077_,496.79
clknet_5_31__leaf_clk,496.6
_17888_,495.905
_05587_,495.85
u_cmd_parser.challenge_nonce\[123\],495.695
net38,495.46
_16987_,495.26
_12925_,494.82
_17309_,493.83
net53,493.69
net50,492.545
_17006_,492.35
net72,492.265
_17516_,491.65
_05234_,491.58
_16961_,490.54
u_cmd_parser.challenge_nonce\[13\],489.955
net63,489.24
u_cmd_parser.challenge_nonce\[5\],488.94
_18152_,488.67
_16904_,488.3
_04430_,488.12
_17603_,487.98
_04217_,486.98
_19718_,486.6
clknet_5_29__leaf_clk,486.355
_16950_,485.745
net2518,485.31
_04313_,485.26
_13230_,485.02
_07998_,484.62
net67,484.41
_17944_,483.32
_17378_,482.28
_13860_,481.92
u_cmd_parser.challenge_nonce\[49\],481.64
_04464_,481.335
_04670_,481.31
_17787_,480.2
_11217_,479.55
net79,479.34
u_cmd_parser.challenge_nonce\[126\],479
net70,478.88
_08059_,478.36
_17219_,477.51
_17286_,477.42
_16997_,477.4
_05301_,477.3
_04530_,476.87
_17509_,476.155
_03803_,475.57
_04357_,475.285
clknet_5_9__leaf_clk,475.13
_17683_,474.335
_17401_,473.64
_03640_,473.14
u_cmd_parser.challenge_nonce\[3\],470.86
_16455_,470.25
_04110_,469.61
u_cmd_parser.challenge_nonce\[14\],468.68
_17358_,467.615
_16461_,467.6
_04290_,467.46
_08117_,466.38
_18104_,466.08
_05506_,465.515
net78,464.83
_17278_,464.54
_13328_,464.02
_17213_,463.58
_13187_,462.86
_17305_,461.995
_16993_,461.83
_16454_,461.81
_17558_,461.5
_16989_,461.48
_06884_,459.26
clknet_5_25__leaf_clk,459.08
_04777_,457.92
_15543_,457.7
_17533_,457.61
_07433_,457.24
_05512_,457.19
_04250_,457.1
net76,456.24
_17839_,455.25
net363,455.07
net80,454.57
_18136_,454.32
_16900_,454.3
net59,453.52
net75,453.19
_05257_,452.475
_16812_,452.02
_16986_,451.98
_12117_,451.97
_14624_,450.12
_05334_,449.435
_05290_,448.455
_16635_,448.26
_18070_,447.595
_17770_,447.12
_13806_,446.765
_17063_,444.98
_04626_,444.04
_17189_,443.98
net49,443.7
u_cmd_parser.challenge_nonce\[10\],443.66
_17296_,443.24
_07960_,442.78
_09157_,442.67
net127,442.32
_17426_,440.9
_17055_,440.73
u_cmd_parser.challenge_nonce\[18\],440.635
_05741_,440.075
_17033_,439.88
_04733_,439.28
_14458_,439.11
_17257_,438.72
u_cmd_parser.challenge_nonce\[121\],438.64
u_cmd_parser.challenge_nonce\[127\],438.52
_15604_,435.89
_03551_,435.66
_17171_,435.33
net54,433.55
_04390_,432.12
_06940_,431.47
_17525_,431.24
_16910_,431.17
_15659_,429.88
_17079_,428.78
_16456_,428.75
u_cmd_parser.challenge_nonce\[11\],428.56
_18025_,427.81
_14287_,427.78
_11345_,427.41
clknet_5_14__leaf_clk,427.395
u_auth_fsm.nonce_hist\[4\]\[47\],426.93
_04206_,426.08
_04044_,425.47
_17403_,425.265
net58,424.99
_11277_,424.65
_13263_,424.48
_17347_,424.055
_04453_,423.78
net37,423.32
_14192_,423.27
_15801_,422.69
net56,421.875
_19575_,421.63
_17161_,421.62
_17026_,421.26
u_cmd_parser.challenge_nonce\[9\],420.78
_17543_,420.52
_17690_,420.14
net43,420.08
_13078_,419.9
_17849_,418.78
_17022_,418.44
_18244_,418.37
clknet_5_8__leaf_clk,418.155
_07172_,417.48
_12956_,417.48
_14293_,417.355
net81,417.3
_14423_,416.62
_17025_,416.3
net19,415.63
_14166_,414.96
_18008_,413.895
_17020_,413.125
net15,413.09
_17914_,411.875
_17023_,411.74
net74,411.12
_17743_,410.89
u_cmd_parser.challenge_nonce\[124\],410.88
_07910_,409.86
net16,409.415
_12862_,409.08
_17887_,408.955
net51,408.41
_04173_,408.295
_19658_,407.38
_14336_,407.17
_15196_,406.9
_17061_,406.61
u_cmd_parser.challenge_nonce\[125\],405.78
_04593_,405.76
_18456_,405.34
_06635_,403.655
clknet_5_11__leaf_clk,402.93
_17585_,401.65
_16917_,401.095
_17594_,400.58
_17451_,399.92
_04722_,398.46
_13949_,398.32
_15886_,398.26
net48,397.32
_04475_,397.06
u_cmd_parser.challenge_nonce\[29\],396.76
_17126_,396.285
_17724_,396
_17065_,395.94
_16981_,395.23
_03937_,395.08
_16921_,394.76
net82,394.75
_14971_,394.56
_04346_,394.45
_07143_,394.33
clknet_5_3__leaf_clk,393.96
_17419_,393.035
_16903_,392.88
_16892_,392.71
_14212_,391.99
_04766_,391.97
_16952_,391.66
_18114_,391.4
_08087_,390.56
_05653_,390.52
_09046_,390.49
_17274_,389.2
_09106_,389.18
_17028_,389.18
_18047_,388.875
_13841_,388.18
net153,388.04
u_cmd_parser.challenge_nonce\[119\],387.96
u_cmd_parser.challenge_nonce\[120\],387.57
_06590_,387.52
u_cmd_parser.challenge_nonce\[12\],387.46
_17340_,387.21
_04486_,387
_05594_,386.895
_17817_,386.855
u_cmd_parser.challenge_nonce\[35\],386.12
u_cmd_parser.challenge_nonce\[87\],385.28
_17016_,385.115
_14175_,383.82
_17880_,383.71
_06938_,383.04
_17121_,382.44
_17122_,382.28
_17972_,382
net23,380.86
net12,380.64
_04022_,380.26
u_cmd_parser.challenge_nonce\[84\],379.92
net2516,379.7
_14786_,379.18
_18371_,378.07
_11616_,376.69
_17030_,375.79
clknet_5_21__leaf_clk,375.76
_15240_,375.62
u_cmd_parser.challenge_nonce\[30\],375.275
_04582_,375.25
_12787_,375.12
u_cmd_parser.challenge_nonce\[16\],374.85
_14040_,374.675
_17118_,374.66
_16978_,372.625
clknet_5_7__leaf_clk,372.54
_14719_,372.375
net207,371.98
_07147_,371.54
_13550_,371.32
clknet_5_4__leaf_clk,370.05
net17,369.7
u_cmd_parser.challenge_nonce\[31\],369.04
_15823_,368.22
_13142_,368.08
_09292_,367.6
_15746_,367.54
u_cmd_parser.challenge_nonce\[34\],367.46
_14685_,366.98
_15670_,366.61
u_cmd_parser.challenge_nonce\[57\],366.565
_14944_,365.98
_16179_,365.74
_06076_,365.71
_06154_,365.64
_05704_,365.32
_15218_,365.19
_17060_,365.18
_15295_,365.09
_16485_,365.02
u_auth_fsm.nonce_hist\[4\]\[80\],364.96
_15466_,363.42
net13,362.98
_16924_,362.78
_12677_,361.94
_17247_,361.845
u_cmd_parser.challenge_nonce\[50\],361.8
net156,361.51
_14184_,361.31
net71,361.1
_13774_,360.58
_09759_,359.925
_14000_,359.87
_07064_,359.44
_14807_,359.38
_05584_,359.22
_17931_,359.06
_05852_,358.32
_04681_,357.98
_14911_,357.89
u_cmd_parser.challenge_nonce\[122\],357.82
_07589_,357.49
_14007_,357.35
_04975_,356.73
_04151_,356.24
_05651_,355.385
_07262_,354.9
_14695_,354.74
_07144_,354.29
_10879_,354.28
_07588_,354.155
_12739_,353.46
fifo_nonce\[0\]\[110\],352.88
net64,352.79
_06883_,352.44
_18089_,352.31
_08760_,352.14
_14929_,352.13
fifo_nonce\[0\]\[109\],351.955
_15615_,351.46
_18220_,351.26
_16887_,350.72
_18024_,350.19
_13358_,350.08
_15714_,350.05
_03845_,350.02
u_cmd_parser.challenge_nonce\[53\],349.56
_15086_,348.705
_13294_,348.64
_14330_,348.6
net69,348.4
_06598_,348.32
_14949_,348.31
_11341_,348.16
_10035_,347.79
clknet_5_2__leaf_clk,347.57
_03657_,347.4
_16919_,347.13
_09748_,347.115
_18359_,346.93
_15069_,346.61
_15144_,346.135
_07148_,345.24
_17759_,345.2
_03832_,345.17
_08348_,345.12
_17181_,344.97
net248,344.72
_07849_,344.2
_06028_,344
_04302_,343.39
_04571_,343.02
_17210_,342.815
_15105_,342.56
_04011_,342.38
_08430_,342.11
_04335_,342.05
u_cmd_parser.challenge_nonce\[83\],341.68
_16508_,341.6
u_cmd_parser.challenge_nonce\[51\],341.49
_14980_,341.1
_14703_,340.7
_09597_,340.63
_17156_,340.61
clknet_5_5__leaf_clk,340.37
_06019_,340.27
_15125_,340.18
_04821_,339.52
_17551_,339.445
u_cmd_parser.challenge_nonce\[101\],339.42
_04442_,339
u_cmd_parser.challenge_nonce\[79\],338.28
_16364_,337.92
_14796_,337.88
clknet_5_0__leaf_clk,337.65
_05312_,336.86
_04379_,336.42
net101,336.23
_03829_,336.17
_12423_,336.06
u_cmd_parser.challenge_nonce\[43\],335.98
_06632_,335.93
_05246_,335.56
_04162_,335.04
net28,334.72
_14916_,334.58
u_cmd_parser.challenge_nonce\[85\],334.495
net20,334.45
u_cmd_parser.challenge_nonce\[52\],334.22
u_cmd_parser.challenge_nonce\[86\],333.58
_14816_,333.56
_11176_,333.38
_17922_,332.98
_14933_,332.655
_17410_,332.44
_05323_,332.42
_05235_,332.24
u_cmd_parser.challenge_nonce\[100\],332.03
_19569_,331.86
_06022_,331.73
_03802_,331.58
_04261_,331.56
_17058_,331.48
_04986_,331.425
_06073_,330.98
_17324_,329.76
_14286_,329.495
_04121_,329.295
_17788_,329.12
u_cmd_parser.challenge_nonce\[17\],329.105
_04088_,328.89
_17837_,328.55
clknet_5_6__leaf_clk,328.27
_18035_,328.025
_17304_,327.7
_15018_,327.42
_15856_,326.82
u_cmd_parser.challenge_nonce\[25\],326.625
_04055_,326.555
_06382_,326.04
net35,325.24
_13668_,324.88
_14941_,324.615
clknet_5_10__leaf_clk,324.14
net24,324.07
u_cmd_parser.challenge_nonce\[82\],323.81
u_auth_fsm.aes_plaintext\[28\],323.71
_14734_,323.7
_04066_,323.12
u_cmd_parser.challenge_nonce\[81\],322.49
_08890_,321.98
_16915_,321.72
u_cmd_parser.challenge_nonce\[88\],321.72
_17932_,321.24
_05648_,321.2
_16882_,321.06
_14959_,320.985
_04755_,320.82
_17077_,320.43
_15325_,320.25
_14966_,319.65
_13948_,319.54
_04401_,319.515
_17433_,319.49
_18851_,319.26
_06509_,319.21
_05949_,319.17
_09730_,319.12
_04195_,318.86
_07249_,318.835
_15051_,318.54
_08346_,318.14
_15273_,318.13
_16928_,317.7
_17357_,317.56
net32,317.44
_04659_,317.24
_16390_,316.94
_08456_,316.77
_17858_,316.35
_11065_,315.6
_13731_,315.22
_17725_,315.06
_18058_,315.06
_06510_,314.8
_03970_,314.37
_14202_,314.33
_07254_,314.32
_11681_,313.52
_05279_,313.49
net29,313.34
_15692_,313.2
_07687_,312.965
net21,312.74
_09733_,312.54
_04711_,312.35
_14675_,312.26
_17465_,312.04
net34,311.89
u_cmd_parser.challenge_nonce\[6\],311.33
u_cmd_parser.challenge_nonce\[80\],310.165
_14585_,309.92
_14741_,309.48
_17955_,308.97
_12180_,308.9
_05820_,308.335
_05582_,308.1
_15229_,307.64
_17000_,307.525
_11250_,307.46
_04648_,307.35
_05775_,307.21
_04368_,306.67
u_cmd_parser.challenge_nonce\[74\],306.64
_16497_,306.615
_15757_,306.32
_06116_,306.28
_17418_,306.1
_06818_,306.05
_14725_,306
_13486_,305.96
_06507_,305.86
_18469_,305.24
_18151_,305.17
_05345_,304.855
_04615_,304.49
_17588_,304.42
_17314_,304.185
_15488_,304.17
_17904_,304.1
_10219_,303.78
_03804_,303.61
_03840_,303.365
_05701_,303.365
u_cmd_parser.challenge_nonce\[67\],303.35
_03853_,303.34
net31,303.16
_04228_,303.04
_08148_,302.97
_04431_,302.83
u_cmd_parser.cmd_challenge,301.62
net25,301.29
_14919_,301.26
u_auth_fsm.nonce_hist\[1\]\[87\],300.88
net170,300.83
_15381_,300.44
_14322_,300.34
_18349_,300.04
net30,299.96
_17857_,299.54
_07061_,299.48
_15725_,299.22
_16960_,299.1
_17057_,298.76
_09231_,297.94
_15779_,297.88
_15637_,297.5
_13359_,297.32
_03689_,297.13
_06879_,296.765
u_cmd_parser.challenge_nonce\[59\],296.455
_17681_,296.4
_17003_,296.275
_06551_,296.18
u_cmd_parser.challenge_nonce\[68\],296.16
u_auth_fsm.aes_plaintext\[29\],296.01
_11309_,295.74
u_cmd_parser.challenge_nonce\[24\],295.465
u_auth_fsm.nonce_hist\[4\]\[84\],295.325
net315,295.02
u_cmd_parser.challenge_nonce\[46\],294.94
net18,294.76
_06704_,294.73
u_cmd_parser.challenge_nonce\[104\],293.38
u_auth_fsm.aes_plaintext\[25\],293.32
_05592_,293.06
_03836_,292.955
_17498_,292.89
_12337_,292.87
_06231_,292.74
_08644_,292.63
_17067_,292.36
net11,291.47
_04099_,291.36
_08032_,291.14
u_aes128.gen_key_sbox\[2\].sb_key.in\[5\],290.92
_17366_,290.85
_15284_,290.58
_17826_,290.11
_16980_,290.02
net252,289.97
net22,289.96
_05505_,289.39
_03700_,289.3
fifo_nonce\[0\]\[113\],289.29
_10968_,289.18
_17277_,289.1
_08554_,289.06
_13967_,289.06
_16992_,288.84
net46,288.3
_05914_,288.22
_11787_,287.92
_13929_,287.54
u_cmd_parser.challenge_nonce\[108\],287.5
u_cmd_parser.challenge_nonce\[45\],287.04
_05774_,286.73
u_aes128.gen_state_sbox\[13\].sb_state.in\[4\],286.675
_05700_,286.505
fifo_nonce\[0\]\[115\],286.02
u_auth_fsm.aes_plaintext\[40\],285.9
_17524_,285.72
_13374_,285.71
u_auth_fsm.aes_plaintext\[35\],285.58
_14313_,285.14
_11516_,284.9
_15626_,284.78
u_auth_fsm.nonce_hist\[4\]\[85\],284.57
_13939_,284.52
net27,284.52
_04291_,283.96
_14931_,283.96
_16898_,283.64
_04239_,283.44
net8,283.145
_06192_,282.64
_14712_,282.635
_16520_,282.47
_16983_,282.24
u_auth_fsm.aes_plaintext\[27\],281.87
u_auth_fsm.aes_plaintext\[62\],281.69
_14425_,281.56
fifo_nonce\[0\]\[74\],281.54
_09194_,281.24
_06984_,280.965
_17532_,280.9
_06330_,280.82
_06455_,280.76
_04979_,280.5
_16894_,280.31
_05516_,280.3
_07491_,280.16
net6,280
_09229_,279.44
_05739_,279.26
_05367_,279.12
u_cmd_parser.nonce_reg\[44\],278.75
_07441_,278.705
_10941_,278.67
_07354_,278.46
_06380_,278.26
u_auth_fsm.aes_plaintext\[5\],278.12
_14775_,278.08
u_auth_fsm.aes_plaintext\[7\],277.97
_16037_,277.87
_15790_,277.72
_19705_,277.585
_05502_,277.58
_05702_,277.55
_05819_,277.29
_15812_,277.19
_04541_,277.16
_16905_,277.005
_12603_,276.875
_15648_,276.66
_13957_,276.48
_11129_,276.28
_10589_,276.06
_06123_,275.84
_16575_,275.675
_03755_,275.36
_06935_,275.24
u_auth_fsm.aes_plaintext\[30\],275.09
_17373_,275.05
_17706_,274.69
u_aes128.gen_state_sbox\[8\].sb_state.in\[5\],274.63
_19584_,274.57
u_auth_fsm.aes_plaintext\[39\],274.38
u_auth_fsm.aes_plaintext\[31\],274.34
u_auth_fsm.aes_plaintext\[26\],273.94
_18243_,273.78
net296,273.73
_06122_,273.5
_18510_,273.485
fifo_nonce\[0\]\[89\],273.4
_16996_,273.34
_05815_,273.26
_13636_,272.97
_12555_,272.76
_13364_,272.71
fifo_nonce\[0\]\[69\],272.625
_11402_,272.53
u_auth_fsm.aes_plaintext\[38\],272.36
_17744_,272.08
_06592_,272.01
_14841_,271.88
_18168_,271.88
_03858_,271.81
u_auth_fsm.aes_plaintext\[61\],271.81
_03678_,270.86
_17769_,270.52
_16888_,270.18
_16597_,270.08
fifo_nonce\[0\]\[114\],270.08
_10098_,269.88
_05455_,269.69
_00011_,269.63
_19044_,269.57
_18235_,269.28
u_auth_fsm.aes_plaintext\[24\],268.96
net14,268.945
_05536_,268.875
_15251_,268.52
fifo_nonce\[0\]\[93\],268.505
u_auth_fsm.aes_plaintext\[3\],268.02
_18113_,267.56
_15348_,267.4
_05581_,266.88
_04519_,266.79
_12585_,266.57
fifo_nonce\[0\]\[118\],266.37
_07586_,266.3
_13989_,266.28
_08391_,266.18
_06629_,266.04
_07240_,265.99
_07019_,265.92
_18144_,265.86
_05738_,265.7
_09746_,265.17
_10368_,264.96
_11013_,264.87
_05388_,264.725
u_cmd_parser.challenge_nonce\[28\],264.62
fifo_nonce\[0\]\[96\],264.59
_12611_,264.575
_18090_,264.42
_14491_,264.35
_05501_,263.915
_12729_,263.75
_05951_,263.44
_17462_,263.44
_07779_,263.11
_12970_,262.955
_19577_,262.94
u_uart_rx.rx_d2,262.77
_04799_,262.54
fifo_nonce\[0\]\[117\],262.44
_17192_,262.375
net44,262.37
_17472_,262.28
_06669_,262.26
_18193_,262.1
_15370_,261.66
fifo_nonce\[0\]\[116\],261.58
_10152_,261.49
u_auth_fsm.aes_plaintext\[33\],261.19
net399,261.17
u_cmd_parser.challenge_nonce\[106\],260.98
_07098_,260.86
_09358_,260.83
_09479_,260.8
fifo_nonce\[0\]\[111\],260.42
_17992_,260.38
_16977_,260.16
_05496_,260.05
_12995_,260.005
_07743_,259.71
_07134_,259.04
_06880_,258.94
_05411_,258.92
_16553_,258.85
_06420_,258.745
fifo_nonce\[0\]\[91\],258.18
fifo_nonce\[0\]\[60\],258.12
net26,257.87
_15262_,257.52
fifo_nonce\[0\]\[64\],257.5
_15897_,257.47
_17480_,257.36
_06375_,257.19
_13038_,257.18
_07335_,257.09
_12607_,257.02
_17614_,256.88
_08575_,256.7
_14834_,256.58
u_auth_fsm.aes_plaintext\[13\],256.34
fifo_nonce\[0\]\[66\],256.33
_18353_,256.16
_08636_,255.89
_05816_,255.84
_17395_,255.68
_09445_,255.515
_17982_,255.28
_11376_,255.26
_08598_,254.88
_15908_,254.36
_09007_,254.28
_10957_,254.22
_17557_,253.7
_10134_,253.68
_18563_,253.62
_17404_,253.42
_10585_,253.41
fifo_nonce\[0\]\[95\],253.32
_08590_,253.19
net232,253.03
_06080_,252.82
_17071_,252.76
_13444_,252.75
_10331_,252.5
_12232_,252.49
net73,252.49
net10,251.89
_08859_,251.215
_09041_,251.1
_08589_,250.91
u_cmd_parser.challenge_nonce\[99\],250.87
_07720_,250.82
_06730_,250.68
_06401_,250.67
_12426_,250.66
_06703_,250.62
_13390_,250.59
_17809_,250.04
_13931_,249.82
_10569_,249.8
_10555_,249.74
_10537_,249.73
_10703_,249.52
_08586_,249.44
_09166_,249.065
_10977_,249.005
_13809_,248.93
u_cmd_parser.challenge_nonce\[7\],248.66
_06600_,248.645
fifo_nonce\[0\]\[94\],248.53
_08305_,248.38
_18034_,247.95
_18077_,247.76
_06668_,247.68
_12636_,247.3
_14825_,247.28
_04974_,247.16
_07376_,247.16
_05100_,246.98
_15392_,246.64
_08139_,246.61
_09840_,246.52
_12458_,246.52
_13128_,246.51
_11018_,246.345
_10671_,246.315
_07867_,246.25
_03849_,245.82
_12957_,245.81
_08828_,245.77
_07730_,245.6
fifo_nonce\[0\]\[102\],245.55
u_auth_fsm.aes_plaintext\[14\],245.435
_14452_,245.32
_06359_,245.19
_14920_,244.95
_10284_,244.84
_05451_,244.82
_06163_,244.47
_14372_,244.24
_07097_,244.145
_07654_,244.12
_07543_,244.05
_17209_,243.96
net380,243.75
_13564_,243.56
_08518_,243.43
u_auth_fsm.aes_plaintext\[16\],243.28
_08191_,243.23
_05745_,243.08
_13775_,242.78
_05847_,242.71
u_aes128.gen_state_sbox\[6\].sb_state.in\[4\],242.4
fifo_nonce\[0\]\[72\],242.33
_12239_,242.175
_17939_,242.1
_12277_,242.015
_07323_,241.945
_06752_,241.74
_15703_,241.72
_09723_,241.65
_06269_,241.56
net409,241.53
_06117_,241.41
_10685_,241.41
_05547_,241.39
_13759_,241.12
_16344_,241.1
_13981_,241.08
_14483_,241.05
_10631_,240.98
_17751_,240.81
u_cmd_parser.challenge_nonce\[60\],240.78
_10576_,240.6
_05545_,240.44
fifo_nonce\[0\]\[112\],240.42
_12595_,240.08
_11765_,239.86
_09329_,239.775
u_auth_fsm.nonce_hist\[4\]\[88\],239.725
u_auth_fsm.aes_plaintext\[9\],239.7
u_cmd_parser.challenge_nonce\[58\],239.6
_11394_,239.53
_13018_,239.36
_14346_,239.34
_16082_,239.21
_10617_,239.2
_14759_,239.18
_13077_,238.93
_10594_,238.88
u_auth_fsm.nonce_hist\[4\]\[79\],238.84
_03733_,238.755
_08005_,238.66
_16464_,238.57
u_auth_fsm.nonce_hist\[5\]\[87\],238.5
u_auth_fsm.aes_plaintext\[23\],238.42
u_aes128.gen_key_sbox\[2\].sb_key.in\[4\],238.13
_03777_,238.1
fifo_nonce\[0\]\[71\],238
_17848_,237.98
_12559_,237.75
_09370_,237.59
_17656_,237.36
_12591_,237.21
_14278_,237.09
_05453_,236.91
_11468_,236.9
_10170_,236.82
_09761_,236.54
u_aes128.gen_state_sbox\[10\].sb_state.in\[3\],236.28
_06126_,236.07
_08558_,235.885
_13831_,235.83
_09407_,235.73
_09781_,235.67
_07763_,235.59
_11899_,235.52
_11849_,235.265
_18489_,235.24
_07748_,234.88
_13380_,234.8
_14296_,234.64
_15845_,234.54
_11822_,234.53
_10684_,234.45
_14749_,234.44
_17180_,234.44
_06200_,234.16
_07736_,234.07
_12996_,233.9
_10713_,233.77
_10979_,233.71
u_aes128.gen_key_sbox\[0\].sb_key.in\[7\],233.63
_15035_,233.59
_10153_,233.51
_11449_,233.505
_10948_,233.5
u_auth_fsm.aes_plaintext\[65\],233.37
_09811_,233.32
_10148_,233.1
_11030_,233.085
u_auth_fsm.aes_plaintext\[8\],233.06
_17903_,232.96
_09777_,232.62
fifo_nonce\[0\]\[90\],232.52
_15834_,232.41
_14475_,232.39
_06270_,232.38
_11443_,232.36
_06637_,232.31
_17550_,232.2
_14499_,232.03
_15952_,231.58
_06278_,231.48
fifo_nonce\[0\]\[62\],231.26
_17886_,231.07
_13295_,231.06
_09156_,231.02
_10679_,230.94
_11745_,230.76
_12985_,230.61
net324,230.5
_17452_,230.42
_06463_,230.3
_11873_,230.12
_13820_,230.12
u_cmd_parser.challenge_nonce\[2\],230.1
u_aes128.gen_state_sbox\[14\].sb_state.in\[4\],230.09
_08199_,230.05
_06437_,229.99
_14466_,229.8
u_auth_fsm.aes_plaintext\[54\],229.8
_08549_,229.43
_12863_,229.32
_07808_,229.29
u_auth_fsm.aes_plaintext\[37\],229.19
_11010_,229.09
_07384_,229.02
_12298_,228.77
_05660_,228.53
_08623_,228.48
_07816_,228.42
u_auth_fsm.aes_plaintext\[21\],228.35
_11064_,228.3
_10687_,228.04
_12563_,227.94
_05426_,227.82
_11111_,227.68
fifo_nonce\[0\]\[97\],227.64
_03827_,227.58
_06383_,227.515
fifo_nonce\[0\]\[76\],227.48
_13495_,227.22
net126,227.22
_10541_,227.2
u_cmd_parser.nonce_reg\[47\],227.18
_07732_,227.1
_11545_,227.06
_17287_,227.03
_11432_,226.7
_09228_,226.68
_16406_,226.66
_12975_,226.55
_13196_,226.42
_09846_,226.34
_09031_,226.23
u_auth_fsm.aes_plaintext\[58\],225.88
_10828_,225.72
_04788_,225.66
_10250_,225.66
_07228_,225.52
_10697_,225.49
u_cmd_parser.challenge_nonce\[27\],225.44
_13810_,225.41
_04508_,225.34
_09829_,225.31
_10158_,225.3
_07802_,225.13
u_aes128.ciphertext\[81\],225.02
_03959_,224.92
_17100_,224.76
_17099_,224.48
_09326_,224.27
_08133_,223.9
_17490_,223.82
_15919_,223.65
_05572_,223.63
u_aes128.gen_state_sbox\[15\].sb_state.in\[5\],223.56
_14253_,223.4
_12577_,223.135
_10539_,223.04
u_auth_fsm.aes_plaintext\[2\],223.04
_05385_,222.93
_11816_,222.86
_14449_,222.68
_13025_,222.62
fifo_nonce\[0\]\[63\],222.38
_05781_,222.335
u_auth_fsm.aes_plaintext\[19\],222.32
fifo_nonce\[0\]\[70\],222.28
_09158_,222.115
_11363_,222.1
_14568_,222.06
_08541_,221.96
_16586_,221.96
_05365_,221.78
_09785_,221.68
_10162_,221.39
_06705_,221.33
_11350_,221.3
u_auth_fsm.aes_key\[96\],221.24
_13959_,221.2
_05655_,221.14
_08239_,221.11
net172,221.08
_08952_,220.9
_11004_,220.825
u_auth_fsm.aes_plaintext\[41\],220.82
_05630_,220.66
u_cmd_parser.challenge_nonce\[55\],220.64
u_auth_fsm.aes_plaintext\[64\],220.58
_10538_,220.39
_07333_,220.35
fifo_nonce\[0\]\[98\],220.34
_07235_,220.2
_09001_,220.14
_09351_,220.07
_13446_,219.95
_12973_,219.86
_05980_,219.725
_06508_,219.66
_12154_,219.63
_03915_,219.6
_09435_,219.2
_13016_,219.01
_11383_,218.93
_08923_,218.91
_08033_,218.89
net45,218.86
_11851_,218.82
_07781_,218.65
_08169_,218.645
_09852_,218.59
_08188_,218.55
_03722_,218.49
_12622_,218.23
_08662_,218.14
fifo_nonce\[0\]\[41\],217.98
u_auth_fsm.aes_plaintext\[36\],217.88
_11368_,217.87
_13485_,217.8
_05511_,217.58
_11041_,217.53
_14440_,217.525
_16849_,217.43
_07397_,217.32
_03667_,217.3
_13777_,216.9
_07226_,216.78
_06300_,216.7
_12152_,216.68
u_cmd_parser.challenge_nonce\[66\],216.6
_09361_,216.21
_09404_,216.1
u_aes128.ciphertext\[80\],216.09
_11389_,215.88
_18395_,215.83
u_auth_fsm.aes_plaintext\[34\],215.81
_09756_,215.8
_05399_,215.66
u_cmd_parser.challenge_nonce\[78\],215.65
_17779_,215.46
_08640_,215.26
_12967_,215.22
_10534_,215.21
_05888_,215.12
_15324_,215.05
_14165_,214.96
_06933_,214.94
_12609_,214.94
_16531_,214.92
_07465_,214.73
_16665_,214.73
_06515_,214.69
_05933_,214.34
_18251_,214.23
u_cmd_parser.challenge_nonce\[23\],214.2
_12594_,213.98
_12253_,213.71
_10187_,213.56
fifo_nonce\[0\]\[104\],213.54
_07750_,213.33
u_cmd_parser.challenge_nonce\[69\],213.27
_14849_,213.02
_08292_,212.97
_14370_,212.74
_13022_,212.31
_11382_,212.22
_05432_,212.19
_18468_,212.06
_12207_,211.78
_16312_,211.77
_14768_,211.48
_17089_,211.18
_13941_,211.06
net176,211.06
_07367_,210.91
_08179_,210.83
_13033_,210.76
u_aes128.gen_key_sbox\[1\].sb_key.in\[5\],210.76
_07018_,210.755
_05477_,210.67
u_auth_fsm.nonce_hist\[3\]\[48\],210.52
_08657_,210.47
u_aes128.gen_state_sbox\[1\].sb_state.in\[5\],210.41
_07165_,210.38
_10329_,210.37
_09357_,210.31
_10556_,210.23
net218,210.17
_14928_,210.085
_08204_,209.96
u_cmd_parser.challenge_nonce\[54\],209.96
_10145_,209.94
_11033_,209.81
_17586_,209.68
_08181_,209.63
_08704_,209.36
_05607_,209.26
_14459_,209.26
_17238_,209.25
_05709_,209.21
_11905_,209.165
u_auth_fsm.aes_key\[82\],209.1
_12081_,209.045
_10260_,208.91
_08633_,208.87
_10736_,208.84
_11877_,208.8
_07317_,208.79
_17963_,208.7
_06339_,208.65
_12998_,208.63
_12961_,208.625
_09045_,208.62
_09876_,208.62
_12581_,208.62
_09028_,208.59
_05597_,208.46
_16268_,208.46
_13019_,208.37
_12560_,208.3
_17923_,208.24
_09602_,208.215
fifo_nonce\[0\]\[92\],208.1
_13367_,208.07
net36,208.06
_12241_,208
_08581_,207.95
_06851_,207.77
_15185_,207.76
_10546_,207.59
_18446_,207.28
_15510_,207.25
_11365_,207.21
_16388_,207.18
_06367_,207.07
_17648_,206.93
_09044_,206.85
_13436_,206.82
_10657_,206.81
_08625_,206.6
_11342_,206.48
_05926_,206.34
_07504_,206.27
net251,206.25
_12203_,206.2
u_auth_fsm.aes_plaintext\[45\],206.06
_06156_,206.01
u_cmd_parser.challenge_nonce\[107\],206
_08987_,205.92
_15521_,205.84
_10127_,205.79
_17130_,205.77
_05956_,205.62
_05527_,205.55
_11749_,205.395
_18145_,205.37
_08145_,205.34
_10227_,205.24
_12644_,205.2
_08359_,205.135
_12158_,205.03
_13035_,204.905
_11026_,204.88
_14857_,204.8
_12664_,204.73
_11842_,204.66
_11868_,204.46
_08130_,204.44
_09755_,204.33
_16885_,204.13
_05779_,203.91
_13368_,203.52
_19013_,203.5
_07908_,203.47
_10719_,203.42
_12691_,203.4
net152,203.335
_05874_,203.26
_09023_,203.24
_08991_,203.235
_11020_,203.12
fifo_nonce\[0\]\[108\],203.11
_05457_,203
u_aes128.gen_state_sbox\[7\].sb_state.in\[7\],202.775
_10953_,202.76
_12982_,202.735
u_cmd_parser.challenge_nonce\[105\],202.6
_08925_,202.58
_10551_,202.545
_09850_,202.53
_12208_,202.51
_05708_,202.46
_07850_,202.41
_11370_,202.255
_10604_,202.16
_11429_,202
_10582_,201.97
_06670_,201.95
_17004_,201.95
_10244_,201.72
_05656_,201.61
_06728_,201.5
_13375_,201.5
_11377_,201.42
_17070_,201.38
_14932_,201.17
u_aes128.gen_state_sbox\[12\].sb_state.in\[3\],201.05
u_auth_fsm.aes_plaintext\[22\],201.04
_17604_,200.935
u_auth_fsm.nonce_hist\[4\]\[104\],200.82
_09916_,200.805
_13400_,200.76
_06786_,200.71
fifo_nonce\[0\]\[67\],200.69
_13411_,200.61
_05707_,200.58
_11436_,200.51
_08521_,200.44
_05408_,200.42
_06558_,200.36
_11821_,200.22
_09344_,200.12
_09340_,200.11
_12554_,200.04
_08207_,200.005
u_auth_fsm.nonce_hist\[4\]\[83\],199.92
_16959_,199.86
_07140_,199.74
_15532_,199.71
_08958_,199.7
_10167_,199.68
_14243_,199.63
_14553_,199.6
u_aes128.ciphertext\[40\],199.48
_12558_,199.41
_09450_,199.305
_13215_,199.26
_06596_,199.22
_05639_,199.2
_10140_,199.155
_08922_,199.1
_07473_,199.095
_14692_,199
_08298_,198.98
_09500_,198.905
_17579_,198.85
_16387_,198.84
_16608_,198.82
_06125_,198.72
_14937_,198.7
_09050_,198.62
_08795_,198.61
_17032_,198.6
_06313_,198.49
u_cmd_parser.challenge_nonce\[56\],198.48
_06361_,198.39
_11896_,198.31
_09814_,198.3
_12711_,198.055
u_auth_fsm.pld_idx\[2\],198.03
_07368_,197.86
_10135_,197.74
_03601_,197.6
_19653_,197.56
_13484_,197.535
_07338_,197.435
u_aes128.ciphertext\[88\],197.39
_07865_,197.305
net239,197.24
_03766_,197.22
_06934_,197.205
_06750_,197.18
_08919_,197.18
_07761_,197.1
_09020_,197.05
_11050_,197
net231,196.97
_06032_,196.86
_03882_,196.72
_11772_,196.62
u_auth_fsm.aes_plaintext\[32\],196.62
_06915_,196.49
_09750_,196.48
u_cmd_parser.challenge_nonce\[26\],196.42
_13007_,196.405
_10157_,196.35
_06456_,196.26
_09021_,196.26
_14704_,196.22
_11465_,196.16
_08672_,196.14
_06715_,196.03
_11762_,195.89
_07162_,195.88
u_cmd_parser.nonce_reg\[45\],195.82
_12314_,195.81
_06776_,195.79
_13372_,195.62
_11781_,195.61
_09774_,195.47
_13466_,195.465
_12592_,195.43
fifo_nonce\[0\]\[65\],195.42
u_auth_fsm.aes_key\[89\],195.38
_08946_,195.37
_17117_,195.36
_15336_,195.28
u_aes128.gen_key_sbox\[3\].sb_key.in\[6\],195.26
_13698_,195.18
_11652_,195.085
fifo_nonce\[0\]\[119\],195.07
u_auth_fsm.aes_plaintext\[53\],195.02
_05467_,194.91
_06561_,194.86
_13517_,194.79
_10161_,194.76
u_aes128.gen_state_sbox\[1\].sb_state.in\[3\],194.65
u_aes128.ciphertext\[56\],194.48
_13264_,194.24
_12662_,194.23
u_aes128.gen_state_sbox\[11\].sb_state.in\[7\],194.22
_03788_,194.18
_06199_,194.15
_14910_,194.12
_10945_,194.11
_12176_,194.05
fifo_nonce\[0\]\[59\],194.04
_10961_,193.85
_14915_,193.79
_10595_,193.495
_09371_,193.38
_13997_,193.36
_11614_,193.34
_17595_,193.32
_07911_,193.3
_12972_,193.3
_16982_,193.3
_09456_,193.2
u_aes128.gen_state_sbox\[7\].sb_state.in\[4\],193.09
_11407_,192.93
_13026_,192.91
_07804_,192.86
net57,192.83
_05944_,192.82
fifo_nonce\[0\]\[39\],192.76
_05657_,192.71
_07346_,192.66
u_auth_fsm.nonce_hist\[0\]\[57\],192.66
_09261_,192.5
_07799_,192.49
_08930_,192.43
u_cmd_parser.challenge_nonce\[103\],192.42
_14508_,192.24
_07361_,192.23
_07386_,192.225
_11385_,192.21
_11867_,192.02
_10643_,191.99
_06011_,191.97
u_auth_fsm.nonce_hist\[0\]\[79\],191.94
_19167_,191.92
_08540_,191.81
u_aes128.ciphertext\[15\],191.78
_17632_,191.7
_09348_,191.66
_13140_,191.54
_09382_,191.52
_17339_,191.48
_13363_,191.42
_05854_,191.41
_12264_,191.41
_13432_,191.36
_13089_,191.3
_06305_,191.285
_12173_,191.18
_07753_,191.125
_15359_,190.98
_17531_,190.94
u_aes128.gen_state_sbox\[15\].sb_state.in\[4\],190.94
_07401_,190.9
_06985_,190.75
_08688_,190.63
u_aes128.ciphertext\[45\],190.54
_09379_,190.27
_05861_,190.18
_11399_,190
_08427_,189.9
_13379_,189.84
_16486_,189.84
_10200_,189.72
_13079_,189.66
_14872_,189.66
_12053_,189.58
_05458_,189.545
_10245_,189.52
_05947_,189.465
_09790_,189.365
_09352_,189.1
_13450_,188.99
_09974_,188.94
u_auth_fsm.nonce_hist\[0\]\[113\],188.94
u_cmd_parser.rx_byte\[2\],188.86
_10996_,188.85
_11786_,188.78
_05931_,188.77
_12167_,188.755
_08212_,188.66
net175,188.59
_05573_,188.57
net215,188.48
_05171_,188.435
_10587_,188.43
_08706_,188.28
_09381_,188.25
_07991_,188.22
_11056_,188.22
_10434_,188.18
_09775_,188.17
_05161_,187.85
_11461_,187.84
_17816_,187.68
_11936_,187.66
_07624_,187.64
_10321_,187.615
_12166_,187.59
_07425_,187.57
_11965_,187.49
_05746_,187.365
_12344_,187.34
u_auth_fsm.aes_key\[84\],187.24
_10651_,187.22
_11826_,187.21
_05490_,187.2
u_cmd_parser.rx_byte\[5\],187.16
_08599_,186.93
_10130_,186.88
_07726_,186.76
u_aes128.ciphertext\[90\],186.56
_06772_,186.37
_07309_,186.35
_11356_,186.24
_10565_,186.18
_19708_,186.06
_08945_,186.02
_08552_,185.97
_14940_,185.96
_08118_,185.87
_10781_,185.74
_07555_,185.66
_08989_,185.6
_08717_,185.48
_11814_,185.4
_11431_,185.38
_07430_,185.37
_12600_,185.37
u_cmd_parser.rx_byte\[7\],185.35
_10563_,185.34
_11361_,185.19
_09172_,185.15
_13489_,185.025
_11074_,184.75
_09726_,184.74
u_cmd_parser.challenge_nonce\[102\],184.72
_06350_,184.615
_06299_,184.58
_05649_,184.44
_07330_,184.37
_08256_,184.37
_14015_,184.3
net379,184.23
_07418_,184.15
_09368_,184.15
fifo_nonce\[0\]\[78\],184.14
_07772_,184.12
_13602_,184.08
_13383_,183.95
_07757_,183.92
_06799_,183.915
_05880_,183.87
_08546_,183.83
_12255_,183.75
_16467_,183.73
net451,183.69
_08523_,183.68
_12661_,183.64
net89,183.61
_11417_,183.605
fifo_nonce\[0\]\[68\],183.56
_07961_,183.48
_12649_,183.42
_16257_,183.42
_07396_,183.39
_08176_,183.32
_08195_,183.32
u_auth_fsm.nonce_hist\[1\]\[62\],183.26
_06074_,183.21
_09845_,183.2
_12190_,183.14
u_auth_fsm.nonce_hist\[1\]\[61\],183.125
_05434_,183.08
_10578_,183.055
_09406_,183
_12747_,182.85
_13382_,182.845
_06749_,182.715
_09119_,182.62
_07725_,182.59
_11892_,182.53
_03948_,182.42
_17044_,182.42
net264,182.4
u_aes128.gen_state_sbox\[4\].sb_state.in\[7\],182.18
_12728_,182.145
_05142_,182.1
_17440_,182.04
_05744_,181.88
_06160_,181.84
_07426_,181.81
_09043_,181.8
_11817_,181.74
_06744_,181.65
_14881_,181.58
_17682_,181.56
_06591_,181.45
_08154_,181.44
_06232_,181.43
_09731_,181.38
_12519_,181.24
_05517_,181.145
_06712_,181.09
_05402_,181.085
_11774_,181.035
u_aes128.ciphertext\[61\],180.86
_08213_,180.715
_08594_,180.66
_05111_,180.64
_07356_,180.59
_07311_,180.42
_15477_,180.38
net575,180.32
_08353_,180.31
_11858_,180.31
_11001_,180.28
_12115_,180.2
_13523_,180.18
_08954_,180.12
_14159_,179.88
u_aes128.gen_key_sbox\[0\].sb_key.in\[6\],179.88
_07392_,179.81
net436,179.69
_09350_,179.67
_14591_,179.64
u_auth_fsm.nonce_hist\[1\]\[64\],179.62
_08995_,179.58
_03981_,179.46
_07308_,179.4
_18069_,179.4
u_aes128.gen_state_sbox\[5\].sb_state.in\[4\],179.4
_07793_,179.32
u_auth_fsm.nonce_hist\[0\]\[87\],179.13
_09762_,179.09
_08123_,178.92
_12565_,178.78
_05988_,178.775
_07017_,178.6
u_aes128.ciphertext\[65\],178.58
_13385_,178.575
_12160_,178.51
_03641_,178.505
_03711_,178.48
_14562_,178.4
net154,178.4
_08356_,178.32
_06193_,178.18
_08932_,178.07
_05415_,177.9
_16999_,177.86
_06282_,177.76
_07800_,177.74
_11872_,177.68
_10545_,177.67
_05868_,177.51
_08601_,177.48
_05580_,177.47
_14382_,177.47
u_aes128.gen_state_sbox\[13\].sb_state.in\[3\],177.44
_18007_,177.42
u_aes128.gen_state_sbox\[6\].sb_state.in\[5\],177.385
_06239_,177.29
u_auth_fsm.aes_plaintext\[0\],177.26
_14518_,177.17
_13553_,177.125
net33,177.08
_09418_,177.05
u_cmd_parser.challenge_nonce\[20\],176.95
_07099_,176.87
_10877_,176.85
_09012_,176.815
_12228_,176.78
_06720_,176.76
_09072_,176.75
_05514_,176.73
_08965_,176.61
_17781_,176.52
_11813_,176.505
_06075_,176.5
_17657_,176.34
_17315_,176.3
_06631_,176.29
_13028_,176.29
_11130_,176.14
_12431_,176.08
_07857_,175.98
u_cmd_parser.challenge_nonce\[73\],175.92
_16857_,175.82
_13066_,175.745
_05369_,175.73
_09347_,175.67
_10683_,175.64
_06042_,175.63
_10150_,175.62
_15996_,175.62
_16235_,175.52
_11809_,175.49
_11886_,175.48
_09764_,175.47
_09327_,175.46
_10176_,175.455
_13393_,175.36
_05849_,175.34
_05459_,175.16
_06390_,175.15
_11403_,175.15
fifo_nonce\[0\]\[101\],175.1
_16425_,175.08
fifo_nonce\[0\]\[106\],175.04
_07735_,174.82
_06403_,174.77
_05400_,174.62
_12569_,174.56
fifo_nonce\[0\]\[61\],174.56
u_aes128.gen_state_sbox\[2\].sb_state.in\[3\],174.56
_11069_,174.52
_19325_,174.48
_14866_,174.46
_11349_,174.42
_06198_,174.37
_08980_,174.33
_12333_,174.32
_09888_,174.305
_11367_,174.18
_13198_,174.18
u_aes128.ciphertext\[48\],174.02
_08941_,173.97
_15768_,173.96
_09365_,173.86
_09791_,173.81
_07731_,173.75
_10332_,173.62
_07813_,173.56
_12570_,173.55
_10815_,173.54
_08172_,173.51
_10666_,173.5
_16695_,173.475
_07412_,173.44
_09836_,173.41
_09416_,173.19
u_cmd_parser.challenge_nonce\[19\],173.12
_11952_,173.09
_13391_,173.08
_09934_,173.035
_08173_,173
_10402_,173
_06233_,172.96
_10554_,172.96
_17879_,172.96
fifo_nonce\[0\]\[73\],172.86
_13890_,172.82
_05883_,172.79
_12575_,172.78
_10258_,172.765
_13500_,172.565
_03893_,172.56
_09393_,172.56
_15001_,172.55
_13049_,172.42
fifo_nonce\[0\]\[42\],172.34
_08229_,172.28
_07362_,172.14
_16890_,172.14
_14896_,171.74
_09207_,171.68
_08301_,171.62
u_auth_fsm.nonce_hist\[0\]\[84\],171.62
_09744_,171.61
_14008_,171.6
_05772_,171.59
_11466_,171.58
_09768_,171.55
_11414_,171.5
_11391_,171.49
_05056_,171.44
_10181_,171.42
fifo_nonce\[0\]\[77\],171.38
_09363_,171.35
u_aes128.gen_state_sbox\[7\].sb_state.in\[6\],171.29
_10955_,171.2
_05023_,171.16
u_cmd_parser.challenge_nonce\[90\],171.16
_05452_,171.13
_09336_,171.08
fifo_nonce\[0\]\[45\],171.04
_08573_,171.01
_06514_,170.99
_13362_,170.97
_08566_,170.96
_16754_,170.935
_06711_,170.77
_09051_,170.665
_07747_,170.65
_08550_,170.61
_19707_,170.58
_10230_,170.575
_06162_,170.54
u_auth_fsm.aes_plaintext\[109\],170.42
_16947_,170.38
_17427_,170.34
_05778_,170.31
u_aes128.ciphertext\[64\],170.3
_05878_,170.22
_08619_,170.17
u_auth_fsm.nonce_hist\[6\]\[34\],169.94
_11524_,169.86
_16542_,169.86
_13073_,169.85
_16420_,169.82
_19716_,169.815
_13050_,169.81
net214,169.69
_12216_,169.66
u_auth_fsm.aes_plaintext\[15\],169.6
_05380_,169.59
_08727_,169.56
_01593_,169.52
_11902_,169.51
_11793_,169.48
u_auth_fsm.aes_plaintext\[10\],169.48
net530,169.48
_17732_,169.42
u_aes128.gen_state_sbox\[11\].sb_state.in\[6\],169.38
_17265_,169.36
_09804_,169.355
_08709_,169.285
_03552_,169.26
_07321_,169.23
_06553_,169.21
_13158_,169.16
u_aes128.ciphertext\[9\],169.16
_08285_,169.14
_11469_,169.1
_07767_,168.97
_12639_,168.96
_10163_,168.885
_14380_,168.88
_10096_,168.8
u_cmd_parser.challenge_nonce\[39\],168.78
_08526_,168.73
_16038_,168.67
_12705_,168.3
u_auth_fsm.nonce_hist\[1\]\[65\],168.26
_05859_,168.115
_09193_,168.02
_16710_,167.895
_07542_,167.76
_07773_,167.67
_09869_,167.66
u_auth_fsm.aes_plaintext\[111\],167.66
_12194_,167.54
_08163_,167.48
fifo_nonce\[0\]\[47\],167.36
_06804_,167.34
_12987_,167.34
_12963_,167.3
_17689_,167.28
_10705_,167.13
_08187_,167.1
_10172_,166.96
_05855_,166.95
fifo_nonce\[0\]\[122\],166.76
_16337_,166.72
_10218_,166.68
u_auth_fsm.nonce_hist\[7\]\[102\],166.51
_07744_,166.29
_06333_,166.24
_13403_,166.21
_09753_,166.19
_06286_,166.075
_09006_,166.07
_09434_,166.03
_06722_,166.02
net390,165.98
_05736_,165.82
_09798_,165.72
_14527_,165.72
_10985_,165.67
_07325_,165.595
_10151_,165.55
u_auth_fsm.aes_key\[68\],165.54
_07982_,165.52
_10548_,165.5
_05939_,165.47
_06335_,165.44
_13103_,165.37
_07060_,165.36
_16026_,165.36
_05568_,165.325
_06302_,165.3
_09742_,165.29
_12520_,165.27
_11025_,165.26
_07848_,165.23
u_cmd_parser.challenge_nonce\[112\],165.2
_11803_,164.98
net358,164.97
u_aes128.ciphertext\[58\],164.94
_06393_,164.85
u_auth_fsm.nonce_hist\[1\]\[57\],164.82
_06310_,164.62
u_aes128.gen_state_sbox\[2\].sb_state.in\[4\],164.57
u_cmd_parser.challenge_nonce\[110\],164.54
_18267_,164.52
u_auth_fsm.nonce_hist\[7\]\[34\],164.52
u_auth_fsm.aes_plaintext\[48\],164.5
_13394_,164.415
_12629_,164.345
clknet_leaf_355_clk,164.345
_10146_,164.33
net337,164.27
_05469_,164.2
_03926_,164.14
_17256_,164.13
_07925_,164.02
net262,163.99
_11472_,163.9
_11476_,163.795
_13438_,163.64
_11941_,163.61
_06562_,163.56
_08998_,163.51
_17508_,163.485
_05925_,163.42
_13443_,163.33
_05661_,163.29
_13062_,163.26
_10847_,163.12
_11371_,163.1
fifo_nonce\[0\]\[43\],162.98
_10214_,162.94
u_auth_fsm.nonce_hist\[0\]\[56\],162.885
_16349_,162.78
_10638_,162.66
_05078_,162.52
_15436_,162.51
_07805_,162.43
_12321_,162.42
_14062_,162.18
_13758_,162.14
_06982_,162.11
_09437_,162.08
u_cmd_parser.challenge_nonce\[72\],162.02
_06713_,162.01
_08574_,161.845
_09291_,161.82
_14507_,161.8
_05579_,161.79
_09143_,161.73
_09760_,161.7
u_aes128.gen_state_sbox\[10\].sb_state.in\[4\],161.62
_06761_,161.605
_10334_,161.57
_11950_,161.47
_08535_,161.295
_07340_,161.21
_14204_,161.19
_10194_,161.18
_06351_,161.06
_18946_,161.02
_06118_,160.98
_06829_,160.72
_08174_,160.675
clknet_leaf_279_clk,160.58
_09893_,160.54
_09812_,160.48
_12244_,160.48
_03655_,160.46
_09468_,160.32
_10261_,160.3
_08134_,160.28
_08122_,160.14
_08226_,160.13
net130,160.09
u_cmd_parser.challenge_nonce\[42\],160
_11411_,159.915
_09894_,159.83
u_aes128.gen_state_sbox\[14\].sb_state.in\[6\],159.73
_09102_,159.72
_11381_,159.71
u_aes128.gen_state_sbox\[4\].sb_state.in\[6\],159.66
_13047_,159.625
_12651_,159.59
_16871_,159.53
_17200_,159.5
u_aes128.gen_state_sbox\[3\].sb_state.in\[7\],159.44
fifo_nonce\[0\]\[100\],159.35
_10193_,159.27
_05531_,159.24
u_auth_fsm.aes_plaintext\[11\],159.22
u_aes128.gen_state_sbox\[13\].sb_state.in\[0\],159.18
_14394_,159.04
_12562_,158.98
_16863_,158.94
_13212_,158.9
fifo_nonce\[0\]\[103\],158.84
_06296_,158.725
fifo_nonce\[0\]\[107\],158.65
_09555_,158.44
_12457_,158.38
_07319_,158.345
u_auth_fsm.nonce_hist\[1\]\[70\],158.19
_14889_,158.04
_16870_,157.96
_05601_,157.9
_05953_,157.88
_12275_,157.88
_14054_,157.82
fifo_nonce\[0\]\[46\],157.76
_10540_,157.73
_03904_,157.7
u_cmd_parser.challenge_nonce\[65\],157.6
_10131_,157.58
_09595_,157.51
_05548_,157.42
_10315_,157.36
_07524_,157.34
u_cmd_parser.challenge_nonce\[98\],157.25
_09360_,157.16
_08963_,157.02
_07896_,156.97
_16621_,156.82
u_auth_fsm.nonce_hist\[0\]\[88\],156.76
_07429_,156.71
_06905_,156.69
_07135_,156.6
_09060_,156.57
_11990_,156.48
_06746_,156.46
u_auth_fsm.nonce_hist\[5\]\[88\],156.41
_12981_,156.34
_11825_,156.275
_08426_,156.24
_06311_,156.21
_08985_,156.21
_06674_,156.16
_12635_,156.12
net134,155.77
_17046_,155.74
_13509_,155.72
_12171_,155.69
net394,155.69
_13012_,155.67
_06724_,155.6
fifo_nonce\[0\]\[40\],155.56
net111,155.48
_07327_,155.42
_10987_,155.32
_17692_,155.32
_06400_,155.305
_05591_,155.26
_08171_,155.245
_09747_,155.21
_14168_,155.19
_05955_,155.175
clknet_leaf_119_clk,155.12
_12183_,155.085
_16958_,155.05
_08121_,155.02
_07447_,154.96
_10438_,154.94
_11928_,154.93
_12960_,154.91
_09328_,154.88
u_auth_fsm.aes_key\[64\],154.88
_13464_,154.795
u_auth_fsm.nonce_hist\[3\]\[26\],154.695
_07145_,154.69
_13490_,154.68
_14194_,154.66
_10558_,154.62
_13126_,154.57
_14927_,154.56
_11480_,154.36
u_auth_fsm.nonce_hist\[4\]\[81\],154.35
_13009_,154.345
_10571_,154.33
_12701_,154.24
u_auth_fsm.nonce_hist\[1\]\[88\],154.24
net755,154.18
_09772_,154.16
_19628_,154.12
u_cmd_parser.challenge_nonce\[1\],154.03
u_aes128.ciphertext\[39\],154.02
u_aes128.gen_state_sbox\[14\].sb_state.in\[7\],154.02
_14303_,153.98
u_auth_fsm.nonce_hist\[4\]\[94\],153.96
_12768_,153.94
_12579_,153.87
_12295_,153.82
_13699_,153.74
_06292_,153.72
_06004_,153.695
_17894_,153.68
_11751_,153.65
_09377_,153.64
net276,153.63
_17138_,153.62
_13473_,153.57
fifo_nonce\[0\]\[44\],153.54
_14827_,153.52
_07777_,153.5
_11769_,153.49
net157,153.49
_06371_,153.35
_09770_,153.26
_08186_,153.205
_07193_,153.2
_17576_,153.18
_10990_,153.12
_12656_,153.11
u_auth_fsm.nonce_hist\[3\]\[34\],152.98
net378,152.93
_08944_,152.92
_16126_,152.88
_11374_,152.87
_05619_,152.86
_17199_,152.74
_14223_,152.72
_08556_,152.71
_06363_,152.69
_06309_,152.66
net200,152.64
_09997_,152.59
_10647_,152.45
_11779_,152.4
_06238_,152.36
_11043_,152.36
_14683_,152.32
_06672_,152.3
_12788_,152.265
_13520_,152.265
_11445_,152.16
_08694_,152.11
_11475_,152.095
clknet_leaf_220_clk,152.02
u_auth_fsm.nonce_hist\[0\]\[8\],151.91
_10975_,151.72
_08352_,151.7
_06811_,151.68
_16850_,151.665
_11047_,151.655
_13376_,151.64
u_auth_fsm.nonce_hist\[1\]\[92\],151.57
_05175_,151.495
_10579_,151.49
_11479_,151.39
_06157_,151.26
_06079_,151.23
_10160_,151.21
_16824_,151.14
_09763_,151.05
_12740_,151.01
_15565_,151
u_auth_fsm.nonce_hist\[1\]\[68\],150.915
_17797_,150.89
u_auth_fsm.nonce_hist\[2\]\[67\],150.88
_16963_,150.84
_11485_,150.8
_07826_,150.79
_08990_,150.73
_11347_,150.53
_12189_,150.46
_16843_,150.46
_19627_,150.46
_08649_,150.435
_10235_,150.37
_13086_,150.25
_16968_,150.22
_12567_,150.185
_09740_,150.12
_13397_,150.105
u_aes128.gen_state_sbox\[8\].sb_state.in\[6\],150.05
_13445_,150.02
_09729_,149.98
_09389_,149.955
u_auth_fsm.nonce_hist\[3\]\[79\],149.95
u_aes128.gen_state_sbox\[2\].sb_state.in\[5\],149.91
_12573_,149.88
_05012_,149.84
_14526_,149.82
_18641_,149.8
_11874_,149.75
_11869_,149.7
_12233_,149.7
_15554_,149.68
_10981_,149.615
_05903_,149.58
_06630_,149.58
_06348_,149.55
_01870_,149.46
_06546_,149.42
_07347_,149.36
_11251_,149.34
_06308_,149.235
u_auth_fsm.nonce_hist\[0\]\[86\],149.16
_17940_,149.12
_10469_,148.9
_10236_,148.82
net1887,148.8
_13491_,148.775
net99,148.74
_12643_,148.7
_06636_,148.65
_10189_,148.58
_11140_,148.575
_12676_,148.51
_13388_,148.51
_07439_,148.49
_12302_,148.3
_07445_,148.23
_07315_,148.21
_12564_,148.175
_17615_,148.16
u_cmd_parser.rx_byte\[4\],148.055
_12175_,148.04
_10572_,147.96
u_auth_fsm.nonce_hist\[1\]\[84\],147.845
u_auth_fsm.nonce_hist\[2\]\[66\],147.82
_14031_,147.72
_17575_,147.72
_13479_,147.705
_18473_,147.67
_09469_,147.515
_10164_,147.4
_14818_,147.4
_13048_,147.36
_07751_,147.32
u_auth_fsm.nonce_hist\[0\]\[80\],147.16
_11908_,147.13
_10908_,147.04
u_cmd_parser.challenge_nonce\[115\],146.96
_14936_,146.955
_11100_,146.94
net143,146.85
_06787_,146.84
_12280_,146.815
u_auth_fsm.nonce_hist\[0\]\[118\],146.78
net230,146.55
_10972_,146.485
_13883_,146.48
_06194_,146.46
_12678_,146.42
_07366_,146.36
_14905_,146.36
_05034_,146.34
_12276_,146.34
_05450_,146.275
_08652_,146.24
_14751_,146.24
_05960_,146.18
_07556_,146.17
_14922_,146.1
u_auth_fsm.nonce_hist\[2\]\[68\],146.02
_10274_,145.94
_14422_,145.9
_05935_,145.81
_09758_,145.66
_11085_,145.62
_10233_,145.32
_10956_,145.32
_05857_,145.22
net102,145.17
_13082_,145.14
_09334_,145.11
u_auth_fsm.aes_plaintext\[112\],145.11
_11066_,145
_12666_,144.99
_05447_,144.98
net155,144.92
_09854_,144.86
net271,144.85
u_aes128.gen_state_sbox\[3\].sb_state.in\[6\],144.8
_07953_,144.76
u_auth_fsm.nonce_hist\[7\]\[90\],144.75
_06001_,144.72
u_aes128.gen_state_sbox\[15\].sb_state.in\[6\],144.65
_12227_,144.64
_19583_,144.62
u_aes128.gen_state_sbox\[13\].sb_state.in\[2\],144.58
_12990_,144.56
net98,144.48
_15207_,144.4
_07778_,144.39
_10313_,144.32
_11455_,144.3
_10973_,144.195
_07390_,144.095
_15576_,144.09
_11354_,143.92
clknet_leaf_123_clk,143.9
_09384_,143.85
_09954_,143.78
net93,143.77
_09026_,143.76
u_auth_fsm.nonce_hist\[4\]\[103\],143.725
_12170_,143.68
_10597_,143.62
_11522_,143.61
_13029_,143.6
u_auth_fsm.nonce_hist\[2\]\[10\],143.535
u_auth_fsm.aes_key\[46\],143.485
_09339_,143.44
_05872_,143.4
_13416_,143.35
_13467_,143.35
_13425_,143.27
u_auth_fsm.aes_plaintext\[42\],143.18
u_cmd_parser.challenge_nonce\[21\],143.14
_08638_,143.04
net951,143.02
net668,142.98
net92,142.945
_10202_,142.94
_08517_,142.82
_14644_,142.78
net403,142.74
clknet_leaf_124_clk,142.74
_11889_,142.735
_16865_,142.66
u_cmd_parser.challenge_nonce\[91\],142.54
_11808_,142.525
_06778_,142.52
u_auth_fsm.nonce_hist\[5\]\[85\],142.51
_08647_,142.495
_18506_,142.48
_10063_,142.31
_08488_,142.27
_09848_,142.23
_11384_,142.14
_10960_,142
net283,141.93
_19393_,141.88
fifo_nonce\[0\]\[48\],141.86
_05462_,141.8
net412,141.77
_07176_,141.75
_12601_,141.715
_16224_,141.69
_09049_,141.66
u_auth_fsm.aes_key\[66\],141.66
u_aes128.ciphertext\[101\],141.51
_06959_,141.445
_01595_,141.34
_06457_,141.34
_08654_,141.34
_10944_,141.31
_10275_,141.07
net94,141.07
_17990_,140.96
_12582_,140.95
_19567_,140.94
_16909_,140.92
_06314_,140.91
net286,140.86
_10411_,140.81
_09000_,140.78
_12999_,140.72
_11379_,140.68
_06737_,140.65
_05610_,140.625
_12712_,140.56
_07825_,140.53
_07904_,140.53
net195,140.42
_11748_,140.38
_14311_,140.3
_14907_,140.3
_11177_,140.24
_06981_,140.22
_14544_,140.205
_05500_,140.18
_12621_,140.16
u_auth_fsm.aes_plaintext\[119\],140.03
_10322_,139.98
_16840_,139.98
u_auth_fsm.nonce_hist\[5\]\[98\],139.96
u_auth_fsm.nonce_hist\[0\]\[58\],139.9
_12749_,139.875
_09016_,139.82
_10314_,139.78
_07200_,139.76
_07312_,139.74
net351,139.73
_07133_,139.7
_11651_,139.7
u_aes128.ciphertext\[7\],139.7
_10320_,139.495
_07762_,139.2
_08722_,139.18
_14241_,139.12
_06407_,139.09
_14662_,139
_05958_,138.88
_12245_,138.85
_11459_,138.82
_05699_,138.66
_09019_,138.65
_09063_,138.595
_06731_,138.565
_06817_,138.55
_09417_,138.55
_18078_,138.5
_06295_,138.44
u_aes128.gen_key_sbox\[1\].sb_key.in\[4\],138.43
_12151_,138.335
_10971_,138.315
_08949_,138.29
_10599_,138.19
_12157_,138.135
_09431_,138.08
_06277_,138.06
_17018_,137.995
_08124_,137.98
_05921_,137.93
_08262_,137.9
net327,137.87
_05159_,137.86
net270,137.86
_05169_,137.82
_12992_,137.78
_16375_,137.74
_08700_,137.59
_19568_,137.59
_05089_,137.58
_11396_,137.58
_16564_,137.58
_08126_,137.56
_05482_,137.54
clknet_leaf_367_clk,137.54
_11794_,137.53
_12197_,137.525
_17341_,137.51
_09636_,137.46
u_cmd_parser.challenge_nonce\[77\],137.42
_12282_,137.31
_17597_,137.3
clknet_leaf_370_clk,137.14
_17068_,137.11
u_aes128.gen_key_sbox\[0\].sb_key.in\[3\],137.1
net253,137.1
clknet_leaf_5_clk,137.1
_07734_,137.08
_06291_,137.06
_08934_,137.055
_10547_,137
_12247_,136.98
_09201_,136.95
_09858_,136.92
_14039_,136.84
u_aes128.gen_state_sbox\[10\].sb_state.in\[2\],136.84
u_aes128.gen_state_sbox\[6\].sb_state.in\[7\],136.83
_18127_,136.8
net194,136.8
_05181_,136.73
clknet_leaf_54_clk,136.66
u_auth_fsm.nonce_hist\[1\]\[79\],136.64
u_auth_fsm.aes_plaintext\[72\],136.62
u_cmd_parser.rx_byte\[6\],136.62
fifo_nonce\[0\]\[105\],136.58
_12977_,136.57
u_auth_fsm.nonce_hist\[4\]\[14\],136.56
u_aes128.ciphertext\[22\],136.52
_06755_,136.49
_11761_,136.42
u_cmd_parser.nonce_reg\[92\],136.24
net169,136.23
_11715_,136.2
_07345_,136.18
_18841_,136.18
_05987_,136.15
_08617_,136.05
_11380_,136
_09463_,135.97
clknet_leaf_26_clk,135.92
_14134_,135.88
u_aes128.gen_state_sbox\[8\].sb_state.in\[3\],135.84
_05067_,135.82
_10138_,135.78
net368,135.77
_12693_,135.76
net222,135.65
_03828_,135.62
_07406_,135.59
net177,135.57
net302,135.52
_14231_,135.46
u_auth_fsm.nonce_hist\[4\]\[123\],135.38
_13151_,135.275
_12971_,135.25
_04931_,135.22
_10306_,135.08
_08160_,135.07
net453,135.03
u_auth_fsm.nonce_hist\[1\]\[97\],135.025
_09335_,134.98
_11080_,134.965
_13563_,134.82
u_auth_fsm.nonce_hist\[1\]\[98\],134.82
clknet_leaf_135_clk,134.78
_17778_,134.76
_05646_,134.72
_14935_,134.67
_11791_,134.64
u_auth_fsm.nonce_hist\[0\]\[82\],134.555
_08537_,134.5
net734,134.32
_14234_,134.24
net345,134.23
_05173_,134.22
_07393_,134.2
_05429_,134.04
u_auth_fsm.nonce_hist\[1\]\[80\],134.005
_09420_,134
_14392_,134
_05918_,133.98
_13976_,133.94
_09661_,133.91
_13603_,133.835
_14177_,133.82
_07774_,133.81
_16856_,133.8
_08984_,133.78
_10212_,133.77
u_aes128.gen_key_sbox\[3\].sb_key.in\[4\],133.7
_16970_,133.6
_09412_,133.58
_10637_,133.55
u_auth_fsm.nonce_hist\[1\]\[53\],133.535
_13412_,133.52
_12798_,133.51
_18838_,133.5
_05813_,133.34
_05977_,133.335
_07450_,133.33
_10966_,133.33
net316,133.31
u_auth_fsm.nonce_hist\[2\]\[90\],133.305
_07198_,133.27
_10300_,133.26
_05539_,133.25
net372,133.24
_04929_,133.22
net402,133.22
_05920_,133.12
_14444_,133.12
_16883_,133.1
u_cmd_parser.rx_byte\[1\],133.02
net159,133.02
u_auth_fsm.nonce_hist\[0\]\[85\],133
_06593_,132.96
net524,132.96
_10693_,132.92
_11898_,132.91
_08088_,132.89
_19592_,132.86
u_auth_fsm.aes_key\[67\],132.84
u_auth_fsm.nonce_hist\[1\]\[85\],132.83
u_auth_fsm.nonce_hist\[5\]\[84\],132.755
_03744_,132.69
_11081_,132.66
_13902_,132.6
u_auth_fsm.aes_key\[30\],132.6
_12236_,132.58
u_auth_fsm.nonce_hist\[4\]\[105\],132.54
u_auth_fsm.nonce_hist\[1\]\[86\],132.42
_05372_,132.33
_16338_,132.32
u_cmd_parser.challenge_nonce\[92\],132.32
_05538_,132.315
_06837_,132.16
_08959_,132.15
u_auth_fsm.nonce_hist\[0\]\[98\],132.11
_09132_,132.07
_17842_,132.02
u_cmd_parser.challenge_nonce\[8\],132.02
_17867_,132
_05460_,131.995
_18096_,131.98
_10605_,131.965
_12962_,131.9
_17264_,131.86
clknet_leaf_99_clk,131.86
_16326_,131.82
u_auth_fsm.nonce_hist\[2\]\[65\],131.82
_19190_,131.62
_12572_,131.6
u_auth_fsm.nonce_hist\[0\]\[92\],131.54
net88,131.54
_14414_,131.5
_10674_,131.46
_16832_,131.42
_05379_,131.4
_05871_,131.38
_16902_,131.3
net256,131.19
net367,131.17
_19220_,131.16
_12965_,131.15
_06783_,131.12
_14908_,131.12
_10624_,130.94
net333,130.86
net125,130.84
_10950_,130.79
_11072_,130.78
_06798_,130.735
_16833_,130.72
_05413_,130.62
net114,130.6
u_auth_fsm.nonce_hist\[4\]\[115\],130.575
_10182_,130.57
_09739_,130.56
_08579_,130.5
net85,130.5
_17825_,130.46
_06271_,130.44
_05645_,130.43
_06280_,130.42
_12195_,130.42
net136,130.41
_07786_,130.405
_07831_,130.36
_12588_,130.24
_18836_,130.23
_12685_,130.22
net506,130.22
_12258_,130.215
_11538_,130.14
_08610_,130.13
_05984_,130.12
_12291_,130.1
_14106_,130.1
_06709_,130.08
_07890_,130.06
u_auth_fsm.nonce_hist\[6\]\[10\],130.04
net498,130.04
_16815_,130.03
_08300_,130.02
_07205_,129.99
_10213_,129.99
_12188_,129.97
_10583_,129.92
_18508_,129.75
_12286_,129.7
_10139_,129.69
_10168_,129.69
clknet_leaf_339_clk,129.69
_14652_,129.66
u_aes128.round_key\[64\],129.62
_08711_,129.54
u_auth_fsm.nonce_hist\[7\]\[48\],129.48
_11770_,129.43
_08964_,129.35
_12610_,129.32
net341,129.31
_06834_,129.28
_05374_,129.24
_06338_,129.19
_12926_,129.18
_05000_,129.16
u_auth_fsm.aes_plaintext\[104\],129.13
net328,129.12
_11775_,129.02
_13428_,128.98
_14535_,128.98
net321,128.95
_11038_,128.93
_14232_,128.88
u_auth_fsm.nonce_hist\[7\]\[95\],128.88
_19217_,128.82
_10641_,128.78
_09818_,128.73
_07866_,128.68
net510,128.68
_13513_,128.66
net90,128.63
_13565_,128.625
_11437_,128.62
_15885_,128.59
_08569_,128.58
net147,128.53
_13629_,128.455
_10998_,128.44
clknet_leaf_299_clk,128.32
_14727_,128.27
_07364_,128.25
net185,128.19
_06253_,128.14
_07623_,128.14
_17647_,128.14
_10725_,128.06
_13006_,128.06
_13106_,128.04
net209,127.93
_08724_,127.92
u_aes128.gen_state_sbox\[5\].sb_state.in\[3\],127.9
u_cmd_parser.challenge_nonce\[0\],127.9
_07201_,127.86
_11582_,127.81
u_auth_fsm.aes_key\[12\],127.76
_06815_,127.74
_16180_,127.74
_06287_,127.7
_16927_,127.695
net133,127.62
net167,127.61
u_auth_fsm.nonce_hist\[3\]\[49\],127.6
_06721_,127.54
clknet_leaf_257_clk,127.52
_10606_,127.51
net352,127.45
_12338_,127.38
_06597_,127.36
_16814_,127.34
net318,127.34
_12163_,127.31
_12231_,127.26
_05174_,127.25
_15941_,127.25
u_aes128.gen_state_sbox\[8\].sb_state.in\[4\],127.22
_16093_,127.18
net216,127.13
_08155_,127.095
_11903_,127.03
net197,127.03
_05540_,127.01
_10992_,127
u_auth_fsm.nonce_hist\[1\]\[76\],126.96
net245,126.95
u_aes128.ciphertext\[17\],126.86
_14909_,126.84
_16317_,126.82
net356,126.79
_05378_,126.73
_09453_,126.66
_17402_,126.62
_08612_,126.465
_14404_,126.46
net424,126.42
_19177_,126.36
_12283_,126.315
_16880_,126.28
_13409_,126.26
_10598_,126.235
_10279_,126.18
_14123_,126.13
_16049_,126.125
u_auth_fsm.nonce_hist\[3\]\[63\],126.11
_07497_,126.09
_05375_,126.06
_11543_,126.025
clknet_leaf_410_clk,126
_12566_,125.94
net9,125.94
clknet_leaf_19_clk,125.92
_05896_,125.87
_07562_,125.86
_13431_,125.82
_10580_,125.805
net288,125.8
_06349_,125.69
_09071_,125.66
_10573_,125.61
_03871_,125.58
_06391_,125.56
_10553_,125.52
_05950_,125.44
clknet_leaf_31_clk,125.34
clknet_leaf_84_clk,125.34
_06316_,125.3
net392,125.3
net583,125.27
_16822_,125.22
net306,125.2
u_auth_fsm.nonce_hist\[6\]\[95\],125.18
_09732_,125.16
_06861_,125.13
net96,125.1
_14451_,125.08
_09765_,125.07
net342,125.05
u_aes128.gen_state_sbox\[4\].sb_state.in\[5\],125.02
_12727_,125
_08125_,124.97
_09331_,124.96
_04989_,124.91
net370,124.89
_17640_,124.88
net375,124.79
_08141_,124.78
_07905_,124.665
clknet_leaf_305_clk,124.66
_05461_,124.61
_11003_,124.46
clknet_leaf_153_clk,124.46
_06384_,124.42
_06878_,124.32
u_aes128.gen_key_sbox\[3\].sb_key.in\[7\],124.21
_05667_,124.2
_05176_,124.14
_06559_,124.14
_09830_,124.105
_14361_,124.04
_16740_,124.04
_09084_,123.98
_10959_,123.955
u_aes128.gen_state_sbox\[13\].sb_state.in\[1\],123.9
clknet_leaf_34_clk,123.8
u_cmd_parser.challenge_nonce\[48\],123.72
_15499_,123.7
clknet_leaf_50_clk,123.68
_06881_,123.66
_19248_,123.6
_06936_,123.56
net329,123.56
_10659_,123.53
_12204_,123.51
_14895_,123.48
clknet_leaf_265_clk,123.415
net338,123.36
_10285_,123.23
u_auth_fsm.aes_plaintext\[75\],123.22
_11078_,123.16
net139,123.08
u_aes128.gen_state_sbox\[0\].sb_state.in\[5\],123.07
u_aes128.ciphertext\[55\],123.06
u_cmd_parser.nonce_reg\[99\],123.04
_07460_,123.02
_12626_,122.98
_07760_,122.915
_16884_,122.9
_07558_,122.83
_11134_,122.805
_17913_,122.76
_17568_,122.74
net173,122.66
_11860_,122.65
_08547_,122.62
u_auth_fsm.aes_key\[100\],122.62
_05152_,122.6
_07351_,122.58
_06735_,122.56
_10179_,122.52
_06842_,122.49
_12586_,122.31
_14047_,122.28
u_auth_fsm.aes_plaintext\[84\],122.27
_19598_,122.12
_14570_,122.08
u_aes128.gen_state_sbox\[8\].sb_state.in\[2\],122.08
net293,122.045
net785,122.02
_11395_,121.965
_08686_,121.94
clknet_leaf_103_clk,121.94
_05814_,121.93
_05743_,121.8
_16362_,121.76
clknet_leaf_403_clk,121.72
u_cmd_parser.challenge_nonce\[97\],121.64
net336,121.64
_08676_,121.625
_05178_,121.6
net140,121.57
_19611_,121.54
u_auth_fsm.aes_key\[60\],121.5
u_auth_fsm.aes_key\[69\],121.395
u_auth_fsm.nonce_hist\[1\]\[66\],121.36
net205,121.28
_10276_,121.27
_09461_,121.24
_13174_,121.18
u_aes128.ciphertext\[112\],121.16
_12980_,121.09
_18501_,121.04
_05418_,120.94
_06020_,120.87
_06033_,120.86
u_auth_fsm.aes_plaintext\[82\],120.84
net404,120.82
_07341_,120.795
u_auth_fsm.aes_plaintext\[90\],120.69
u_auth_fsm.nonce_hist\[7\]\[73\],120.68
_13069_,120.62
_13059_,120.56
_07021_,120.555
_07324_,120.5
_05383_,120.38
_05858_,120.36
_05170_,120.32
_08576_,120.32
_08269_,120.29
_12221_,120.28
_09066_,120.26
_14926_,120.26
_08214_,120.2
_13419_,120.17
net186,120.16
u_auth_fsm.nonce_hist\[7\]\[94\],120.12
_06423_,120.1
u_aes128.ciphertext\[1\],120.04
_07383_,120.02
_06932_,119.94
u_auth_fsm.nonce_hist\[1\]\[56\],119.93
net353,119.92
_12390_,119.84
u_auth_fsm.nonce_hist\[0\]\[117\],119.84
_08487_,119.8
_12968_,119.79
_11757_,119.78
_16851_,119.78
net689,119.76
clknet_leaf_88_clk,119.74
clknet_leaf_151_clk,119.62
clknet_leaf_406_clk,119.54
_16331_,119.53
_11044_,119.47
_16397_,119.4
clknet_leaf_420_clk,119.375
_10958_,119.35
clknet_leaf_308_clk,119.32
u_cmd_parser.challenge_nonce\[44\],119.26
_08565_,119.24
_18536_,119.19
_11412_,119.1
_06388_,119.06
u_auth_fsm.nonce_hist\[1\]\[90\],119.04
u_auth_fsm.tx_payload\[97\],119.04
_12290_,118.96
clknet_leaf_402_clk,118.96
u_auth_fsm.aes_key\[83\],118.92
_06328_,118.885
clknet_leaf_3_clk,118.86
u_auth_fsm.nonce_hist\[5\]\[92\],118.84
u_cmd_parser.nonce_reg\[87\],118.84
net236,118.8
clknet_leaf_251_clk,118.79
_11827_,118.75
_08383_,118.71
_07749_,118.6
clknet_leaf_89_clk,118.6
u_auth_fsm.aes_plaintext\[83\],118.5
clknet_leaf_155_clk,118.5
_12156_,118.46
u_cmd_parser.rx_byte\[0\],118.46
net702,118.4
_05846_,118.3
_11225_,118.29
_16783_,118.28
_14635_,118.26
net219,118.17
_11599_,118.13
_06298_,118.095
clknet_leaf_168_clk,118.045
_11828_,118.04
clknet_leaf_61_clk,117.98
_05602_,117.88
_07188_,117.86
u_cmd_parser.nonce_reg\[98\],117.86
_14442_,117.84
_05154_,117.8
_19659_,117.76
_05969_,117.755
_09054_,117.75
u_auth_fsm.nonce_hist\[4\]\[122\],117.73
net241,117.7
_06877_,117.54
_12202_,117.52
_12670_,117.51
_06279_,117.48
clknet_leaf_149_clk,117.48
_17664_,117.46
u_auth_fsm.nonce_hist\[2\]\[34\],117.46
_09866_,117.44
_13977_,117.41
_08128_,117.39
_11833_,117.385
_10064_,117.36
_14412_,117.36
_08584_,117.34
u_auth_fsm.nonce_hist\[0\]\[44\],117.315
_16965_,117.25
u_auth_fsm.nonce_hist\[6\]\[26\],117.24
_05153_,117.2
_14221_,117.18
u_cmd_parser.challenge_nonce\[96\],117.18
_13127_,117.1
net171,117.08
_07348_,117.02
_06034_,117
u_auth_fsm.aes_key\[11\],116.92
u_auth_fsm.nonce_hist\[4\]\[34\],116.91
_07470_,116.88
_09782_,116.88
_16392_,116.88
_07770_,116.865
_12597_,116.86
_18797_,116.86
net301,116.85
_09509_,116.84
clknet_leaf_405_clk,116.82
_09338_,116.79
net364,116.79
_13268_,116.74
_11481_,116.68
u_cmd_parser.nonce_reg\[84\],116.6
_10257_,116.58
u_auth_fsm.nonce_hist\[1\]\[95\],116.52
u_auth_fsm.nonce_hist\[5\]\[120\],116.47
_12561_,116.4
_10619_,116.37
_08557_,116.36
_05160_,116.31
u_aes128.gen_state_sbox\[0\].sb_state.in\[3\],116.29
_13384_,116.28
net106,116.27
net374,116.27
_07815_,116.23
_07438_,116.16
_17295_,116.14
net208,116.13
clknet_leaf_141_clk,116.035
_07402_,116.03
_12148_,115.9
u_auth_fsm.nonce_hist\[5\]\[89\],115.9
_08311_,115.87
u_auth_fsm.nonce_hist\[5\]\[60\],115.86
_07329_,115.83
u_auth_fsm.nonce_hist\[3\]\[62\],115.8
net183,115.8
net395,115.73
_05172_,115.72
net386,115.68
_17949_,115.61
clknet_leaf_385_clk,115.595
clknet_leaf_58_clk,115.575
clknet_leaf_424_clk,115.56
_14848_,115.54
clknet_leaf_218_clk,115.5
_07435_,115.36
net366,115.36
u_aes128.gen_state_sbox\[9\].sb_state.in\[4\],115.295
clknet_leaf_211_clk,115.28
net132,115.23
_05647_,115.22
_11088_,115.16
_08142_,115.14
_09825_,115.07
clknet_leaf_286_clk,115
clknet_leaf_213_clk,114.98
_06493_,114.975
_10224_,114.94
net325,114.89
_14865_,114.86
u_auth_fsm.nonce_hist\[4\]\[39\],114.86
_09470_,114.84
_08983_,114.79
u_cmd_parser.nonce_reg\[96\],114.78
clknet_leaf_125_clk,114.78
_11076_,114.77
_05654_,114.74
_08562_,114.74
net273,114.73
_05965_,114.72
_16680_,114.7
u_auth_fsm.nonce_hist\[5\]\[7\],114.7
_17838_,114.67
_16835_,114.65
net160,114.58
_09821_,114.45
net142,114.44
net382,114.41
net274,114.36
_13472_,114.3
_17015_,114.29
net311,114.28
u_cmd_parser.rx_valid,114.27
_10149_,114.26
_06124_,114.235
_17139_,114.16
clknet_leaf_73_clk,114.16
_12986_,114.14
_09492_,114.09
u_auth_fsm.nonce_hist\[1\]\[60\],114.07
net346,114.07
net369,114.06
u_aes128.ciphertext\[71\],114.02
_11818_,113.98
_12317_,113.93
_08240_,113.92
_12598_,113.91
clknet_leaf_108_clk,113.9
_05414_,113.86
_08225_,113.86
clknet_leaf_196_clk,113.75
_16104_,113.74
_09414_,113.73
_06599_,113.69
net184,113.65
_11012_,113.6
u_auth_fsm.nonce_hist\[2\]\[93\],113.6
clknet_leaf_273_clk,113.6
u_auth_fsm.nonce_hist\[3\]\[65\],113.56
net388,113.51
_07876_,113.485
u_aes128.ciphertext\[46\],113.48
u_auth_fsm.aes_key\[87\],113.48
_05428_,113.445
clknet_leaf_114_clk,113.375
_12229_,113.34
_13531_,113.34
clknet_leaf_404_clk,113.34
_05376_,113.32
u_auth_fsm.aes_plaintext\[87\],113.31
_16361_,113.245
net277,113.15
u_auth_fsm.nonce_hist\[5\]\[95\],113.05
_19715_,112.93
_09857_,112.875
_19607_,112.84
net161,112.83
u_auth_fsm.nonce_hist\[4\]\[36\],112.82
u_auth_fsm.nonce_hist\[4\]\[125\],112.72
net261,112.7
_13109_,112.68
_07782_,112.67
_14904_,112.64
_07719_,112.62
_11359_,112.53
net349,112.44
_06742_,112.42
_16886_,112.42
clknet_leaf_177_clk,112.4
_10646_,112.23
net400,112.22
u_aes128.gen_key_sbox\[2\].sb_key.in\[3\],112.17
_07326_,112.12
net331,112.11
u_auth_fsm.nonce_hist\[5\]\[67\],112.06
_17392_,112.04
u_aes128.ciphertext\[35\],112
clknet_leaf_117_clk,111.98
clknet_leaf_290_clk,111.98
net348,111.93
_17868_,111.92
u_auth_fsm.nonce_hist\[5\]\[90\],111.9
u_cmd_parser.challenge_nonce\[22\],111.84
net548,111.82
_18621_,111.8
_16213_,111.7
_06281_,111.64
clknet_leaf_150_clk,111.505
_14914_,111.38
u_auth_fsm.nonce_hist\[2\]\[89\],111.35
u_auth_fsm.nonce_hist\[2\]\[107\],111.32
clknet_leaf_35_clk,111.32
_05899_,111.3
_06155_,111.3
clknet_leaf_33_clk,111.3
net387,111.26
clknet_leaf_138_clk,111.245
_12343_,111.22
_08190_,111.11
_07871_,111.09
_10737_,111.08
_16845_,111.08
_06869_,111.07
_06732_,110.96
_10249_,110.87
_05370_,110.815
net148,110.79
_17989_,110.74
clknet_leaf_100_clk,110.7
_06438_,110.68
net309,110.66
u_auth_fsm.aes_key\[26\],110.6
_08376_,110.58
_07355_,110.56
clknet_leaf_313_clk,110.5
u_aes128.gen_key_sbox\[1\].sb_key.in\[0\],110.4
net285,110.37
_10610_,110.35
u_cmd_parser.challenge_nonce\[61\],110.32
net300,110.31
_17718_,110.3
u_auth_fsm.nonce_hist\[4\]\[78\],110.27
net181,110.27
_11397_,110.26
_07548_,110.08
u_aes128.ciphertext\[74\],110.08
net162,110.06
net165,110.03
u_aes128.gen_state_sbox\[11\].sb_state.in\[5\],110.02
clknet_leaf_209_clk,110.02
_06002_,109.97
u_auth_fsm.nonce_hist\[2\]\[22\],109.965
_06781_,109.95
_13824_,109.86
_10241_,109.835
_13415_,109.83
_15403_,109.74
u_cmd_parser.challenge_nonce\[94\],109.66
_07350_,109.6
_14022_,109.6
_18574_,109.6
net305,109.59
clknet_leaf_120_clk,109.56
u_auth_fsm.aes_key\[15\],109.51
u_auth_fsm.nonce_hist\[2\]\[48\],109.5
clknet_leaf_356_clk,109.5
net406,109.48
_09366_,109.465
u_auth_fsm.nonce_hist\[2\]\[78\],109.435
_06459_,109.415
_06925_,109.4
_07093_,109.4
_09917_,109.4
_08951_,109.335
u_auth_fsm.nonce_hist\[0\]\[90\],109.32
net320,109.31
_14674_,109.3
clknet_leaf_104_clk,109.3
_17624_,109.28
net614,109.28
_05167_,109.26
_06743_,109.25
_09525_,109.24
_05499_,109.17
net151,109.13
u_aes128.gen_state_sbox\[6\].sb_state.in\[0\],109.1
_10225_,109.07
_07783_,109.05
_05179_,109.01
_09927_,108.97
u_aes128.gen_state_sbox\[12\].sb_state.in\[5\],108.96
u_aes128.ciphertext\[54\],108.94
_11428_,108.92
_06370_,108.885
u_cmd_parser.challenge_nonce\[75\],108.88
_06831_,108.87
_05515_,108.86
net131,108.81
net398,108.81
_12966_,108.78
_08669_,108.77
net247,108.77
_11620_,108.715
u_aes128.ciphertext\[98\],108.7
clknet_leaf_81_clk,108.7
u_auth_fsm.nonce_hist\[0\]\[54\],108.69
_05163_,108.68
_16724_,108.68
_18879_,108.665
u_auth_fsm.nonce_hist\[3\]\[53\],108.64
_08162_,108.6
_06062_,108.59
_13535_,108.585
_14763_,108.5
_08926_,108.44
u_auth_fsm.nonce_hist\[0\]\[101\],108.42
_08743_,108.4
_09034_,108.37
_07506_,108.32
clknet_leaf_255_clk,108.22
clknet_leaf_187_clk,108.2
clknet_leaf_254_clk,108.18
_16060_,108.16
u_aes128.gen_state_sbox\[14\].sb_state.in\[3\],108.16
_09766_,108.07
u_auth_fsm.nonce_hist\[5\]\[80\],108.015
_13951_,107.885
clknet_leaf_39_clk,107.84
_06767_,107.83
clknet_leaf_258_clk,107.82
net226,107.8
clknet_leaf_74_clk,107.7
u_aes128.ciphertext\[33\],107.68
_19570_,107.65
_08604_,107.64
net350,107.64
u_auth_fsm.aes_plaintext\[106\],107.62
_09532_,107.56
_00044_,107.45
clknet_leaf_80_clk,107.4
_16071_,107.37
_06185_,107.36
_06584_,107.36
_07055_,107.34
net303,107.32
_19593_,107.2
clknet_leaf_116_clk,107.18
net292,107.17
_11921_,107.15
net287,107.13
_11881_,107.12
u_cmd_parser.nonce_reg\[74\],107.11
_09003_,106.88
net123,106.84
fifo_nonce\[0\]\[23\],106.83
_16380_,106.82
net250,106.78
clknet_leaf_94_clk,106.76
net210,106.74
_09383_,106.7
_18245_,106.7
net258,106.69
clknet_leaf_304_clk,106.635
_10268_,106.62
clknet_leaf_307_clk,106.62
u_auth_fsm.nonce_hist\[0\]\[95\],106.59
net281,106.59
_08710_,106.56
_14084_,106.56
_12793_,106.54
clknet_leaf_53_clk,106.52
clknet_leaf_97_clk,106.515
clknet_leaf_52_clk,106.5
_10946_,106.49
u_cmd_parser.nonce_reg\[103\],106.36
clknet_leaf_271_clk,106.36
net124,106.31
_11489_,106.28
_05959_,106.26
clknet_leaf_147_clk,106.26
_10501_,106.24
clknet_leaf_72_clk,106.2
_18130_,106.16
_09694_,106.1
_13909_,106.1
_09438_,106.09
u_auth_fsm.aes_key\[71\],106.04
net269,106.02
_05717_,105.98
_12769_,105.98
_16636_,105.98
u_cmd_parser.challenge_nonce\[41\],105.96
net249,105.96
_17280_,105.92
_08193_,105.91
_18955_,105.91
clknet_leaf_292_clk,105.86
_19656_,105.84
_08765_,105.83
_08583_,105.825
_08938_,105.8
u_auth_fsm.nonce_hist\[4\]\[45\],105.795
_05382_,105.78
clknet_leaf_173_clk,105.78
net556,105.76
_17542_,105.71
_10911_,105.68
_13417_,105.67
_16334_,105.655
u_auth_fsm.nonce_hist\[5\]\[124\],105.62
u_cmd_parser.challenge_nonce\[40\],105.62
u_aes128.gen_state_sbox\[3\].sb_state.in\[3\],105.58
u_cmd_parser.challenge_nonce\[63\],105.58
u_aes128.gen_state_sbox\[9\].sb_state.in\[3\],105.5
u_auth_fsm.nonce_hist\[2\]\[105\],105.48
u_auth_fsm.nonce_hist\[1\]\[67\],105.475
_15337_,105.46
clknet_leaf_134_clk,105.46
_13637_,105.44
_14958_,105.44
_08241_,105.36
_12983_,105.34
clknet_leaf_199_clk,105.33
_07328_,105.31
_06496_,105.26
_10031_,105.14
_13919_,105.14
_07531_,105.07
u_cmd_parser.challenge_nonce\[109\],104.94
_10208_,104.92
_17831_,104.92
u_cmd_parser.challenge_nonce\[89\],104.92
u_aes128.ciphertext\[66\],104.9
net340,104.89
net228,104.86
clknet_leaf_239_clk,104.85
_12786_,104.83
clknet_leaf_332_clk,104.8
_06288_,104.79
_05856_,104.76
_08530_,104.76
_12687_,104.74
_06853_,104.73
_08942_,104.64
_10983_,104.625
_07768_,104.62
_18897_,104.62
u_aes128.ciphertext\[67\],104.6
_11057_,104.58
_12246_,104.58
u_cmd_parser.nonce_reg\[105\],104.58
_06111_,104.56
_05191_,104.55
_13063_,104.54
_06196_,104.52
u_auth_fsm.nonce_hist\[1\]\[7\],104.515
_13161_,104.5
_10032_,104.48
u_auth_fsm.nonce_hist\[4\]\[43\],104.4
_17425_,104.38
_06770_,104.36
_08158_,104.3
u_auth_fsm.nonce_hist\[7\]\[26\],104.28
_06727_,104.24
_13405_,104.24
u_auth_fsm.nonce_hist\[0\]\[47\],104.24
_12329_,104.22
_13133_,104.12
clknet_leaf_362_clk,104.1
clknet_leaf_212_clk,104.07
_16412_,104.04
clknet_leaf_270_clk,103.99
_06234_,103.98
u_auth_fsm.nonce_hist\[1\]\[58\],103.9
clknet_leaf_206_clk,103.86
_05992_,103.83
u_auth_fsm.nonce_hist\[2\]\[96\],103.76
net240,103.71
u_auth_fsm.nonce_hist\[5\]\[54\],103.655
_06128_,103.64
u_auth_fsm.nonce_hist\[1\]\[113\],103.63
_08531_,103.62
_19170_,103.62
_11510_,103.57
u_auth_fsm.nonce_hist\[5\]\[58\],103.56
net373,103.55
_07742_,103.54
u_auth_fsm.nonce_hist\[3\]\[111\],103.54
_06555_,103.5
u_auth_fsm.aes_key\[85\],103.46
net190,103.35
_07190_,103.34
_13387_,103.33
clknet_leaf_46_clk,103.33
_05659_,103.24
net178,103.22
_16168_,103.2
_12630_,103.16
u_auth_fsm.nonce_hist\[0\]\[124\],103.16
_06846_,103.08
u_aes128.ciphertext\[20\],103.08
u_cmd_parser.nonce_reg\[38\],103.08
_10133_,103.05
u_auth_fsm.nonce_hist\[5\]\[4\],103.045
clknet_leaf_182_clk,103
_05393_,102.98
_11530_,102.96
net322,102.94
_09410_,102.925
_11059_,102.9
_08973_,102.895
_08161_,102.865
u_aes128.gen_state_sbox\[13\].sb_state.in\[6\],102.86
_09013_,102.8
net299,102.75
_09734_,102.74
net193,102.72
net411,102.72
_12169_,102.58
_07754_,102.57
u_auth_fsm.nonce_hist\[7\]\[36\],102.535
_09089_,102.51
net91,102.49
_16191_,102.48
net105,102.47
u_auth_fsm.nonce_hist\[2\]\[99\],102.46
net355,102.45
clknet_leaf_364_clk,102.32
net146,102.21
_07863_,102.18
_10726_,102.14
clknet_leaf_90_clk,102.12
_10764_,102.11
u_auth_fsm.nonce_hist\[3\]\[98\],102.095
_06276_,102.08
clknet_leaf_62_clk,102.05
clknet_leaf_76_clk,102.04
u_auth_fsm.nonce_hist\[1\]\[36\],101.94
net117,101.925
u_aes128.gen_key_sbox\[2\].sb_key.in\[6\],101.905
clknet_leaf_112_clk,101.88
_07729_,101.84
_14251_,101.84
u_auth_fsm.nonce_hist\[3\]\[70\],101.84
_09835_,101.82
clknet_leaf_222_clk,101.78
_10677_,101.75
_06664_,101.74
_18922_,101.74
_10543_,101.72
_13889_,101.7
_08129_,101.655
_06413_,101.6
net191,101.6
u_auth_fsm.aes_plaintext\[69\],101.54
net259,101.385
_07745_,101.36
_08127_,101.34
clknet_leaf_49_clk,101.26
net189,101.25
_11440_,101.2
net326,101.19
u_auth_fsm.nonce_hist\[4\]\[86\],101.18
_12667_,101.125
_08698_,101.05
_06594_,101
_11714_,101
u_aes128.ciphertext\[93\],100.99
_06983_,100.97
net196,100.94
_13369_,100.92
_09451_,100.89
u_cmd_parser.nonce_reg\[85\],100.88
_08968_,100.86
clknet_leaf_247_clk,100.86
u_auth_fsm.aes_plaintext\[91\],100.84
net282,100.82
u_auth_fsm.aes_key\[86\],100.8
net307,100.78
u_auth_fsm.nonce_hist\[1\]\[54\],100.775
u_auth_fsm.aes_plaintext\[89\],100.77
net182,100.77
_18015_,100.72
_05131_,100.66
_17518_,100.64
_12356_,100.62
_17733_,100.6
_19224_,100.56
_16025_,100.54
net906,100.52
_05546_,100.48
clknet_leaf_131_clk,100.48
_16246_,100.435
u_auth_fsm.aes_key\[76\],100.42
u_auth_fsm.nonce_hist\[5\]\[74\],100.335
_11760_,100.3
net137,100.26
_12640_,100.24
u_auth_fsm.nonce_hist\[3\]\[92\],100.205
u_auth_fsm.aes_key\[24\],100.2
_12311_,100.17
_05940_,100.15
_09976_,100.14
_19148_,100.04
net166,100.03
_06557_,99.95
net509,99.94
_11752_,99.93
net213,99.88
_09907_,99.86
net389,99.85
net847,99.84
_14682_,99.8
clknet_leaf_228_clk,99.8
net112,99.78
clknet_leaf_0_clk,99.73
net188,99.69
_05962_,99.68
net265,99.68
_17303_,99.66
_12590_,99.6
net410,99.6
_07771_,99.58
_09391_,99.58
_19006_,99.58
clknet_leaf_248_clk,99.58
clknet_leaf_246_clk,99.535
_12262_,99.5
net163,99.49
net294,99.4
net289,99.36
_13983_,99.285
_19301_,99.23
_16768_,99.18
net144,99.18
clknet_leaf_197_clk,99.18
_05155_,99.16
clknet_leaf_201_clk,99.145
_19276_,99.14
net224,99.125
net202,99.1
net381,99.08
_06848_,99
_05529_,98.975
_07801_,98.96
_09741_,98.95
clknet_leaf_190_clk,98.9
net95,98.82
_08570_,98.68
clknet_leaf_200_clk,98.66
_16279_,98.6
clknet_leaf_250_clk,98.6
net203,98.57
_17052_,98.48
_11000_,98.47
_12215_,98.46
_06739_,98.44
net291,98.43
net347,98.35
u_cmd_parser.nonce_reg\[59\],98.34
_01603_,98.32
_11801_,98.32
net407,98.31
_16859_,98.28
u_auth_fsm.nonce_hist\[6\]\[90\],98.28
_09052_,98.19
clknet_leaf_60_clk,98.14
_07388_,98.09
_05957_,98.04
_09923_,98.04
_11591_,98.04
net150,98.01
_07796_,98
_09537_,97.97
_10185_,97.97
clknet_leaf_432_clk,97.96
_09809_,97.94
net383,97.94
_05373_,97.93
_17808_,97.92
_11006_,97.9
_08149_,97.865
u_auth_fsm.nonce_hist\[0\]\[52\],97.835
u_auth_fsm.nonce_hist\[4\]\[44\],97.825
clknet_leaf_302_clk,97.76
_09501_,97.745
_05394_,97.72
_05900_,97.72
_11473_,97.66
_07738_,97.58
net109,97.55
_08651_,97.54
net260,97.53
_16335_,97.52
_08643_,97.51
u_aes128.ciphertext\[63\],97.5
u_auth_fsm.aes_key\[45\],97.48
net204,97.48
u_cmd_parser.nonce_reg\[90\],97.4
u_cmd_parser.challenge_nonce\[111\],97.38
u_cmd_parser.nonce_reg\[35\],97.38
net128,97.38
u_auth_fsm.nonce_hist\[5\]\[118\],97.36
clknet_leaf_136_clk,97.36
_06977_,97.34
_05422_,97.32
_13098_,97.16
_07398_,97.15
_11075_,97.13
net267,97.12
clknet_leaf_314_clk,97.1
_12220_,97.04
u_auth_fsm.nonce_hist\[5\]\[50\],96.98
clknet_leaf_45_clk,96.96
clknet_leaf_27_clk,96.955
_07436_,96.94
_18502_,96.94
u_cmd_parser.nonce_reg\[93\],96.94
_05472_,96.9
clknet_leaf_287_clk,96.88
u_auth_fsm.nonce_hist\[4\]\[113\],96.84
net201,96.82
u_auth_fsm.nonce_hist\[1\]\[102\],96.8
clknet_leaf_256_clk,96.8
u_aes128.ciphertext\[104\],96.72
clknet_leaf_282_clk,96.71
clknet_leaf_55_clk,96.69
_13457_,96.68
_12623_,96.66
net192,96.66
_05406_,96.65
_13010_,96.65
u_auth_fsm.nonce_hist\[3\]\[90\],96.64
_07795_,96.6
clknet_leaf_371_clk,96.52
net280,96.48
_10715_,96.45
_09330_,96.42
_17641_,96.42
_19560_,96.4
clknet_leaf_380_clk,96.37
_05922_,96.32
_11592_,96.32
clknet_leaf_83_clk,96.3
net116,96.29
_11759_,96.26
_12300_,96.26
_07374_,96.25
clknet_leaf_210_clk,96.24
_18318_,96.14
clknet_leaf_375_clk,96.14
_05905_,96.1
_07357_,96.09
_11575_,96.04
_09796_,96.02
net246,96
net104,95.99
_06385_,95.98
u_auth_fsm.nonce_hist\[1\]\[71\],95.96
clknet_leaf_278_clk,95.92
net272,95.915
_13084_,95.9
u_auth_fsm.nonce_hist\[2\]\[26\],95.9
u_auth_fsm.nonce_hist\[0\]\[6\],95.875
_05893_,95.86
_07727_,95.86
_18845_,95.84
clknet_leaf_203_clk,95.84
_12193_,95.8
clknet_leaf_25_clk,95.78
clknet_leaf_340_clk,95.78
_09552_,95.76
_06826_,95.75
_13136_,95.72
_15425_,95.7
clknet_leaf_195_clk,95.68
_05848_,95.64
net103,95.64
u_auth_fsm.nonce_hist\[3\]\[22\],95.575
net187,95.55
_11876_,95.48
net220,95.46
_08936_,95.45
_05156_,95.42
_11353_,95.38
_09834_,95.32
net135,95.29
u_auth_fsm.nonce_hist\[3\]\[52\],95.24
_12187_,95.22
_11418_,95.2
_09080_,95.14
clknet_leaf_159_clk,95.14
_10502_,95.1
_10239_,95.09
u_auth_fsm.nonce_hist\[2\]\[58\],95.02
net268,94.96
net97,94.92
_06373_,94.87
_10759_,94.87
_05389_,94.85
clknet_leaf_118_clk,94.84
_06547_,94.83
_05593_,94.8
_07408_,94.8
_11401_,94.79
_18326_,94.76
u_auth_fsm.nonce_hist\[0\]\[114\],94.72
_13027_,94.66
u_auth_fsm.nonce_hist\[2\]\[2\],94.66
u_cmd_parser.nonce_reg\[83\],94.6
_15985_,94.56
net317,94.53
_07062_,94.45
_17183_,94.45
_06323_,94.41
net397,94.41
_18800_,94.4
u_auth_fsm.nonce_hist\[0\]\[45\],94.345
u_auth_fsm.nonce_hist\[4\]\[100\],94.34
clknet_leaf_288_clk,94.26
_11137_,94.23
u_auth_fsm.nonce_hist\[0\]\[123\],94.22
_05853_,94.2
_12688_,94.18
_14310_,94.17
_05625_,94.16
_15974_,94.16
net199,94.155
net312,94.13
u_auth_fsm.nonce_hist\[5\]\[86\],94.08
_09569_,94.06
_09415_,94.02
clknet_leaf_36_clk,94.02
_13664_,94
_12304_,93.98
u_auth_fsm.nonce_hist\[6\]\[48\],93.94
clknet_leaf_193_clk,93.92
_18202_,93.78
u_cmd_parser.challenge_nonce\[47\],93.78
_10664_,93.775
_12663_,93.76
_10335_,93.72
_05194_,93.69
net255,93.67
net107,93.65
_12274_,93.58
net149,93.55
u_auth_fsm.nonce_hist\[3\]\[104\],93.545
_09341_,93.52
_14477_,93.48
_06791_,93.47
_09831_,93.46
u_auth_fsm.nonce_hist\[7\]\[99\],93.4
_07861_,93.39
u_aes128.ciphertext\[109\],93.38
net234,93.38
net275,93.34
_17165_,93.32
_18692_,93.32
_14468_,93.3
_10947_,93.295
_12583_,93.28
net227,93.24
_15930_,93.22
u_cmd_parser.challenge_nonce\[93\],93.2
clknet_leaf_303_clk,93.2
net180,93.18
u_cmd_parser.nonce_reg\[32\],93.14
net237,93.14
_14617_,93.12
u_aes128.gen_state_sbox\[11\].sb_state.in\[4\],93.12
_06814_,93.06
_19391_,93.02
_16868_,92.92
_13386_,92.91
_05168_,92.9
_06344_,92.9
_06788_,92.9
_13797_,92.9
clknet_leaf_284_clk,92.9
_09353_,92.84
_18756_,92.82
net129,92.8
clknet_leaf_242_clk,92.8
u_auth_fsm.nonce_hist\[5\]\[23\],92.78
net334,92.72
_11015_,92.7
u_auth_fsm.nonce_hist\[3\]\[105\],92.7
_07881_,92.685
_09430_,92.66
u_auth_fsm.nonce_hist\[7\]\[12\],92.66
_12355_,92.64
_14506_,92.62
_06758_,92.6
_10346_,92.58
u_auth_fsm.nonce_hist\[3\]\[118\],92.56
_08665_,92.52
u_aes128.ciphertext\[19\],92.49
_18390_,92.44
u_auth_fsm.nonce_hist\[6\]\[2\],92.4
_10282_,92.38
clknet_leaf_128_clk,92.38
_14888_,92.34
_12159_,92.3
clknet_leaf_411_clk,92.3
clknet_leaf_29_clk,92.27
clknet_leaf_219_clk,92.24
net335,92.15
u_cmd_parser.challenge_nonce\[95\],92.12
clknet_leaf_421_clk,92.095
net391,92.09
u_aes128.gen_state_sbox\[7\].sb_state.in\[2\],92.08
net266,92.01
net490,91.98
_14269_,91.96
fifo_nonce\[0\]\[124\],91.96
net113,91.96
_16650_,91.9
u_aes128.gen_key_sbox\[0\].sb_key.in\[4\],91.87
net357,91.87
u_aes128.gen_key_sbox\[1\].sb_key.in\[1\],91.86
clknet_leaf_331_clk,91.86
clknet_leaf_434_clk,91.82
u_auth_fsm.nonce_hist\[3\]\[94\],91.79
u_auth_fsm.nonce_hist\[4\]\[107\],91.78
clknet_leaf_237_clk,91.76
_13869_,91.74
u_auth_fsm.nonce_hist\[0\]\[40\],91.72
net439,91.72
net408,91.69
_05157_,91.68
clknet_leaf_379_clk,91.66
u_auth_fsm.nonce_hist\[0\]\[119\],91.64
net500,91.58
_10999_,91.56
_11830_,91.54
clknet_leaf_204_clk,91.54
_19258_,91.505
net118,91.5
_09633_,91.48
net377,91.48
clknet_leaf_93_clk,91.46
clknet_leaf_167_clk,91.44
_09603_,91.29
_14115_,91.26
u_cmd_parser.nonce_reg\[56\],91.26
clknet_leaf_91_clk,91.22
_07617_,91.2
_05392_,91.165
_11126_,91.16
clknet_leaf_315_clk,91.16
clknet_leaf_79_clk,91.12
u_auth_fsm.aes_key\[52\],91.1
clknet_leaf_121_clk,91.1
clknet_leaf_268_clk,91
net254,90.97
net115,90.95
_14016_,90.94
u_auth_fsm.tx_header\[10\],90.94
u_aes128.ciphertext\[59\],90.9
_08630_,90.87
_06108_,90.86
_12994_,90.86
clknet_leaf_392_clk,90.82
clknet_leaf_394_clk,90.82
_17019_,90.78
net179,90.76
_10137_,90.72
net284,90.71
net225,90.67
_17851_,90.64
u_auth_fsm.nonce_hist\[3\]\[51\],90.625
_06284_,90.61
clknet_leaf_243_clk,90.6
_18103_,90.58
_08183_,90.56
_08252_,90.56
_05368_,90.52
u_auth_fsm.nonce_hist\[2\]\[94\],90.51
u_auth_fsm.nonce_hist\[0\]\[73\],90.48
_06849_,90.47
_10980_,90.455
_12571_,90.42
u_auth_fsm.nonce_hist\[0\]\[60\],90.42
u_auth_fsm.nonce_hist\[1\]\[124\],90.42
net221,90.42
u_auth_fsm.nonce_hist\[0\]\[48\],90.34
clknet_leaf_198_clk,90.34
net212,90.32
_09332_,90.295
u_auth_fsm.nonce_hist\[3\]\[4\],90.265
_14196_,90.26
_17351_,90.24
_08138_,90.2
u_auth_fsm.nonce_hist\[5\]\[22\],90.2
_07078_,90.16
net343,90.16
clknet_leaf_223_clk,90.16
clknet_leaf_8_clk,90.155
_14434_,90.145
u_auth_fsm.nonce_hist\[2\]\[36\],90.135
u_auth_fsm.nonce_hist\[3\]\[77\],90.115
_07415_,90.04
_05558_,89.98
_05634_,89.96
_16137_,89.92
_18906_,89.91
u_auth_fsm.nonce_hist\[4\]\[114\],89.88
u_auth_fsm.nonce_hist\[4\]\[74\],89.875
_18720_,89.86
_18304_,89.84
_12212_,89.82
_08219_,89.815
u_auth_fsm.aes_key\[81\],89.8
clknet_leaf_40_clk,89.8
net263,89.73
_11750_,89.69
u_cmd_parser.challenge_nonce\[70\],89.68
clknet_leaf_126_clk,89.66
net344,89.65
_01614_,89.62
_19178_,89.62
net119,89.6
u_auth_fsm.nonce_hist\[1\]\[48\],89.45
_11035_,89.44
_08254_,89.41
_05412_,89.4
_06289_,89.4
_09961_,89.4
_06346_,89.36
clknet_leaf_274_clk,89.34
clknet_leaf_71_clk,89.31
clknet_leaf_344_clk,89.3
_14883_,89.28
_09098_,89.27
_09085_,89.18
_13858_,89.16
clknet_leaf_122_clk,89.16
clknet_leaf_295_clk,89.16
_11521_,89.125
net235,89.11
_19334_,89.07
clknet_leaf_419_clk,89.07
_07313_,89.04
net198,88.99
_10662_,88.955
u_auth_fsm.nonce_hist\[0\]\[74\],88.945
_13055_,88.915
net727,88.9
_11829_,88.88
_07928_,88.875
net1992,88.86
u_auth_fsm.nonce_hist\[4\]\[46\],88.8
net401,88.79
net330,88.78
_11753_,88.76
u_aes128.ciphertext\[106\],88.74
_00067_,88.72
_14875_,88.72
_08940_,88.71
_13877_,88.68
_16411_,88.65
clknet_leaf_398_clk,88.64
net164,88.61
_11893_,88.6
_14454_,88.58
_05966_,88.52
_12357_,88.5
_05045_,88.44
_05928_,88.42
_09524_,88.41
clknet_leaf_56_clk,88.38
net295,88.37
_11967_,88.36
net488,88.3
net413,88.29
u_auth_fsm.nonce_hist\[0\]\[42\],88.28
_06462_,88.25
_11054_,88.22
u_aes128.gen_state_sbox\[8\].sb_state.in\[7\],88.22
clknet_leaf_160_clk,88.22
clknet_leaf_298_clk,88.22
u_auth_fsm.nonce_hist\[0\]\[96\],88.215
u_auth_fsm.nonce_hist\[4\]\[96\],88.215
clknet_leaf_408_clk,88.14
u_aes128.ciphertext\[60\],88.12
_11798_,88.11
_16290_,88.1
clknet_leaf_194_clk,88.1
_08737_,88.08
_16407_,88.08
u_auth_fsm.nonce_hist\[4\]\[89\],88.07
clknet_leaf_1_clk,88.06
_05520_,88.045
_05371_,88.04
_14898_,88.04
u_auth_fsm.aes_key\[13\],88.02
net396,87.97
u_aes128.gen_state_sbox\[5\].sb_state.in\[1\],87.94
_11883_,87.91
_09810_,87.84
_11875_,87.84
_16867_,87.78
net87,87.77
net384,87.69
net121,87.67
clknet_leaf_127_clk,87.64
_06343_,87.6
_09950_,87.58
clknet_leaf_70_clk,87.58
clknet_leaf_275_clk,87.58
u_auth_fsm.nonce_hist\[7\]\[22\],87.575
_14634_,87.54
clknet_leaf_207_clk,87.52
clknet_leaf_241_clk,87.5
clknet_leaf_176_clk,87.49
u_auth_fsm.aes_key\[88\],87.47
_13480_,87.46
_10675_,87.43
u_aes128.ciphertext\[38\],87.43
clknet_leaf_389_clk,87.42
_05162_,87.4
_05192_,87.39
_13404_,87.36
_13562_,87.36
net120,87.34
clknet_leaf_154_clk,87.34
_09027_,87.3
clknet_leaf_139_clk,87.27
clknet_leaf_178_clk,87.26
clknet_leaf_51_clk,87.24
clknet_leaf_280_clk,87.22
_08316_,87.2
_12682_,87.2
u_auth_fsm.nonce_hist\[3\]\[86\],87.195
_06922_,87.16
_14517_,87.16
net244,87.16
_11513_,87.15
u_auth_fsm.nonce_hist\[2\]\[108\],87.105
_18582_,87.095
u_auth_fsm.aes_plaintext\[124\],87.08
_13924_,87.06
u_auth_fsm.aes_key\[113\],87.06
clknet_leaf_142_clk,87
clknet_leaf_306_clk,87
u_aes128.ciphertext\[14\],86.98
net319,86.97
_06067_,86.94
clknet_leaf_38_clk,86.92
clknet_leaf_335_clk,86.92
u_auth_fsm.nonce_hist\[2\]\[56\],86.875
_06392_,86.82
u_auth_fsm.nonce_hist\[6\]\[105\],86.81
_16873_,86.8
u_auth_fsm.pld_idx\[3\],86.78
_06738_,86.76
_08988_,86.76
u_aes128.gen_key_sbox\[1\].sb_key.in\[3\],86.715
_08446_,86.7
_12838_,86.69
fifo_nonce\[0\]\[0\],86.68
u_cmd_parser.nonce_reg\[46\],86.68
u_cmd_parser.challenge_nonce\[62\],86.62
clknet_leaf_22_clk,86.6
_11124_,86.595
_12743_,86.56
u_auth_fsm.nonce_hist\[5\]\[59\],86.52
_13790_,86.51
_18600_,86.48
clknet_leaf_43_clk,86.48
_11222_,86.475
_10609_,86.44
u_auth_fsm.nonce_hist\[2\]\[52\],86.4
_08580_,86.36
_06027_,86.34
_13912_,86.32
u_aes128.ciphertext\[42\],86.32
u_cmd_parser.challenge_nonce\[117\],86.28
clknet_leaf_86_clk,86.28
_06435_,86.27
clknet_leaf_66_clk,86.26
net145,86.23
_08666_,86.22
_19290_,86.18
u_cmd_parser.challenge_nonce\[118\],86.18
_11978_,86.16
u_auth_fsm.cur_nonce\[31\],86.16
net138,86.13
u_cmd_parser.nonce_reg\[67\],86.1
clknet_leaf_186_clk,86.1
u_auth_fsm.nonce_hist\[4\]\[117\],86.085
_11766_,86.035
_05165_,85.96
clknet_leaf_390_clk,85.96
_09107_,85.94
_08210_,85.9
_09491_,85.9
_08527_,85.865
u_aes128.ciphertext\[91\],85.84
u_auth_fsm.nonce_hist\[1\]\[100\],85.82
u_auth_fsm.nonce_hist\[3\]\[8\],85.72
u_aes128.ciphertext\[18\],85.68
_09752_,85.62
_13961_,85.6
_11887_,85.56
u_auth_fsm.nonce_hist\[4\]\[127\],85.53
_11051_,85.52
_14174_,85.48
_14673_,85.48
u_auth_fsm.aes_key\[103\],85.38
u_auth_fsm.nonce_hist\[5\]\[96\],85.3
net385,85.295
clknet_leaf_42_clk,85.28
_09953_,85.23
_12161_,85.22
u_auth_fsm.nonce_hist\[2\]\[49\],85.21
_19387_,85.14
u_aes128.ciphertext\[114\],85.14
_04863_,85.12
_09396_,85.1
_16167_,85.04
_16115_,84.975
_07331_,84.94
clknet_leaf_47_clk,84.92
_14600_,84.9
_06451_,84.89
_05166_,84.86
_10991_,84.84
u_auth_fsm.nonce_hist\[7\]\[105\],84.82
_11776_,84.76
clknet_leaf_374_clk,84.72
_10375_,84.7
_05737_,84.64
u_auth_fsm.nonce_hist\[7\]\[49\],84.61
_15414_,84.48
u_cmd_parser.nonce_reg\[86\],84.48
_10818_,84.47
_14116_,84.46
_13102_,84.455
_07478_,84.44
net1758,84.44
_10832_,84.4
u_auth_fsm.aes_plaintext\[78\],84.4
_13878_,84.38
_14058_,84.32
_06410_,84.3
_16202_,84.3
u_auth_fsm.nonce_hist\[0\]\[0\],84.265
clknet_leaf_388_clk,84.24
_09390_,84.22
u_auth_fsm.nonce_hist\[3\]\[66\],84.2
_11852_,84.08
u_auth_fsm.nonce_hist\[4\]\[108\],84.06
net108,84.05
clknet_leaf_158_clk,83.94
_05381_,83.88
_08603_,83.865
_12184_,83.86
u_cmd_parser.nonce_reg\[97\],83.86
_11446_,83.84
_09855_,83.8
_05164_,83.69
_12978_,83.665
_12993_,83.64
_07041_,83.63
_18346_,83.62
u_aes128.ciphertext\[29\],83.62
_07115_,83.6
net308,83.57
_08677_,83.5
clknet_leaf_359_clk,83.5
net141,83.36
clknet_leaf_354_clk,83.35
_07968_,83.34
_14108_,83.34
u_auth_fsm.nonce_hist\[0\]\[22\],83.34
_16852_,83.28
u_auth_fsm.nonce_hist\[2\]\[38\],83.18
_08553_,83.17
_09387_,83.15
u_auth_fsm.nonce_hist\[1\]\[118\],83.14
_17076_,83.12
_06352_,83.11
u_auth_fsm.nonce_hist\[0\]\[121\],83.1
net433,83.1
_15184_,83.08
_11895_,83.065
clknet_leaf_161_clk,83.04
u_aes128.ciphertext\[62\],83.02
_13041_,83.015
net323,83.015
u_auth_fsm.nonce_hist\[2\]\[103\],83
u_uart_rx.state\[1\],83
_11348_,82.98
u_auth_fsm.nonce_hist\[2\]\[62\],82.98
net512,82.98
_09135_,82.935
_10089_,82.92
_06707_,82.915
net168,82.88
_04861_,82.865
clknet_leaf_96_clk,82.865
u_auth_fsm.nonce_hist\[1\]\[50\],82.84
clknet_leaf_400_clk,82.84
_18016_,82.75
net1386,82.74
_11768_,82.73
clknet_leaf_238_clk,82.73
_16817_,82.72
u_aes128.gen_key_sbox\[2\].sb_key.in\[0\],82.72
_11937_,82.66
clknet_leaf_69_clk,82.66
u_auth_fsm.nonce_hist\[4\]\[110\],82.625
_11183_,82.62
u_auth_fsm.nonce_hist\[3\]\[110\],82.605
_07130_,82.56
u_auth_fsm.nonce_hist\[4\]\[42\],82.54
_08258_,82.52
_18177_,82.52
clknet_leaf_230_clk,82.5
u_auth_fsm.nonce_hist\[5\]\[79\],82.42
_10603_,82.405
_13839_,82.4
u_cmd_parser.challenge_nonce\[113\],82.4
clknet_leaf_65_clk,82.4
_05410_,82.38
_13614_,82.29
u_auth_fsm.nonce_hist\[2\]\[104\],82.28
_14059_,82.26
u_auth_fsm.nonce_hist\[0\]\[126\],82.24
_13168_,82.16
u_auth_fsm.nonce_hist\[6\]\[49\],82.1
_08703_,82.09
clknet_leaf_113_clk,82.04
u_auth_fsm.nonce_hist\[0\]\[71\],81.96
u_auth_fsm.nonce_hist\[7\]\[60\],81.94
clknet_leaf_7_clk,81.93
_08368_,81.91
clknet_leaf_336_clk,81.88
net243,81.85
_13429_,81.83
_13505_,81.78
_10967_,81.77
_17441_,81.76
_09474_,81.73
net361,81.71
clknet_leaf_208_clk,81.68
_05565_,81.66
fifo_nonce\[7\]\[110\],81.65
_13640_,81.645
u_auth_fsm.nonce_hist\[5\]\[63\],81.64
net445,81.64
clknet_leaf_192_clk,81.62
u_auth_fsm.nonce_hist\[0\]\[78\],81.585
net365,81.58
_06191_,81.54
_17705_,81.52
clknet_leaf_361_clk,81.5
_05421_,81.45
_09631_,81.44
net206,81.43
_14702_,81.4
u_auth_fsm.nonce_hist\[2\]\[77\],81.4
_07755_,81.3
u_auth_fsm.aes_key\[122\],81.26
u_auth_fsm.nonce_hist\[5\]\[83\],81.26
_11626_,81.24
_12602_,81.24
clknet_leaf_14_clk,81.22
_17737_,81.2
_13000_,81.18
net314,81.18
u_auth_fsm.nonce_hist\[0\]\[115\],81.155
_09969_,81.14
u_auth_fsm.nonce_hist\[0\]\[46\],81.14
_13526_,81.1
u_auth_fsm.nonce_hist\[7\]\[30\],81.085
_18812_,81.08
_09397_,81.05
clknet_leaf_23_clk,81.04
u_auth_fsm.nonce_hist\[1\]\[96\],80.98
_18443_,80.96
_09113_,80.94
net279,80.93
clknet_leaf_214_clk,80.915
_06840_,80.88
_10196_,80.88
u_aes128.ciphertext\[49\],80.88
clknet_leaf_368_clk,80.84
u_auth_fsm.nonce_hist\[1\]\[59\],80.78
u_auth_fsm.nonce_hist\[7\]\[41\],80.76
_13566_,80.72
_17479_,80.7
u_aes128.ciphertext\[82\],80.7
clknet_leaf_353_clk,80.68
_09181_,80.67
u_auth_fsm.aes_key\[65\],80.66
net2094,80.66
_09728_,80.655
_11917_,80.64
_13377_,80.64
_19565_,80.63
u_auth_fsm.nonce_hist\[0\]\[3\],80.62
_11310_,80.61
_18748_,80.54
u_auth_fsm.nonce_hist\[0\]\[43\],80.54
clknet_leaf_175_clk,80.44
_08947_,80.43
_09853_,80.38
u_auth_fsm.nonce_hist\[4\]\[48\],80.36
_13125_,80.32
net472,80.3
_06442_,80.24
u_auth_fsm.nonce_hist\[6\]\[7\],80.2
clknet_leaf_63_clk,80.2
u_auth_fsm.nonce_hist\[3\]\[102\],80.175
_05465_,80.16
_05875_,80.14
_19293_,80.14
_08957_,80.12
_13757_,80.1
_05917_,80.085
_07451_,80.035
_08344_,79.96
u_auth_fsm.nonce_hist\[3\]\[99\],79.88
_08967_,79.8
clknet_leaf_267_clk,79.74
_13594_,79.72
_14317_,79.66
_17715_,79.66
clknet_leaf_174_clk,79.64
_10421_,79.56
u_auth_fsm.nonce_hist\[3\]\[103\],79.555
_14855_,79.54
_12445_,79.42
_18914_,79.41
u_auth_fsm.aes_key\[29\],79.36
u_auth_fsm.tx_start,79.36
clknet_leaf_412_clk,79.32
u_auth_fsm.nonce_hist\[5\]\[70\],79.3
_08668_,79.29
u_cmd_parser.challenge_nonce\[116\],79.28
clknet_leaf_143_clk,79.21
_05158_,79.19
_14612_,79.14
clknet_leaf_216_clk,79.14
net223,79.1
u_auth_fsm.nonce_hist\[2\]\[95\],79.045
_05811_,79.01
u_cmd_parser.nonce_reg\[34\],79
u_cmd_parser.nonce_reg\[53\],79
_11077_,78.98
_18288_,78.94
_19296_,78.94
clknet_leaf_92_clk,78.88
_09322_,78.87
_05427_,78.86
_07448_,78.86
u_auth_fsm.nonce_hist\[0\]\[111\],78.86
u_aes128.ciphertext\[25\],78.82
u_auth_fsm.nonce_hist\[2\]\[33\],78.72
_13449_,78.7
clknet_leaf_37_clk,78.695
_10549_,78.68
_19352_,78.64
clknet_leaf_18_clk,78.62
_11777_,78.56
clknet_leaf_184_clk,78.56
u_auth_fsm.nonce_hist\[4\]\[118\],78.54
net532,78.54
_08626_,78.53
u_auth_fsm.nonce_hist\[5\]\[11\],78.515
u_auth_fsm.nonce_hist\[3\]\[95\],78.44
u_auth_fsm.nonce_hist\[0\]\[89\],78.38
u_cmd_parser.nonce_reg\[109\],78.36
clknet_leaf_261_clk,78.32
_09851_,78.2
u_auth_fsm.nonce_hist\[4\]\[92\],78.2
_11346_,78.17
_06146_,78.15
_07316_,78.14
_10216_,78.14
_08950_,78.05
_06903_,77.98
_09464_,77.96
_13768_,77.94
_19191_,77.94
u_auth_fsm.nonce_hist\[2\]\[116\],77.94
_13710_,77.925
u_auth_fsm.nonce_hist\[6\]\[4\],77.92
clknet_leaf_409_clk,77.9
_08203_,77.88
_15963_,77.88
u_aes128.ciphertext\[6\],77.88
_13556_,77.86
clknet_leaf_188_clk,77.86
_07074_,77.85
_12211_,77.81
u_auth_fsm.nonce_hist\[1\]\[105\],77.785
_12219_,77.77
_18611_,77.72
clknet_leaf_373_clk,77.7
_07980_,77.64
_17956_,77.58
_07498_,77.54
_13478_,77.54
clknet_leaf_16_clk,77.54
u_cmd_parser.challenge_nonce\[76\],77.5
u_auth_fsm.cur_nonce\[91\],77.48
u_auth_fsm.aes_key\[115\],77.46
u_auth_fsm.tx_header\[9\],77.46
_12997_,77.44
_18809_,77.42
u_aes128.gen_state_sbox\[15\].sb_state.in\[2\],77.38
u_cmd_parser.nonce_reg\[33\],77.36
net359,77.33
_09842_,77.315
clknet_leaf_4_clk,77.3
_09735_,77.265
_13131_,77.24
u_aes128.ciphertext\[8\],77.24
_12638_,77.2
u_aes128.ciphertext\[89\],77.2
u_auth_fsm.aes_plaintext\[102\],77.16
u_auth_fsm.nonce_hist\[6\]\[102\],77.12
u_aes128.gen_key_sbox\[0\].sb_key.in\[1\],77.1
_08082_,77.08
_08648_,77.075
_18640_,77.07
clknet_leaf_311_clk,77.06
_09737_,76.98
u_auth_fsm.nonce_hist\[0\]\[109\],76.9
_07489_,76.88
clknet_leaf_387_clk,76.74
_05773_,76.63
u_auth_fsm.nonce_hist\[7\]\[2\],76.56
clknet_leaf_309_clk,76.54
_11914_,76.515
u_auth_fsm.nonce_hist\[0\]\[21\],76.495
net480,76.44
_11627_,76.4
u_aes128.ciphertext\[10\],76.4
_09914_,76.38
_19197_,76.38
clknet_leaf_333_clk,76.34
u_auth_fsm.nonce_hist\[7\]\[58\],76.315
clknet_leaf_185_clk,76.3
_12266_,76.28
_12292_,76.27
clknet_leaf_59_clk,76.26
_19576_,76.18
u_auth_fsm.nonce_hist\[1\]\[74\],76.175
u_auth_fsm.nonce_hist\[1\]\[82\],76.16
clknet_leaf_102_clk,76.16
u_auth_fsm.nonce_hist\[5\]\[82\],76.14
_10559_,76.12
u_auth_fsm.nonce_hist\[5\]\[56\],76.1
u_aes128.ciphertext\[13\],76.08
clknet_leaf_87_clk,76.07
clknet_leaf_165_clk,76.02
clknet_leaf_106_clk,75.96
u_auth_fsm.nonce_hist\[0\]\[51\],75.91
_09446_,75.9
_10601_,75.85
clknet_leaf_30_clk,75.82
_09931_,75.8
clknet_leaf_146_clk,75.78
_11843_,75.73
_09359_,75.72
clknet_leaf_435_clk,75.7
_18796_,75.68
u_auth_fsm.aes_key\[97\],75.68
u_aes128.ciphertext\[12\],75.66
_19158_,75.62
u_auth_fsm.nonce_hist\[0\]\[50\],75.62
_06873_,75.56
_09806_,75.5
_06824_,75.42
_11482_,75.4
clknet_leaf_180_clk,75.38
clknet_leaf_101_clk,75.36
clknet_leaf_137_clk,75.36
_06733_,75.34
u_auth_fsm.nonce_hist\[0\]\[36\],75.32
_11988_,75.3
_05882_,75.28
clknet_leaf_297_clk,75.26
_13200_,75.24
u_auth_fsm.nonce_hist\[0\]\[125\],75.22
u_auth_fsm.nonce_hist\[3\]\[60\],75.2
_11815_,75.18
_10192_,75.13
u_auth_fsm.nonce_hist\[6\]\[20\],75.08
net449,75.08
_09337_,75.04
_17220_,75.02
clknet_leaf_67_clk,75.02
_12772_,75
_16841_,75
clknet_leaf_260_clk,75
_06386_,74.98
_13519_,74.94
clknet_leaf_259_clk,74.94
u_aes128.ciphertext\[16\],74.92
_10267_,74.9
_12984_,74.9
_07469_,74.82
_19426_,74.82
u_aes128.gen_state_sbox\[13\].sb_state.in\[5\],74.82
clknet_leaf_312_clk,74.82
_09346_,74.77
_08977_,74.72
_11782_,74.72
_19624_,74.72
u_auth_fsm.nonce_hist\[5\]\[28\],74.705
_11555_,74.68
net211,74.65
clknet_leaf_301_clk,74.6
clknet_leaf_253_clk,74.535
_09238_,74.46
_07809_,74.42
_11602_,74.42
_11369_,74.36
_08889_,74.35
u_auth_fsm.nonce_hist\[2\]\[92\],74.32
_14794_,74.3
u_auth_fsm.nonce_hist\[0\]\[33\],74.3
u_auth_fsm.tx_payload\[50\],74.29
_10467_,74.28
u_auth_fsm.nonce_hist\[0\]\[108\],74.28
_05197_,74.25
_09118_,74.18
clknet_leaf_115_clk,74.17
_16811_,74.14
u_auth_fsm.nonce_hist\[4\]\[106\],74.125
u_auth_fsm.nonce_hist\[5\]\[105\],74.105
_10921_,74.085
u_auth_fsm.aes_key\[27\],74.06
_13113_,73.98
u_cmd_parser.challenge_nonce\[64\],73.97
_06015_,73.96
_07322_,73.96
u_auth_fsm.nonce_hist\[6\]\[51\],73.96
_08330_,73.94
u_auth_fsm.nonce_hist\[0\]\[53\],73.92
u_auth_fsm.nonce_hist\[1\]\[83\],73.92
u_auth_fsm.nonce_hist\[7\]\[104\],73.91
_08629_,73.9
clknet_leaf_170_clk,73.88
clknet_leaf_156_clk,73.84
_19285_,73.8
u_auth_fsm.aes_plaintext\[105\],73.8
_06868_,73.78
_08637_,73.68
_18161_,73.68
u_auth_fsm.aes_key\[79\],73.68
_10688_,73.66
_10143_,73.65
u_auth_fsm.nonce_hist\[5\]\[66\],73.635
net376,73.6
u_auth_fsm.nonce_hist\[2\]\[111\],73.595
_08200_,73.59
clknet_leaf_381_clk,73.58
_06404_,73.52
clknet_leaf_300_clk,73.5
_07880_,73.49
_10584_,73.48
_13695_,73.48
_14179_,73.48
_06889_,73.46
_17945_,73.46
_18533_,73.44
clknet_leaf_386_clk,73.44
net482,73.42
u_auth_fsm.nonce_hist\[5\]\[106\],73.365
u_aes128.ciphertext\[31\],73.3
u_auth_fsm.aes_key\[123\],73.22
_10984_,73.2
clknet_leaf_82_clk,73.2
_11844_,73.18
u_auth_fsm.nonce_hist\[3\]\[67\],73.18
u_auth_fsm.nonce_hist\[4\]\[71\],73.165
_06633_,73.16
_09388_,73.16
_09939_,73.145
_06478_,73.14
clknet_leaf_428_clk,73.12
net393,73.115
_12686_,73.1
_17185_,73.1
u_auth_fsm.aes_key\[99\],73.1
_13093_,73.07
clknet_leaf_133_clk,73.06
_17820_,73.02
u_aes128.gen_state_sbox\[10\].sb_state.in\[6\],72.98
u_aes128.gen_key_sbox\[1\].sb_key.in\[2\],72.96
u_auth_fsm.aes_plaintext\[108\],72.94
_14005_,72.9
_12116_,72.88
net447,72.86
clknet_leaf_68_clk,72.84
clknet_leaf_75_clk,72.82
_08733_,72.8
u_auth_fsm.nonce_hist\[4\]\[33\],72.78
u_auth_fsm.nonce_hist\[0\]\[102\],72.76
_06653_,72.72
_12222_,72.7
_13399_,72.64
clknet_leaf_310_clk,72.64
_13234_,72.635
clknet_leaf_224_clk,72.625
_13964_,72.62
_05518_,72.6
_11945_,72.565
u_auth_fsm.aes_plaintext\[79\],72.56
u_auth_fsm.nonce_hist\[0\]\[69\],72.56
_10702_,72.55
clknet_leaf_78_clk,72.54
u_cmd_parser.challenge_nonce\[71\],72.52
_08542_,72.49
_05390_,72.48
_07817_,72.48
_19440_,72.4
_10707_,72.38
_11387_,72.35
_11416_,72.34
_18379_,72.34
_07785_,72.32
_11780_,72.32
u_auth_fsm.nonce_hist\[4\]\[101\],72.32
_13122_,72.3
u_auth_fsm.nonce_hist\[0\]\[29\],72.28
_08177_,72.27
_16826_,72.25
_14610_,72.22
clknet_leaf_157_clk,72.21
clknet_leaf_164_clk,72.2
_12153_,72.18
_14262_,72.18
u_aes128.ciphertext\[43\],72.17
u_auth_fsm.nonce_hist\[4\]\[59\],72.16
_18573_,72.12
u_aes128.gen_state_sbox\[0\].sb_state.in\[7\],72.12
clknet_leaf_232_clk,72.12
u_auth_fsm.nonce_hist\[6\]\[21\],72.115
u_auth_fsm.nonce_hist\[4\]\[68\],72.1
clknet_leaf_358_clk,72.08
_11175_,72.06
_19596_,72.06
_04902_,72.04
clknet_leaf_383_clk,72
_07551_,71.97
_14157_,71.97
u_auth_fsm.tx_payload\[13\],71.945
u_auth_fsm.nonce_hist\[4\]\[72\],71.905
_17372_,71.9
_09799_,71.86
clknet_leaf_225_clk,71.86
_17129_,71.78
_10079_,71.75
_13246_,71.74
_07929_,71.68
_06751_,71.65
clknet_leaf_15_clk,71.59
_01602_,71.585
clknet_leaf_98_clk,71.58
_18903_,71.54
_06865_,71.51
_06174_,71.5
clknet_leaf_109_clk,71.5
_16937_,71.45
_18549_,71.44
_14148_,71.42
u_auth_fsm.nonce_hist\[4\]\[111\],71.42
net217,71.41
_12017_,71.4
clknet_leaf_401_clk,71.4
_06444_,71.37
_06753_,71.35
_06396_,71.32
_08961_,71.26
clknet_leaf_107_clk,71.26
_10620_,71.24
_12174_,71.22
_06326_,71.18
_07964_,71.18
clknet_leaf_183_clk,71.16
u_auth_fsm.nonce_hist\[6\]\[22\],71.135
_06535_,71.09
_10265_,71.05
u_auth_fsm.nonce_hist\[5\]\[61\],70.985
clknet_leaf_189_clk,70.955
_05430_,70.945
_09516_,70.895
u_auth_fsm.nonce_hist\[7\]\[103\],70.895
_13821_,70.78
u_aes128.ciphertext\[100\],70.78
u_auth_fsm.tx_header\[8\],70.765
_12807_,70.72
_14822_,70.72
u_auth_fsm.aes_key\[80\],70.72
_10718_,70.7
_08153_,70.68
_07856_,70.63
u_auth_fsm.nonce_hist\[2\]\[55\],70.62
u_auth_fsm.aes_key\[91\],70.6
_16925_,70.58
clknet_leaf_95_clk,70.58
_09395_,70.56
_11195_,70.56
clknet_leaf_44_clk,70.54
_10963_,70.5
_08469_,70.49
u_auth_fsm.nonce_hist\[1\]\[89\],70.48
_13772_,70.46
u_auth_fsm.nonce_hist\[1\]\[106\],70.455
clknet_leaf_245_clk,70.44
_07387_,70.37
_04921_,70.3
u_auth_fsm.nonce_hist\[0\]\[32\],70.245
_11811_,70.24
_14582_,70.16
_16366_,70.16
_08251_,70.14
_17515_,70.14
u_auth_fsm.nonce_hist\[4\]\[40\],70.14
clknet_leaf_144_clk,70.12
clknet_leaf_202_clk,70.1
clknet_leaf_422_clk,70.1
_18407_,70.08
clknet_leaf_215_clk,70.06
clknet_leaf_294_clk,70.06
_08364_,70.04
net428,70.02
_06415_,69.98
_14064_,69.98
u_auth_fsm.nonce_hist\[0\]\[107\],69.98
_10690_,69.97
_17043_,69.96
u_auth_fsm.aes_plaintext\[126\],69.96
_12385_,69.94
_07728_,69.9
u_auth_fsm.aes_key\[53\],69.84
clknet_leaf_163_clk,69.84
u_auth_fsm.nonce_hist\[3\]\[116\],69.82
u_auth_fsm.nonce_hist\[5\]\[102\],69.775
_10785_,69.72
_12234_,69.67
_10952_,69.66
_05387_,69.62
_08777_,69.58
_12380_,69.58
u_aes128.gen_state_sbox\[14\].sb_state.in\[5\],69.58
_12217_,69.56
_13870_,69.54
net1662,69.54
u_auth_fsm.nonce_hist\[3\]\[30\],69.515
_10794_,69.46
_05395_,69.43
u_cmd_parser.nonce_reg\[69\],69.36
_17878_,69.34
clknet_leaf_130_clk,69.32
clknet_leaf_77_clk,69.3
clknet_leaf_172_clk,69.24
_18678_,69.22
u_aes128.gen_state_sbox\[9\].sb_state.in\[7\],69.22
clknet_leaf_13_clk,69.22
u_auth_fsm.nonce_hist\[4\]\[97\],69.16
u_auth_fsm.nonce_hist\[3\]\[50\],69.125
_09545_,69.1
clknet_leaf_369_clk,69.08
clknet_leaf_283_clk,69.06
_11560_,69.05
_12453_,69.04
u_auth_fsm.aes_key\[121\],69.04
_18194_,69.02
clknet_leaf_285_clk,69.02
_08189_,69
_18509_,69
_11918_,68.98
_05620_,68.95
_08026_,68.92
_11149_,68.88
u_auth_fsm.tx_payload\[2\],68.88
_09447_,68.84
_12604_,68.84
u_auth_fsm.nonce_hist\[4\]\[41\],68.84
_06565_,68.81
net310,68.78
_13540_,68.77
_05862_,68.76
_09401_,68.76
_18046_,68.72
u_auth_fsm.nonce_hist\[0\]\[41\],68.705
_11574_,68.7
_05590_,68.68
_14326_,68.68
_09898_,68.66
clknet_leaf_152_clk,68.6
_09342_,68.58
_12010_,68.58
u_aes128.gen_state_sbox\[3\].sb_state.in\[2\],68.54
clknet_leaf_24_clk,68.54
clknet_leaf_32_clk,68.52
u_aes128.gen_state_sbox\[11\].sb_state.in\[3\],68.48
clknet_leaf_262_clk,68.475
_14661_,68.46
_11697_,68.44
u_auth_fsm.nonce_hist\[5\]\[125\],68.44
_14432_,68.42
_07969_,68.34
clknet_leaf_17_clk,68.32
_09200_,68.3
u_auth_fsm.nonce_hist\[0\]\[19\],68.29
_18754_,68.28
_05902_,68.24
_15745_,68.24
_07479_,68.2
u_auth_fsm.nonce_hist\[0\]\[13\],68.2
u_auth_fsm.nonce_hist\[1\]\[127\],68.165
_11493_,68.16
_08261_,68.14
clknet_leaf_407_clk,68.14
clknet_leaf_169_clk,68.12
_08447_,68.1
net752,68.1
_10669_,68.08
_10171_,68.06
net1448,68.04
u_auth_fsm.nonce_hist\[6\]\[36\],68.005
_01605_,68
u_auth_fsm.nonce_hist\[6\]\[89\],67.98
net434,67.92
_05927_,67.905
_12947_,67.89
_09055_,67.86
_10969_,67.855
_19282_,67.84
u_auth_fsm.nonce_hist\[5\]\[100\],67.79
_13786_,67.76
clknet_leaf_372_clk,67.76
clknet_leaf_41_clk,67.74
u_auth_fsm.nonce_hist\[6\]\[114\],67.72
net174,67.72
_17716_,67.7
_18505_,67.7
clknet_leaf_179_clk,67.7
_06399_,67.69
_13475_,67.68
_14294_,67.68
_06954_,67.66
clknet_leaf_382_clk,67.62
u_auth_fsm.nonce_hist\[0\]\[122\],67.58
u_aes128.gen_state_sbox\[7\].sb_state.in\[5\],67.52
_12281_,67.48
_08600_,67.38
u_auth_fsm.nonce_hist\[2\]\[71\],67.37
_08571_,67.36
_12657_,67.34
u_aes128.ciphertext\[85\],67.34
_09578_,67.28
u_auth_fsm.nonce_hist\[4\]\[0\],67.28
_11938_,67.25
_08544_,67.24
_09374_,67.24
clknet_leaf_240_clk,67.24
_07597_,67.22
net636,67.22
_05830_,67.17
_11799_,67.16
_14525_,67.16
_07117_,67.12
u_cmd_parser.nonce_reg\[62\],67.08
_08534_,67.06
_06513_,67.04
u_auth_fsm.tx_busy,67.04
_06013_,67.02
_06486_,67
_05869_,66.99
clknet_leaf_263_clk,66.98
net551,66.96
u_auth_fsm.nonce_hist\[1\]\[63\],66.94
_12087_,66.92
_08230_,66.86
_10291_,66.805
_19094_,66.8
_06794_,66.76
_01611_,66.74
u_cmd_parser.nonce_reg\[94\],66.74
_17672_,66.7
_07718_,66.6
_09077_,66.6
u_auth_fsm.cur_nonce\[124\],66.58
net2137,66.58
clknet_leaf_316_clk,66.54
u_auth_fsm.tx_payload\[10\],66.525
u_auth_fsm.nonce_hist\[4\]\[30\],66.52
clknet_leaf_413_clk,66.52
_18831_,66.46
clknet_leaf_235_clk,66.45
u_auth_fsm.nonce_hist\[6\]\[37\],66.445
_09455_,66.44
u_auth_fsm.nonce_hist\[0\]\[120\],66.44
_12324_,66.41
_05881_,66.38
u_uart_rx.bit_idx\[0\],66.315
_05438_,66.3
u_auth_fsm.nonce_hist\[5\]\[76\],66.3
_07486_,66.275
_08233_,66.24
_06860_,66.22
_12004_,66.21
_07419_,66.2
u_cmd_parser.nonce_reg\[49\],66.18
u_auth_fsm.nonce_hist\[2\]\[73\],66.165
u_auth_fsm.nonce_hist\[0\]\[35\],66.16
_11452_,66.14
clknet_leaf_48_clk,66.14
_08697_,66.11
_06319_,66.1
_18534_,66.08
u_auth_fsm.aes_key\[120\],66.06
u_auth_fsm.cur_nonce\[14\],66.04
_14052_,66.02
clknet_leaf_293_clk,66
_06416_,65.98
u_auth_fsm.nonce_hist\[4\]\[93\],65.98
_11700_,65.94
_06841_,65.9
_13371_,65.9
_13329_,65.86
u_aes128.ciphertext\[105\],65.86
_11386_,65.845
clknet_leaf_357_clk,65.84
_09841_,65.8
u_auth_fsm.nonce_hist\[6\]\[104\],65.8
_11578_,65.78
_19409_,65.78
_11838_,65.74
u_auth_fsm.nonce_hist\[5\]\[97\],65.74
_18917_,65.72
_18352_,65.7
_10004_,65.68
_13497_,65.68
clknet_leaf_266_clk,65.68
_13042_,65.675
u_auth_fsm.nonce_hist\[1\]\[22\],65.66
net2156,65.66
clknet_leaf_384_clk,65.64
u_auth_fsm.cur_nonce\[43\],65.62
_18656_,65.58
_08901_,65.56
_10738_,65.56
_08245_,65.54
_07737_,65.52
_16834_,65.52
net158,65.49
net313,65.48
_18703_,65.44
u_auth_fsm.tx_payload\[82\],65.44
_05605_,65.4
u_auth_fsm.nonce_hist\[7\]\[11\],65.38
_08876_,65.36
clknet_leaf_85_clk,65.36
clknet_leaf_324_clk,65.36
_11853_,65.32
u_auth_fsm.nonce_hist\[5\]\[113\],65.32
_10813_,65.3
net725,65.28
net854,65.26
_09913_,65.22
u_aes128.gen_state_sbox\[14\].sb_state.in\[1\],65.22
clknet_leaf_391_clk,65.22
_10767_,65.2
_12716_,65.2
clknet_leaf_231_clk,65.18
_12223_,65.17
_05754_,65.16
_08274_,65.16
_11861_,65.14
_14691_,65.14
u_aes128.ciphertext\[118\],65.14
_09372_,65.04
_09779_,65.02
u_auth_fsm.nonce_hist\[6\]\[96\],65.02
_11427_,64.98
_14871_,64.98
u_aes128.ciphertext\[11\],64.96
_07420_,64.955
_11470_,64.94
_05642_,64.93
_18541_,64.92
_08924_,64.865
_09651_,64.8
_05722_,64.77
_08895_,64.74
_10796_,64.74
u_auth_fsm.nonce_hist\[4\]\[98\],64.725
_13474_,64.72
_14167_,64.72
_09473_,64.7
_04859_,64.68
_09249_,64.68
u_auth_fsm.nonce_hist\[7\]\[89\],64.68
_13577_,64.66
_14164_,64.64
u_auth_fsm.nonce_hist\[0\]\[23\],64.64
_14220_,64.62
_04871_,64.61
u_cmd_parser.nonce_reg\[14\],64.61
_00046_,64.6
_11894_,64.6
clknet_leaf_399_clk,64.585
_18832_,64.56
u_auth_fsm.nonce_hist\[5\]\[32\],64.545
u_aes128.gen_state_sbox\[3\].sb_state.in\[1\],64.54
clknet_leaf_338_clk,64.54
_09302_,64.51
_09797_,64.5
_08143_,64.495
_07648_,64.44
clknet_leaf_28_clk,64.42
_11550_,64.39
_05470_,64.38
_06273_,64.38
_11755_,64.38
_13194_,64.38
_09188_,64.37
_12097_,64.36
_15465_,64.36
_05765_,64.34
_11293_,64.34
_07759_,64.32
_18700_,64.32
_06754_,64.3
_16358_,64.3
u_auth_fsm.aes_key\[95\],64.3
_05983_,64.28
_08231_,64.26
_11091_,64.25
u_auth_fsm.nonce_hist\[6\]\[99\],64.22
_10621_,64.2
_14723_,64.18
_08568_,64.14
_11596_,64.14
clknet_leaf_429_clk,64.14
u_auth_fsm.nonce_hist\[0\]\[76\],64.12
_06283_,64.1
_06996_,64.1
_18733_,64.1
_14276_,64.04
clknet_leaf_10_clk,64.04
clknet_leaf_276_clk,64.04
u_auth_fsm.nonce_hist\[0\]\[2\],63.98
net796,63.96
_12627_,63.94
_10001_,63.9
_10951_,63.88
_13973_,63.88
u_auth_fsm.nonce_hist\[3\]\[2\],63.84
_12336_,63.83
u_auth_fsm.nonce_hist\[4\]\[70\],63.82
_11297_,63.8
_08266_,63.78
u_cmd_parser.nonce_reg\[48\],63.78
_16930_,63.76
u_uart_rx.state\[2\],63.755
_14555_,63.74
clknet_leaf_321_clk,63.7
fifo_nonce\[0\]\[25\],63.62
u_aes128.gen_state_sbox\[10\].sb_state.in\[0\],63.6
_03584_,63.56
_12489_,63.56
u_cmd_parser.nonce_reg\[42\],63.56
clknet_leaf_345_clk,63.56
u_auth_fsm.nonce_hist\[5\]\[52\],63.555
_18973_,63.55
_08788_,63.545
u_auth_fsm.nonce_hist\[3\]\[88\],63.545
_13195_,63.54
_19140_,63.54
_13590_,63.52
_11561_,63.48
_13585_,63.48
_14833_,63.48
clknet_leaf_397_clk,63.48
u_auth_fsm.nonce_hist\[1\]\[93\],63.47
_08746_,63.46
_14095_,63.46
u_auth_fsm.nonce_hist\[4\]\[116\],63.445
_06684_,63.44
fifo_nonce\[3\]\[110\],63.44
_06259_,63.42
u_auth_fsm.nonce_hist\[2\]\[20\],63.42
_14360_,63.4
net83,63.4
u_aes128.gen_state_sbox\[11\].sb_state.in\[0\],63.36
net2183,63.36
_11116_,63.35
_14461_,63.345
_06766_,63.34
_11008_,63.34
u_auth_fsm.nonce_hist\[0\]\[5\],63.34
clknet_leaf_12_clk,63.3
_05586_,63.26
u_auth_fsm.nonce_hist\[7\]\[96\],63.22
_12672_,63.215
u_auth_fsm.nonce_hist\[5\]\[55\],63.2
_19243_,63.18
net742,63.16
clknet_leaf_171_clk,63.04
u_aes128.ciphertext\[77\],63.02
u_uart_rx.bit_idx\[1\],63.02
_08524_,63.015
_18303_,62.98
net442,62.96
_11623_,62.92
_13173_,62.92
u_auth_fsm.nonce_hist\[4\]\[119\],62.9
_10380_,62.89
u_aes128.ciphertext\[95\],62.88
u_aes128.gen_state_sbox\[0\].sb_state.in\[1\],62.82
_07547_,62.8
_09536_,62.8
_08237_,62.78
net257,62.77
_06376_,62.74
_10613_,62.74
_14096_,62.74
u_auth_fsm.nonce_hist\[0\]\[127\],62.685
_11145_,62.68
_07893_,62.62
_09002_,62.62
_13991_,62.6
_08978_,62.58
_18162_,62.56
_07132_,62.54
clknet_leaf_162_clk,62.54
clknet_leaf_433_clk,62.52
u_auth_fsm.nonce_hist\[4\]\[102\],62.5
_06329_,62.48
u_auth_fsm.nonce_hist\[4\]\[73\],62.48
_11453_,62.455
_05906_,62.44
_10220_,62.41
u_auth_fsm.nonce_hist\[2\]\[72\],62.4
u_cmd_parser.nonce_reg\[43\],62.38
net304,62.35
_14075_,62.28
u_auth_fsm.aes_key\[43\],62.25
_07938_,62.24
_13801_,62.24
net1275,62.2
_09199_,62.17
_17332_,62.14
_09687_,62.12
_10600_,62.08
u_auth_fsm.cur_nonce\[71\],62.06
_12648_,62.015
u_aes128.gen_state_sbox\[1\].sb_state.in\[0\],62
_11157_,61.97
_11096_,61.96
u_auth_fsm.aes_key\[90\],61.96
clknet_leaf_21_clk,61.94
net2492,61.92
_06324_,61.88
_05523_,61.86
net2477,61.86
_06418_,61.84
_07454_,61.84
_17872_,61.84
u_auth_fsm.nonce_hist\[2\]\[21\],61.84
_08960_,61.825
_19480_,61.805
_12285_,61.8
u_aes128.gen_state_sbox\[15\].sb_state.in\[3\],61.795
_08369_,61.76
u_aes128.ciphertext\[103\],61.76
_13685_,61.75
_05483_,61.73
_07765_,61.72
u_auth_fsm.nonce_hist\[4\]\[52\],61.705
_06272_,61.62
clknet_leaf_318_clk,61.58
_14281_,61.54
_18370_,61.54
u_auth_fsm.nonce_hist\[3\]\[84\],61.52
_11189_,61.51
u_aes128.round_key\[85\],61.42
_10747_,61.41
net122,61.4
u_auth_fsm.nonce_hist\[0\]\[110\],61.355
_01596_,61.34
_12908_,61.33
_08282_,61.32
u_auth_fsm.nonce_hist\[4\]\[19\],61.3
u_auth_fsm.nonce_hist\[2\]\[88\],61.295
_12752_,61.28
_14648_,61.28
net719,61.28
_11608_,61.26
_10895_,61.22
net1433,61.2
_18430_,61.18
clknet_leaf_20_clk,61.16
_11841_,61.06
_08147_,61.03
_09056_,61.02
_16816_,61
_13435_,60.99
_06246_,60.98
u_auth_fsm.nonce_hist\[3\]\[54\],60.98
_12147_,60.94
clknet_leaf_323_clk,60.9
u_aes128.ciphertext\[5\],60.84
_12803_,60.82
clknet_leaf_129_clk,60.82
_06773_,60.78
_16630_,60.78
_07520_,60.77
_09180_,60.74
clknet_leaf_57_clk,60.71
net693,60.7
_12396_,60.68
u_uart_tx.state\[1\],60.68
_06710_,60.66
_08793_,60.66
u_auth_fsm.nonce_hist\[1\]\[94\],60.64
net587,60.64
_14206_,60.62
_08208_,60.6
u_aes128.gen_key_sbox\[3\].sb_key.in\[2\],60.6
_03800_,60.58
u_auth_fsm.nonce_hist\[0\]\[99\],60.58
net1901,60.58
_12427_,60.56
_13134_,60.56
_18911_,60.54
_08939_,60.5
_07810_,60.44
_06101_,60.43
_06441_,60.4
u_auth_fsm.aes_key\[93\],60.38
_06364_,60.36
u_auth_fsm.nonce_hist\[2\]\[51\],60.36
u_auth_fsm.nonce_hist\[5\]\[48\],60.36
_13015_,60.32
u_auth_fsm.nonce_hist\[6\]\[58\],60.315
_09632_,60.31
_06958_,60.3
u_aes128.gen_state_sbox\[14\].sb_state.in\[0\],60.28
_12791_,60.24
_10277_,60.23
u_aes128.ciphertext\[28\],60.22
_11624_,60.21
_07821_,60.2
clknet_leaf_393_clk,60.18
_17964_,60.16
_12650_,60.15
_09871_,60.13
_07349_,60.12
_13861_,60.12
u_auth_fsm.nonce_hist\[0\]\[16\],60.115
u_auth_fsm.nonce_hist\[3\]\[72\],60.085
_12954_,60.07
_12451_,60.05
_10251_,60
_12249_,59.98
_18343_,59.98
_06426_,59.84
u_auth_fsm.nonce_hist\[1\]\[52\],59.835
_12517_,59.82
_11882_,59.8
_13373_,59.8
_04987_,59.79
_06906_,59.78
_12254_,59.78
u_cmd_parser.challenge_nonce\[114\],59.78
_12360_,59.76
clknet_leaf_191_clk,59.76
net2116,59.7
_10183_,59.69
_13512_,59.68
clknet_leaf_439_clk,59.68
net242,59.67
_06802_,59.66
u_auth_fsm.tx_payload\[23\],59.66
_05877_,59.62
_10997_,59.62
_14298_,59.62
_14733_,59.62
u_aes128.gen_state_sbox\[5\].sb_state.in\[0\],59.62
u_auth_fsm.nonce_hist\[6\]\[80\],59.595
_13625_,59.56
_08631_,59.54
_19004_,59.54
clknet_leaf_221_clk,59.54
_08624_,59.52
_05719_,59.46
u_auth_fsm.nonce_hist\[5\]\[20\],59.46
_13568_,59.44
u_auth_fsm.aes_key\[94\],59.42
_05997_,59.41
u_cmd_parser.nonce_reg\[68\],59.4
_13998_,59.36
u_auth_fsm.nonce_hist\[6\]\[35\],59.35
_05734_,59.34
_14774_,59.3
_12725_,59.24
u_auth_fsm.nonce_hist\[5\]\[81\],59.215
u_aes128.ciphertext\[4\],59.2
u_auth_fsm.nonce_hist\[1\]\[107\],59.2
net444,59.12
u_auth_fsm.nonce_hist\[5\]\[27\],59.11
_06890_,59.08
u_aes128.ciphertext\[126\],59.055
u_auth_fsm.nonce_hist\[0\]\[83\],59.04
u_aes128.gen_state_sbox\[3\].sb_state.in\[4\],59.02
net724,59.02
_13682_,58.96
u_auth_fsm.aes_key\[8\],58.94
u_auth_fsm.nonce_hist\[4\]\[17\],58.94
_05915_,58.9
u_auth_fsm.nonce_hist\[4\]\[3\],58.835
_09560_,58.82
u_auth_fsm.cur_nonce\[3\],58.82
u_auth_fsm.nonce_hist\[3\]\[45\],58.785
_07122_,58.77
_12537_,58.72
_18713_,58.7
clknet_leaf_342_clk,58.7
u_auth_fsm.nonce_hist\[0\]\[7\],58.69
_19302_,58.66
u_aes128.gen_state_sbox\[11\].sb_state.in\[1\],58.66
u_auth_fsm.aes_key\[1\],58.64
_08067_,58.62
clknet_leaf_296_clk,58.62
_10384_,58.56
_07951_,58.54
clknet_leaf_376_clk,58.54
_18864_,58.52
_12834_,58.5
u_auth_fsm.cur_nonce\[5\],58.5
u_auth_fsm.nonce_hist\[1\]\[81\],58.49
_18412_,58.48
_07599_,58.47
_05841_,58.4
u_auth_fsm.tx_payload\[31\],58.4
_12530_,58.385
u_auth_fsm.nonce_hist\[0\]\[10\],58.36
net332,58.32
clknet_leaf_166_clk,58.3
_05864_,58.28
_12439_,58.28
_14672_,58.28
_07009_,58.27
_13725_,58.26
net405,58.26
u_auth_fsm.nonce_hist\[3\]\[58\],58.24
net110,58.23
clknet_leaf_269_clk,58.22
_09786_,58.21
u_aes128.ciphertext\[117\],58.21
u_auth_fsm.nonce_hist\[3\]\[108\],58.165
_05673_,58.12
u_auth_fsm.nonce_hist\[7\]\[55\],58.09
fifo_nonce\[5\]\[110\],58.07
_10327_,58.06
fifo_nonce\[6\]\[78\],58.06
u_auth_fsm.aes_plaintext\[71\],58.06
u_auth_fsm.nonce_hist\[1\]\[69\],58.06
net2515,58.06
_06389_,58.04
u_auth_fsm.nonce_hist\[7\]\[20\],58.02
_06897_,57.98
clknet_leaf_319_clk,57.96
clknet_leaf_289_clk,57.94
_08441_,57.92
net2503,57.92
_08272_,57.86
net941,57.86
_07879_,57.85
_13680_,57.82
u_auth_fsm.nonce_hist\[0\]\[72\],57.795
u_auth_fsm.nonce_hist\[3\]\[41\],57.765
_18669_,57.76
_13143_,57.74
u_auth_fsm.nonce_hist\[6\]\[73\],57.74
_11933_,57.7
_05891_,57.695
u_aes128.gen_state_sbox\[2\].sb_state.in\[7\],57.67
net759,57.66
clknet_leaf_64_clk,57.62
u_auth_fsm.nonce_hist\[2\]\[98\],57.585
_13857_,57.58
u_auth_fsm.nonce_hist\[6\]\[19\],57.565
u_aes128.ciphertext\[107\],57.56
clknet_leaf_423_clk,57.56
clknet_leaf_349_clk,57.54
_11831_,57.51
_10788_,57.495
_12252_,57.48
_19449_,57.48
u_auth_fsm.nonce_hist\[2\]\[57\],57.48
u_auth_fsm.tx_byte\[6\],57.46
_18283_,57.42
u_aes128.ciphertext\[113\],57.42
_07443_,57.4
_12261_,57.38
u_auth_fsm.nonce_hist\[0\]\[38\],57.375
u_auth_fsm.tx_payload\[68\],57.36
_08008_,57.34
clknet_leaf_145_clk,57.34
_09114_,57.24
_10254_,57.22
_14642_,57.22
u_auth_fsm.nonce_hist\[4\]\[27\],57.22
_08525_,57.2
u_aes128.gen_key_sbox\[0\].sb_key.in\[2\],57.18
u_auth_fsm.nonce_hist\[5\]\[29\],57.16
u_auth_fsm.nonce_hist\[0\]\[18\],57.145
u_aes128.ciphertext\[0\],57.1
clknet_leaf_351_clk,57.1
_19386_,57.08
_06768_,57.045
u_auth_fsm.nonce_hist\[4\]\[20\],57.04
_05714_,57.02
_05803_,57.02
_11094_,57.02
_10581_,57
_10753_,56.98
_08197_,56.96
_10178_,56.96
_05897_,56.925
u_auth_fsm.nonce_hist\[3\]\[36\],56.92
u_auth_fsm.nonce_hist\[3\]\[71\],56.9
u_auth_fsm.nonce_hist\[5\]\[94\],56.88
_06806_,56.86
_08966_,56.86
net86,56.86
_06523_,56.84
u_auth_fsm.nonce_hist\[3\]\[47\],56.82
clknet_leaf_110_clk,56.82
u_auth_fsm.nonce_hist\[3\]\[82\],56.8
_06306_,56.72
_07529_,56.72
_07832_,56.7
_14201_,56.7
u_auth_fsm.nonce_hist\[6\]\[18\],56.68
u_auth_fsm.nonce_hist\[1\]\[49\],56.675
u_auth_fsm.nonce_hist\[7\]\[51\],56.665
_08308_,56.66
_13627_,56.64
_19390_,56.64
_08927_,56.58
u_auth_fsm.nonce_hist\[4\]\[9\],56.58
_19446_,56.575
net7,56.56
_05513_,56.52
_10622_,56.48
_08928_,56.47
_07994_,56.46
_14348_,56.44
_17535_,56.44
_05448_,56.42
_07394_,56.42
_12022_,56.42
_03588_,56.4
_05863_,56.4
_11492_,56.38
u_auth_fsm.nonce_hist\[0\]\[12\],56.375
_10117_,56.36
clknet_leaf_442_clk,56.355
_08247_,56.34
_12296_,56.32
_07092_,56.28
_13071_,56.28
_05770_,56.24
_10430_,56.24
_11146_,56.24
fifo_nonce\[5\]\[78\],56.16
_08613_,56.1
_12733_,56.09
_19062_,56.08
u_auth_fsm.nonce_hist\[1\]\[10\],56.08
_11086_,56.06
_08223_,56.04
u_auth_fsm.nonce_hist\[1\]\[55\],56.04
u_auth_fsm.nonce_hist\[4\]\[10\],56.04
_11558_,56.03
u_auth_fsm.nonce_hist\[0\]\[91\],56.025
_07955_,56
_16881_,56
clknet_leaf_425_clk,56
_05843_,55.96
_17762_,55.96
u_aes128.ciphertext\[110\],55.94
_14417_,55.92
_07741_,55.9
_11790_,55.9
clknet_leaf_2_clk,55.9
u_uart_rx.clk_cnt\[5\],55.88
u_auth_fsm.nonce_hist\[4\]\[35\],55.85
u_auth_fsm.tx_payload\[96\],55.84
_19423_,55.82
u_auth_fsm.nonce_hist\[3\]\[113\],55.8
u_auth_fsm.nonce_hist\[1\]\[77\],55.78
_11393_,55.765
_10299_,55.74
_18945_,55.74
clknet_leaf_148_clk,55.74
_13493_,55.72
u_auth_fsm.nonce_hist\[5\]\[49\],55.675
_08622_,55.655
_06049_,55.64
clknet_leaf_6_clk,55.62
u_auth_fsm.nonce_hist\[0\]\[11\],55.58
_09273_,55.54
_09178_,55.52
_18451_,55.5
_19171_,55.5
u_auth_fsm.tx_payload\[16\],55.5
net2159,55.5
_13046_,55.48
_14009_,55.48
_05674_,55.46
_12008_,55.46
_19533_,55.46
u_aes128.gen_state_sbox\[12\].sb_state.in\[7\],55.46
u_aes128.gen_key_sbox\[0\].sb_key.in\[0\],55.455
_07889_,55.45
_10711_,55.44
_14840_,55.4
_10456_,55.37
u_auth_fsm.nonce_hist\[6\]\[50\],55.365
_18472_,55.36
_19160_,55.36
_19188_,55.335
_06461_,55.32
_13708_,55.3
u_auth_fsm.nonce_hist\[3\]\[76\],55.3
_10560_,55.24
fifo_nonce\[0\]\[36\],55.24
_11372_,55.22
_06429_,55.2
u_aes128.ciphertext\[3\],55.2
_09482_,55.19
_11923_,55.19
_17671_,55.18
u_auth_fsm.tx_payload\[47\],55.18
_19085_,55.16
_05764_,55.14
_07670_,55.14
_09152_,55.14
u_cmd_parser.crc_reg\[7\],55.11
_08434_,55.1
_06909_,55.08
_09117_,55.06
_11509_,55.02
u_auth_fsm.nonce_hist\[2\]\[4\],55.02
u_auth_fsm.nonce_hist\[2\]\[16\],55
clknet_leaf_427_clk,55
u_auth_fsm.nonce_hist\[0\]\[77\],54.98
_12084_,54.96
_10144_,54.95
_06479_,54.94
_08360_,54.935
net663,54.92
net764,54.92
net767,54.92
_19212_,54.9
u_auth_fsm.nonce_hist\[6\]\[57\],54.9
net339,54.885
_06405_,54.88
u_auth_fsm.aes_key\[28\],54.85
_14495_,54.84
_08397_,54.82
_19145_,54.8
net2205,54.8
_11705_,54.79
net238,54.75
_08606_,54.74
u_aes128.round_num\[1\],54.74
_08522_,54.735
_11133_,54.72
_12846_,54.72
u_auth_fsm.nonce_hist\[1\]\[91\],54.66
_09783_,54.62
net463,54.62
net362,54.61
_08217_,54.6
_11034_,54.6
u_aes128.gen_state_sbox\[0\].sb_state.in\[2\],54.58
_10231_,54.48
_09924_,54.445
u_auth_fsm.nonce_hist\[7\]\[68\],54.43
_13424_,54.425
u_auth_fsm.nonce_hist\[2\]\[126\],54.41
_07975_,54.4
_07885_,54.39
u_auth_fsm.aes_key\[9\],54.36
_09090_,54.34
clknet_leaf_236_clk,54.34
u_auth_fsm.nonce_hist\[0\]\[97\],54.325
_07898_,54.3
_18334_,54.3
u_auth_fsm.nonce_hist\[6\]\[55\],54.3
u_auth_fsm.nonce_hist\[7\]\[21\],54.295
u_aes128.ciphertext\[68\],54.28
clknet_leaf_341_clk,54.26
_06628_,54.24
_18094_,54.22
_10564_,54.195
_06569_,54.18
net2472,54.18
u_auth_fsm.nonce_hist\[7\]\[19\],54.165
_06357_,54.14
u_auth_fsm.nonce_hist\[5\]\[108\],54.14
u_aes128.gen_state_sbox\[3\].sb_state.in\[5\],54.12
u_auth_fsm.nonce_hist\[5\]\[93\],54.1
_05366_,54.095
_10823_,54.08
_14668_,54.06
u_auth_fsm.nonce_hist\[1\]\[4\],54.045
_05970_,54.04
_05892_,54.02
u_auth_fsm.nonce_hist\[4\]\[120\],54
_12328_,53.97
_11117_,53.96
_09534_,53.93
u_auth_fsm.nonce_hist\[6\]\[108\],53.92
_10360_,53.86
u_auth_fsm.nonce_hist\[4\]\[109\],53.855
_08394_,53.84
_12268_,53.84
_05493_,53.82
net2167,53.82
_08211_,53.815
net765,53.8
_10929_,53.79
_18665_,53.78
_13262_,53.76
_05583_,53.75
u_auth_fsm.nonce_hist\[1\]\[15\],53.74
u_auth_fsm.nonce_hist\[0\]\[34\],53.72
_05416_,53.7
u_auth_fsm.nonce_hist\[6\]\[120\],53.68
_07552_,53.605
_13347_,53.58
_06334_,53.56
_07615_,53.54
_13221_,53.52
_09061_,53.5
u_auth_fsm.nonce_hist\[0\]\[100\],53.48
_11335_,53.46
u_aes128.ciphertext\[79\],53.44
u_auth_fsm.tx_payload\[53\],53.44
_09299_,53.43
u_auth_fsm.nonce_hist\[7\]\[7\],53.4
u_auth_fsm.nonce_hist\[2\]\[102\],53.38
u_cmd_parser.nonce_reg\[65\],53.38
u_auth_fsm.nonce_hist\[3\]\[89\],53.36
_11784_,53.34
_17375_,53.34
_09411_,53.3
_14236_,53.3
clknet_leaf_378_clk,53.3
u_auth_fsm.nonce_hist\[4\]\[112\],53.28
_04982_,53.26
_06336_,53.26
_08412_,53.255
u_auth_fsm.nonce_hist\[5\]\[69\],53.24
_11648_,53.22
_12165_,53.22
_09599_,53.2
_10115_,53.18
_08331_,53.14
_12181_,53.09
u_auth_fsm.nonce_hist\[0\]\[81\],53.06
_06165_,53.04
_08551_,53.04
fifo_nonce\[2\]\[110\],53.02
_05398_,52.98
_11071_,52.96
u_auth_fsm.nonce_hist\[4\]\[99\],52.96
_19316_,52.915
_10136_,52.88
_01604_,52.86
_10273_,52.84
_12383_,52.82
u_aes128.active,52.785
_18923_,52.78
_12620_,52.76
_18657_,52.74
u_auth_fsm.nonce_hist\[0\]\[49\],52.725
_11420_,52.72
_08516_,52.7
u_aes128.ciphertext\[102\],52.7
u_cmd_parser.crc_hi_reg\[5\],52.62
u_aes128.gen_state_sbox\[11\].sb_state.in\[2\],52.6
u_auth_fsm.nonce_hist\[2\]\[118\],52.59
_05549_,52.58
_12545_,52.57
u_auth_fsm.nonce_hist\[2\]\[1\],52.55
_18362_,52.54
u_auth_fsm.nonce_hist\[5\]\[12\],52.52
_05404_,52.48
_07514_,52.48
u_auth_fsm.nonce_hist\[7\]\[108\],52.48
u_aes128.gen_state_sbox\[9\].sb_state.in\[0\],52.44
u_uart_rx.clk_cnt\[0\],52.42
_19061_,52.38
u_auth_fsm.aes_key\[98\],52.38
clknet_leaf_229_clk,52.38
_18889_,52.34
_06913_,52.32
_12681_,52.3
_19079_,52.28
_12823_,52.24
_18729_,52.24
net354,52.21
_07716_,52.2
_08244_,52.18
_11949_,52.18
u_auth_fsm.nonce_hist\[3\]\[19\],52.18
net2176,52.18
_06099_,52.12
u_auth_fsm.aes_key\[25\],52.1
_12130_,52.06
_12673_,52.06
_14126_,52.04
_09161_,52.03
_07932_,52
_10770_,52
_12351_,52
_13408_,51.995
_08907_,51.96
net639,51.94
net815,51.92
u_auth_fsm.cur_nonce\[86\],51.86
_14183_,51.84
_08539_,51.82
_19030_,51.82
net371,51.79
_09988_,51.78
_10165_,51.78
clknet_leaf_205_clk,51.78
_16831_,51.72
_09703_,51.7
_13933_,51.7
_13088_,51.68
u_auth_fsm.nonce_hist\[6\]\[88\],51.68
_11491_,51.66
u_auth_fsm.nonce_hist\[1\]\[44\],51.66
net2202,51.66
_11514_,51.65
fifo_nonce\[0\]\[38\],51.62
u_auth_fsm.nonce_hist\[3\]\[18\],51.6
_06988_,51.58
_14859_,51.54
u_aes128.gen_state_sbox\[9\].sb_state.in\[6\],51.54
_18817_,51.5
_11647_,51.48
net596,51.48
_05184_,51.46
u_auth_fsm.nonce_hist\[2\]\[110\],51.46
_11246_,51.42
fifo_nonce\[1\]\[110\],51.4
clknet_leaf_264_clk,51.4
_10358_,51.38
_06275_,51.37
_08974_,51.36
_12746_,51.36
_17915_,51.34
clknet_leaf_132_clk,51.34
clknet_leaf_227_clk,51.34
net1156,51.34
net2323,51.34
u_auth_fsm.nonce_hist\[5\]\[21\],51.32
_10419_,51.3
_13845_,51.28
_06855_,51.26
_10918_,51.24
_19622_,51.23
_13202_,51.21
_07651_,51.2
clknet_leaf_396_clk,51.2
_06542_,51.18
_13003_,51.18
_13107_,51.18
u_auth_fsm.nonce_hist\[3\]\[55\],51.18
u_auth_fsm.aes_key\[70\],51.16
_12403_,51.15
_06120_,51.06
_18597_,51.04
u_auth_fsm.nonce_hist\[3\]\[21\],51.015
_17560_,50.94
_18708_,50.88
clknet_leaf_377_clk,50.88
_14589_,50.86
_08185_,50.84
_06448_,50.82
_06671_,50.8
_12546_,50.8
_14546_,50.8
_11797_,50.76
u_cmd_parser.nonce_reg\[88\],50.75
_08178_,50.725
u_aes128.ciphertext\[111\],50.68
_09147_,50.66
_10568_,50.66
_11329_,50.66
_09333_,50.64
_06450_,50.63
_09424_,50.61
u_auth_fsm.nonce_hist\[2\]\[47\],50.6
_09615_,50.56
_17675_,50.54
u_uart_rx.state\[0\],50.49
_12013_,50.48
_19382_,50.48
u_auth_fsm.nonce_hist\[1\]\[108\],50.44
_08248_,50.425
u_auth_fsm.nonce_hist\[5\]\[44\],50.365
_09400_,50.33
_13407_,50.32
u_auth_fsm.nonce_hist\[7\]\[77\],50.3
u_auth_fsm.nonce_hist\[7\]\[45\],50.285
_16369_,50.28
u_aes128.gen_state_sbox\[10\].sb_state.in\[5\],50.28
net828,50.28
_09465_,50.26
_12655_,50.26
u_aes128.gen_state_sbox\[6\].sb_state.in\[1\],50.26
u_cmd_parser.nonce_reg\[37\],50.26
u_auth_fsm.nonce_hist\[4\]\[61\],50.225
_18093_,50.22
_13153_,50.215
_05437_,50.2
_12612_,50.18
_14268_,50.18
u_auth_fsm.nonce_hist\[4\]\[67\],50.17
_03626_,50.16
net925,50.16
_11158_,50.14
u_aes128.ciphertext\[78\],50.14
u_auth_fsm.nonce_hist\[5\]\[77\],50.125
_05817_,50.1
_07423_,50.1
_08979_,50.1
_09457_,50.1
_13613_,50.06
u_auth_fsm.nonce_hist\[0\]\[17\],50.06
_10400_,50.02
_09535_,50.01
_11070_,49.96
_11900_,49.96
u_auth_fsm.aes_key\[102\],49.96
u_auth_fsm.nonce_hist\[2\]\[14\],49.88
u_auth_fsm.nonce_hist\[4\]\[12\],49.865
_05436_,49.82
_08607_,49.8
_09354_,49.755
u_auth_fsm.tx_payload\[24\],49.74
clknet_leaf_181_clk,49.74
u_auth_fsm.nonce_hist\[6\]\[16\],49.72
u_auth_fsm.nonce_hist\[1\]\[121\],49.7
u_auth_fsm.nonce_hist\[1\]\[19\],49.7
u_uart_rx.clk_cnt\[6\],49.7
_09235_,49.66
u_auth_fsm.state\[1\],49.64
_05683_,49.62
u_auth_fsm.nonce_hist\[2\]\[76\],49.62
_05996_,49.59
net2027,49.52
_18282_,49.5
u_auth_fsm.tx_payload\[92\],49.48
u_auth_fsm.nonce_hist\[4\]\[54\],49.46
_08536_,49.42
_11961_,49.42
_08246_,49.4
u_auth_fsm.nonce_hist\[1\]\[119\],49.38
u_auth_fsm.aes_key\[101\],49.33
_13342_,49.3
_06312_,49.28
_18861_,49.28
_12835_,49.26
net2179,49.26
_08467_,49.2
_16858_,49.2
_11758_,49.16
u_auth_fsm.nonce_hist\[5\]\[6\],49.16
net466,49.16
u_auth_fsm.nonce_hist\[0\]\[28\],49.145
_09485_,49.11
_05776_,49.1
_11305_,49.08
_17796_,49.08
_06947_,49.06
_11511_,49.06
_14284_,49.06
_09373_,49.04
_09367_,49.03
_17507_,49.02
clknet_leaf_430_clk,49.02
_07003_,48.93
u_aes128.ciphertext\[21\],48.92
_12510_,48.9
_18619_,48.9
_09594_,48.88
_09566_,48.86
_07979_,48.84
_14510_,48.82
_05491_,48.8
_19241_,48.8
u_auth_fsm.aes_plaintext\[123\],48.8
u_auth_fsm.nonce_hist\[2\]\[8\],48.75
_10432_,48.74
net824,48.74
u_auth_fsm.nonce_hist\[6\]\[111\],48.725
_08284_,48.72
u_aes128.gen_state_sbox\[5\].sb_state.in\[7\],48.7
u_auth_fsm.nonce_hist\[0\]\[4\],48.665
_14250_,48.66
u_auth_fsm.nonce_hist\[4\]\[50\],48.66
_13204_,48.64
_18674_,48.64
_09289_,48.54
_19540_,48.52
u_auth_fsm.tx_payload\[71\],48.51
u_auth_fsm.nonce_hist\[1\]\[3\],48.495
_19396_,48.46
_08719_,48.42
_13448_,48.42
_17925_,48.42
_12646_,48.41
_11444_,48.4
u_auth_fsm.aes_key\[4\],48.4
_13072_,48.385
_12940_,48.38
_13504_,48.38
_06790_,48.32
_03602_,48.315
u_auth_fsm.aes_key\[47\],48.3
_18758_,48.28
_19038_,48.26
_14625_,48.24
_12297_,48.22
_12486_,48.22
_16633_,48.22
_17971_,48.22
u_auth_fsm.nonce_hist\[6\]\[103\],48.205
_09140_,48.2
u_auth_fsm.nonce_hist\[2\]\[80\],48.18
_03606_,48.165
_06458_,48.12
u_aes128.gen_state_sbox\[12\].sb_state.in\[0\],48.12
_08691_,48.08
u_aes128.gen_state_sbox\[12\].sb_state.in\[1\],48.08
_18694_,48.06
_08658_,48.02
u_auth_fsm.nonce_hist\[6\]\[77\],48.02
_17154_,48
_14359_,47.96
_19132_,47.96
_09981_,47.94
_07427_,47.92
fifo_nonce\[0\]\[84\],47.92
_10982_,47.89
_18937_,47.86
u_auth_fsm.nonce_hist\[1\]\[42\],47.86
clknet_leaf_346_clk,47.86
_10632_,47.84
_13406_,47.84
fifo_nonce\[3\]\[78\],47.82
net774,47.78
_05850_,47.7
_09103_,47.68
_10910_,47.68
u_auth_fsm.aes_key\[77\],47.68
_13237_,47.66
u_auth_fsm.nonce_hist\[4\]\[95\],47.64
_11807_,47.58
_05492_,47.56
_13506_,47.56
u_auth_fsm.aes_key\[73\],47.555
_08588_,47.54
u_aes128.gen_state_sbox\[2\].sb_state.in\[0\],47.54
_19226_,47.52
u_aes128.gen_state_sbox\[12\].sb_state.in\[2\],47.5
_10723_,47.49
_05675_,47.46
u_auth_fsm.nonce_hist\[5\]\[91\],47.44
_09751_,47.42
net897,47.42
_07874_,47.38
_07704_,47.36
_12942_,47.36
u_aes128.ciphertext\[120\],47.36
_06009_,47.33
_17445_,47.32
_10204_,47.28
_17155_,47.28
clknet_leaf_337_clk,47.28
u_auth_fsm.nonce_hist\[0\]\[93\],47.26
u_auth_fsm.nonce_hist\[7\]\[72\],47.24
clknet_leaf_426_clk,47.24
_05187_,47.22
u_uart_tx.state\[3\],47.22
_05486_,47.2
_11049_,47.2
u_auth_fsm.nonce_hist\[4\]\[26\],47.18
u_auth_fsm.nonce_hist\[3\]\[7\],47.145
_08835_,47.14
_16872_,47.14
_19329_,47.14
clknet_leaf_334_clk,47.14
_08768_,47.12
_05786_,47.1
_06949_,47.1
_08814_,47.1
_13096_,47.1
_17489_,47.1
_13311_,47.08
u_auth_fsm.nonce_hist\[0\]\[24\],47.08
net1441,47.06
_07373_,47.04
u_auth_fsm.aes_key\[92\],47.03
_03609_,46.98
_12831_,46.96
_13470_,46.96
_12235_,46.88
_19609_,46.87
_08650_,46.86
_10566_,46.86
clknet_leaf_317_clk,46.84
u_auth_fsm.nonce_hist\[3\]\[96\],46.82
net1884,46.78
_07320_,46.76
_07512_,46.76
_13401_,46.76
_10892_,46.74
u_auth_fsm.nonce_hist\[5\]\[127\],46.74
net1981,46.74
_10209_,46.68
u_auth_fsm.nonce_hist\[7\]\[111\],46.675
_11458_,46.64
_11767_,46.64
u_auth_fsm.nonce_hist\[6\]\[12\],46.64
_07037_,46.62
_09773_,46.6
_14211_,46.6
_18479_,46.6
u_aes128.round_num\[3\],46.6
u_auth_fsm.nonce_hist\[0\]\[20\],46.58
_08849_,46.57
_08555_,46.55
_03631_,46.52
u_auth_fsm.nonce_hist\[1\]\[101\],46.52
clknet_leaf_272_clk,46.52
_13251_,46.48
u_auth_fsm.nonce_hist\[3\]\[83\],46.48
u_uart_rx.clk_cnt\[4\],46.46
u_auth_fsm.nonce_hist\[2\]\[19\],46.425
_19388_,46.42
_19312_,46.4
_05688_,46.38
fifo_nonce\[7\]\[78\],46.38
u_auth_fsm.cur_nonce\[82\],46.38
_09206_,46.36
u_auth_fsm.aes_key\[58\],46.26
net1858,46.26
_08363_,46.2
_09884_,46.2
_11795_,46.18
u_aes128.ciphertext\[30\],46.18
_12795_,46.14
_19268_,46.14
net2285,46.14
_14761_,46.12
_13554_,46.09
_04973_,46.06
_09277_,46.06
_16821_,46
fifo_wr_ptr\[1\],46
u_auth_fsm.nonce_hist\[7\]\[87\],45.98
u_auth_fsm.nonce_hist\[1\]\[2\],45.94
net563,45.94
_06756_,45.885
_06081_,45.88
_06139_,45.88
u_auth_fsm.nonce_hist\[4\]\[77\],45.88
u_aes128.gen_state_sbox\[1\].sb_state.in\[7\],45.87
_08483_,45.86
_10529_,45.86
_17239_,45.85
_08528_,45.84
u_auth_fsm.nonce_hist\[4\]\[58\],45.84
_18561_,45.82
u_auth_fsm.nonce_hist\[5\]\[107\],45.82
_18596_,45.76
u_auth_fsm.tx_payload\[116\],45.76
u_auth_fsm.nonce_hist\[5\]\[36\],45.72
clknet_leaf_395_clk,45.72
_12196_,45.7
_19571_,45.7
_06957_,45.68
clknet_leaf_343_clk,45.68
_19180_,45.66
_06757_,45.64
u_auth_fsm.tx_payload\[87\],45.64
_11181_,45.62
_11191_,45.6
u_auth_fsm.nonce_hist\[1\]\[73\],45.58
_06866_,45.54
_12756_,45.52
_18236_,45.48
u_auth_fsm.nonce_hist\[4\]\[69\],45.46
_07483_,45.42
_13654_,45.42
_13659_,45.42
_09505_,45.4
_05676_,45.38
_08107_,45.38
_10481_,45.38
u_aes128.gen_state_sbox\[13\].sb_state.in\[7\],45.38
u_auth_fsm.nonce_hist\[4\]\[29\],45.38
_06717_,45.375
_18810_,45.3
_09544_,45.28
u_auth_fsm.aes_key\[36\],45.28
_16823_,45.26
u_auth_fsm.cur_nonce\[85\],45.26
_05433_,45.24
_05618_,45.24
u_uart_tx.bit_idx\[0\],45.24
_13779_,45.22
net1812,45.22
_18569_,45.2
u_cmd_parser.nonce_reg\[58\],45.2
_13516_,45.18
u_aes128.ciphertext\[96\],45.18
_09647_,45.12
_12137_,45.1
_12186_,45.08
_14606_,45.08
fifo_nonce\[0\]\[125\],45.05
_05761_,45.02
u_auth_fsm.aes_key\[106\],45.02
net1897,45.02
_11198_,44.98
_11415_,44.98
_06381_,44.94
_14785_,44.94
_08659_,44.92
_11706_,44.92
_12738_,44.92
u_aes128.ciphertext\[92\],44.92
net760,44.92
_13058_,44.9
u_auth_fsm.nonce_hist\[0\]\[68\],44.9
fifo_rd_ptr\[2\],44.88
u_auth_fsm.nonce_hist\[3\]\[57\],44.88
_10423_,44.86
_10439_,44.86
u_auth_fsm.nonce_hist\[7\]\[6\],44.86
_17912_,44.82
u_auth_fsm.nonce_hist\[0\]\[112\],44.82
_11037_,44.81
_09496_,44.8
_10523_,44.8
u_auth_fsm.nonce_hist\[7\]\[76\],44.8
_10350_,44.78
_07409_,44.72
_13543_,44.72
_11520_,44.71
_10283_,44.7
_12354_,44.68
_18428_,44.68
net720,44.68
_05943_,44.66
_19478_,44.66
net229,44.66
u_auth_fsm.nonce_hist\[1\]\[114\],44.64
_12613_,44.62
_10255_,44.61
_13013_,44.6
_12889_,44.58
_14315_,44.58
_19309_,44.56
_05405_,44.55
u_aes128.ciphertext\[83\],44.5
u_auth_fsm.nonce_hist\[2\]\[112\],44.5
_09940_,44.48
_14337_,44.48
_16447_,44.48
_05793_,44.46
_08705_,44.46
net290,44.45
_13764_,44.44
_19502_,44.44
u_auth_fsm.nonce_hist\[5\]\[10\],44.44
u_uart_tx.bit_idx\[1\],44.44
_08159_,44.42
u_auth_fsm.nonce_hist\[5\]\[109\],44.42
u_auth_fsm.nonce_hist\[4\]\[56\],44.385
fifo_nonce\[6\]\[110\],44.38
_03605_,44.34
_08281_,44.32
_14100_,44.32
u_auth_fsm.nonce_hist\[0\]\[94\],44.3
_08870_,44.29
u_auth_fsm.nonce_hist\[2\]\[3\],44.285
_08209_,44.28
_09573_,44.28
_09824_,44.26
u_auth_fsm.nonce_hist\[6\]\[87\],44.26
clknet_leaf_348_clk,44.2
_13626_,44.18
_19116_,44.18
u_auth_fsm.nonce_hist\[3\]\[27\],44.18
_10292_,44.16
_09123_,44.14
_16943_,44.14
_06784_,44.12
_07334_,44.07
_07936_,44.04
_18811_,44.04
_10385_,44.02
_11167_,44.02
_13463_,43.96
_06029_,43.92
_18585_,43.9
u_auth_fsm.hdr_idx\[1\],43.9
u_auth_fsm.nonce_hist\[5\]\[75\],43.9
_06406_,43.845
_04909_,43.84
_09355_,43.84
_08264_,43.8
_16933_,43.8
net1876,43.8
_08086_,43.78
_09057_,43.78
_05672_,43.76
_06685_,43.76
_08750_,43.76
_13156_,43.76
_18649_,43.76
_11483_,43.74
_14575_,43.7
_07472_,43.68
_10493_,43.68
u_auth_fsm.nonce_hist\[2\]\[113\],43.68
_05826_,43.66
_14630_,43.66
_16803_,43.66
_09010_,43.64
_14512_,43.62
_17393_,43.62
u_aes128.gen_state_sbox\[4\].sb_state.in\[3\],43.6
u_auth_fsm.nonce_hist\[5\]\[71\],43.565
_12345_,43.54
net1032,43.54
u_cmd_parser.nonce_reg\[55\],43.53
_12407_,43.52
u_auth_fsm.nonce_hist\[3\]\[20\],43.52
_10812_,43.5
_03587_,43.48
_19400_,43.48
_08198_,43.46
u_auth_fsm.nonce_hist\[5\]\[15\],43.46
_09701_,43.44
u_aes128.ciphertext\[122\],43.44
_06354_,43.42
_07972_,43.42
u_aes128.gen_state_sbox\[10\].sb_state.in\[7\],43.42
_07568_,43.4
_06285_,43.38
_14045_,43.38
_18847_,43.34
_10023_,43.33
fifo_nonce\[2\]\[78\],43.3
u_auth_fsm.nonce_hist\[3\]\[16\],43.3
_12912_,43.29
_10974_,43.28
_09562_,43.26
_19011_,43.24
u_aes128.ciphertext\[69\],43.24
u_auth_fsm.nonce_hist\[1\]\[24\],43.225
_08320_,43.19
_04920_,43.18
_09142_,43.14
u_auth_fsm.cur_nonce\[15\],43.14
_07369_,43.13
u_auth_fsm.aes_key\[22\],43.13
_12695_,43.12
_10362_,43.1
_10628_,43.08
_12525_,43.08
net2118,43.08
u_auth_fsm.nonce_hist\[2\]\[120\],43.065
_04914_,43.03
_18320_,43.02
_08884_,43
_19324_,43
_12784_,42.98
_14576_,42.96
u_auth_fsm.nonce_hist\[2\]\[43\],42.92
_03643_,42.91
_09274_,42.9
_13494_,42.9
u_auth_fsm.nonce_hist\[2\]\[60\],42.9
u_auth_fsm.nonce_hist\[7\]\[119\],42.9
_06522_,42.88
_10177_,42.88
_08538_,42.86
_12127_,42.86
u_auth_fsm.nonce_hist\[3\]\[12\],42.86
_06215_,42.84
_06297_,42.84
_11968_,42.84
_18275_,42.84
fifo_nonce\[0\]\[123\],42.84
_13591_,42.82
_11995_,42.78
u_auth_fsm.nonce_hist\[0\]\[15\],42.775
_19240_,42.76
u_auth_fsm.nonce_hist\[3\]\[3\],42.7
_09958_,42.68
_11878_,42.66
u_cmd_parser.nonce_reg\[95\],42.64
_16827_,42.63
_11388_,42.6
u_aes128.gen_state_sbox\[15\].sb_state.in\[1\],42.6
_07528_,42.58
_08175_,42.56
_08811_,42.56
_13461_,42.56
_19542_,42.52
_18279_,42.5
u_auth_fsm.tx_payload\[37\],42.5
_19015_,42.48
_05832_,42.46
_11723_,42.46
_13365_,42.46
_13744_,42.46
_05697_,42.42
_05912_,42.36
u_auth_fsm.nonce_hist\[7\]\[74\],42.34
u_auth_fsm.nonce_hist\[4\]\[7\],42.335
clknet_leaf_249_clk,42.32
clknet_leaf_414_clk,42.32
_11581_,42.3
_13534_,42.28
_10514_,42.26
_11200_,42.24
u_auth_fsm.nonce_hist\[5\]\[45\],42.215
_06094_,42.2
u_auth_fsm.nonce_hist\[0\]\[104\],42.16
_17439_,42.14
clknet_leaf_291_clk,42.135
_05391_,42.12
_06702_,42.08
u_auth_fsm.tx_header\[4\],42.08
_06235_,42.04
_12224_,42.04
u_auth_fsm.nonce_hist\[2\]\[35\],42.04
net743,42.04
_19216_,42
u_auth_fsm.aes_key\[38\],42
u_aes128.ciphertext\[27\],41.96
net515,41.96
_06946_,41.94
_12369_,41.9
_19621_,41.9
u_aes128.ciphertext\[72\],41.9
u_auth_fsm.aes_key\[75\],41.9
u_auth_fsm.tx_payload\[57\],41.88
_07699_,41.86
_18410_,41.86
_18772_,41.86
u_auth_fsm.aes_key\[126\],41.855
_09281_,41.82
_19416_,41.82
_05616_,41.78
u_cmd_parser.crc_reg\[11\],41.78
_09889_,41.765
_18726_,41.72
u_aes128.ciphertext\[75\],41.7
net2358,41.7
_07428_,41.69
_12856_,41.68
_13154_,41.675
u_auth_fsm.nonce_hist\[4\]\[32\],41.625
u_auth_fsm.nonce_hist\[1\]\[14\],41.62
_09462_,41.6
_09472_,41.6
_18976_,41.58
u_auth_fsm.nonce_hist\[7\]\[44\],41.58
_11187_,41.57
_09428_,41.555
_13783_,41.54
_14002_,41.54
u_auth_fsm.tx_payload\[63\],41.54
_14762_,41.525
_12634_,41.5
_12764_,41.5
net1561,41.5
_07638_,41.48
u_aes128.ciphertext\[24\],41.48
_12776_,41.46
u_aes128.ciphertext\[37\],41.46
u_auth_fsm.nonce_hist\[1\]\[38\],41.445
_11880_,41.42
u_auth_fsm.nonce_hist\[3\]\[124\],41.42
_06005_,41.38
net1730,41.38
_13893_,41.32
net776,41.32
_07948_,41.3
_13014_,41.3
u_aes128.gen_state_sbox\[4\].sb_state.in\[4\],41.275
_06422_,41.26
_13060_,41.26
_18300_,41.26
_18257_,41.24
_09805_,41.235
fifo_nonce\[1\]\[67\],41.22
_07566_,41.2
_09967_,41.16
_19516_,41.16
_05904_,41.14
_04977_,41.1
u_auth_fsm.nonce_hist\[7\]\[37\],41.1
_09099_,41.08
_06644_,41.06
_18440_,41.06
_06820_,41.04
_13641_,41.04
u_auth_fsm.aes_key\[20\],41.04
_19182_,41.02
_08025_,41
_16639_,40.98
_16842_,40.98
_18950_,40.98
u_auth_fsm.tx_payload\[121\],40.98
net457,40.98
_07917_,40.975
_10018_,40.96
_10355_,40.96
_11488_,40.96
u_auth_fsm.nonce_hist\[1\]\[11\],40.96
_12242_,40.94
_13020_,40.94
u_auth_fsm.tx_payload\[65\],40.92
_17981_,40.88
u_auth_fsm.nonce_hist\[2\]\[27\],40.88
_03586_,40.86
_07310_,40.86
_10397_,40.84
_18760_,40.82
_18291_,40.8
_06474_,40.78
_06226_,40.76
_18311_,40.76
u_auth_fsm.nonce_hist\[5\]\[18\],40.76
_12801_,40.74
_08150_,40.72
_09268_,40.705
u_auth_fsm.nonce_hist\[7\]\[118\],40.67
_08135_,40.64
_11262_,40.64
u_auth_fsm.nonce_hist\[1\]\[122\],40.64
_04924_,40.6
_18398_,40.6
u_auth_fsm.nonce_hist\[5\]\[2\],40.56
_07947_,40.54
_07860_,40.52
net781,40.52
_10376_,40.5
u_auth_fsm.tx_payload\[115\],40.48
_12044_,40.46
_08507_,40.44
_17104_,40.44
_19251_,40.44
u_auth_fsm.nonce_hist\[4\]\[25\],40.44
u_cmd_parser.nonce_reg\[28\],40.44
clknet_leaf_325_clk,40.44
_08386_,40.42
_12386_,40.4
_18558_,40.4
u_auth_fsm.nonce_hist\[7\]\[54\],40.4
_07710_,40.38
u_auth_fsm.aes_key\[61\],40.38
u_auth_fsm.nonce_hist\[0\]\[61\],40.375
u_auth_fsm.nonce_hist\[3\]\[119\],40.37
_06325_,40.36
_06365_,40.32
_05664_,40.3
fifo_nonce\[1\]\[78\],40.3
_08170_,40.24
_06571_,40.22
_10264_,40.22
_18106_,40.22
_19152_,40.22
_06439_,40.205
net706,40.2
_10742_,40.18
_06213_,40.16
_06427_,40.16
u_aes128.ciphertext\[125\],40.16
u_auth_fsm.nonce_hist\[5\]\[117\],40.16
_01597_,40.125
_13165_,40.12
_14289_,40.12
_14604_,40.12
u_auth_fsm.nonce_hist\[6\]\[11\],40.12
_14551_,40.1
clknet_leaf_441_clk,40.1
_18984_,40.08
_06827_,40.06
_12955_,40.06
net2165,40.06
_06102_,40.02
_08052_,40.02
_14324_,40.02
_18933_,40.02
_19022_,40
_17444_,39.96
_14583_,39.94
_09897_,39.92
u_auth_fsm.cur_nonce\[127\],39.92
_18289_,39.86
u_auth_fsm.nonce_hist\[6\]\[23\],39.86
clknet_leaf_111_clk,39.86
_09558_,39.84
net803,39.84
_05948_,39.82
_05979_,39.79
_09150_,39.78
u_auth_fsm.nonce_hist\[1\]\[103\],39.78
_18677_,39.76
fifo_nonce\[4\]\[25\],39.76
net1934,39.76
_10377_,39.74
_06345_,39.72
_09213_,39.72
_19283_,39.71
_13784_,39.7
u_aes128.ciphertext\[84\],39.7
u_aes128.round_num\[0\],39.65
_07977_,39.64
_19713_,39.64
u_auth_fsm.nonce_hist\[4\]\[11\],39.625
_04860_,39.6
_06149_,39.6
_07023_,39.58
_16714_,39.58
u_auth_fsm.nonce_hist\[4\]\[53\],39.57
_10629_,39.56
_18517_,39.56
_09522_,39.54
_12287_,39.54
_13392_,39.54
u_aes128.ciphertext\[53\],39.54
u_auth_fsm.nonce_hist\[0\]\[106\],39.54
_13469_,39.535
_17709_,39.52
u_aes128.round_num\[2\],39.52
net829,39.52
_13146_,39.5
_14357_,39.5
_12918_,39.48
u_auth_fsm.nonce_hist\[6\]\[124\],39.48
net845,39.48
_06764_,39.46
_14923_,39.46
_03809_,39.45
_04958_,39.44
_09610_,39.42
_07792_,39.4
_13706_,39.38
u_aes128.ciphertext\[41\],39.38
clknet_leaf_9_clk,39.36
u_aes128.ciphertext\[127\],39.35
_11857_,39.34
_03557_,39.32
_05396_,39.32
_08031_,39.32
clknet_leaf_329_clk,39.32
u_auth_fsm.nonce_hist\[7\]\[91\],39.3
_12820_,39.28
_07005_,39.27
_08955_,39.24
u_auth_fsm.aes_key\[14\],39.24
_04907_,39.22
_10855_,39.2
_19477_,39.19
_09904_,39.18
_11535_,39.14
_03634_,39.13
_09518_,39.12
_09693_,39.11
_18201_,39.1
_08021_,39.085
net1241,39.08
_08664_,39.065
_10342_,39.06
_19002_,39.06
_09512_,39.04
clknet_leaf_436_clk,39.04
_06803_,38.98
_14401_,38.96
_17792_,38.94
_19366_,38.94
_10499_,38.92
_09881_,38.9
_16692_,38.9
u_auth_fsm.nonce_hist\[0\]\[55\],38.88
u_auth_fsm.nonce_hist\[1\]\[37\],38.875
_06603_,38.86
_07887_,38.82
_09493_,38.82
net2214,38.82
clknet_leaf_252_clk,38.8
_09275_,38.76
_13511_,38.76
_09591_,38.74
_14815_,38.74
u_auth_fsm.nonce_hist\[1\]\[78\],38.74
_06227_,38.7
_11503_,38.7
_11573_,38.7
_12307_,38.7
_13868_,38.7
_18375_,38.68
_10652_,38.66
net792,38.62
_10865_,38.6
u_auth_fsm.nonce_hist\[1\]\[104\],38.585
_18214_,38.58
u_auth_fsm.nonce_hist\[0\]\[14\],38.58
u_auth_fsm.tx_payload\[114\],38.58
_04923_,38.52
_13655_,38.5
_07878_,38.48
_16747_,38.48
u_auth_fsm.tx_payload\[26\],38.48
net973,38.48
_14153_,38.46
u_auth_fsm.nonce_hist\[5\]\[43\],38.46
_14438_,38.44
clknet_leaf_226_clk,38.42
u_auth_fsm.tx_payload\[15\],38.405
_08790_,38.39
_01594_,38.38
_08073_,38.38
_13292_,38.36
_10562_,38.34
u_auth_fsm.nonce_hist\[2\]\[123\],38.34
_19077_,38.335
_06177_,38.32
_13039_,38.32
_10014_,38.3
u_auth_fsm.aes_key\[59\],38.3
net650,38.3
u_auth_fsm.nonce_hist\[2\]\[11\],38.295
_11357_,38.285
_07036_,38.28
clknet_leaf_140_clk,38.28
_12094_,38.26
u_cmd_parser.nonce_reg\[16\],38.26
net805,38.26
_05617_,38.24
_07474_,38.22
_14082_,38.22
_18819_,38.22
_11031_,38.2
_16437_,38.18
_09014_,38.16
_13118_,38.16
clknet_leaf_347_clk,38.15
_11773_,38.14
u_auth_fsm.nonce_hist\[0\]\[70\],38.14
_08838_,38.1
_11840_,38.1
u_auth_fsm.nonce_hist\[6\]\[41\],38.075
_05377_,38.06
_06100_,38.06
_06166_,38.06
_06533_,38.02
_10348_,38.02
_14230_,38.02
u_auth_fsm.cur_nonce\[88\],38.02
_08596_,38
_06543_,37.98
_09265_,37.96
u_aes128.ciphertext\[51\],37.96
_07466_,37.94
_13649_,37.88
_08484_,37.86
_09254_,37.86
_08803_,37.84
u_auth_fsm.nonce_hist\[3\]\[115\],37.84
u_cmd_parser.nonce_reg\[17\],37.82
_13441_,37.8
_12696_,37.78
_18365_,37.78
_19454_,37.78
net2007,37.78
_16938_,37.76
_10483_,37.74
fifo_nonce\[2\]\[25\],37.74
u_cmd_parser.crc_hi_reg\[2\],37.7
_09442_,37.68
_16813_,37.68
_14017_,37.66
_14093_,37.66
_19485_,37.64
net628,37.64
net2198,37.62
_14843_,37.58
u_auth_fsm.tx_payload\[60\],37.58
_08288_,37.56
_11953_,37.56
_12799_,37.56
_19221_,37.52
u_auth_fsm.nonce_hist\[3\]\[42\],37.51
_17323_,37.5
_18637_,37.5
u_aes128.round_key\[65\],37.5
_08752_,37.48
_18722_,37.48
clknet_leaf_277_clk,37.48
_11408_,37.46
u_auth_fsm.nonce_hist\[5\]\[25\],37.445
_13257_,37.44
_13993_,37.44
_18281_,37.44
u_auth_fsm.cur_nonce\[17\],37.44
_08912_,37.42
_18740_,37.4
_17228_,37.38
_13188_,37.36
u_auth_fsm.nonce_hist\[0\]\[63\],37.32
net1960,37.32
_05615_,37.3
u_auth_fsm.aes_key\[74\],37.28
_05441_,37.26
_19420_,37.255
_11406_,37.24
_12218_,37.24
_08324_,37.2
_10054_,37.18
_14809_,37.18
_08224_,37.16
_12642_,37.16
u_auth_fsm.aes_plaintext\[92\],37.16
u_cmd_parser.state\[0\],37.16
_08850_,37.14
u_auth_fsm.aes_key\[44\],37.14
net514,37.14
_07358_,37.1
_13259_,37.1
u_auth_fsm.aes_key\[39\],37.1
_04908_,37.08
_10835_,37.06
_13112_,37.04
_07104_,37
_11062_,36.98
_12313_,36.98
u_uart_rx.clk_cnt\[7\],36.92
_14470_,36.9
_16846_,36.9
_12916_,36.86
_13422_,36.86
u_auth_fsm.nonce_hist\[4\]\[90\],36.86
net778,36.84
u_cmd_parser.crc_reg\[6\],36.83
_06472_,36.82
_08257_,36.82
_13615_,36.78
_16799_,36.78
_07794_,36.76
u_auth_fsm.nonce_hist\[1\]\[115\],36.76
net1976,36.76
_08449_,36.74
_14726_,36.74
_11425_,36.7
_07399_,36.68
_10309_,36.68
_06537_,36.66
_10612_,36.64
_13418_,36.64
u_aes128.gen_state_sbox\[6\].sb_state.in\[2\],36.64
_12797_,36.6
_13092_,36.58
_06421_,36.56
_14019_,36.56
net2061,36.56
_16436_,36.54
_09892_,36.52
_10729_,36.52
_12374_,36.52
_03629_,36.49
u_auth_fsm.nonce_hist\[6\]\[17\],36.49
_09079_,36.48
u_auth_fsm.tx_payload\[101\],36.48
_08646_,36.46
u_auth_fsm.nonce_hist\[1\]\[6\],36.44
clknet_leaf_363_clk,36.44
net748,36.44
_13498_,36.41
_07403_,36.4
u_auth_fsm.nonce_hist\[4\]\[124\],36.38
_12709_,36.36
_19238_,36.36
_05588_,36.34
_06792_,36.34
_08877_,36.34
_14429_,36.32
_14503_,36.32
u_aes128.gen_state_sbox\[1\].sb_state.in\[4\],36.32
u_auth_fsm.aes_key\[116\],36.32
u_auth_fsm.nonce_hist\[0\]\[9\],36.285
_13184_,36.28
fifo_rd_ptr\[1\],36.28
_07858_,36.26
_12269_,36.26
u_auth_fsm.nonce_hist\[4\]\[91\],36.26
_01610_,36.22
_06875_,36.22
_09069_,36.22
_09987_,36.22
_10459_,36.22
_13218_,36.22
u_auth_fsm.nonce_hist\[4\]\[121\],36.21
_05612_,36.2
_08798_,36.2
_13242_,36.2
_12399_,36.18
u_auth_fsm.nonce_hist\[3\]\[127\],36.18
clknet_leaf_244_clk,36.18
clknet_leaf_360_clk,36.18
_18260_,36.14
_18752_,36.12
_13815_,36.1
_11642_,36.08
_16440_,36.08
_17942_,36.08
u_auth_fsm.nonce_hist\[3\]\[1\],36.06
_10574_,36.05
_14730_,36.04
_18854_,36.04
_12172_,36.02
u_auth_fsm.tx_payload\[34\],36.02
net1732,36
_09183_,35.98
net934,35.98
u_auth_fsm.nonce_hist\[4\]\[76\],35.965
u_auth_fsm.nonce_hist\[6\]\[30\],35.965
_08486_,35.96
_11954_,35.94
u_auth_fsm.nonce_hist\[5\]\[99\],35.92
u_auth_fsm.nonce_hist\[2\]\[30\],35.905
net1153,35.9
_18401_,35.88
_14485_,35.865
_19119_,35.86
fifo_nonce\[0\]\[88\],35.86
_03580_,35.84
_06471_,35.83
_08660_,35.81
_08325_,35.8
net503,35.8
u_cmd_parser.crc_reg\[2\],35.79
_04905_,35.72
_09991_,35.72
_18744_,35.72
u_auth_fsm.tx_payload\[52\],35.72
_08693_,35.7
u_auth_fsm.nonce_hist\[3\]\[43\],35.7
_05561_,35.68
clknet_leaf_281_clk,35.68
_05884_,35.64
_10842_,35.64
_07463_,35.62
_12760_,35.6
net2249,35.6
u_auth_fsm.nonce_hist\[5\]\[53\],35.575
_13596_,35.52
u_aes128.gen_state_sbox\[0\].sb_state.in\[6\],35.5
u_auth_fsm.nonce_hist\[7\]\[1\],35.5
u_auth_fsm.nonce_hist\[5\]\[101\],35.49
_12720_,35.48
_17197_,35.48
u_auth_fsm.nonce_hist\[6\]\[78\],35.48
u_auth_fsm.nonce_hist\[4\]\[21\],35.465
_06539_,35.46
_07854_,35.46
u_cmd_parser.nonce_reg\[24\],35.46
u_auth_fsm.nonce_hist\[3\]\[121\],35.44
u_cmd_parser.timeout_cnt\[7\],35.43
_10883_,35.41
_07421_,35.4
_18420_,35.4
_18613_,35.38
u_cmd_parser.nonce_reg\[15\],35.36
u_uart_rx.clk_cnt\[1\],35.36
_06394_,35.32
_08277_,35.3
_19040_,35.3
_11628_,35.26
_18433_,35.26
_05554_,35.25
_18382_,35.24
u_auth_fsm.aes_key\[2\],35.22
u_auth_fsm.nonce_hist\[3\]\[78\],35.22
u_aes128.ciphertext\[76\],35.2
u_auth_fsm.cur_nonce\[65\],35.2
_05443_,35.18
_09690_,35.18
_10468_,35.18
_18651_,35.18
net666,35.18
u_auth_fsm.nonce_hist\[5\]\[24\],35.165
_07701_,35.16
u_auth_fsm.nonce_hist\[6\]\[82\],35.16
_17024_,35.15
_11234_,35.14
u_auth_fsm.nonce_hist\[3\]\[28\],35.14
_09635_,35.11
_06307_,35.1
u_auth_fsm.nonce_hist\[4\]\[15\],35.085
_19617_,35.08
_05603_,35.075
u_auth_fsm.aes_key\[110\],35.06
u_auth_fsm.nonce_hist\[4\]\[28\],35.06
_10577_,35.04
u_aes128.gen_state_sbox\[7\].sb_state.in\[0\],35.04
net1066,35.04
_08318_,35.02
u_auth_fsm.tx_payload\[73\],35.02
net2232,35
_18255_,34.985
fifo_rd_ptr\[0\],34.975
_11704_,34.96
u_auth_fsm.nonce_hist\[3\]\[14\],34.955
_18544_,34.95
_18486_,34.94
_18862_,34.94
_19150_,34.94
_12267_,34.92
_19349_,34.92
u_auth_fsm.nonce_hist\[7\]\[127\],34.92
_07766_,34.89
_12366_,34.885
_01609_,34.86
u_auth_fsm.nonce_hist\[0\]\[59\],34.82
_10670_,34.8
_18842_,34.8
u_aes128.gen_state_sbox\[5\].sb_state.in\[2\],34.8
_12707_,34.79
_06646_,34.78
_08234_,34.76
_10142_,34.76
_11027_,34.72
_08205_,34.7
_18742_,34.7
net278,34.68
_08099_,34.66
_08276_,34.66
_08474_,34.64
_08543_,34.64
_18719_,34.64
u_auth_fsm.cur_nonce\[6\],34.64
_13541_,34.62
_16773_,34.62
u_auth_fsm.nonce_hist\[3\]\[37\],34.62
u_auth_fsm.tx_payload\[123\],34.62
_12718_,34.605
_13030_,34.6
_08747_,34.58
u_aes128.gen_key_sbox\[2\].sb_key.in\[2\],34.58
net1926,34.58
_07025_,34.5
_10934_,34.5
net2229,34.5
_10045_,34.48
u_auth_fsm.nonce_hist\[7\]\[80\],34.48
_13499_,34.46
_18391_,34.46
_18757_,34.46
_12778_,34.44
u_aes128.ciphertext\[94\],34.44
_18792_,34.42
_08971_,34.41
_11590_,34.4
u_aes128.ciphertext\[57\],34.4
u_auth_fsm.nonce_hist\[7\]\[116\],34.4
_05199_,34.39
u_auth_fsm.aes_key\[114\],34.38
u_auth_fsm.nonce_hist\[7\]\[114\],34.38
_06607_,34.355
u_auth_fsm.nonce_hist\[2\]\[7\],34.34
_13544_,34.3
u_aes128.ciphertext\[70\],34.3
net617,34.28
_08358_,34.26
_10293_,34.26
_17302_,34.26
_19335_,34.26
_07574_,34.24
_11109_,34.24
net893,34.24
_11424_,34.21
_05879_,34.2
u_auth_fsm.nonce_hist\[1\]\[0\],34.2
_03553_,34.18
_17606_,34.18
_07612_,34.16
u_auth_fsm.nonce_hist\[7\]\[71\],34.16
_11107_,34.155
_06583_,34.14
u_auth_fsm.nonce_hist\[7\]\[57\],34.14
u_uart_tx.tx_data\[5\],34.14
_06267_,34.12
_06763_,34.12
_19048_,34.12
fifo_nonce\[4\]\[110\],34.12
_11569_,34.11
fifo_nonce\[0\]\[127\],34.1
u_auth_fsm.nonce_hist\[6\]\[28\],34.1
_04939_,34.08
_10094_,34.08
u_auth_fsm.nonce_hist\[4\]\[8\],34.06
_05670_,34.02
_09704_,34
u_auth_fsm.nonce_hist\[6\]\[94\],34
_14101_,33.99
u_auth_fsm.nonce_hist\[4\]\[24\],33.985
_12067_,33.96
_07833_,33.92
_08326_,33.92
_13225_,33.92
_06119_,33.91
u_auth_fsm.nonce_hist\[5\]\[30\],33.91
_10590_,33.9
_12177_,33.9
_13087_,33.88
_11972_,33.87
_07924_,33.86
_08785_,33.84
u_auth_fsm.aes_key\[34\],33.84
u_auth_fsm.nonce_hist\[5\]\[104\],33.84
u_auth_fsm.nonce_hist\[7\]\[9\],33.84
_05407_,33.83
u_auth_fsm.nonce_hist\[0\]\[37\],33.825
_12802_,33.82
u_auth_fsm.nonce_hist\[1\]\[29\],33.815
_08502_,33.8
_09666_,33.8
fifo_nonce\[6\]\[25\],33.8
u_aes128.done,33.8
_10226_,33.78
_13357_,33.78
u_auth_fsm.nonce_hist\[1\]\[25\],33.78
_09220_,33.76
_14216_,33.76
_19685_,33.76
_10132_,33.755
net2238,33.74
_06006_,33.72
_11926_,33.72
u_auth_fsm.tx_payload\[120\],33.72
_11301_,33.69
_18799_,33.68
u_auth_fsm.nonce_hist\[5\]\[1\],33.68
_05885_,33.66
_12352_,33.66
_19654_,33.64
net797,33.64
u_auth_fsm.nonce_hist\[5\]\[42\],33.62
_10325_,33.6
_19288_,33.6
u_auth_fsm.nonce_hist\[3\]\[6\],33.6
u_cmd_parser.nonce_reg\[11\],33.6
u_uart_rx.state\[3\],33.58
_10965_,33.57
net2146,33.56
net746,33.555
_16861_,33.545
u_auth_fsm.nonce_hist\[1\]\[72\],33.54
_14497_,33.52
_07661_,33.5
u_aes128.gen_state_sbox\[8\].sb_state.in\[0\],33.48
net2254,33.48
u_auth_fsm.nonce_hist\[7\]\[10\],33.42
_03857_,33.405
_14060_,33.4
_12616_,33.38
_17798_,33.38
_09129_,33.36
_07724_,33.34
_13032_,33.34
u_auth_fsm.nonce_hist\[5\]\[41\],33.34
_07381_,33.32
net1073,33.32
_10030_,33.31
_08053_,33.3
_09899_,33.3
u_aes128.gen_state_sbox\[8\].sb_state.in\[1\],33.285
_06647_,33.28
_06995_,33.28
_10640_,33.28
u_auth_fsm.nonce_hist\[5\]\[121\],33.28
_13907_,33.26
_14561_,33.26
net641,33.26
_05995_,33.245
_08165_,33.22
_10479_,33.22
_10873_,33.22
fifo_count\[3\],33.215
_18644_,33.2
u_auth_fsm.nonce_hist\[2\]\[41\],33.185
_03571_,33.18
_07410_,33.18
_18095_,33.18
_11862_,33.16
_14534_,33.16
net1903,33.16
_10154_,33.14
_01621_,33.12
_13094_,33.12
_14225_,33.12
u_cmd_parser.crc_reg\[8\],33.11
_06140_,33.1
_13083_,33.1
net2423,33.1
_06464_,33.09
_09847_,33.085
_07565_,33.07
_07016_,33.04
_06158_,33.02
_05907_,32.92
_05964_,32.92
_06572_,32.92
_08597_,32.92
_10303_,32.92
u_auth_fsm.aes_start,32.92
u_auth_fsm.nonce_hist\[7\]\[35\],32.92
_18904_,32.9
_08370_,32.88
_08836_,32.88
_12162_,32.88
net1454,32.88
_09477_,32.86
_11835_,32.86
_13355_,32.86
_14543_,32.86
_05631_,32.84
u_aes128.gen_state_sbox\[15\].sb_state.in\[0\],32.84
u_auth_fsm.nonce_hist\[4\]\[18\],32.835
_12009_,32.82
_18869_,32.8
_08917_,32.78
_14740_,32.76
_09576_,32.74
_17747_,32.73
_05898_,32.72
_06900_,32.72
_10778_,32.72
net984,32.7
_10450_,32.68
_19414_,32.68
net1924,32.66
_11245_,32.65
_10894_,32.64
_11796_,32.64
_09494_,32.62
_09673_,32.6
_11924_,32.6
_12411_,32.6
_13652_,32.6
_18295_,32.6
_19664_,32.58
_13453_,32.56
fifo_nonce\[7\]\[116\],32.56
u_cmd_parser.timeout_cnt\[12\],32.56
_06056_,32.54
_09801_,32.54
_17819_,32.54
_19211_,32.54
_08362_,32.52
_08380_,32.52
_11464_,32.5
_12372_,32.5
_11595_,32.48
u_aes128.gen_key_sbox\[3\].sb_key.in\[0\],32.48
_19398_,32.46
u_auth_fsm.cooldown_cnt\[23\],32.46
u_auth_fsm.tx_payload\[3\],32.46
_08164_,32.44
u_auth_fsm.cur_nonce\[84\],32.43
_07811_,32.42
_12470_,32.42
_12101_,32.4
_11156_,32.38
_08755_,32.345
_07733_,32.34
_13729_,32.34
_07828_,32.3
u_cmd_parser.nonce_reg\[10\],32.3
u_auth_fsm.nonce_hist\[6\]\[116\],32.265
_07838_,32.26
_08933_,32.26
_13398_,32.24
_19314_,32.24
_03582_,32.22
_06805_,32.22
fifo_nonce\[3\]\[90\],32.22
_18373_,32.18
_08667_,32.16
_19262_,32.16
u_auth_fsm.nonce_hist\[6\]\[118\],32.16
u_auth_fsm.tx_payload\[93\],32.16
_06844_,32.14
_18556_,32.14
_03570_,32.12
_05556_,32.12
net768,32.12
_08813_,32.1
_18423_,32.08
_18795_,32.06
u_aes128.round_key\[122\],32.06
u_cmd_parser.nonce_reg\[51\],32.06
net880,32.06
u_auth_fsm.nonce_hist\[0\]\[25\],32.045
_05723_,32.04
_08802_,32.04
_11890_,32.04
u_auth_fsm.nonce_hist\[4\]\[1\],32.015
_09885_,32
_10734_,32
_12410_,32
_19081_,31.96
fifo_nonce\[0\]\[16\],31.96
_07840_,31.92
_09839_,31.92
_11165_,31.92
_16658_,31.92
_18567_,31.92
u_auth_fsm.nonce_hist\[5\]\[57\],31.92
u_auth_fsm.nonce_hist\[4\]\[6\],31.9
u_auth_fsm.nonce_hist\[1\]\[99\],31.88
_09093_,31.86
_18435_,31.86
u_auth_fsm.nonce_hist\[4\]\[60\],31.86
_09780_,31.83
u_auth_fsm.nonce_hist\[6\]\[84\],31.83
_08309_,31.82
clknet_leaf_105_clk,31.82
_06417_,31.78
_18935_,31.78
_19591_,31.78
_13558_,31.76
_05440_,31.74
_06153_,31.74
_08894_,31.74
_10672_,31.72
_14261_,31.7
_05487_,31.69
_10166_,31.68
_17268_,31.68
_11224_,31.665
_04888_,31.66
_14619_,31.66
_18875_,31.66
_04868_,31.64
_06821_,31.64
_09827_,31.64
u_auth_fsm.nonce_hist\[4\]\[16\],31.635
_13214_,31.62
u_aes128.round_key\[105\],31.62
u_auth_fsm.aes_key\[40\],31.62
net360,31.61
_09817_,31.595
u_aes128.gen_state_sbox\[0\].sb_state.in\[4\],31.58
_13186_,31.56
_14480_,31.56
_06109_,31.54
_06605_,31.54
_06843_,31.54
_17607_,31.48
_18474_,31.48
_10406_,31.46
_11093_,31.46
_16839_,31.46
_17365_,31.46
net2033,31.46
u_auth_fsm.aes_key\[78\],31.42
u_auth_fsm.aes_plaintext\[95\],31.42
_11308_,31.4
_09826_,31.38
_08009_,31.34
_16932_,31.34
_08109_,31.32
_12318_,31.315
_08002_,31.28
_11675_,31.28
u_auth_fsm.nonce_hist\[6\]\[15\],31.28
_13053_,31.26
_19005_,31.26
_05718_,31.24
_07004_,31.24
_11271_,31.24
_19496_,31.24
_05967_,31.22
_06511_,31.22
_19053_,31.22
_14572_,31.2
u_auth_fsm.nonce_hist\[2\]\[50\],31.2
_16443_,31.18
_03630_,31.16
u_auth_fsm.tx_payload\[100\],31.16
_06681_,31.14
_19497_,31.14
u_aes128.round_key\[72\],31.14
u_auth_fsm.aes_key\[7\],31.14
_12816_,31.12
_09502_,31.115
_07892_,31.11
_18336_,31.1
clknet_leaf_352_clk,31.1
_19635_,31.08
fifo_nonce\[0\]\[81\],31.08
_07342_,31.04
u_aes128.round_key\[70\],31.02
_08265_,31
_11184_,31
_14091_,31
_18661_,31
_19412_,31
_10492_,30.98
_10410_,30.96
_12671_,30.96
_09868_,30.92
_11022_,30.9
_19443_,30.9
u_auth_fsm.fail_cnt\[3\],30.9
_09925_,30.88
_13597_,30.86
u_cmd_parser.nonce_reg\[72\],30.86
_14103_,30.84
u_auth_fsm.nonce_hist\[3\]\[35\],30.84
u_auth_fsm.state\[2\],30.84
net2049,30.84
_12660_,30.825
_06263_,30.82
_12238_,30.82
net1917,30.8
_07798_,30.78
_13560_,30.78
_18481_,30.78
_19195_,30.78
_19682_,30.78
net2012,30.78
_10223_,30.76
_12850_,30.76
u_auth_fsm.nonce_hist\[3\]\[91\],30.72
_10105_,30.7
_16853_,30.7
_18791_,30.7
_19184_,30.7
_08723_,30.68
_19327_,30.64
_10026_,30.62
_10792_,30.62
_14339_,30.62
u_cmd_parser.nonce_reg\[70\],30.62
_08561_,30.6
u_aes128.ciphertext\[87\],30.58
u_aes128.gen_state_sbox\[1\].sb_state.in\[1\],30.58
u_auth_fsm.aes_key\[112\],30.58
u_auth_fsm.nonce_hist\[2\]\[37\],30.58
_05740_,30.57
_11244_,30.56
_12143_,30.56
_18363_,30.56
net750,30.56
u_auth_fsm.nonce_hist\[1\]\[45\],30.535
_13528_,30.52
_11729_,30.5
_14275_,30.5
u_auth_fsm.hdr_idx\[0\],30.5
u_auth_fsm.nonce_hist\[4\]\[38\],30.5
u_uart_tx.tx_data\[7\],30.5
_06812_,30.46
u_auth_fsm.nonce_hist\[2\]\[122\],30.425
u_cmd_parser.nonce_reg\[20\],30.42
u_auth_fsm.nonce_hist\[1\]\[109\],30.4
net801,30.4
_05658_,30.36
_11426_,30.36
u_auth_fsm.nonce_hist\[5\]\[68\],30.345
_12038_,30.34
_12061_,30.33
_08378_,30.32
_09807_,30.32
_18734_,30.3
u_auth_fsm.nonce_hist\[7\]\[23\],30.3
_06467_,30.28
_07461_,30.28
_12072_,30.28
u_auth_fsm.nonce_hist\[1\]\[117\],30.275
_12706_,30.26
_19067_,30.26
_06290_,30.24
_08918_,30.24
_03608_,30.22
_19606_,30.22
_09378_,30.2
_09574_,30.2
_09996_,30.2
_10339_,30.2
_13044_,30.2
_19422_,30.2
u_auth_fsm.tx_payload\[22\],30.2
_19461_,30.17
u_uart_tx.clk_cnt\[0\],30.14
_05753_,30.12
_18377_,30.12
_19703_,30.12
_07069_,30.09
_06648_,30.08
_07563_,30.08
_09795_,30.08
_12251_,30.08
_03610_,30.065
_16458_,30.06
_17660_,30.06
_07987_,30.04
_11005_,30.04
_12113_,30.04
u_aes128.ciphertext\[99\],30.04
_13653_,30.02
_07945_,30
_08751_,30
_12049_,30
_14463_,30
_12466_,29.98
u_auth_fsm.aes_key\[104\],29.98
_11423_,29.96
_13574_,29.96
u_auth_fsm.nonce_hist\[7\]\[63\],29.92
_06327_,29.905
_18614_,29.9
u_uart_tx.tx_data\[0\],29.9
fifo_nonce\[0\]\[32\],29.86
fifo_nonce\[0\]\[86\],29.86
u_auth_fsm.tx_payload\[1\],29.86
net1828,29.86
u_auth_fsm.nonce_hist\[5\]\[3\],29.855
_19462_,29.84
u_auth_fsm.nonce_hist\[5\]\[111\],29.84
u_auth_fsm.nonce_hist\[7\]\[125\],29.84
_05423_,29.82
_06114_,29.82
_13023_,29.82
_13236_,29.82
net1383,29.82
_04948_,29.815
_06610_,29.8
_11727_,29.78
_01855_,29.76
u_auth_fsm.nonce_hist\[2\]\[114\],29.76
_19254_,29.74
fifo_nonce\[0\]\[24\],29.74
_13536_,29.72
u_aes128.gen_key_sbox\[3\].sb_key.in\[1\],29.72
u_aes128.gen_state_sbox\[5\].sb_state.in\[6\],29.72
_11351_,29.7
_13727_,29.69
_10626_,29.66
net1352,29.66
_06526_,29.64
_07635_,29.63
_06482_,29.62
_10123_,29.62
u_auth_fsm.nonce_hist\[0\]\[27\],29.62
u_auth_fsm.nonce_hist\[7\]\[50\],29.62
net2170,29.62
_19467_,29.6
u_auth_fsm.nonce_hist\[1\]\[34\],29.58
u_auth_fsm.nonce_hist\[6\]\[106\],29.58
_14718_,29.56
_05865_,29.54
_07855_,29.54
_09926_,29.54
_18908_,29.52
_14803_,29.5
_19083_,29.48
u_cmd_parser.nonce_reg\[26\],29.48
_12002_,29.46
_14578_,29.46
_17541_,29.46
_09989_,29.44
_06301_,29.42
_18698_,29.42
_19495_,29.42
_05730_,29.4
_07485_,29.4
_08006_,29.4
net1905,29.4
u_auth_fsm.nonce_hist\[6\]\[91\],29.38
_10762_,29.36
u_auth_fsm.pld_idx\[4\],29.36
u_cmd_parser.nonce_reg\[23\],29.36
u_cmd_parser.nonce_reg\[27\],29.34
_18461_,29.32
_12861_,29.3
u_auth_fsm.nonce_hist\[7\]\[42\],29.3
_07921_,29.28
_08010_,29.28
_18781_,29.28
u_auth_fsm.nonce_hist\[7\]\[120\],29.28
net2447,29.26
fifo_nonce\[1\]\[2\],29.24
_10466_,29.2
_13849_,29.2
_10532_,29.18
_18503_,29.18
_18715_,29.14
fifo_nonce\[0\]\[14\],29.14
_08881_,29.11
_10076_,29.105
_07944_,29.06
_18883_,29.06
net888,29.05
_16157_,29.045
_09720_,29.04
_14377_,29.04
u_auth_fsm.aes_key\[6\],29.04
u_auth_fsm.nonce_hist\[7\]\[3\],29.04
_01622_,29.02
_16869_,29.02
u_auth_fsm.aes_key\[31\],29.02
net2064,29.02
_17840_,29
_19487_,29
_13021_,28.98
fifo_nonce\[3\]\[39\],28.98
_05503_,28.96
_16450_,28.96
_19124_,28.96
_08321_,28.94
_10110_,28.94
_14329_,28.92
_17374_,28.92
_06692_,28.9
_08196_,28.88
_09965_,28.86
u_auth_fsm.aes_key\[33\],28.86
clknet_leaf_350_clk,28.86
net2187,28.86
_10938_,28.84
_19261_,28.84
net868,28.82
_18308_,28.8
_19229_,28.8
u_auth_fsm.tx_payload\[5\],28.8
_19616_,28.78
u_auth_fsm.aes_key\[118\],28.78
u_auth_fsm.nonce_hist\[4\]\[23\],28.78
_04978_,28.76
u_aes128.gen_state_sbox\[4\].sb_state.in\[1\],28.74
_05384_,28.735
_06097_,28.72
_09628_,28.72
_06659_,28.7
_07659_,28.7
fifo_nonce\[0\]\[27\],28.65
_10750_,28.62
_10838_,28.62
_13458_,28.62
_11322_,28.61
_08452_,28.605
_18682_,28.6
_06038_,28.59
_19704_,28.58
u_auth_fsm.cooldown_cnt\[25\],28.58
_07458_,28.54
_11778_,28.54
u_auth_fsm.nonce_hist\[6\]\[71\],28.54
_09017_,28.53
_10120_,28.52
_07370_,28.5
_09946_,28.5
u_auth_fsm.nonce_hist\[1\]\[111\],28.5
u_uart_rx.clk_cnt\[3\],28.5
net811,28.5
u_auth_fsm.nonce_hist\[7\]\[100\],28.495
_05759_,28.48
_08390_,28.48
_09905_,28.48
_12027_,28.46
_10799_,28.44
fifo_nonce\[0\]\[30\],28.44
u_aes128.ciphertext\[34\],28.42
_19425_,28.415
_12548_,28.4
net1957,28.4
_17486_,28.38
_19098_,28.38
_05726_,28.36
_07012_,28.36
_09572_,28.36
_09922_,28.36
_10312_,28.36
_17758_,28.36
u_uart_tx.clk_cnt\[1\],28.36
u_auth_fsm.nonce_hist\[6\]\[1\],28.35
u_cmd_parser.nonce_reg\[0\],28.34
_08279_,28.32
_11802_,28.32
_14356_,28.32
u_aes128.gen_state_sbox\[10\].sb_state.in\[1\],28.3
_13866_,28.28
_08268_,28.26
_14552_,28.24
u_aes128.ciphertext\[73\],28.24
u_auth_fsm.cur_nonce\[53\],28.24
_10633_,28.23
_19260_,28.23
_19625_,28.225
u_cmd_parser.nonce_reg\[52\],28.22
_10735_,28.2
_09105_,28.18
u_auth_fsm.aes_key\[5\],28.18
u_auth_fsm.hist_wr_ptr\[1\],28.18
u_cmd_parser.nonce_reg\[50\],28.18
u_auth_fsm.nonce_hist\[0\]\[30\],28.165
u_auth_fsm.nonce_hist\[4\]\[126\],28.16
_06625_,28.14
_19068_,28.14
_19558_,28.14
u_auth_fsm.nonce_hist\[2\]\[9\],28.14
_08398_,28.12
u_cmd_parser.nonce_reg\[18\],28.12
u_uart_rx.clk_cnt\[11\],28.12
_13645_,28.1
_07956_,28.08
_09112_,28.08
_18512_,28.08
net461,28.08
_17909_,28.06
u_auth_fsm.nonce_hist\[6\]\[3\],28.06
_07457_,28.04
_14744_,28.04
_18001_,28.04
net441,28.04
_08956_,28.02
_10634_,28.02
_12035_,28.02
u_auth_fsm.aes_key\[127\],28.02
u_cmd_parser.nonce_reg\[108\],28.02
_09399_,27.98
u_aes128.round_key\[124\],27.98
net722,27.98
net2154,27.98
_08335_,27.94
_12587_,27.94
_19317_,27.94
_06968_,27.92
_07684_,27.9
_19102_,27.9
_19709_,27.9
u_auth_fsm.cur_nonce\[47\],27.9
u_auth_fsm.aes_key\[0\],27.86
u_cmd_parser.timeout_cnt\[3\],27.86
u_auth_fsm.nonce_hist\[1\]\[120\],27.85
_05755_,27.84
u_aes128.gen_state_sbox\[9\].sb_state.in\[2\],27.84
u_auth_fsm.tx_payload\[54\],27.84
net838,27.82
_10901_,27.8
u_auth_fsm.nonce_hist\[6\]\[61\],27.8
u_cmd_parser.nonce_reg\[64\],27.8
_06040_,27.79
_06614_,27.78
_18190_,27.755
_10472_,27.74
u_cmd_parser.timeout_cnt\[10\],27.74
u_cmd_parser.nonce_reg\[73\],27.72
_13579_,27.71
u_auth_fsm.nonce_hist\[5\]\[115\],27.71
u_auth_fsm.tx_payload\[11\],27.685
_09784_,27.68
_03848_,27.66
_12969_,27.66
net2267,27.66
u_cmd_parser.nonce_reg\[3\],27.64
_13239_,27.62
_14804_,27.62
u_cmd_parser.crc_reg\[4\],27.6
net817,27.6
_10221_,27.58
u_auth_fsm.nonce_hist\[5\]\[14\],27.58
_08611_,27.56
_09036_,27.56
_10856_,27.56
_13835_,27.56
_18550_,27.56
_18763_,27.56
u_aes128.ciphertext\[124\],27.56
_09937_,27.54
_12200_,27.54
_08735_,27.52
_14227_,27.52
u_cmd_parser.nonce_reg\[110\],27.5
_12830_,27.495
_12866_,27.48
_19153_,27.48
u_auth_fsm.aes_key\[56\],27.48
u_uart_rx.clk_cnt\[2\],27.46
_10731_,27.445
_06252_,27.44
u_auth_fsm.nonce_hist\[1\]\[28\],27.44
u_cmd_parser.nonce_reg\[54\],27.44
_19679_,27.42
clknet_leaf_327_clk,27.36
u_auth_fsm.nonce_hist\[1\]\[110\],27.345
_07372_,27.34
_11728_,27.34
_13413_,27.34
_18953_,27.34
u_auth_fsm.nonce_hist\[2\]\[54\],27.34
u_auth_fsm.tx_payload\[126\],27.34
u_auth_fsm.tx_payload\[12\],27.34
_05419_,27.32
net687,27.32
_07789_,27.28
_17731_,27.28
u_auth_fsm.nonce_hist\[7\]\[17\],27.28
_07877_,27.26
_07570_,27.24
_11982_,27.24
_14125_,27.24
_14141_,27.24
_09672_,27.22
_18270_,27.22
u_auth_fsm.nonce_hist\[3\]\[106\],27.2
_07440_,27.18
_08858_,27.18
_18173_,27.18
_08023_,27.16
_11754_,27.16
_09169_,27.14
_11997_,27.14
_14320_,27.14
_11756_,27.13
_05608_,27.12
_13420_,27.12
_18924_,27.1
u_cmd_parser.nonce_reg\[9\],27.1
_13149_,27.08
_14305_,27.08
net2023,27.08
_13456_,27.04
net655,27.04
_08908_,27.02
_10925_,27.02
_13074_,27.02
_18970_,27.02
u_auth_fsm.nonce_hist\[2\]\[12\],27.02
u_auth_fsm.nonce_hist\[2\]\[40\],27
u_auth_fsm.nonce_hist\[6\]\[27\],27
_18986_,26.98
_09878_,26.96
_18400_,26.96
_05555_,26.94
_12771_,26.94
_19564_,26.94
_08639_,26.92
u_auth_fsm.nonce_hist\[0\]\[1\],26.905
_07903_,26.9
_12732_,26.9
u_cmd_parser.crc_reg\[15\],26.9
u_auth_fsm.nonce_hist\[1\]\[30\],26.895
_06857_,26.88
_18039_,26.86
net2272,26.86
_09205_,26.84
_08255_,26.82
_09543_,26.82
_10290_,26.82
_19280_,26.82
u_auth_fsm.nonce_hist\[6\]\[74\],26.82
_07844_,26.8
_08620_,26.8
fifo_nonce\[7\]\[124\],26.8
_19135_,26.78
u_aes128.ciphertext\[86\],26.76
u_auth_fsm.nonce_hist\[5\]\[114\],26.76
net1233,26.76
net1462,26.76
_09947_,26.745
_18802_,26.74
_19246_,26.74
u_auth_fsm.cur_nonce\[80\],26.74
u_cmd_parser.crc_hi_reg\[7\],26.72
_09078_,26.695
_11708_,26.66
fifo_nonce\[4\]\[101\],26.66
_13717_,26.64
_14787_,26.64
_16926_,26.64
_19364_,26.64
_10323_,26.63
u_auth_fsm.aes_key\[62\],26.63
u_cmd_parser.nonce_reg\[107\],26.62
_09920_,26.6
_12946_,26.6
_13075_,26.6
_18956_,26.6
u_auth_fsm.nonce_hist\[3\]\[44\],26.6
u_auth_fsm.nonce_hist\[5\]\[35\],26.585
_13137_,26.58
u_uart_rx.clk_cnt\[12\],26.58
_12859_,26.575
_09674_,26.57
_07696_,26.56
_09303_,26.56
_10755_,26.56
_17051_,26.56
u_auth_fsm.nonce_hist\[5\]\[38\],26.56
_17919_,26.55
_10295_,26.545
_10714_,26.54
clknet_leaf_431_clk,26.54
_05689_,26.52
_05993_,26.52
_11105_,26.52
_18361_,26.52
fifo_nonce\[0\]\[33\],26.52
_04883_,26.5
_05403_,26.5
_13518_,26.5
_18358_,26.5
u_auth_fsm.nonce_hist\[7\]\[81\],26.49
u_auth_fsm.nonce_hist\[1\]\[17\],26.48
_07611_,26.47
u_auth_fsm.nonce_hist\[1\]\[39\],26.46
u_auth_fsm.nonce_hist\[6\]\[65\],26.45
_05445_,26.42
fifo_nonce\[0\]\[12\],26.4
net84,26.4
_13135_,26.36
_14688_,26.36
u_auth_fsm.tx_payload\[85\],26.34
net2262,26.34
_06077_,26.33
_14133_,26.33
u_auth_fsm.nonce_hist\[1\]\[46\],26.32
net790,26.32
_08778_,26.3
u_aes128.gen_state_sbox\[3\].sb_state.in\[0\],26.3
net2270,26.3
_08029_,26.28
_19471_,26.28
net738,26.28
u_auth_fsm.nonce_hist\[4\]\[82\],26.265
_09432_,26.26
_11989_,26.26
fifo_nonce\[0\]\[1\],26.26
_17128_,26.24
_13370_,26.2
_16945_,26.2
_17707_,26.2
u_auth_fsm.nonce_hist\[1\]\[1\],26.2
u_auth_fsm.nonce_hist\[3\]\[38\],26.2
_12979_,26.18
_14340_,26.18
u_auth_fsm.nonce_hist\[5\]\[19\],26.18
clknet_leaf_234_clk,26.18
_06026_,26.16
_12574_,26.16
u_cmd_parser.nonce_reg\[25\],26.16
_05629_,26.14
_09237_,26.14
_08286_,26.12
u_cmd_parser.state\[1\],26.12
_08852_,26.1
net505,26.1
_07128_,26.08
_12109_,26.08
_05666_,26.06
_06356_,26.06
_12110_,26.06
_12596_,26.06
_17678_,26.05
_19700_,26.045
_09736_,26.04
_10203_,26.04
_18432_,26.04
u_aes128.gen_state_sbox\[7\].sb_state.in\[3\],26.02
_19639_,26
u_cmd_parser.crc_hi_reg\[4\],25.985
u_auth_fsm.aes_key\[35\],25.98
u_auth_fsm.nonce_hist\[3\]\[68\],25.98
_17409_,25.945
u_auth_fsm.nonce_hist\[6\]\[5\],25.945
_04961_,25.94
u_auth_fsm.nonce_hist\[3\]\[13\],25.94
u_auth_fsm.nonce_hist\[6\]\[92\],25.94
net810,25.94
net830,25.94
_12512_,25.92
_17276_,25.9
_19234_,25.88
_07915_,25.87
_11097_,25.87
_12870_,25.86
u_auth_fsm.tx_payload\[98\],25.86
_06822_,25.84
_08425_,25.84
_09216_,25.84
_14020_,25.84
u_auth_fsm.nonce_hist\[2\]\[119\],25.84
_13177_,25.82
_07517_,25.8
_11199_,25.8
u_aes128.ciphertext\[47\],25.8
net2258,25.8
_09266_,25.78
_16809_,25.78
u_auth_fsm.tx_payload\[14\],25.765
_12654_,25.76
fifo_nonce\[0\]\[37\],25.76
u_auth_fsm.tx_payload\[70\],25.76
_08690_,25.74
_19242_,25.74
fifo_nonce\[0\]\[126\],25.74
u_auth_fsm.cooldown_cnt\[19\],25.74
net431,25.74
_07385_,25.72
_17227_,25.72
u_auth_fsm.nonce_hist\[6\]\[25\],25.72
_08304_,25.7
_18930_,25.7
u_aes128.gen_state_sbox\[15\].sb_state.in\[7\],25.68
_06609_,25.64
_14489_,25.64
_07043_,25.62
_07557_,25.62
_18593_,25.62
net2065,25.62
_16690_,25.6
u_uart_rx.clk_cnt\[9\],25.6
_08049_,25.58
_14806_,25.58
u_auth_fsm.nonce_hist\[2\]\[15\],25.58
_17201_,25.56
_18205_,25.56
_18366_,25.56
_05524_,25.54
_06588_,25.52
u_auth_fsm.nonce_hist\[6\]\[54\],25.52
u_cmd_parser.nonce_reg\[60\],25.52
_17860_,25.5
u_auth_fsm.aes_key\[16\],25.5
_05575_,25.48
_08332_,25.48
_06138_,25.46
_18555_,25.46
u_cmd_parser.crc_reg\[12\],25.46
_06760_,25.44
_11296_,25.44
_12056_,25.44
_17885_,25.44
_08410_,25.42
_11014_,25.42
_12361_,25.42
_12541_,25.42
_19501_,25.42
fifo_nonce\[3\]\[121\],25.42
u_aes128.gen_key_sbox\[2\].sb_key.in\[1\],25.42
_04915_,25.4
_11214_,25.4
_19456_,25.4
_14493_,25.395
_19232_,25.385
_10673_,25.37
_10801_,25.36
_19034_,25.36
_06057_,25.34
_13747_,25.34
_18732_,25.34
u_auth_fsm.nonce_hist\[5\]\[119\],25.34
_09321_,25.32
u_aes128.gen_state_sbox\[2\].sb_state.in\[1\],25.32
u_auth_fsm.nonce_hist\[0\]\[75\],25.32
_06147_,25.3
_06447_,25.3
_07533_,25.3
_11984_,25.3
_19149_,25.3
u_auth_fsm.tx_payload\[84\],25.3
_08307_,25.28
_12471_,25.28
u_auth_fsm.nonce_hist\[7\]\[28\],25.28
u_cmd_parser.crc_reg\[14\],25.28
_06104_,25.26
_13510_,25.26
u_auth_fsm.aes_key\[117\],25.26
_12112_,25.25
_06740_,25.24
u_auth_fsm.nonce_hist\[2\]\[117\],25.24
u_auth_fsm.nonce_hist\[6\]\[70\],25.24
u_cmd_parser.nonce_reg\[6\],25.24
_05570_,25.22
_06484_,25.22
_07618_,25.2
_08767_,25.2
_09621_,25.18
_11696_,25.18
_11944_,25.18
_16864_,25.18
_19163_,25.18
net2185,25.18
net2221,25.18
u_cmd_parser.crc_reg\[3\],25.17
_06896_,25.16
_08981_,25.16
_11143_,25.16
_11544_,25.16
_18901_,25.16
_19265_,25.16
u_auth_fsm.aes_key\[32\],25.16
u_cmd_parser.timeout_cnt\[0\],25.15
_18615_,25.14
fifo_nonce\[1\]\[61\],25.14
_14540_,25.1
_11152_,25.08
u_auth_fsm.nonce_hist\[7\]\[59\],25.08
_08296_,25.06
_12335_,25.06
_19530_,25.06
_07052_,25.055
_13378_,25.04
u_auth_fsm.nonce_hist\[7\]\[14\],25
_10217_,24.98
_12312_,24.98
_12322_,24.98
_16923_,24.98
_18328_,24.96
u_auth_fsm.nonce_hist\[7\]\[113\],24.96
u_auth_fsm.nonce_hist\[7\]\[64\],24.96
u_cmd_parser.nonce_reg\[104\],24.96
net2038,24.96
_16936_,24.94
_18523_,24.94
_12808_,24.92
_13684_,24.92
u_aes128.ciphertext\[26\],24.92
net528,24.92
net1214,24.92
_09499_,24.88
_08399_,24.84
_10246_,24.84
_13666_,24.84
_18881_,24.84
_10704_,24.82
_16371_,24.82
u_auth_fsm.nonce_hist\[6\]\[72\],24.82
net859,24.8
fifo_nonce\[1\]\[25\],24.77
_08738_,24.76
_08915_,24.76
_12020_,24.76
_18000_,24.76
u_auth_fsm.nonce_hist\[0\]\[105\],24.76
net2458,24.76
_09691_,24.74
_09872_,24.74
u_auth_fsm.tx_payload\[67\],24.74
_05576_,24.72
net1868,24.7
_13569_,24.685
u_auth_fsm.nonce_hist\[5\]\[37\],24.685
_17763_,24.68
u_auth_fsm.nonce_hist\[3\]\[74\],24.68
_17376_,24.66
u_auth_fsm.cooldown_cnt\[8\],24.66
_08055_,24.65
u_auth_fsm.cur_nonce\[9\],24.64
u_auth_fsm.nonce_hist\[3\]\[9\],24.64
_18413_,24.62
_18909_,24.62
u_auth_fsm.nonce_hist\[1\]\[123\],24.62
_05525_,24.6
_13691_,24.6
_13848_,24.6
_19106_,24.6
_07407_,24.58
_14078_,24.58
_14479_,24.58
net550,24.58
u_aes128.ciphertext\[108\],24.56
u_auth_fsm.nonce_hist\[3\]\[10\],24.56
_09896_,24.54
_17523_,24.54
fifo_count\[1\],24.54
u_auth_fsm.aes_key\[17\],24.54
u_auth_fsm.nonce_hist\[1\]\[43\],24.54
u_auth_fsm.aes_key\[54\],24.52
u_auth_fsm.nonce_hist\[0\]\[67\],24.52
_11360_,24.5
_19602_,24.5
_13690_,24.495
_11270_,24.48
_12025_,24.48
_12429_,24.48
_18254_,24.48
_09677_,24.46
_12057_,24.46
u_auth_fsm.nonce_hist\[7\]\[92\],24.46
_13308_,24.45
_07513_,24.44
_10263_,24.44
fifo_nonce\[6\]\[17\],24.44
_10169_,24.43
_11275_,24.42
_11512_,24.42
_13345_,24.42
_18591_,24.42
_11119_,24.39
u_auth_fsm.nonce_hist\[3\]\[100\],24.385
_08001_,24.38
_09250_,24.38
u_cmd_parser.nonce_reg\[19\],24.38
net2320,24.38
_05537_,24.36
_09767_,24.355
_07949_,24.34
_08249_,24.34
_17735_,24.34
_19156_,24.34
u_auth_fsm.tx_payload\[75\],24.34
_05840_,24.32
_11586_,24.32
_12531_,24.32
_18293_,24.32
_09460_,24.3
_10024_,24.3
fifo_nonce\[5\]\[116\],24.3
u_auth_fsm.cur_nonce\[29\],24.3
u_auth_fsm.nonce_hist\[1\]\[23\],24.3
net843,24.3
_12206_,24.28
u_cmd_parser.timeout_cnt\[4\],24.28
_10112_,24.26
_14550_,24.26
_18415_,24.24
fifo_nonce\[0\]\[17\],24.24
net1531,24.24
u_auth_fsm.tx_payload\[111\],24.23
_09454_,24.22
_12179_,24.22
u_auth_fsm.nonce_hist\[5\]\[8\],24.22
_07713_,24.21
_06624_,24.18
_07914_,24.18
_08235_,24.16
u_auth_fsm.tx_payload\[102\],24.16
_12036_,24.15
_05796_,24.12
_07595_,24.1
u_auth_fsm.nonce_hist\[2\]\[79\],24.08
u_auth_fsm.tx_payload\[0\],24.08
net1973,24.08
_10924_,24.07
u_auth_fsm.aes_plaintext\[101\],24.06
u_cmd_parser.nonce_reg\[57\],24.05
_06782_,24.04
_10207_,24.02
_12260_,24.02
net1895,24.02
u_cmd_parser.crc_reg\[1\],24.01
_07939_,24
_11920_,24
u_auth_fsm.tx_payload\[4\],24
u_auth_fsm.tx_payload\[59\],24
net1993,24
_09349_,23.98
u_auth_fsm.nonce_hist\[3\]\[11\],23.965
_06047_,23.96
_07899_,23.94
_19434_,23.94
fifo_nonce\[5\]\[61\],23.94
u_auth_fsm.aes_key\[42\],23.94
_06224_,23.92
_09540_,23.92
_19110_,23.92
_19122_,23.92
_19547_,23.92
u_auth_fsm.nonce_hist\[1\]\[12\],23.9
fifo_nonce\[1\]\[21\],23.88
net600,23.88
u_auth_fsm.nonce_hist\[2\]\[64\],23.86
_18547_,23.84
_18778_,23.84
_07895_,23.82
_13305_,23.82
_16350_,23.82
_06131_,23.8
_17082_,23.8
_06608_,23.78
_08367_,23.78
_10412_,23.78
u_auth_fsm.nonce_hist\[5\]\[110\],23.775
_04919_,23.76
_13410_,23.76
_19672_,23.76
_11553_,23.74
_13434_,23.74
_16940_,23.74
_07814_,23.72
u_auth_fsm.cur_nonce\[41\],23.72
u_auth_fsm.nonce_hist\[7\]\[27\],23.72
_13471_,23.705
_16628_,23.7
net2248,23.7
_09586_,23.68
u_auth_fsm.nonce_hist\[7\]\[86\],23.68
net422,23.68
net468,23.68
_09787_,23.65
_14302_,23.64
_14664_,23.64
net837,23.62
_11220_,23.61
_09223_,23.6
_11115_,23.6
_18898_,23.6
net899,23.6
_08354_,23.58
net1287,23.56
_13507_,23.54
u_auth_fsm.tx_payload\[39\],23.54
u_uart_tx.bit_idx\[2\],23.54
_13366_,23.52
_13440_,23.52
_08616_,23.5
_13538_,23.5
_19356_,23.5
_10724_,23.48
_18381_,23.48
u_aes128.ciphertext\[116\],23.48
u_uart_tx.clk_cnt\[7\],23.48
_09963_,23.46
_12248_,23.46
_18212_,23.46
_19209_,23.46
_06430_,23.45
_06089_,23.44
_09727_,23.44
_17514_,23.44
_04849_,23.42
_08328_,23.38
_18837_,23.38
_11400_,23.34
fifo_nonce\[5\]\[91\],23.34
_18356_,23.32
u_auth_fsm.nonce_hist\[6\]\[67\],23.32
u_aes128.ciphertext\[97\],23.3
u_auth_fsm.nonce_hist\[5\]\[33\],23.28
_17528_,23.27
u_auth_fsm.nonce_hist\[2\]\[29\],23.265
u_auth_fsm.nonce_hist\[2\]\[6\],23.265
_18891_,23.26
u_auth_fsm.nonce_hist\[5\]\[64\],23.26
net608,23.26
_06320_,23.24
_06578_,23.24
fifo_nonce\[2\]\[107\],23.24
_08201_,23.22
_08827_,23.22
_17074_,23.22
_07607_,23.2
_07841_,23.2
_08873_,23.2
_12860_,23.2
_13193_,23.2
u_auth_fsm.cur_nonce\[23\],23.18
_09184_,23.16
_19311_,23.16
_08350_,23.14
_10803_,23.14
_12714_,23.14
_14364_,23.14
u_auth_fsm.cur_nonce\[63\],23.14
net784,23.14
u_auth_fsm.tx_payload\[86\],23.13
_13099_,23.12
u_auth_fsm.nonce_hist\[3\]\[23\],23.12
_10147_,23.1
_11101_,23.1
u_auth_fsm.nonce_hist\[7\]\[123\],23.065
_09498_,23.06
_12000_,23.06
_19465_,23.06
u_auth_fsm.nonce_hist\[3\]\[46\],23.06
_08436_,23.04
_10616_,23.04
_12155_,23.04
u_auth_fsm.nonce_hist\[3\]\[61\],23.04
u_cmd_parser.nonce_reg\[66\],23.04
_12370_,23
_14473_,23
_19688_,22.99
_05182_,22.98
_09040_,22.98
_12104_,22.98
u_auth_fsm.nonce_hist\[1\]\[16\],22.975
u_auth_fsm.nonce_hist\[3\]\[24\],22.965
_07652_,22.96
_08034_,22.96
u_cmd_parser.crc_hi_reg\[0\],22.96
u_cmd_parser.nonce_reg\[21\],22.96
_06105_,22.94
_07859_,22.94
_17630_,22.94
u_auth_fsm.nonce_hist\[7\]\[5\],22.925
_05507_,22.92
_06144_,22.92
_09625_,22.92
_10905_,22.92
_12284_,22.92
_17328_,22.92
_18333_,22.92
_18335_,22.92
_18808_,22.92
u_cmd_parser.crc_reg\[5\],22.92
_12358_,22.9
_19321_,22.89
_06916_,22.88
_08156_,22.88
_11710_,22.88
fifo_nonce\[2\]\[99\],22.84
u_cmd_parser.timeout_cnt\[8\],22.84
clknet_leaf_320_clk,22.84
_07437_,22.8
_13477_,22.8
_18951_,22.8
_19359_,22.8
u_auth_fsm.tx_payload\[124\],22.8
u_auth_fsm.tx_payload\[33\],22.8
_11836_,22.78
_18409_,22.78
fifo_nonce\[0\]\[83\],22.78
_13243_,22.76
_08357_,22.74
_14130_,22.74
_18102_,22.74
u_auth_fsm.nonce_hist\[1\]\[125\],22.72
net1784,22.72
_18857_,22.68
u_auth_fsm.nonce_hist\[3\]\[97\],22.68
_17241_,22.66
_18890_,22.66
_19355_,22.66
_12507_,22.64
_17997_,22.62
_18867_,22.62
u_auth_fsm.nonce_hist\[1\]\[47\],22.62
_13228_,22.6
u_auth_fsm.nonce_hist\[2\]\[44\],22.6
_05566_,22.59
_06718_,22.58
_06901_,22.58
_12348_,22.58
_12852_,22.58
_08878_,22.56
_08992_,22.56
_10354_,22.56
_11680_,22.56
u_auth_fsm.nonce_hist\[6\]\[117\],22.545
_09402_,22.54
_10821_,22.54
net484,22.54
net2200,22.54
_08057_,22.52
_08721_,22.52
u_auth_fsm.tx_payload\[91\],22.52
_06859_,22.5
_07822_,22.5
_09778_,22.5
_10343_,22.5
_14800_,22.5
_12897_,22.48
_16435_,22.46
u_uart_tx.tx_data\[3\],22.46
net773,22.46
u_auth_fsm.aes_key\[41\],22.44
u_auth_fsm.fail_cnt\[1\],22.44
_07564_,22.425
_13545_,22.42
_18011_,22.42
u_cmd_parser.timeout_cnt\[13\],22.415
_17448_,22.41
_05889_,22.4
_07095_,22.4
_10074_,22.4
_10655_,22.4
_12924_,22.4
_13208_,22.4
u_auth_fsm.nonce_hist\[5\]\[123\],22.38
_08218_,22.365
_03632_,22.36
u_auth_fsm.nonce_hist\[6\]\[53\],22.355
_10509_,22.34
_13657_,22.34
u_auth_fsm.nonce_hist\[2\]\[32\],22.34
clknet_leaf_328_clk,22.34
u_cmd_parser.nonce_reg\[30\],22.32
_05748_,22.3
_10507_,22.3
_12817_,22.3
u_auth_fsm.nonce_hist\[1\]\[5\],22.28
u_auth_fsm.nonce_hist\[7\]\[38\],22.28
_10520_,22.26
_08479_,22.25
_17322_,22.24
u_aes128.gen_state_sbox\[0\].sb_state.in\[0\],22.24
_11735_,22.21
_12618_,22.2
net2207,22.2
_06445_,22.18
_10361_,22.18
_12674_,22.18
_12683_,22.18
_05473_,22.16
_19411_,22.16
u_auth_fsm.tx_payload\[79\],22.16
net2288,22.16
_16473_,22.14
u_aes128.gen_state_sbox\[9\].sb_state.in\[1\],22.14
u_auth_fsm.nonce_hist\[3\]\[5\],22.14
net430,22.14
_09271_,22.12
_18327_,22.12
_05626_,22.08
u_auth_fsm.nonce_hist\[5\]\[47\],22.08
_08916_,22.04
_12826_,22.04
fifo_nonce\[0\]\[15\],22.04
u_cmd_parser.payload_count\[0\],22.04
_07378_,22.02
_11911_,22.02
net2233,22.02
_08040_,22
_10311_,22
_14411_,22
_14769_,22
fifo_nonce\[3\]\[116\],22
u_auth_fsm.nonce_hist\[1\]\[35\],22
u_auth_fsm.tx_payload\[36\],22
u_cmd_parser.crc_hi_reg\[1\],22
_05463_,21.98
_13402_,21.98
_13430_,21.98
_17714_,21.98
net2092,21.98
_09315_,21.96
_09895_,21.96
_19010_,21.96
fifo_wr_ptr\[2\],21.96
u_auth_fsm.cur_nonce\[83\],21.96
_12976_,21.94
_13610_,21.94
_13876_,21.94
_18915_,21.94
u_auth_fsm.nonce_hist\[7\]\[109\],21.94
_03573_,21.92
_19052_,21.92
u_auth_fsm.cur_nonce\[126\],21.92
_07336_,21.905
_11186_,21.9
_11832_,21.9
u_auth_fsm.nonce_hist\[3\]\[0\],21.885
_05409_,21.88
_11450_,21.88
u_auth_fsm.cur_nonce\[44\],21.88
clknet_leaf_440_clk,21.88
_07837_,21.86
_18623_,21.86
_16972_,21.85
_06048_,21.84
_10477_,21.84
_13813_,21.84
_18232_,21.83
net2018,21.82
_12185_,21.81
_06041_,21.8
_07847_,21.8
_10516_,21.8
u_auth_fsm.nonce_hist\[2\]\[13\],21.8
u_auth_fsm.nonce_hist\[7\]\[84\],21.8
_09488_,21.78
_17075_,21.78
_17772_,21.78
net2209,21.78
_10043_,21.765
_11804_,21.76
_18804_,21.76
_18907_,21.76
_19088_,21.76
net1022,21.76
_04894_,21.74
_07812_,21.74
u_auth_fsm.aes_key\[105\],21.74
u_auth_fsm.cooldown_cnt\[10\],21.74
_09984_,21.73
_01606_,21.72
_08097_,21.72
_11810_,21.72
_19674_,21.72
_08781_,21.7
_10487_,21.7
_17014_,21.7
_18208_,21.7
u_aes128.round_key\[34\],21.7
u_auth_fsm.nonce_hist\[2\]\[45\],21.7
_06691_,21.68
_11523_,21.68
_12824_,21.68
_18439_,21.68
_18990_,21.68
_19413_,21.68
fifo_nonce\[0\]\[99\],21.68
u_auth_fsm.tx_payload\[117\],21.68
_19510_,21.67
_11448_,21.665
_05209_,21.66
_05596_,21.66
u_auth_fsm.secret_key\[107\],21.66
net2445,21.66
_04862_,21.64
_19572_,21.64
u_auth_fsm.aes_key\[63\],21.64
u_auth_fsm.going_to_lockout,21.64
_07583_,21.62
_14074_,21.62
u_auth_fsm.payload_len\[0\],21.61
_18992_,21.6
net497,21.6
net926,21.6
fifo_nonce\[3\]\[118\],21.56
net2223,21.56
_09529_,21.54
_10533_,21.54
_12421_,21.54
_14756_,21.54
_18271_,21.54
fifo_nonce\[7\]\[2\],21.54
_10763_,21.52
net736,21.52
_09697_,21.5
_10015_,21.5
_10668_,21.5
_14003_,21.5
_14651_,21.5
u_auth_fsm.cur_nonce\[123\],21.5
_01536_,21.485
_06620_,21.48
_08476_,21.48
_08679_,21.48
_09209_,21.48
_10827_,21.46
_12497_,21.46
u_auth_fsm.nonce_hist\[5\]\[40\],21.46
net630,21.46
_13002_,21.455
u_auth_fsm.nonce_hist\[2\]\[81\],21.455
_07510_,21.44
_17331_,21.44
_19303_,21.44
u_auth_fsm.tx_payload\[112\],21.42
_11913_,21.4
_18088_,21.4
u_auth_fsm.nonce_hist\[1\]\[21\],21.395
_04960_,21.38
_19459_,21.38
u_auth_fsm.cooldown_cnt\[13\],21.38
_07031_,21.36
_09241_,21.36
_14335_,21.36
_19351_,21.36
u_auth_fsm.nonce_hist\[3\]\[126\],21.36
net787,21.36
u_auth_fsm.nonce_hist\[7\]\[69\],21.345
_06976_,21.34
_07645_,21.34
u_aes128.gen_state_sbox\[4\].sb_state.in\[0\],21.34
_06589_,21.32
_06876_,21.32
_08334_,21.32
_03596_,21.3
_07559_,21.3
_17371_,21.3
u_auth_fsm.aes_key\[107\],21.3
net536,21.3
_10650_,21.28
_14325_,21.28
_17244_,21.27
_13442_,21.26
_14198_,21.26
u_auth_fsm.hist_valid\[6\],21.26
_03591_,21.24
_09513_,21.24
_12379_,21.24
_14678_,21.24
_16667_,21.24
fifo_nonce\[0\]\[57\],21.24
u_auth_fsm.nonce_hist\[6\]\[9\],21.24
u_auth_fsm.tx_payload\[30\],21.24
_07897_,21.22
_13483_,21.22
_19043_,21.22
_05782_,21.2
_06548_,21.2
_09009_,21.2
_10281_,21.2
_11533_,21.2
_18892_,21.2
_19228_,21.2
fifo_nonce\[1\]\[96\],21.2
net833,21.2
u_auth_fsm.nonce_hist\[3\]\[109\],21.195
u_cmd_parser.crc_reg\[9\],21.19
_11248_,21.17
_03566_,21.16
_10988_,21.16
fifo_nonce\[0\]\[20\],21.16
kdf_state\[0\],21.16
u_aes128.ciphertext\[23\],21.16
u_auth_fsm.nonce_hist\[3\]\[117\],21.16
_09910_,21.14
_17263_,21.14
_18056_,21.14
_19060_,21.14
u_auth_fsm.nonce_hist\[7\]\[115\],21.14
_09064_,21.12
_13280_,21.12
_14529_,21.12
u_auth_fsm.tx_payload\[64\],21.12
net2066,21.12
_14659_,21.1
u_auth_fsm.nonce_hist\[2\]\[74\],21.1
u_auth_fsm.tx_payload\[6\],21.1
_06475_,21.08
_07015_,21.08
_11090_,21.08
_18027_,21.08
_18131_,21.08
_18790_,21.08
_09541_,21.06
_11280_,21.06
_17344_,21.045
_04926_,21.04
_07780_,21.04
_11142_,21.04
u_auth_fsm.nonce_hist\[2\]\[70\],21.04
_05703_,21.02
_12213_,21.02
_12625_,21.02
_16929_,21.02
_06725_,21
_14161_,21
u_auth_fsm.nonce_hist\[6\]\[60\],21
u_uart_tx.clk_cnt\[4\],21
_16761_,20.98
_17234_,20.98
_19075_,20.98
_19168_,20.98
clknet_leaf_438_clk,20.98
u_cmd_parser.nonce_reg\[13\],20.96
_06485_,20.94
fifo_nonce\[5\]\[60\],20.94
_04878_,20.92
_06963_,20.92
_11201_,20.92
_17875_,20.92
fifo_nonce\[3\]\[91\],20.92
_10093_,20.9
_08577_,20.88
_19286_,20.88
_07630_,20.86
fifo_nonce\[0\]\[21\],20.86
net698,20.86
_14737_,20.84
u_auth_fsm.aes_plaintext\[93\],20.84
u_auth_fsm.nonce_hist\[6\]\[45\],20.825
_09264_,20.82
_09930_,20.82
_11378_,20.82
_18383_,20.82
_18495_,20.82
_19594_,20.82
net504,20.82
net2106,20.82
u_auth_fsm.nonce_hist\[6\]\[123\],20.815
_06318_,20.78
_09607_,20.78
_12199_,20.78
net1366,20.78
_07573_,20.76
_10038_,20.76
_19127_,20.76
u_auth_fsm.aes_key\[10\],20.75
_03826_,20.74
_13326_,20.74
u_cmd_parser.nonce_reg\[114\],20.74
_17053_,20.73
_16818_,20.72
u_auth_fsm.aes_key\[18\],20.72
_10304_,20.69
_12875_,20.68
_13818_,20.68
_14426_,20.68
_17559_,20.68
_06663_,20.66
_18671_,20.66
_19430_,20.66
u_auth_fsm.nonce_hist\[2\]\[18\],20.66
_12641_,20.64
_19435_,20.64
net783,20.64
_08146_,20.62
fifo_nonce\[5\]\[5\],20.62
u_auth_fsm.nonce_hist\[0\]\[66\],20.62
net540,20.62
net2212,20.62
_04892_,20.6
_07353_,20.58
_18629_,20.58
net813,20.58
net2443,20.58
_09486_,20.57
_01932_,20.56
_07578_,20.56
_08845_,20.56
_10211_,20.56
_11663_,20.56
net2473,20.56
fifo_count\[0\],20.54
fifo_nonce\[0\]\[11\],20.54
_10301_,20.52
_17666_,20.52
u_auth_fsm.nonce_hist\[1\]\[26\],20.52
u_auth_fsm.nonce_hist\[4\]\[51\],20.52
_19463_,20.5
_19554_,20.5
u_auth_fsm.nonce_hist\[7\]\[15\],20.5
_03810_,20.495
_05735_,20.48
_13743_,20.48
_07090_,20.46
fifo_nonce\[0\]\[9\],20.46
net1685,20.46
_07039_,20.44
_09530_,20.44
u_auth_fsm.nonce_hist\[0\]\[64\],20.44
_17484_,20.42
u_auth_fsm.tx_payload\[108\],20.41
u_aes128.gen_key_sbox\[0\].sb_key.in\[5\],20.4
_06955_,20.38
_06999_,20.38
_18783_,20.38
u_auth_fsm.nonce_hist\[6\]\[125\],20.38
_10839_,20.365
_08389_,20.36
_09035_,20.36
_09709_,20.36
_03558_,20.34
_06918_,20.34
_13871_,20.34
_16974_,20.34
_17856_,20.34
u_uart_tx.tx_data\[1\],20.34
u_auth_fsm.nonce_hist\[2\]\[5\],20.325
_09127_,20.32
_10706_,20.32
_12734_,20.32
_05644_,20.3
_05973_,20.3
_07636_,20.3
fifo_nonce\[5\]\[120\],20.3
u_auth_fsm.nonce_hist\[7\]\[18\],20.28
_18268_,20.26
_06037_,20.24
_11519_,20.24
_18559_,20.24
u_auth_fsm.tx_payload\[105\],20.23
_18572_,20.22
_18686_,20.22
u_aes128.ciphertext\[115\],20.22
net1965,20.22
_06411_,20.2
_06769_,20.2
_07894_,20.2
_08997_,20.2
_10689_,20.2
_19528_,20.2
u_cmd_parser.nonce_reg\[22\],20.2
_05938_,20.185
fifo_nonce\[0\]\[10\],20.16
u_auth_fsm.nonce_hist\[7\]\[88\],20.16
net946,20.16
u_auth_fsm.nonce_hist\[2\]\[28\],20.14
_10511_,20.125
_13917_,20.12
_06377_,20.1
_11738_,20.1
_18685_,20.1
_09369_,20.09
u_auth_fsm.aes_key\[57\],20.08
u_auth_fsm.cooldown_cnt\[0\],20.08
u_auth_fsm.nonce_hist\[6\]\[6\],20.08
net2084,20.08
_13754_,20.065
_12388_,20.06
_05866_,20.04
_07091_,20.04
_11855_,20.04
_14042_,20.04
fifo_nonce\[3\]\[1\],20.04
u_aes128.round_key\[74\],20.04
u_cmd_parser.timeout_cnt\[11\],20.04
net2150,20.04
net2402,20.02
_08473_,20
_11120_,20
_13278_,20
_17623_,19.98
fifo_nonce\[2\]\[112\],19.98
net841,19.98
_07111_,19.96
_19483_,19.96
_07538_,19.94
fifo_nonce\[1\]\[36\],19.94
fifo_nonce\[6\]\[44\],19.92
_09130_,19.9
_12256_,19.9
_14677_,19.9
_14913_,19.9
_05945_,19.88
_06216_,19.88
_06945_,19.88
_16946_,19.88
_18182_,19.88
fifo_nonce\[4\]\[91\],19.88
net1305,19.88
_05497_,19.86
_08805_,19.86
_09608_,19.86
_09619_,19.86
_17977_,19.86
u_auth_fsm.nonce_hist\[0\]\[65\],19.86
net1860,19.86
_16901_,19.84
_18638_,19.835
_19531_,19.835
u_auth_fsm.nonce_hist\[5\]\[16\],19.82
net1053,19.82
fifo_nonce\[0\]\[34\],19.8
u_auth_fsm.nonce_hist\[7\]\[32\],19.8
_08696_,19.795
_04968_,19.78
_06775_,19.78
_13887_,19.78
_19623_,19.78
_10793_,19.76
_19271_,19.76
u_auth_fsm.tx_payload\[125\],19.76
net2509,19.76
_11125_,19.74
_18262_,19.74
u_auth_fsm.nonce_hist\[7\]\[106\],19.74
fifo_nonce\[3\]\[69\],19.72
_07806_,19.7
_10798_,19.7
_18932_,19.7
u_auth_fsm.nonce_hist\[0\]\[26\],19.7
u_auth_fsm.tx_payload\[29\],19.68
_01608_,19.66
_09356_,19.66
_12007_,19.66
_18339_,19.66
fifo_nonce\[3\]\[100\],19.66
u_auth_fsm.nonce_hist\[1\]\[18\],19.66
net2197,19.66
_18367_,19.65
_12615_,19.645
_08756_,19.64
_11733_,19.64
_14352_,19.64
_17461_,19.64
_18216_,19.64
_10665_,19.625
_04970_,19.62
_09179_,19.62
_11211_,19.62
_11909_,19.62
_12054_,19.62
_16471_,19.62
fifo_nonce\[3\]\[25\],19.62
net819,19.62
u_auth_fsm.tx_payload\[25\],19.6
_03617_,19.58
_09018_,19.58
fifo_nonce\[3\]\[0\],19.58
fifo_nonce\[6\]\[16\],19.58
fifo_nonce\[7\]\[21\],19.58
u_cmd_parser.timeout_cnt\[15\],19.58
_10027_,19.56
_11036_,19.54
_13061_,19.54
_14693_,19.54
_18297_,19.54
_18824_,19.54
u_uart_tx.clk_cnt\[6\],19.54
_11190_,19.52
_13337_,19.52
net1907,19.515
u_auth_fsm.nonce_hist\[3\]\[122\],19.5
_06965_,19.48
_11263_,19.48
_11693_,19.48
_14811_,19.48
_08682_,19.46
_18927_,19.46
u_cmd_parser.nonce_reg\[81\],19.46
net2194,19.46
_17350_,19.44
_12669_,19.42
_13207_,19.42
_14620_,19.42
u_auth_fsm.nonce_hist\[4\]\[37\],19.42
_05638_,19.4
_06529_,19.4
_09245_,19.4
_12346_,19.4
_12514_,19.4
_12737_,19.4
_18133_,19.4
_19185_,19.4
_09218_,19.39
_11641_,19.38
_18642_,19.38
u_auth_fsm.hist_valid\[1\],19.38
fifo_nonce\[3\]\[96\],19.37
_12468_,19.36
_05650_,19.34
_10752_,19.34
_18347_,19.32
_18376_,19.32
_19473_,19.32
net1822,19.32
_12885_,19.305
_09887_,19.3
_12855_,19.3
fifo_nonce\[2\]\[98\],19.3
u_auth_fsm.nonce_hist\[7\]\[101\],19.285
_01601_,19.28
_12182_,19.28
_14797_,19.28
_12198_,19.26
u_auth_fsm.nonce_hist\[2\]\[39\],19.26
_08435_,19.24
u_aes128.round_key\[127\],19.24
u_auth_fsm.nonce_hist\[6\]\[38\],19.24
_17483_,19.22
u_aes128.gen_state_sbox\[2\].sb_state.in\[2\],19.2
u_cmd_parser.timeout_cnt\[6\],19.2
_08140_,19.18
_08387_,19.18
_11497_,19.18
_18341_,19.18
u_auth_fsm.nonce_hist\[7\]\[8\],19.18
net2348,19.18
_18464_,19.16
u_auth_fsm.cur_nonce\[121\],19.16
fifo_nonce\[0\]\[6\],19.12
_08976_,19.1
_09426_,19.1
_11994_,19.1
_10864_,19.09
_05799_,19.08
_10989_,19.08
_06347_,19.06
_11672_,19.06
_12762_,19.06
_14701_,19.06
_16686_,19.06
u_auth_fsm.tx_payload\[107\],19.06
u_cmd_parser.nonce_reg\[31\],19.06
net1791,19.04
_09248_,19.035
_13031_,19
_18977_,19
u_auth_fsm.nonce_hist\[2\]\[42\],19
_03835_,18.98
_10426_,18.98
_11409_,18.98
_19255_,18.98
u_auth_fsm.nonce_hist\[5\]\[103\],18.975
_09567_,18.94
_11611_,18.94
_14595_,18.94
_17260_,18.94
_18586_,18.94
_04913_,18.92
_19348_,18.92
fifo_nonce\[1\]\[68\],18.92
fifo_nonce\[4\]\[46\],18.92
_06997_,18.9
_17581_,18.9
u_auth_fsm.nonce_hist\[2\]\[101\],18.9
net1457,18.9
_05397_,18.86
_05934_,18.86
_13502_,18.86
u_auth_fsm.tx_payload\[19\],18.86
net612,18.86
net2476,18.86
_05567_,18.84
_12404_,18.84
_12800_,18.84
_18768_,18.84
_18849_,18.84
_19505_,18.84
fifo_nonce\[5\]\[71\],18.84
u_auth_fsm.nonce_hist\[5\]\[78\],18.825
_08280_,18.82
_09547_,18.82
_11604_,18.82
_18587_,18.82
fifo_nonce\[0\]\[82\],18.82
u_auth_fsm.nonce_hist\[3\]\[114\],18.8
u_uart_rx.rx_shift\[3\],18.8
_09681_,18.78
u_auth_fsm.payload_len\[1\],18.78
_03592_,18.76
_16705_,18.76
_18602_,18.76
u_auth_fsm.aes_key\[49\],18.76
net823,18.76
net2452,18.76
_10878_,18.74
_11845_,18.74
_13874_,18.74
_14650_,18.74
fifo_nonce\[2\]\[74\],18.74
u_uart_tx.clk_cnt\[2\],18.74
_09226_,18.72
_12774_,18.72
_18710_,18.72
net2224,18.72
_06948_,18.7
_03864_,18.68
_09032_,18.68
net660,18.68
_07380_,18.66
_17437_,18.655
_11060_,18.645
_13572_,18.64
_19649_,18.64
_17415_,18.63
_10775_,18.62
_14699_,18.62
_18324_,18.62
_19277_,18.62
_06549_,18.6
_12045_,18.6
_14847_,18.6
_08656_,18.58
_09655_,18.58
_11435_,18.58
_04911_,18.56
u_aes128.round_key\[123\],18.56
u_auth_fsm.nonce_hist\[6\]\[119\],18.56
net1651,18.56
u_auth_fsm.nonce_hist\[6\]\[32\],18.55
_08645_,18.52
_13807_,18.52
u_auth_fsm.nonce_hist\[2\]\[91\],18.52
u_auth_fsm.nonce_hist\[3\]\[107\],18.51
_05886_,18.5
_06360_,18.5
_12637_,18.5
u_auth_fsm.nonce_hist\[2\]\[61\],18.5
net678,18.5
_09467_,18.48
_18982_,18.48
u_auth_fsm.cur_nonce\[24\],18.48
net1723,18.48
_06780_,18.46
_18980_,18.46
fifo_nonce\[0\]\[35\],18.445
_06069_,18.44
u_auth_fsm.nonce_hist\[4\]\[2\],18.44
net2151,18.42
_04930_,18.4
_08415_,18.4
_09234_,18.4
_13711_,18.4
fifo_nonce\[7\]\[120\],18.4
net808,18.4
net2141,18.4
fifo_type\[6\],18.38
_05909_,18.36
_10964_,18.36
u_cmd_parser.nonce_reg\[12\],18.36
net427,18.36
net2131,18.36
_10701_,18.34
_10417_,18.32
_13451_,18.32
net2164,18.32
_19561_,18.3
_13573_,18.28
_14697_,18.28
fifo_nonce\[5\]\[122\],18.28
u_auth_fsm.nonce_hist\[6\]\[44\],18.28
u_auth_fsm.nonce_hist\[7\]\[4\],18.28
u_cmd_parser.cmd_reg\[1\],18.28
net2051,18.28
_06748_,18.26
_06833_,18.26
_09065_,18.26
fifo_nonce\[4\]\[9\],18.26
u_auth_fsm.nonce_hist\[6\]\[122\],18.26
net459,18.26
_10920_,18.24
_18899_,18.24
u_auth_fsm.nonce_hist\[2\]\[115\],18.235
_06402_,18.22
net1947,18.22
_17611_,18.21
_18853_,18.2
u_auth_fsm.nonce_hist\[5\]\[34\],18.2
_08742_,18.185
_10215_,18.18
_17821_,18.18
fifo_nonce\[5\]\[52\],18.18
_04922_,18.16
_06061_,18.16
_12921_,18.16
fifo_nonce\[7\]\[51\],18.16
net2044,18.16
_10513_,18.14
_13476_,18.14
_17506_,18.14
_19203_,18.14
_19469_,18.14
u_auth_fsm.aes_key\[23\],18.13
u_cmd_parser.crc_reg\[0\],18.13
fifo_nonce\[0\]\[13\],18.12
u_aes128.round_key\[84\],18.12
_09086_,18.1
_10885_,18.1
_14850_,18.1
_17572_,18.09
_07442_,18.08
_08749_,18.08
_10802_,18.06
net438,18.06
_06986_,18.04
_14590_,18.04
net1987,18.04
_12095_,18.02
_18769_,18.02
u_auth_fsm.hist_valid\[4\],18.02
u_auth_fsm.nonce_hist\[2\]\[53\],18.02
_11151_,18
_11692_,18
_03636_,17.98
_05894_,17.98
u_auth_fsm.aes_plaintext\[114\],17.98
u_cmd_parser.nonce_reg\[63\],17.98
_07059_,17.96
u_auth_fsm.tx_payload\[41\],17.96
_06257_,17.94
_09617_,17.94
_10830_,17.94
_17432_,17.94
_17478_,17.94
_18405_,17.94
_18437_,17.94
fifo_nonce\[3\]\[112\],17.94
_10319_,17.92
_11500_,17.92
_13123_,17.92
net779,17.92
_18052_,17.9
net2152,17.9
_01923_,17.88
net1735,17.88
_13120_,17.87
_11915_,17.865
_12845_,17.86
_16709_,17.86
fifo_nonce\[2\]\[52\],17.86
u_auth_fsm.aes_plaintext\[60\],17.86
u_cmd_parser.nonce_reg\[29\],17.86
_14071_,17.85
_07902_,17.82
_17458_,17.82
_18196_,17.82
u_auth_fsm.nonce_hist\[3\]\[123\],17.82
u_auth_fsm.nonce_hist\[5\]\[46\],17.82
u_auth_fsm.nonce_hist\[7\]\[78\],17.82
_05757_,17.805
_07988_,17.8
_10867_,17.8
_11009_,17.8
_11686_,17.8
_14136_,17.8
_12364_,17.785
_13742_,17.785
_03635_,17.78
_04895_,17.78
_08470_,17.78
net844,17.78
_18952_,17.765
_06847_,17.76
_17908_,17.76
u_auth_fsm.cooldown_cnt\[31\],17.76
u_uart_rx.rx_shift\[1\],17.76
u_auth_fsm.nonce_hist\[6\]\[0\],17.75
_11971_,17.74
fifo_nonce\[0\]\[3\],17.74
_14743_,17.725
_14081_,17.72
_14603_,17.72
_17048_,17.72
_18082_,17.72
_09641_,17.71
_09527_,17.7
_18422_,17.7
_19410_,17.7
u_auth_fsm.cur_nonce\[74\],17.7
_17273_,17.69
_18066_,17.69
_06446_,17.68
_16848_,17.68
u_auth_fsm.aes_key\[72\],17.68
net475,17.68
net988,17.68
_12690_,17.675
_11613_,17.66
_14111_,17.66
u_auth_fsm.nonce_hist\[4\]\[57\],17.66
u_auth_fsm.tx_payload\[110\],17.65
_03213_,17.6
_08065_,17.6
_08315_,17.6
_13884_,17.6
_14332_,17.6
net2069,17.6
_17995_,17.595
_06106_,17.58
_09008_,17.58
_11441_,17.58
_13051_,17.58
_19492_,17.58
fifo_nonce\[6\]\[73\],17.58
_06223_,17.56
_11659_,17.56
u_auth_fsm.nonce_hist\[5\]\[122\],17.56
net707,17.56
net2056,17.56
_09517_,17.54
_10899_,17.54
fifo_nonce\[0\]\[5\],17.54
_07970_,17.52
_12480_,17.52
fifo_nonce\[1\]\[18\],17.52
u_uart_rx.clk_cnt\[8\],17.52
_18968_,17.5
fifo_nonce\[3\]\[13\],17.5
fifo_nonce\[5\]\[111\],17.5
u_auth_fsm.aes_plaintext\[63\],17.5
net2107,17.5
_06087_,17.48
_16957_,17.48
fifo_nonce\[2\]\[20\],17.48
fifo_nonce\[5\]\[54\],17.48
_11820_,17.46
u_auth_fsm.nonce_hist\[2\]\[84\],17.46
net643,17.46
_17245_,17.45
u_auth_fsm.aes_key\[19\],17.45
_16463_,17.44
_04912_,17.42
_13598_,17.42
_14238_,17.41
_08931_,17.4
_11612_,17.4
_13881_,17.4
_19050_,17.4
fifo_nonce\[0\]\[120\],17.4
fifo_nonce\[3\]\[84\],17.4
net2250,17.4
_08572_,17.385
_09385_,17.38
fifo_nonce\[5\]\[51\],17.38
_11974_,17.375
_09657_,17.37
_11392_,17.36
_17364_,17.36
_17391_,17.36
u_auth_fsm.cur_nonce\[27\],17.36
u_auth_fsm.nonce_hist\[2\]\[23\],17.36
u_auth_fsm.nonce_hist\[3\]\[80\],17.36
u_auth_fsm.nonce_hist\[2\]\[24\],17.355
_14680_,17.33
_10206_,17.32
u_auth_fsm.tx_payload\[83\],17.32
net1963,17.32
_13070_,17.31
_10118_,17.305
u_auth_fsm.nonce_hist\[6\]\[24\],17.295
_07515_,17.28
_11068_,17.28
_11635_,17.28
_17584_,17.28
_10611_,17.27
_07405_,17.24
u_auth_fsm.cur_nonce\[37\],17.24
u_auth_fsm.nonce_hist\[7\]\[40\],17.24
_06910_,17.22
_11764_,17.22
_14713_,17.22
_17380_,17.22
_19578_,17.22
u_aes128.round_key\[38\],17.22
_17766_,17.205
_08420_,17.2
_13117_,17.2
u_auth_fsm.nonce_hist\[5\]\[26\],17.2
_12876_,17.18
_17847_,17.18
_05930_,17.14
_06465_,17.14
_13750_,17.14
fifo_nonce\[7\]\[71\],17.14
u_auth_fsm.cur_nonce\[30\],17.14
_09308_,17.12
_10156_,17.12
_08806_,17.1
_08906_,17.1
_14280_,17.1
_17127_,17.1
_18670_,17.1
u_auth_fsm.nonce_hist\[4\]\[55\],17.1
u_auth_fsm.nonce_hist\[6\]\[59\],17.1
u_auth_fsm.tx_payload\[127\],17.1
_18386_,17.09
_07580_,17.08
_10716_,17.08
_13210_,17.08
_13249_,17.08
net2182,17.08
u_auth_fsm.cooldown_cnt\[17\],17.06
u_auth_fsm.nonce_hist\[5\]\[13\],17.06
u_auth_fsm.tx_payload\[46\],17.06
net652,17.06
_12578_,17.055
net531,17.045
_05185_,17.04
u_auth_fsm.nonce_hist\[1\]\[41\],17.04
_05606_,17.035
_06700_,17.02
_09025_,17.02
_10869_,17.02
_12811_,17.02
_14636_,17.02
_19031_,17.02
_19107_,17.02
_19131_,17.02
_06355_,17
_07000_,17
_18647_,17
_05476_,16.98
_10338_,16.98
fifo_nonce\[2\]\[18\],16.98
u_auth_fsm.tx_payload\[89\],16.98
net1995,16.98
net2172,16.98
_11155_,16.96
_11299_,16.96
u_auth_fsm.nonce_hist\[1\]\[27\],16.96
u_auth_fsm.nonce_hist\[3\]\[120\],16.96
_04972_,16.94
_10550_,16.94
_12763_,16.94
_13539_,16.94
_13985_,16.94
u_auth_fsm.aes_key\[37\],16.94
u_auth_fsm.aes_key\[3\],16.94
u_auth_fsm.cur_nonce\[106\],16.94
net1890,16.94
_11579_,16.93
_03597_,16.92
_14516_,16.92
net807,16.92
_13673_,16.91
_05836_,16.9
_07449_,16.9
_11236_,16.9
_11508_,16.9
_19372_,16.9
clknet_leaf_322_clk,16.9
_01607_,16.88
_08911_,16.88
_09131_,16.88
_13162_,16.88
fifo_nonce\[5\]\[59\],16.88
_07446_,16.86
_12974_,16.86
_14257_,16.86
_19136_,16.86
fifo_nonce\[3\]\[77\],16.86
u_auth_fsm.nonce_hist\[2\]\[59\],16.86
u_auth_fsm.tx_payload\[20\],16.86
_06716_,16.855
_17294_,16.84
_17921_,16.84
_18006_,16.84
_19118_,16.84
_19137_,16.84
u_aes128.ciphertext\[50\],16.84
_07379_,16.82
_07667_,16.82
_19104_,16.82
fifo_nonce\[2\]\[126\],16.82
fifo_nonce\[6\]\[48\],16.82
u_auth_fsm.cur_nonce\[64\],16.82
_08242_,16.8
_08496_,16.8
_10460_,16.8
_11285_,16.8
_15688_,16.8
_18633_,16.8
u_auth_fsm.nonce_hist\[5\]\[17\],16.8
u_auth_fsm.tx_payload\[62\],16.8
_10962_,16.78
_12837_,16.78
_14772_,16.78
_17967_,16.78
_09820_,16.76
_17137_,16.76
_09115_,16.74
_19370_,16.72
net2188,16.72
_06134_,16.7
_18118_,16.7
_19007_,16.7
u_auth_fsm.tx_payload\[106\],16.695
_03625_,16.685
_07575_,16.68
_09879_,16.68
_12833_,16.68
_13671_,16.68
u_auth_fsm.nonce_hist\[6\]\[69\],16.665
_11506_,16.66
_17267_,16.66
u_auth_fsm.secret_key\[42\],16.66
u_auth_fsm.tx_payload\[51\],16.66
_11567_,16.64
_18081_,16.64
_18721_,16.64
u_auth_fsm.nonce_hist\[5\]\[5\],16.64
fifo_nonce\[0\]\[85\],16.635
_18045_,16.62
fifo_nonce\[6\]\[122\],16.62
u_auth_fsm.nonce_hist\[3\]\[101\],16.62
u_cmd_parser.timeout_cnt\[1\],16.62
net1384,16.62
_05802_,16.6
_10442_,16.6
_11721_,16.6
_12539_,16.6
u_auth_fsm.nonce_hist\[6\]\[63\],16.6
u_auth_fsm.tx_payload\[48\],16.6
_11039_,16.58
fifo_nonce\[2\]\[116\],16.58
u_auth_fsm.nonce_hist\[7\]\[16\],16.58
_06795_,16.56
_18189_,16.56
fifo_nonce\[3\]\[18\],16.56
_19615_,16.54
_14121_,16.53
_13277_,16.52
fifo_nonce\[3\]\[73\],16.52
fifo_nonce\[6\]\[43\],16.51
_06745_,16.48
_07002_,16.48
_09487_,16.48
_13816_,16.48
_18635_,16.48
_19210_,16.48
fifo_nonce\[3\]\[20\],16.48
_07788_,16.465
_11287_,16.46
_10709_,16.44
_13289_,16.44
_13632_,16.44
fifo_nonce\[0\]\[4\],16.44
_09584_,16.42
_13570_,16.42
_18500_,16.42
_18872_,16.42
_10057_,16.4
_13834_,16.4
_17677_,16.4
net508,16.4
net1101,16.4
_05724_,16.38
fifo_nonce\[7\]\[63\],16.38
u_auth_fsm.aes_plaintext\[46\],16.38
_04962_,16.36
_09957_,16.36
_17470_,16.36
fifo_nonce\[3\]\[10\],16.36
fifo_nonce\[6\]\[69\],16.36
u_aes128.gen_key_sbox\[3\].sb_key.in\[5\],16.36
u_auth_fsm.aes_key\[108\],16.36
u_auth_fsm.nonce_hist\[6\]\[76\],16.36
_09441_,16.345
_13034_,16.345
_12226_,16.34
_18844_,16.34
_01414_,16.32
_05564_,16.32
_06541_,16.32
fifo_nonce\[5\]\[62\],16.32
net2241,16.32
clknet_leaf_417_clk,16.31
_04904_,16.3
_08560_,16.3
_10954_,16.3
_17438_,16.3
_18314_,16.3
_19429_,16.3
_19608_,16.3
fifo_nonce\[7\]\[119\],16.3
u_auth_fsm.nonce_hist\[6\]\[39\],16.3
_17634_,16.295
_16439_,16.28
fifo_nonce\[4\]\[112\],16.28
net1510,16.28
_03575_,16.26
_03578_,16.26
_12819_,16.26
_15202_,16.26
u_auth_fsm.nonce_hist\[6\]\[56\],16.26
u_auth_fsm.nonce_hist\[7\]\[25\],16.26
u_cmd_parser.nonce_reg\[8\],16.26
_09706_,16.24
_12359_,16.24
_12754_,16.24
fifo_nonce\[2\]\[42\],16.24
fifo_nonce\[3\]\[124\],16.24
u_auth_fsm.cooldown_cnt\[1\],16.24
net717,16.24
_07035_,16.22
_08773_,16.22
_09083_,16.22
_09873_,16.22
_09936_,16.22
_10201_,16.22
_11398_,16.22
_18989_,16.22
_19645_,16.22
u_auth_fsm.cur_nonce\[66\],16.22
net2184,16.22
_05456_,16.2
_07823_,16.2
_12902_,16.2
fifo_nonce\[5\]\[33\],16.2
_07601_,16.18
_08058_,16.18
_08077_,16.18
_14144_,16.18
fifo_nonce\[1\]\[11\],16.18
u_auth_fsm.nonce_hist\[3\]\[40\],16.17
_06092_,16.165
_07484_,16.16
_08532_,16.16
_13715_,16.16
u_cmd_parser.crc_reg\[10\],16.16
_18126_,16.15
_06552_,16.14
_10774_,16.14
_10874_,16.14
_18426_,16.14
fifo_nonce\[7\]\[25\],16.14
net1132,16.14
_04850_,16.12
_10994_,16.12
_11494_,16.12
u_auth_fsm.aes_key\[55\],16.12
_12883_,16.1
_18226_,16.1
fifo_nonce\[5\]\[7\],16.1
_11042_,16.085
_10121_,16.08
fifo_nonce\[1\]\[84\],16.06
u_auth_fsm.nonce_hist\[3\]\[64\],16.06
_06372_,16.04
_16771_,16.04
net876,16.04
_07056_,16.02
_13915_,16.02
_14639_,16.02
_18813_,16.02
u_auth_fsm.cur_nonce\[39\],16.02
u_auth_fsm.nonce_hist\[6\]\[66\],16.02
u_auth_fsm.tx_payload\[122\],16.02
net593,16.02
_18658_,16.005
_01179_,15.98
_05663_,15.98
_10949_,15.98
_12414_,15.98
_14481_,15.98
fifo_count\[2\],15.98
u_auth_fsm.nonce_hist\[3\]\[17\],15.98
u_auth_fsm.nonce_hist\[7\]\[121\],15.98
clknet_leaf_11_clk,15.98
net814,15.98
net861,15.98
_05140_,15.96
_10359_,15.96
_14598_,15.96
_18228_,15.96
_19201_,15.96
net2412,15.96
_12907_,15.94
_19670_,15.94
u_auth_fsm.nonce_hist\[4\]\[64\],15.94
u_auth_fsm.nonce_hist\[7\]\[56\],15.94
net1569,15.94
_07261_,15.92
u_auth_fsm.tx_payload\[27\],15.92
u_cmd_parser.nonce_reg\[40\],15.92
net1,15.92
net1879,15.92
_17928_,15.91
_08500_,15.88
u_auth_fsm.tx_payload\[56\],15.88
net2008,15.88
_10452_,15.865
_07494_,15.86
fifo_nonce\[7\]\[15\],15.86
u_aes128.ciphertext\[123\],15.86
u_auth_fsm.aes_plaintext\[66\],15.86
u_auth_fsm.nonce_hist\[2\]\[31\],15.86
u_auth_fsm.nonce_hist\[7\]\[122\],15.86
_08819_,15.85
_18820_,15.85
_06994_,15.84
_08780_,15.84
_13954_,15.84
_17723_,15.84
_18515_,15.84
net1755,15.84
_14069_,15.82
fifo_nonce\[2\]\[85\],15.82
net1356,15.82
_09175_,15.8
_14151_,15.8
net1827,15.8
_09267_,15.78
_15889_,15.78
fifo_nonce\[0\]\[29\],15.78
fifo_nonce\[1\]\[20\],15.78
net627,15.78
_06928_,15.765
_13065_,15.765
_05577_,15.76
_06677_,15.76
_12121_,15.76
_13203_,15.76
_16441_,15.76
fifo_nonce\[2\]\[46\],15.76
u_auth_fsm.aes_plaintext\[59\],15.76
net820,15.76
net2053,15.76
_03563_,15.74
_13157_,15.74
_17485_,15.74
u_cmd_parser.cmd_reg\[3\],15.74
_07422_,15.72
_08886_,15.72
_18142_,15.72
u_auth_fsm.nonce_hist\[1\]\[126\],15.72
_17844_,15.71
_03201_,15.68
_09141_,15.68
_10366_,15.68
_10993_,15.68
_11169_,15.68
_17643_,15.68
_18450_,15.68
net675,15.68
_05963_,15.66
_12073_,15.66
net2034,15.66
_09087_,15.655
_01724_,15.64
_03544_,15.64
_06023_,15.64
_06409_,15.64
_10198_,15.64
_18086_,15.64
_19428_,15.64
fifo_nonce\[0\]\[53\],15.64
fifo_nonce\[5\]\[40\],15.64
fifo_nonce\[6\]\[118\],15.64
u_cmd_parser.nonce_reg\[79\],15.64
net953,15.64
_17653_,15.635
_05640_,15.62
_06531_,15.62
_08821_,15.62
_17123_,15.62
u_aes128.round_key\[69\],15.62
u_auth_fsm.nonce_hist\[1\]\[75\],15.62
net1936,15.62
net2043,15.62
_06499_,15.6
_11306_,15.6
_13101_,15.6
_14172_,15.6
_19377_,15.6
fifo_nonce\[6\]\[68\],15.6
u_aes128.round_key\[108\],15.6
net2039,15.6
u_aes128.round_key\[40\],15.59
u_auth_fsm.nonce_hist\[5\]\[62\],15.57
fifo_nonce\[1\]\[45\],15.56
fifo_nonce\[1\]\[46\],15.56
fifo_nonce\[3\]\[80\],15.56
u_auth_fsm.aes_plaintext\[12\],15.56
u_cmd_parser.timeout_cnt\[9\],15.56
net492,15.56
net2366,15.56
_18679_,15.54
fifo_nonce\[2\]\[43\],15.54
_03556_,15.52
u_auth_fsm.aes_key\[51\],15.515
_01430_,15.5
_11969_,15.5
_12243_,15.5
_18599_,15.5
fifo_nonce\[1\]\[80\],15.5
net1593,15.5
net1845,15.5
_07640_,15.48
_09029_,15.48
_14418_,15.48
_16445_,15.48
fifo_nonce\[3\]\[35\],15.48
u_auth_fsm.cur_nonce\[42\],15.48
net1225,15.48
net1377,15.48
_01432_,15.46
_08815_,15.46
_10872_,15.46
_17613_,15.46
u_auth_fsm.cooldown_cnt\[7\],15.46
_16348_,15.44
_17310_,15.44
_19431_,15.44
_13503_,15.43
_01417_,15.42
_06619_,15.42
_07606_,15.42
_07927_,15.42
_19323_,15.42
u_auth_fsm.state\[0\],15.42
net1014,15.42
_13555_,15.4
_14076_,15.4
_14387_,15.4
locked_out_o,15.4
_06574_,15.38
u_auth_fsm.nonce_hist\[2\]\[86\],15.38
u_auth_fsm.nonce_hist\[4\]\[5\],15.38
_05471_,15.365
_12713_,15.36
_18329_,15.36
u_auth_fsm.aes_plaintext\[94\],15.36
_05823_,15.34
_13793_,15.34
_19699_,15.34
fifo_nonce\[5\]\[109\],15.34
u_auth_fsm.nonce_hist\[2\]\[127\],15.34
clknet_leaf_366_clk,15.34
net2098,15.34
_06477_,15.32
_18826_,15.32
_19306_,15.32
fifo_nonce\[3\]\[49\],15.32
u_auth_fsm.nonce_hist\[4\]\[13\],15.32
u_cmd_parser.nonce_reg\[102\],15.32
_17539_,15.315
_05860_,15.31
_18441_,15.305
_03545_,15.3
_11919_,15.3
_12710_,15.3
_03243_,15.28
_08731_,15.28
_10418_,15.28
_16452_,15.28
_19267_,15.28
_19651_,15.28
u_auth_fsm.secret_key\[43\],15.28
u_auth_fsm.nonce_hist\[4\]\[66\],15.275
u_auth_fsm.nonce_hist\[3\]\[15\],15.265
_07481_,15.26
_08012_,15.26
_08084_,15.26
_15795_,15.26
u_cmd_parser.nonce_reg\[39\],15.26
_17430_,15.245
_05522_,15.24
_11576_,15.24
fifo_nonce\[2\]\[111\],15.24
u_auth_fsm.aes_plaintext\[125\],15.24
u_auth_fsm.nonce_hist\[3\]\[73\],15.24
_08401_,15.22
_09162_,15.22
_11144_,15.22
_12309_,15.22
fifo_nonce\[5\]\[97\],15.22
u_auth_fsm.nonce_hist\[6\]\[97\],15.22
_14836_,15.205
_09260_,15.2
_17040_,15.2
_19328_,15.2
u_auth_fsm.nonce_hist\[6\]\[101\],15.195
_06953_,15.18
_07756_,15.18
_17429_,15.18
_17638_,15.18
_17876_,15.18
_03589_,15.17
_13209_,15.16
u_auth_fsm.nonce_hist\[6\]\[113\],15.16
u_uart_tx.clk_cnt\[11\],15.16
net2142,15.16
_04959_,15.14
_08403_,15.14
_11548_,15.14
_18234_,15.14
fifo_nonce\[2\]\[15\],15.14
fifo_nonce\[5\]\[107\],15.14
u_auth_fsm.nonce_hist\[6\]\[64\],15.14
_17874_,15.12
_12873_,15.11
_18995_,15.1
_19036_,15.1
fifo_nonce\[3\]\[24\],15.1
fifo_nonce\[3\]\[99\],15.1
u_auth_fsm.hdr_idx\[2\],15.1
u_auth_fsm.fail_cnt\[0\],15.08
_04853_,15.06
_12482_,15.06
_18702_,15.06
net729,15.06
_08887_,15.04
_12593_,15.04
_13414_,15.04
u_uart_rx.clk_cnt\[10\],15.04
_10084_,15.025
_06944_,15.02
_07083_,15.02
_07680_,15.02
_11536_,15.02
_12653_,15.02
_19595_,15.02
u_auth_fsm.nonce_hist\[5\]\[126\],15.02
_01395_,15
_03242_,15
_04985_,15
_05052_,15
_07477_,15
_08465_,15
_09705_,15
_14671_,15
_19450_,15
_17010_,14.985
_06152_,14.98
_09037_,14.98
_17935_,14.98
fifo_nonce\[2\]\[2\],14.98
u_auth_fsm.nonce_hist\[7\]\[82\],14.98
_04949_,14.96
_09949_,14.96
fifo_nonce\[3\]\[23\],14.96
u_auth_fsm.nonce_hist\[7\]\[107\],14.96
net1114,14.96
net2083,14.96
net2115,14.96
net2145,14.96
_03585_,14.94
_05635_,14.94
_09257_,14.94
_09951_,14.94
_14824_,14.94
u_auth_fsm.aes_key\[48\],14.94
net2166,14.94
_11891_,14.92
_13185_,14.92
_13396_,14.92
_17284_,14.92
_19126_,14.92
u_auth_fsm.nonce_hist\[2\]\[25\],14.92
fifo_nonce\[0\]\[28\],14.905
_19614_,14.9
fifo_nonce\[1\]\[62\],14.9
fifo_nonce\[5\]\[26\],14.9
_11958_,14.89
_05147_,14.88
_08351_,14.88
_09699_,14.88
_10914_,14.88
_11182_,14.88
fifo_nonce\[2\]\[105\],14.88
u_auth_fsm.aes_plaintext\[116\],14.88
u_auth_fsm.cooldown_cnt\[26\],14.88
u_auth_fsm.cur_nonce\[19\],14.88
u_auth_fsm.nonce_hist\[4\]\[87\],14.88
net1900,14.88
_05812_,14.86
_18107_,14.86
fifo_nonce\[0\]\[58\],14.86
fifo_nonce\[3\]\[7\],14.86
fifo_nonce\[4\]\[90\],14.86
fifo_nonce\[4\]\[92\],14.86
_11499_,14.85
_18285_,14.85
u_auth_fsm.nonce_hist\[1\]\[13\],14.84
net495,14.84
_06190_,14.82
_07985_,14.82
_08103_,14.82
_10860_,14.82
_11114_,14.82
fifo_nonce\[4\]\[44\],14.82
u_aes128.gen_state_sbox\[5\].sb_state.in\[5\],14.82
u_auth_fsm.nonce_hist\[4\]\[4\],14.82
net619,14.82
_03831_,14.8
_13459_,14.8
_19597_,14.8
net1940,14.8
_19573_,14.795
_01317_,14.785
_01381_,14.785
_11682_,14.78
_13897_,14.78
_19527_,14.78
fifo_nonce\[5\]\[39\],14.78
u_auth_fsm.nonce_hist\[1\]\[112\],14.78
_00921_,14.76
_06030_,14.76
_06894_,14.76
_10381_,14.76
_11095_,14.76
_12012_,14.76
_13341_,14.76
_19223_,14.76
net1524,14.76
net2102,14.76
fifo_type\[0\],14.74
u_auth_fsm.nonce_hist\[5\]\[72\],14.72
net426,14.72
net943,14.7
u_auth_fsm.nonce_hist\[7\]\[53\],14.685
_05679_,14.68
_12589_,14.68
_18737_,14.68
_19655_,14.68
u_cmd_parser.nonce_reg\[91\],14.68
_00463_,14.66
_09376_,14.66
u_auth_fsm.nonce_hist\[6\]\[14\],14.66
_12178_,14.645
_04050_,14.64
_13844_,14.64
_17385_,14.64
fifo_nonce\[5\]\[115\],14.64
net2071,14.64
_06414_,14.62
_07508_,14.62
fifo_nonce\[3\]\[38\],14.62
u_auth_fsm.cur_nonce\[89\],14.62
net2189,14.62
_13567_,14.605
_10159_,14.6
u_cmd_parser.nonce_reg\[76\],14.6
net1549,14.6
u_auth_fsm.nonce_hist\[7\]\[24\],14.595
_08116_,14.58
_12106_,14.58
_13576_,14.58
_17812_,14.58
_18687_,14.58
u_auth_fsm.aes_plaintext\[98\],14.58
_18021_,14.575
_08614_,14.56
fifo_nonce\[1\]\[40\],14.56
fifo_nonce\[2\]\[86\],14.56
fifo_nonce\[5\]\[119\],14.56
_18860_,14.55
net552,14.54
_07739_,14.52
_09279_,14.52
_16897_,14.52
_18305_,14.52
fifo_nonce\[5\]\[6\],14.52
_17729_,14.515
_16934_,14.5
fifo_nonce\[4\]\[94\],14.5
u_auth_fsm.hist_wr_ptr\[0\],14.5
u_auth_fsm.nonce_hist\[3\]\[69\],14.495
u_auth_fsm.nonce_hist\[2\]\[0\],14.485
_05706_,14.48
_09120_,14.48
_14209_,14.48
fifo_nonce\[6\]\[4\],14.48
u_aes128.ciphertext\[121\],14.48
u_auth_fsm.nonce_hist\[3\]\[32\],14.48
u_cmd_parser.crc_hi_reg\[6\],14.48
net2105,14.48
_06481_,14.46
_07633_,14.46
_08007_,14.46
_08085_,14.46
_10003_,14.46
_10733_,14.46
_13321_,14.46
_14341_,14.46
_18470_,14.46
fifo_nonce\[2\]\[84\],14.46
u_auth_fsm.nonce_hist\[7\]\[0\],14.46
net1910,14.46
net2057,14.46
fifo_nonce\[2\]\[102\],14.44
u_aes128.round_key\[73\],14.44
net2125,14.44
_17621_,14.435
_07665_,14.42
_09154_,14.42
_10191_,14.42
_11194_,14.42
_11824_,14.42
_19142_,14.42
net2291,14.42
_04742_,14.4
_14185_,14.4
fifo_nonce\[5\]\[46\],14.4
u_auth_fsm.hist_wr_ptr\[2\],14.4
_12617_,14.38
_13581_,14.38
_19019_,14.38
_06133_,14.36
_19367_,14.36
_06293_,14.355
_05952_,14.34
_08789_,14.34
_12880_,14.34
_17736_,14.34
_19279_,14.34
_19308_,14.34
u_aes128.ciphertext\[52\],14.34
_09215_,14.32
fifo_nonce\[2\]\[11\],14.32
_07013_,14.3
u_auth_fsm.nonce_hist\[2\]\[63\],14.29
u_uart_tx.tx_data\[2\],14.27
_01159_,14.26
_08883_,14.26
_10425_,14.26
_13159_,14.26
_14486_,14.26
_17571_,14.26
fifo_nonce\[1\]\[5\],14.26
_14501_,14.255
_19506_,14.24
net546,14.24
_04980_,14.22
_09542_,14.22
_18402_,14.22
_19618_,14.22
net2140,14.22
_17254_,14.2
fifo_nonce\[6\]\[29\],14.2
net476,14.2
net1832,14.2
net2253,14.2
_12759_,14.18
_17187_,14.18
_19619_,14.18
fifo_nonce\[3\]\[123\],14.18
u_auth_fsm.aes_key\[21\],14.18
u_auth_fsm.nonce_hist\[5\]\[39\],14.18
_09144_,14.165
_03818_,14.16
_17853_,14.16
_06473_,14.14
_08238_,14.14
_10340_,14.14
_13273_,14.14
_13904_,14.14
_13979_,14.14
u_auth_fsm.secret_key\[103\],14.14
fifo_nonce\[1\]\[64\],14.13
_05916_,14.12
_07495_,14.12
_10845_,14.12
fifo_nonce\[7\]\[101\],14.12
_13462_,14.115
fifo_nonce\[3\]\[61\],14.105
_17863_,14.1
fifo_nonce\[5\]\[42\],14.1
u_auth_fsm.nonce_hist\[6\]\[109\],14.1
_03852_,14.08
_05691_,14.08
_13327_,14.08
fifo_nonce\[6\]\[91\],14.08
net791,14.08
_00770_,14.065
_13323_,14.06
_17097_,14.06
_19482_,14.06
net2513,14.06
net2514,14.06
_03633_,14.04
_08396_,14.04
_09186_,14.04
_10378_,14.04
_10490_,14.04
net522,14.04
_14788_,14.035
u_auth_fsm.nonce_hist\[6\]\[81\],14.035
_08227_,14.02
_08728_,14.02
_11168_,14.02
_17252_,14.02
_17742_,14.02
_18617_,14.02
fifo_nonce\[2\]\[26\],14.02
net2014,14.02
_05810_,14
_07695_,14
_07941_,14
_10939_,14
_16847_,14
_17356_,14
_19433_,14
_19535_,14
u_auth_fsm.tx_payload\[90\],14
net1295,14
_06966_,13.98
_08323_,13.98
_08663_,13.98
_09877_,13.98
_18249_,13.98
_18345_,13.98
fifo_nonce\[0\]\[26\],13.98
net2096,13.98
_06189_,13.96
_09891_,13.96
_09938_,13.96
_09977_,13.96
_10278_,13.96
_18782_,13.96
u_auth_fsm.cur_nonce\[22\],13.96
u_auth_fsm.nonce_hist\[6\]\[68\],13.96
net606,13.96
net848,13.96
net1834,13.96
_05206_,13.94
_09983_,13.94
net638,13.94
net2133,13.94
_05562_,13.92
_13238_,13.92
_14736_,13.905
_09553_,13.9
_18759_,13.9
fifo_nonce\[3\]\[67\],13.9
net762,13.9
_11540_,13.88
_11588_,13.88
_12320_,13.88
_13656_,13.88
_14838_,13.88
_18150_,13.88
_18492_,13.88
_19648_,13.88
net2143,13.88
net2144,13.88
fifo_nonce\[5\]\[75\],13.865
_12066_,13.86
_15756_,13.86
fifo_nonce\[7\]\[3\],13.86
_07669_,13.84
_10902_,13.84
_11319_,13.84
_19066_,13.84
fifo_nonce\[0\]\[50\],13.84
fifo_nonce\[3\]\[51\],13.84
_17188_,13.835
_04107_,13.82
_17937_,13.82
net735,13.82
net2171,13.82
_13054_,13.805
_11404_,13.8
net2063,13.8
_15674_,13.78
_17335_,13.78
_17563_,13.78
u_auth_fsm.nonce_hist\[1\]\[20\],13.78
_08615_,13.76
_08784_,13.76
_08851_,13.76
_09816_,13.76
fifo_nonce\[5\]\[41\],13.76
u_auth_fsm.tx_payload\[99\],13.76
u_auth_fsm.nonce_hist\[4\]\[22\],13.74
net1347,13.74
net1690,13.74
net2076,13.74
_11789_,13.73
_01909_,13.725
_04074_,13.72
_11162_,13.72
_11430_,13.72
_17835_,13.72
fifo_nonce\[1\]\[81\],13.72
fifo_nonce\[3\]\[19\],13.72
fifo_nonce\[3\]\[53\],13.72
fifo_nonce\[4\]\[1\],13.72
u_auth_fsm.secret_key\[49\],13.72
net1509,13.72
_01893_,13.705
_03839_,13.7
_14917_,13.7
_19698_,13.7
_06729_,13.68
_12003_,13.68
_12941_,13.68
net2190,13.68
_07509_,13.66
_08166_,13.66
_13522_,13.66
_18570_,13.66
_19025_,13.66
_19169_,13.66
u_aes128.round_key\[33\],13.66
net954,13.66
_00892_,13.655
u_auth_fsm.nonce_hist\[6\]\[8\],13.65
_04916_,13.64
_05825_,13.64
_07571_,13.64
_07942_,13.64
_09932_,13.64
_12864_,13.64
fifo_nonce\[5\]\[25\],13.64
fifo_nonce\[6\]\[116\],13.64
u_aes128.round_key\[78\],13.64
u_auth_fsm.nonce_hist\[1\]\[40\],13.64
_11580_,13.62
_15422_,13.62
net2169,13.62
_19566_,13.6
u_auth_fsm.aes_plaintext\[17\],13.6
u_auth_fsm.nonce_hist\[3\]\[39\],13.6
u_auth_fsm.nonce_hist\[7\]\[70\],13.6
_10395_,13.585
_07637_,13.58
_08448_,13.58
_13606_,13.58
_13670_,13.58
fifo_nonce\[1\]\[17\],13.58
fifo_nonce\[5\]\[100\],13.58
fifo_nonce\[7\]\[66\],13.58
u_auth_fsm.tx_payload\[76\],13.58
_07933_,13.56
_14139_,13.56
_14420_,13.56
_15221_,13.56
u_auth_fsm.nonce_hist\[5\]\[73\],13.56
net684,13.56
net1468,13.56
_04254_,13.54
_04956_,13.54
_06098_,13.54
_06564_,13.54
_08144_,13.54
_10819_,13.54
_13254_,13.54
u_cmd_parser.cmd_reg\[5\],13.54
net2113,13.54
net2134,13.54
_04443_,13.52
_18227_,13.52
_04288_,13.5
_08293_,13.5
_10826_,13.5
_14304_,13.5
_16475_,13.5
_18594_,13.5
_19076_,13.5
_19133_,13.5
u_auth_fsm.aes_plaintext\[50\],13.5
u_cmd_parser.nonce_reg\[1\],13.5
net1775,13.5
net2117,13.5
net2482,13.5
_15740_,13.48
_16159_,13.48
_17703_,13.48
u_auth_fsm.nonce_hist\[3\]\[25\],13.48
_17845_,13.475
_05325_,13.46
_09970_,13.46
fifo_nonce\[5\]\[118\],13.46
u_cmd_parser.state\[2\],13.46
_04833_,13.44
_04864_,13.44
_06819_,13.44
_06899_,13.44
_07001_,13.44
_17815_,13.44
fifo_nonce\[4\]\[7\],13.44
u_cmd_parser.crc_reg\[13\],13.44
_11303_,13.43
_05942_,13.42
_06107_,13.42
_07352_,13.42
_10009_,13.42
_11052_,13.42
_12108_,13.42
_13669_,13.42
_17549_,13.42
_18241_,13.42
_19475_,13.42
u_cmd_parser.payload_count\[2\],13.42
_09813_,13.4
_19027_,13.4
_04925_,13.38
_07619_,13.38
_07992_,13.38
_09707_,13.38
_10848_,13.38
_14731_,13.38
_19579_,13.38
fifo_nonce\[7\]\[17\],13.38
u_auth_fsm.nonce_hist\[2\]\[124\],13.38
u_auth_fsm.tx_payload\[113\],13.38
net1116,13.38
_07289_,13.365
_08582_,13.36
u_auth_fsm.tx_payload\[66\],13.36
_17177_,13.355
_14777_,13.34
_17353_,13.34
u_cmd_parser.timeout_cnt\[17\],13.34
net2074,13.34
_06209_,13.32
u_auth_fsm.cooldown_cnt\[24\],13.32
net2089,13.32
net2451,13.32
net1269,13.315
_01184_,13.3
_05609_,13.3
_10005_,13.3
_13067_,13.3
_13943_,13.3
_18771_,13.3
fifo_nonce\[3\]\[63\],13.3
fifo_nonce\[7\]\[118\],13.3
u_aes128.gen_key_sbox\[3\].sb_key.in\[3\],13.3
u_aes128.round_key\[87\],13.3
u_auth_fsm.nonce_hist\[7\]\[39\],13.3
u_auth_fsm.secret_key\[65\],13.3
u_cmd_parser.nonce_reg\[4\],13.3
net2355,13.3
u_auth_fsm.tx_payload\[8\],13.285
_07525_,13.28
_10814_,13.28
fifo_nonce\[3\]\[74\],13.28
fifo_nonce\[3\]\[76\],13.28
u_auth_fsm.tx_payload\[69\],13.28
net1015,13.28
_10427_,13.27
_04701_,13.26
_16527_,13.26
_18348_,13.26
_19341_,13.26
u_auth_fsm.aes_key\[50\],13.26
u_auth_fsm.nonce_hist\[5\]\[112\],13.26
u_auth_fsm.tx_header\[16\],13.26
net1623,13.26
_12821_,13.255
_06980_,13.245
_02767_,13.24
u_auth_fsm.nonce_hist\[1\]\[33\],13.24
_18055_,13.225
_01438_,13.22
_06188_,13.22
_11258_,13.22
_13119_,13.22
_18476_,13.22
u_auth_fsm.aes_key\[119\],13.22
net1068,13.22
net2360,13.22
_13163_,13.21
_01612_,13.2
_06891_,13.2
_11029_,13.2
_11669_,13.2
_17012_,13.2
_17959_,13.2
_19357_,13.2
u_auth_fsm.nonce_hist\[1\]\[32\],13.2
_09616_,13.195
_08506_,13.18
_17556_,13.18
_19488_,13.18
fifo_nonce\[2\]\[36\],13.18
fifo_nonce\[4\]\[120\],13.18
fifo_nonce\[6\]\[42\],13.18
net1355,13.18
_09623_,13.17
net744,13.165
_03361_,13.16
_05989_,13.16
_15892_,13.16
fifo_nonce\[2\]\[108\],13.16
net2471,13.16
_02987_,13.14
_07455_,13.14
_17776_,13.14
_19600_,13.14
fifo_nonce\[6\]\[83\],13.14
_10976_,13.135
_19401_,13.12
fifo_nonce\[2\]\[51\],13.12
u_auth_fsm.cur_nonce\[76\],13.12
net1021,13.12
_02752_,13.105
_05828_,13.1
_09717_,13.1
_17108_,13.1
u_auth_fsm.secret_key\[54\],13.1
_08685_,13.085
_01598_,13.08
_04537_,13.08
_07971_,13.08
_13288_,13.08
_15408_,13.08
_16428_,13.08
_18929_,13.08
_19155_,13.08
fifo_nonce\[2\]\[23\],13.08
net542,13.08
net1807,13.08
net1906,13.08
_01112_,13.065
_14409_,13.06
_14753_,13.06
_01330_,13.04
_08120_,13.04
_09660_,13.04
_10636_,13.04
_14567_,13.04
_14812_,13.04
fifo_nonce\[1\]\[37\],13.04
fifo_nonce\[3\]\[79\],13.04
u_auth_fsm.cur_nonce\[4\],13.04
_03594_,13.02
_13529_,13.02
_15340_,13.02
_17179_,13.02
_07224_,13.015
_03257_,13
_04087_,13
_05623_,13
_10784_,13
_14530_,13
_17423_,13
_17555_,13
_18306_,13
net423,13
net822,13
_03555_,12.98
_06544_,12.98
_07030_,12.98
_08702_,12.98
_10833_,12.98
_19474_,12.98
fifo_nonce\[4\]\[50\],12.98
net623,12.98
_05946_,12.96
_11089_,12.96
_12259_,12.96
_12900_,12.96
_13582_,12.96
_13728_,12.96
_15945_,12.96
_16545_,12.96
_17160_,12.96
_17164_,12.96
_17593_,12.96
_18936_,12.96
kdf_state\[1\],12.96
net2025,12.96
_11834_,12.95
_07417_,12.94
_09643_,12.94
_10846_,12.94
_14653_,12.94
_19692_,12.94
net780,12.94
_07073_,12.925
_05876_,12.92
_07620_,12.92
_11276_,12.92
_12552_,12.92
_17768_,12.92
_18183_,12.92
fifo_nonce\[1\]\[28\],12.92
fifo_nonce\[2\]\[8\],12.92
fifo_nonce\[6\]\[30\],12.92
u_aes128.round_key\[63\],12.92
u_auth_fsm.fail_cnt\[2\],12.92
net1382,12.92
_02096_,12.9
_03822_,12.9
_14118_,12.9
_01719_,12.88
_05560_,12.88
_11865_,12.88
_17224_,12.88
_17590_,12.88
u_auth_fsm.tx_payload\[21\],12.88
u_cmd_parser.timeout_cnt\[14\],12.88
u_cmd_parser.timeout_cnt\[5\],12.88
net464,12.88
_12214_,12.865
_09214_,12.86
_15947_,12.86
_18042_,12.86
net671,12.86
net924,12.86
net942,12.86
net2175,12.86
_11677_,12.845
_05139_,12.84
_13773_,12.84
_13837_,12.84
_14207_,12.84
_17783_,12.84
u_auth_fsm.tx_payload\[94\],12.84
u_uart_tx.tx_data\[4\],12.84
net2177,12.84
_09097_,12.825
_17952_,12.825
_05895_,12.82
_10896_,12.82
_13723_,12.82
_19097_,12.82
fifo_nonce\[1\]\[119\],12.82
fifo_nonce\[1\]\[44\],12.82
net2054,12.82
_09362_,12.81
_05216_,12.8
_05335_,12.8
_05976_,12.8
_08481_,12.8
_09680_,12.8
_14086_,12.8
fifo_nonce\[6\]\[72\],12.8
u_aes128.round_key\[67\],12.8
u_auth_fsm.aes_key\[125\],12.8
u_auth_fsm.nonce_hist\[6\]\[42\],12.8
_06425_,12.79
_10797_,12.785
_03844_,12.78
_09870_,12.78
_12913_,12.78
fifo_nonce\[3\]\[5\],12.78
u_cmd_parser.cmd_get_id,12.78
net2037,12.78
_06454_,12.76
_08466_,12.76
_13527_,12.76
fifo_nonce\[1\]\[123\],12.76
fifo_nonce\[1\]\[51\],12.76
fifo_nonce\[2\]\[41\],12.76
u_auth_fsm.aes_plaintext\[113\],12.76
u_auth_fsm.nonce_hist\[7\]\[98\],12.76
net1727,12.76
_17900_,12.75
_06331_,12.745
_09675_,12.745
_01383_,12.74
_02340_,12.74
_03623_,12.74
_06145_,12.74
_13255_,12.74
_17504_,12.74
_17505_,12.74
fifo_nonce\[4\]\[16\],12.74
net1125,12.74
_17495_,12.73
_02677_,12.72
_06838_,12.72
_11771_,12.72
_18739_,12.72
fifo_nonce\[1\]\[105\],12.72
u_auth_fsm.nonce_hist\[3\]\[93\],12.72
u_auth_fsm.nonce_hist\[7\]\[13\],12.72
u_cmd_parser.nonce_reg\[111\],12.72
net2247,12.72
_06654_,12.7
_10052_,12.7
_11792_,12.7
_17406_,12.7
_18310_,12.7
_19711_,12.7
fifo_nonce\[0\]\[2\],12.7
u_auth_fsm.secret_key\[2\],12.7
uart_rx_i,12.7
net795,12.7
_04936_,12.68
_09792_,12.68
_17902_,12.68
u_aes128.round_key\[62\],12.68
u_auth_fsm.cur_nonce\[93\],12.68
u_auth_fsm.tx_payload\[58\],12.68
_04608_,12.66
_09269_,12.66
_12462_,12.66
_17727_,12.66
u_auth_fsm.aes_plaintext\[99\],12.66
_05304_,12.64
_06956_,12.64
_14694_,12.64
fifo_nonce\[2\]\[119\],12.64
fifo_nonce\[5\]\[79\],12.64
u_auth_fsm.cur_nonce\[48\],12.64
_07049_,12.62
_07711_,12.62
_07957_,12.62
_09776_,12.62
_11650_,12.62
_16357_,12.62
_17218_,12.62
_17250_,12.62
_17487_,12.62
_17954_,12.62
_18158_,12.62
_19634_,12.62
fifo_nonce\[2\]\[19\],12.62
u_auth_fsm.nonce_hist\[7\]\[66\],12.62
net971,12.62
net2334,12.62
_07499_,12.6
_10473_,12.6
_11123_,12.6
_12387_,12.6
_14367_,12.6
_16967_,12.6
_17833_,12.6
net535,12.6
net1804,12.6
_06262_,12.58
_09684_,12.58
_10567_,12.58
_10649_,12.58
_10805_,12.58
_12871_,12.58
_19427_,12.58
fifo_nonce\[2\]\[40\],12.58
fifo_nonce\[3\]\[62\],12.58
fifo_nonce\[6\]\[84\],12.58
fifo_nonce\[6\]\[94\],12.58
u_aes128.gen_state_sbox\[1\].sb_state.in\[6\],12.58
u_auth_fsm.cur_nonce\[2\],12.58
u_auth_fsm.cur_nonce\[34\],12.58
net1935,12.58
net2024,12.58
net2101,12.58
net2110,12.58
_12722_,12.57
_03679_,12.56
_04870_,12.56
_19432_,12.56
u_auth_fsm.tx_payload\[44\],12.56
net1961,12.56
_18141_,12.555
_18616_,12.545
net460,12.545
_00841_,12.54
_04339_,12.54
_05827_,12.54
_07784_,12.54
_11016_,12.54
_15959_,12.54
_18753_,12.54
_01454_,12.52
_07108_,12.52
_08392_,12.52
_14191_,12.52
_16381_,12.52
_01817_,12.5
_03614_,12.5
_11689_,12.5
_12898_,12.5
_14879_,12.5
_16912_,12.5
_17232_,12.5
fifo_nonce\[1\]\[3\],12.5
fifo_nonce\[6\]\[126\],12.5
net573,12.5
net2449,12.5
_09111_,12.48
_10286_,12.48
_12721_,12.48
net935,12.48
_13515_,12.47
_12164_,12.46
fifo_nonce\[1\]\[70\],12.46
u_auth_fsm.cur_nonce\[104\],12.46
net2425,12.46
_06010_,12.455
_14832_,12.45
_04899_,12.44
_06184_,12.44
_11173_,12.44
_17728_,12.44
fifo_nonce\[3\]\[65\],12.44
u_auth_fsm.nonce_hist\[4\]\[62\],12.44
net853,12.44
net879,12.44
_03843_,12.42
_05727_,12.42
_11288_,12.42
net1505,12.42
fifo_nonce\[6\]\[11\],12.415
_02103_,12.4
_17701_,12.4
u_auth_fsm.tx_payload\[40\],12.4
net473,12.4
net1902,12.4
net2148,12.4
_07952_,12.39
_08567_,12.39
_05805_,12.38
_07593_,12.38
_08888_,12.38
_09808_,12.38
_14247_,12.38
fifo_nonce\[5\]\[50\],12.38
net2313,12.38
_07414_,12.365
_05495_,12.36
_09722_,12.36
_10022_,12.36
_14155_,12.36
_19001_,12.36
_19269_,12.36
fifo_nonce\[1\]\[19\],12.36
net1413,12.36
net1717,12.36
_18261_,12.35
fifo_nonce\[3\]\[75\],12.345
_04019_,12.34
_13843_,12.34
_16105_,12.34
_17222_,12.34
u_aes128.round_key\[56\],12.34
u_auth_fsm.cur_nonce\[72\],12.34
u_auth_fsm.nonce_hist\[5\]\[65\],12.34
_06242_,12.32
fifo_nonce\[4\]\[49\],12.32
net558,12.32
_01445_,12.3
_03568_,12.3
_06317_,12.3
_06554_,12.3
_07503_,12.3
_09745_,12.3
_10844_,12.3
_13802_,12.3
_16643_,12.3
_19219_,12.3
fifo_nonce\[1\]\[23\],12.3
fifo_nonce\[6\]\[120\],12.3
net633,12.3
_11053_,12.285
_13275_,12.285
_04266_,12.28
_04719_,12.28
_07829_,12.28
_11210_,12.28
_13721_,12.28
_14579_,12.28
_16448_,12.28
_16570_,12.28
_18887_,12.28
_19342_,12.28
fifo_nonce\[3\]\[9\],12.28
u_auth_fsm.tx_payload\[35\],12.28
net577,12.28
net1785,12.28
net1912,12.28
_13678_,12.27
_05295_,12.26
_11058_,12.26
_13737_,12.26
_14528_,12.26
_17102_,12.26
u_auth_fsm.cur_nonce\[69\],12.26
u_auth_fsm.secret_key\[83\],12.26
_16893_,12.25
_03816_,12.24
_04060_,12.24
_11975_,12.24
_12633_,12.24
_13674_,12.24
_14637_,12.24
_18064_,12.24
_18068_,12.24
_18427_,12.24
fifo_nonce\[4\]\[78\],12.24
_01347_,12.22
_11879_,12.22
_14573_,12.22
fifo_nonce\[7\]\[46\],12.22
u_auth_fsm.aes_plaintext\[49\],12.22
u_auth_fsm.nonce_hist\[0\]\[116\],12.22
u_auth_fsm.nonce_hist\[6\]\[121\],12.22
u_auth_fsm.tx_payload\[9\],12.205
_07569_,12.2
_18037_,12.2
_19695_,12.2
fifo_nonce\[4\]\[74\],12.2
u_auth_fsm.cur_nonce\[16\],12.2
_00959_,12.185
_00219_,12.18
_05015_,12.18
_09067_,12.18
_10461_,12.18
_12209_,12.18
_12544_,12.18
u_cmd_parser.nonce_reg\[71\],12.18
net700,12.18
_07233_,12.165
_03896_,12.16
_04655_,12.16
_06432_,12.16
_06967_,12.16
_08913_,12.16
_11671_,12.16
_12675_,12.16
_13139_,12.16
_13170_,12.16
_13351_,12.16
_13547_,12.16
_13829_,12.16
_16579_,12.16
fifo_nonce\[1\]\[93\],12.16
net2204,12.16
net2295,12.16
net2403,12.16
_07883_,12.15
_05186_,12.14
_08741_,12.14
_10020_,12.14
_10266_,12.14
_11785_,12.14
_12447_,12.14
_17492_,12.14
_19539_,12.14
fifo_nonce\[0\]\[18\],12.14
fifo_nonce\[3\]\[88\],12.14
fifo_nonce\[5\]\[53\],12.14
u_auth_fsm.nonce_hist\[4\]\[75\],12.14
u_auth_fsm.nonce_hist\[6\]\[13\],12.14
net1821,12.14
_04725_,12.12
_09440_,12.12
_13076_,12.12
_14094_,12.12
_16504_,12.12
_16752_,12.12
_17285_,12.12
_18750_,12.12
fifo_nonce\[0\]\[31\],12.12
fifo_nonce\[3\]\[113\],12.12
fifo_nonce\[5\]\[9\],12.12
fifo_nonce\[6\]\[39\],12.12
fifo_nonce\[7\]\[8\],12.12
u_auth_fsm.tx_payload\[88\],12.12
net737,12.12
net1516,12.12
net1744,12.12
net2003,12.12
_11106_,12.11
_04738_,12.1
_10623_,12.1
_15618_,12.1
fifo_nonce\[5\]\[83\],12.1
u_aes128.round_key\[98\],12.1
u_uart_tx.tx_data\[6\],12.09
_01367_,12.08
_03600_,12.08
_04607_,12.08
_04951_,12.08
_09190_,12.08
_14851_,12.08
fifo_nonce\[2\]\[121\],12.08
fifo_nonce\[5\]\[73\],12.08
fifo_nonce\[7\]\[90\],12.08
u_auth_fsm.tx_payload\[45\],12.08
u_cmd_parser.payload_count\[1\],12.08
_09859_,12.06
_14657_,12.06
_17602_,12.06
fifo_nonce\[4\]\[114\],12.06
fifo_nonce\[4\]\[93\],12.06
net812,12.06
_01355_,12.04
_06623_,12.04
_06808_,12.04
_06816_,12.04
_09203_,12.04
_11496_,12.04
_11959_,12.04
_11987_,12.04
_14004_,12.04
_14388_,12.04
_14523_,12.04
_17136_,12.04
_17313_,12.04
_17538_,12.04
_17708_,12.04
_18624_,12.04
fifo_nonce\[7\]\[93\],12.04
u_auth_fsm.cooldown_cnt\[14\],12.04
net651,12.04
net2390,12.04
_17661_,12.03
_03550_,12.025
_01244_,12.02
_09306_,12.02
_15593_,12.02
_19657_,12.02
u_auth_fsm.cooldown_cnt\[15\],12.02
net1774,12.02
_07076_,12.015
u_auth_fsm.nonce_hist\[2\]\[125\],12.005
_08450_,12
fifo_nonce\[1\]\[103\],12
fifo_nonce\[6\]\[117\],12
u_auth_fsm.aes_plaintext\[55\],12
u_auth_fsm.aes_plaintext\[81\],12
u_auth_fsm.cooldown_cnt\[16\],12
net1781,12
net2001,12
net2015,12
_17205_,11.995
_08794_,11.98
_11032_,11.98
_19266_,11.98
fifo_nonce\[2\]\[14\],11.98
net474,11.98
net1519,11.98
net2231,11.98
u_auth_fsm.nonce_hist\[2\]\[69\],11.975
_08748_,11.96
_14170_,11.96
_14717_,11.96
_17246_,11.96
_17345_,11.96
_17477_,11.96
net2109,11.96
_17027_,11.95
_01354_,11.94
_03272_,11.94
_03426_,11.94
_09297_,11.94
_10586_,11.94
_13661_,11.94
_15257_,11.94
_16874_,11.94
_17217_,11.94
_19207_,11.94
_19272_,11.94
u_auth_fsm.nonce_hist\[0\]\[62\],11.94
net452,11.94
_10056_,11.93
_06560_,11.92
_08661_,11.92
_11330_,11.92
_19524_,11.92
fifo_nonce\[0\]\[22\],11.92
fifo_nonce\[7\]\[122\],11.92
u_auth_fsm.aes_plaintext\[80\],11.92
u_auth_fsm.nonce_hist\[1\]\[31\],11.92
_10858_,11.915
_02960_,11.9
_10515_,11.9
_18032_,11.9
_19444_,11.9
net1460,11.9
net1769,11.9
_06044_,11.88
_11323_,11.88
_14210_,11.88
_14214_,11.88
_18577_,11.88
fifo_nonce\[2\]\[4\],11.88
u_aes128.round_key\[46\],11.88
u_auth_fsm.aes_plaintext\[86\],11.88
u_cmd_parser.rx_byte\[3\],11.88
_07290_,11.875
_15555_,11.86
fifo_nonce\[2\]\[38\],11.86
fifo_nonce\[2\]\[70\],11.86
u_aes128.round_key\[80\],11.86
_10786_,11.84
_11364_,11.84
_17330_,11.84
_17668_,11.84
u_auth_fsm.cur_nonce\[45\],11.84
u_auth_fsm.secret_key\[87\],11.84
net708,11.84
net716,11.84
net775,11.84
net827,11.84
_14891_,11.83
_17162_,11.83
_02166_,11.82
_04135_,11.82
_06577_,11.82
_07995_,11.82
_08898_,11.82
_10746_,11.82
_10930_,11.82
_14365_,11.82
_18108_,11.82
_18531_,11.82
fifo_nonce\[6\]\[71\],11.82
u_auth_fsm.cooldown_cnt\[5\],11.82
u_auth_fsm.cur_nonce\[60\],11.82
net782,11.82
net1806,11.82
net2222,11.82
_05696_,11.805
_02679_,11.8
_06942_,11.8
_16956_,11.8
_18834_,11.8
_19144_,11.8
fifo_nonce\[2\]\[12\],11.8
fifo_nonce\[2\]\[16\],11.8
fifo_nonce\[3\]\[98\],11.8
fifo_nonce\[5\]\[4\],11.8
u_auth_fsm.nonce_hist\[6\]\[86\],11.8
_04828_,11.78
_12523_,11.78
_12809_,11.78
_13270_,11.78
_17627_,11.78
fifo_nonce\[7\]\[11\],11.78
rst_n,11.78
u_aes128.gen_state_sbox\[12\].sb_state.in\[4\],11.78
u_auth_fsm.nonce_hist\[4\]\[63\],11.78
u_auth_fsm.secret_key\[38\],11.78
net511,11.78
net856,11.78
net1102,11.78
_08740_,11.76
_12273_,11.76
_13129_,11.76
fifo_nonce\[5\]\[103\],11.76
u_auth_fsm.nonce_hist\[7\]\[61\],11.76
net1168,11.76
net1169,11.76
_05550_,11.755
_11171_,11.745
_12006_,11.74
_12391_,11.74
_13455_,11.74
u_auth_fsm.aes_plaintext\[110\],11.74
_06871_,11.72
_06902_,11.72
_07395_,11.72
_08687_,11.72
_08689_,11.72
_08972_,11.72
_09600_,11.72
_11227_,11.72
_11549_,11.72
_12881_,11.72
_19208_,11.72
_19667_,11.72
fifo_nonce\[5\]\[66\],11.72
fifo_nonce\[5\]\[67\],11.72
net697,11.72
net818,11.72
_01590_,11.705
_01592_,11.705
_13181_,11.705
_02642_,11.7
_03953_,11.7
_06172_,11.7
_07285_,11.7
_07553_,11.7
_07643_,11.7
_11674_,11.7
_12527_,11.7
_14397_,11.7
_15535_,11.7
_15967_,11.7
_16449_,11.7
_18388_,11.7
fifo_nonce\[7\]\[127\],11.7
net703,11.7
net1083,11.7
net1615,11.7
net2318,11.7
fifo_nonce\[3\]\[71\],11.68
u_auth_fsm.aes_plaintext\[88\],11.68
_18789_,11.67
_04047_,11.66
_07153_,11.66
_12501_,11.66
_18949_,11.66
u_aes128.gen_state_sbox\[7\].sb_state.in\[1\],11.66
u_aes128.round_key\[121\],11.66
u_auth_fsm.cur_nonce\[113\],11.66
net2016,11.66
net2073,11.66
_05292_,11.64
_09480_,11.64
_15868_,11.64
_19526_,11.64
fifo_nonce\[3\]\[55\],11.64
fifo_nonce\[4\]\[55\],11.64
fifo_nonce\[5\]\[101\],11.64
u_auth_fsm.nonce_hist\[2\]\[82\],11.64
u_auth_fsm.nonce_hist\[7\]\[110\],11.64
u_auth_fsm.secret_key\[118\],11.64
net929,11.64
u_auth_fsm.nonce_hist\[3\]\[125\],11.635
_11618_,11.63
_04232_,11.62
_04584_,11.62
_05637_,11.62
_05692_,11.62
_06914_,11.62
_14975_,11.62
_16070_,11.62
_17149_,11.62
_17474_,11.62
_18414_,11.62
fifo_nonce\[6\]\[67\],11.62
u_auth_fsm.nonce_hist\[1\]\[9\],11.62
u_auth_fsm.nonce_hist\[6\]\[110\],11.62
_03559_,11.6
_10086_,11.6
_11223_,11.6
_11447_,11.6
_13180_,11.6
net1805,11.6
net1966,11.6
net2293,11.6
u_auth_fsm.nonce_hist\[3\]\[29\],11.585
_04794_,11.58
_09259_,11.58
_15345_,11.58
_16294_,11.58
_17396_,11.58
_18666_,11.58
_19193_,11.58
_19581_,11.58
fifo_nonce\[1\]\[55\],11.58
fifo_nonce\[2\]\[87\],11.58
u_auth_fsm.cur_nonce\[46\],11.58
net832,11.58
net1135,11.58
net2227,11.58
net2342,11.58
_05033_,11.56
_07280_,11.56
_10000_,11.56
_10776_,11.56
_11457_,11.56
_19164_,11.56
net2278,11.56
_09189_,11.545
_08206_,11.54
_12301_,11.54
fifo_nonce\[2\]\[37\],11.54
fifo_nonce\[4\]\[20\],11.54
fifo_nonce\[4\]\[28\],11.54
fifo_nonce\[6\]\[9\],11.54
u_aes128.round_key\[120\],11.54
net770,11.54
net839,11.54
net1369,11.54
net1767,11.54
net1915,11.54
fifo_nonce\[0\]\[55\],11.53
_17134_,11.52
_17720_,11.52
fifo_nonce\[6\]\[40\],11.52
u_auth_fsm.nonce_hist\[7\]\[31\],11.52
net2028,11.52
net2075,11.52
_07057_,11.5
_11216_,11.5
_12847_,11.5
_18215_,11.5
fifo_nonce\[2\]\[127\],11.5
fifo_nonce\[3\]\[120\],11.5
_07614_,11.48
_11138_,11.48
_12078_,11.48
_15933_,11.48
_17326_,11.48
_17421_,11.48
_18507_,11.48
net1392,11.48
net2192,11.475
fifo_nonce\[0\]\[80\],11.47
_03560_,11.46
_09587_,11.46
_10508_,11.46
_10642_,11.46
_11690_,11.46
_12347_,11.46
_13114_,11.46
fifo_nonce\[0\]\[8\],11.46
fifo_nonce\[2\]\[5\],11.46
net749,11.46
net681,11.445
net1968,11.445
_02352_,11.44
_05494_,11.44
_08132_,11.44
_18681_,11.44
fifo_nonce\[3\]\[40\],11.425
u_auth_fsm.nonce_hist\[0\]\[103\],11.425
_06759_,11.42
_07622_,11.42
_10749_,11.42
_12459_,11.42
_19525_,11.42
fifo_nonce\[0\]\[87\],11.42
fifo_nonce\[1\]\[79\],11.42
fifo_nonce\[5\]\[34\],11.42
fifo_nonce\[7\]\[64\],11.42
u_auth_fsm.aes_plaintext\[85\],11.42
net1656,11.42
_09986_,11.4
_13316_,11.4
net2329,11.4
_06640_,11.38
_08635_,11.38
_09139_,11.38
_12753_,11.38
_16941_,11.38
_17650_,11.38
_19378_,11.38
fifo_nonce\[3\]\[44\],11.38
net454,11.38
net788,11.38
net794,11.38
net1458,11.38
net1918,11.38
_17283_,11.37
_05307_,11.36
_05534_,11.36
_07974_,11.36
_08770_,11.36
_09788_,11.36
_10761_,11.36
_10851_,11.36
_11788_,11.36
_16836_,11.36
_17338_,11.36
u_auth_fsm.secret_key\[123\],11.36
u_auth_fsm.secret_key\[66\],11.36
net661,11.36
net667,11.36
net2072,11.36
_05972_,11.34
_10570_,11.34
_17966_,11.34
fifo_nonce\[2\]\[24\],11.34
u_uart_rx.bit_idx\[2\],11.34
net1004,11.34
u_auth_fsm.nonce_hist\[6\]\[100\],11.335
_00008_,11.32
_01316_,11.32
_02815_,11.32
_04757_,11.32
_05887_,11.32
_05974_,11.32
_06220_,11.32
_06368_,11.32
_06436_,11.32
_11529_,11.32
_11744_,11.32
_13482_,11.32
u_auth_fsm.aes_key\[124\],11.32
u_auth_fsm.secret_key\[5\],11.32
net437,11.32
net895,11.32
net992,11.32
_09890_,11.31
_08937_,11.3
_12758_,11.3
_13660_,11.3
_15989_,11.3
_18019_,11.3
fifo_nonce\[3\]\[41\],11.3
u_aes128.round_key\[50\],11.3
u_auth_fsm.cooldown_cnt\[6\],11.3
u_cmd_parser.nonce_reg\[41\],11.3
net462,11.3
net826,11.3
net1558,11.3
_17854_,11.29
_00411_,11.285
_08718_,11.285
_04198_,11.28
_05763_,11.28
_08062_,11.28
_14162_,11.28
_15027_,11.28
_16234_,11.28
_18309_,11.28
fifo_nonce\[3\]\[127\],11.28
u_auth_fsm.cur_nonce\[125\],11.28
net1857,11.28
net1974,11.28
_05435_,11.26
_05981_,11.26
_11208_,11.26
_14640_,11.26
_17237_,11.26
_19189_,11.26
fifo_nonce\[6\]\[33\],11.26
u_auth_fsm.cur_nonce\[33\],11.26
net664,11.26
_03023_,11.24
_05733_,11.24
_06641_,11.24
_07082_,11.24
_09515_,11.24
_09880_,11.24
_11405_,11.24
_11731_,11.24
_12119_,11.24
_13241_,11.24
_19072_,11.24
_19419_,11.24
fifo_nonce\[5\]\[85\],11.24
net1998,11.24
net2289,11.24
net2457,11.24
_03222_,11.22
_06920_,11.22
_11174_,11.22
_17764_,11.22
fifo_nonce\[4\]\[82\],11.22
net605,11.22
net1695,11.22
net1715,11.22
u_auth_fsm.nonce_hist\[3\]\[112\],11.215
_04132_,11.2
_08074_,11.2
_10517_,11.2
_10544_,11.2
_11358_,11.2
_14400_,11.2
_14419_,11.2
_17203_,11.2
_18554_,11.2
fifo_nonce\[7\]\[32\],11.2
net771,11.2
net1557,11.2
net2399,11.2
net2435,11.2
_04910_,11.195
_07609_,11.195
_09521_,11.195
_04743_,11.18
_08826_,11.18
_13281_,11.18
_17368_,11.18
fifo_nonce\[2\]\[103\],11.18
fifo_nonce\[4\]\[52\],11.18
fifo_nonce\[5\]\[95\],11.18
_17793_,11.175
_00433_,11.165
_00622_,11.165
_01673_,11.16
_04753_,11.16
_05788_,11.16
_06207_,11.16
_09285_,11.16
_10126_,11.16
_10506_,11.16
_15279_,11.16
_18218_,11.16
_18827_,11.16
_19383_,11.16
fifo_nonce\[5\]\[30\],11.16
fifo_nonce\[6\]\[106\],11.16
fifo_nonce\[7\]\[97\],11.16
_03668_,11.14
_03821_,11.14
_17794_,11.14
_19287_,11.14
net2046,11.14
_03703_,11.12
_07705_,11.12
_08027_,11.12
_08393_,11.12
_09101_,11.12
_10351_,11.12
_10654_,11.12
_11633_,11.12
_14362_,11.12
_14856_,11.12
_14868_,11.12
_16346_,11.12
_18121_,11.12
_18969_,11.12
fifo_nonce\[2\]\[0\],11.12
fifo_nonce\[3\]\[125\],11.12
fifo_type\[5\],11.12
u_aes128.round_key\[35\],11.12
net635,11.12
net690,11.12
net1428,11.12
net1997,11.12
net2082,11.12
net2347,11.12
net618,11.105
net798,11.105
net1002,11.1
net2273,11.1
_09713_,11.09
u_auth_fsm.tx_payload\[109\],11.085
_07210_,11.08
fifo_nonce\[2\]\[32\],11.08
fifo_nonce\[5\]\[92\],11.08
fifo_nonce\[7\]\[123\],11.08
u_auth_fsm.nonce_hist\[2\]\[106\],11.08
u_auth_fsm.nonce_hist\[4\]\[65\],11.08
u_auth_fsm.nonce_hist\[7\]\[67\],11.08
net931,11.08
net1771,11.08
_00489_,11.065
_01420_,11.065
_07229_,11.06
_08477_,11.06
_08692_,11.06
_12168_,11.06
fifo_nonce\[7\]\[62\],11.06
net1708,11.06
net1757,11.06
_13222_,11.04
_17191_,11.04
_17355_,11.04
_18223_,11.04
fifo_nonce\[1\]\[113\],11.04
fifo_nonce\[7\]\[4\],11.04
net562,11.04
net590,11.04
net646,11.04
fifo_nonce\[1\]\[58\],11.03
_08621_,11.02
_12323_,11.02
_12485_,11.02
_12780_,11.02
_12782_,11.02
_16495_,11.02
_16855_,11.02
_17196_,11.02
_17951_,11.02
_18213_,11.02
_18389_,11.02
fifo_nonce\[1\]\[9\],11.02
net1939,11.02
net2429,11.02
_12016_,11.01
_06206_,11
_08371_,11
_09287_,11
_09481_,11
_14641_,11
fifo_nonce\[1\]\[126\],11
_01405_,10.98
_01799_,10.98
_18863_,10.98
fifo_nonce\[6\]\[32\],10.98
u_auth_fsm.nonce_hist\[4\]\[49\],10.98
_03811_,10.96
_10841_,10.96
fifo_nonce\[7\]\[7\],10.96
u_aes128.ciphertext\[36\],10.96
u_auth_fsm.nonce_hist\[7\]\[124\],10.96
net990,10.96
net1348,10.96
_06072_,10.945
_14627_,10.94
_18691_,10.94
net1172,10.94
_01976_,10.92
_15803_,10.92
u_auth_fsm.nonce_hist\[6\]\[31\],10.92
net2478,10.92
_17354_,10.91
_00989_,10.905
_05756_,10.9
_07715_,10.9
_10399_,10.9
_11732_,10.9
_12240_,10.9
_12449_,10.9
_19074_,10.9
u_auth_fsm.cooldown_cnt\[21\],10.9
u_auth_fsm.tx_byte\[2\],10.9
net521,10.9
net580,10.9
net721,10.9
net766,10.9
net1306,10.9
net2161,10.9
net2504,10.9
_06007_,10.895
_18350_,10.895
net516,10.89
_07967_,10.88
_10184_,10.88
_10806_,10.88
_17618_,10.88
_18994_,10.88
fifo_nonce\[3\]\[27\],10.875
_17482_,10.87
_02348_,10.86
_02495_,10.86
_05780_,10.86
_06059_,10.86
_08076_,10.86
_11067_,10.86
_12330_,10.86
_12890_,10.86
_13340_,10.86
_16024_,10.86
_16311_,10.86
_18526_,10.86
_19114_,10.86
_19493_,10.86
u_cmd_parser.nonce_reg\[113\],10.86
net802,10.86
net1109,10.86
net1388,10.86
net2079,10.86
_10676_,10.84
_12058_,10.84
_12505_,10.84
u_aes128.round_key\[48\],10.84
u_auth_fsm.nonce_hist\[4\]\[31\],10.84
u_auth_fsm.nonce_hist\[7\]\[75\],10.84
_08294_,10.825
_05188_,10.82
_05224_,10.82
_06453_,10.82
_09659_,10.82
_11912_,10.82
_13618_,10.82
_14056_,10.82
_16135_,10.82
_18560_,10.82
_18648_,10.82
fifo_nonce\[4\]\[39\],10.82
fifo_nonce\[4\]\[47\],10.82
u_aes128.round_key\[77\],10.82
u_auth_fsm.aes_plaintext\[44\],10.82
u_auth_fsm.cur_nonce\[112\],10.82
u_auth_fsm.cur_nonce\[119\],10.82
_07382_,10.81
_18074_,10.81
_06697_,10.805
_03178_,10.8
_05075_,10.8
_13095_,10.8
_13426_,10.8
_16584_,10.8
fifo_nonce\[3\]\[104\],10.8
u_auth_fsm.tx_payload\[38\],10.8
net2124,10.8
_01318_,10.78
_01352_,10.78
_02660_,10.78
_02902_,10.78
_04068_,10.78
_06969_,10.78
_07272_,10.78
_07954_,10.78
_08104_,10.78
_08816_,10.78
_09386_,10.78
_10907_,10.78
_12887_,10.78
_13261_,10.78
_14283_,10.78
_17242_,10.78
_18087_,10.78
_18962_,10.78
net726,10.78
net740,10.78
net919,10.78
net1406,10.78
net2330,10.78
_10392_,10.76
_17782_,10.76
fifo_nonce\[1\]\[125\],10.76
fifo_nonce\[3\]\[82\],10.76
net2259,10.76
_02803_,10.745
_00033_,10.74
_07523_,10.74
_07706_,10.74
_09419_,10.74
_09588_,10.74
_09822_,10.74
_10317_,10.74
_10935_,10.74
_11326_,10.74
_12230_,10.74
_14152_,10.74
_15339_,10.74
_16304_,10.74
_16513_,10.74
_16562_,10.74
_16607_,10.74
_16995_,10.74
fifo_nonce\[6\]\[86\],10.74
fifo_nonce\[7\]\[92\],10.74
u_auth_fsm.nonce_hist\[7\]\[33\],10.74
u_auth_fsm.tx_payload\[95\],10.74
net1675,10.74
net1724,10.74
net2021,10.74
net2103,10.74
net2174,10.74
_04031_,10.72
_05233_,10.72
_06064_,10.72
_15132_,10.72
_15457_,10.72
_16059_,10.72
_16693_,10.72
_18659_,10.72
fifo_nonce\[1\]\[107\],10.72
fifo_nonce\[1\]\[27\],10.72
fifo_nonce\[1\]\[38\],10.72
fifo_type\[2\],10.72
_14614_,10.71
_03212_,10.7
_05310_,10.7
_06086_,10.7
_06665_,10.7
_09614_,10.7
_13552_,10.7
_15988_,10.7
_16682_,10.7
u_auth_fsm.cooldown_cnt\[9\],10.7
u_auth_fsm.nonce_hist\[1\]\[8\],10.7
net2085,10.7
_11897_,10.69
_00383_,10.685
_07691_,10.68
_09601_,10.68
_10886_,10.68
_12037_,10.68
_12832_,10.68
fifo_nonce\[4\]\[51\],10.68
fifo_nonce\[4\]\[72\],10.68
net1170,10.68
net1313,10.68
net2335,10.68
_09862_,10.67
_02509_,10.66
_04189_,10.66
_05129_,10.66
_06051_,10.66
_07675_,10.66
_08093_,10.66
_10349_,10.66
_10721_,10.66
_12810_,10.66
_17114_,10.66
_18085_,10.66
_19115_,10.66
fifo_nonce\[2\]\[104\],10.66
fifo_nonce\[7\]\[6\],10.66
u_auth_fsm.hist_valid\[2\],10.66
net754,10.66
fifo_nonce\[5\]\[31\],10.645
_03918_,10.64
_07207_,10.64
_08764_,10.64
_12757_,10.64
_16058_,10.64
_16533_,10.64
_17467_,10.64
fifo_nonce\[6\]\[66\],10.64
fifo_nonce\[7\]\[56\],10.64
net2345,10.64
_03373_,10.62
_11593_,10.62
_18072_,10.62
fifo_nonce\[2\]\[124\],10.62
fifo_nonce\[3\]\[60\],10.62
fifo_nonce\[6\]\[46\],10.62
u_aes128.round_key\[82\],10.62
u_aes128.round_key\[94\],10.62
u_auth_fsm.aes_plaintext\[1\],10.62
net1921,10.62
net1977,10.62
net2078,10.62
net761,10.605
_07790_,10.6
_11373_,10.6
_13608_,10.6
_17272_,10.6
_17290_,10.6
_19545_,10.6
u_aes128.round_key\[118\],10.6
net2086,10.6
net2454,10.6
_01720_,10.58
_03388_,10.58
_04966_,10.58
_08714_,10.58
_13996_,10.58
_17566_,10.58
_19278_,10.58
fifo_nonce\[5\]\[28\],10.58
u_auth_fsm.cooldown_cnt\[12\],10.58
net959,10.58
net1327,10.58
_11273_,10.565
_00313_,10.56
_04360_,10.56
_16096_,10.56
_17553_,10.56
_17988_,10.56
_18747_,10.56
_19439_,10.56
fifo_nonce\[1\]\[122\],10.56
fifo_nonce\[2\]\[3\],10.56
u_auth_fsm.nonce_hist\[6\]\[115\],10.56
net553,10.56
net557,10.56
net1814,10.56
_05144_,10.54
_06519_,10.54
_10389_,10.54
_12043_,10.54
u_auth_fsm.secret_key\[13\],10.54
net610,10.54
net751,10.54
net1698,10.54
net2494,10.54
_02569_,10.52
_07126_,10.52
_08119_,10.52
_08608_,10.52
_09575_,10.52
fifo_nonce\[2\]\[115\],10.52
net1956,10.52
_00597_,10.505
_00721_,10.505
_04759_,10.5
_07129_,10.5
_07138_,10.5
_07891_,10.5
_17054_,10.5
fifo_nonce\[6\]\[123\],10.5
fifo_nonce\[6\]\[50\],10.5
fifo_nonce\[7\]\[27\],10.5
u_aes128.round_key\[52\],10.5
u_auth_fsm.aes_plaintext\[117\],10.5
u_auth_fsm.cur_nonce\[40\],10.5
u_auth_fsm.nonce_hist\[0\]\[39\],10.5
u_auth_fsm.nonce_hist\[7\]\[65\],10.5
_05982_,10.48
_12401_,10.48
_16998_,10.48
_18516_,10.48
fifo_nonce\[1\]\[29\],10.48
_17644_,10.465
_01906_,10.46
_05716_,10.46
_06321_,10.46
_06888_,10.46
_09429_,10.46
_17497_,10.46
_18944_,10.46
fifo_nonce\[7\]\[68\],10.46
u_auth_fsm.cooldown_cnt\[2\],10.46
u_auth_fsm.cooldown_cnt\[4\],10.46
u_cmd_parser.payload_count\[3\],10.46
net713,10.46
net999,10.46
_06181_,10.45
_01180_,10.44
_03521_,10.44
_12467_,10.44
_12503_,10.44
_14720_,10.44
_17803_,10.44
_18119_,10.44
_19151_,10.44
_19299_,10.44
fifo_nonce\[4\]\[105\],10.44
u_auth_fsm.cooldown_cnt\[20\],10.44
u_auth_fsm.secret_key\[114\],10.44
u_auth_fsm.secret_key\[17\],10.44
net450,10.44
net1563,10.44
net1583,10.44
net1946,10.44
net2480,10.44
_06536_,10.43
_03616_,10.42
_04934_,10.42
u_aes128.round_key\[58\],10.42
net429,10.42
net621,10.42
net1039,10.42
_01078_,10.415
_11501_,10.415
_00931_,10.405
_01369_,10.4
_02631_,10.4
_03174_,10.4
_03238_,10.4
_04953_,10.4
_12082_,10.4
_14158_,10.4
_14831_,10.4
_15865_,10.4
_17379_,10.4
_18652_,10.4
fifo_nonce\[0\]\[79\],10.4
fifo_nonce\[1\]\[35\],10.4
fifo_nonce\[2\]\[31\],10.4
u_aes128.gen_state_sbox\[14\].sb_state.in\[2\],10.4
u_auth_fsm.aes_plaintext\[4\],10.4
u_auth_fsm.nonce_hist\[2\]\[17\],10.4
u_auth_fsm.secret_key\[4\],10.4
net654,10.4
net715,10.4
net2265,10.4
_05386_,10.38
_09757_,10.38
_14398_,10.38
fifo_nonce\[5\]\[80\],10.38
fifo_nonce\[6\]\[113\],10.38
net840,10.38
net2317,10.38
_17978_,10.37
_19508_,10.365
_05986_,10.36
_07150_,10.36
_13692_,10.36
_16515_,10.36
_18477_,10.36
_19650_,10.36
fifo_nonce\[4\]\[33\],10.36
fifo_nonce\[4\]\[69\],10.36
u_aes128.round_key\[93\],10.36
u_auth_fsm.nonce_hist\[6\]\[127\],10.36
_02169_,10.34
_06695_,10.34
_06863_,10.34
_09653_,10.34
_12100_,10.34
_15364_,10.34
_18277_,10.34
_18447_,10.34
_18620_,10.34
_06657_,10.32
_07271_,10.32
_07870_,10.32
_12813_,10.32
_13557_,10.32
_14180_,10.32
_14569_,10.32
_16303_,10.32
_17223_,10.32
_18159_,10.32
_19045_,10.32
u_auth_fsm.cur_nonce\[114\],10.32
u_auth_fsm.cur_nonce\[18\],10.32
net502,10.32
net1087,10.32
net1103,10.32
net1105,10.32
net1160,10.32
net1404,10.32
net1522,10.32
net1914,10.32
net2047,10.32
_08291_,10.315
_17864_,10.315
_17582_,10.31
_02258_,10.3
_05489_,10.3
_09301_,10.3
_18785_,10.3
net1560,10.3
_08290_,10.295
_03741_,10.28
_05296_,10.28
_09711_,10.28
_10092_,10.28
_10552_,10.28
_13683_,10.28
_14519_,10.28
_16400_,10.28
_17207_,10.28
_17680_,10.28
_17696_,10.28
_17806_,10.28
_17824_,10.28
_17917_,10.28
fifo_nonce\[6\]\[56\],10.28
u_aes128.round_key\[59\],10.28
u_auth_fsm.cur_nonce\[1\],10.28
u_auth_fsm.cur_nonce\[81\],10.28
u_auth_fsm.nonce_hist\[6\]\[126\],10.28
u_auth_fsm.nonce_hist\[6\]\[79\],10.28
net539,10.28
net1115,10.28
net1815,10.28
net2240,10.28
_03798_,10.26
_04181_,10.26
_04790_,10.26
_07973_,10.26
_10075_,10.26
fifo_nonce\[4\]\[124\],10.26
fifo_nonce\[4\]\[42\],10.26
u_auth_fsm.nonce_hist\[7\]\[43\],10.26
u_cmd_parser.nonce_reg\[82\],10.26
_01007_,10.245
_03323_,10.245
_04277_,10.24
_05680_,10.24
_11311_,10.24
_15896_,10.24
_19310_,10.24
_19544_,10.24
fifo_nonce\[3\]\[102\],10.24
u_aes128.round_key\[86\],10.24
net2122,10.24
_00003_,10.22
_04174_,10.22
_08842_,10.22
_10234_,10.22
_16314_,10.22
_18307_,10.22
_19376_,10.22
fifo_nonce\[7\]\[30\],10.22
net1945,10.22
net2364,10.22
_17756_,10.215
_04197_,10.2
_07686_,10.2
_11542_,10.2
_12794_,10.2
_18605_,10.2
fifo_nonce\[7\]\[83\],10.2
u_auth_fsm.nonce_hist\[5\]\[116\],10.2
net1880,10.2
net2286,10.2
net2333,10.2
_06093_,10.18
_06825_,10.18
_13343_,10.18
_17710_,10.18
net1378,10.18
_01455_,10.16
_06095_,10.16
_06885_,10.16
_12315_,10.16
_16807_,10.16
_16914_,10.16
_17804_,10.16
_18780_,10.16
fifo_nonce\[1\]\[14\],10.16
fifo_nonce\[1\]\[56\],10.16
fifo_nonce\[2\]\[29\],10.16
u_aes128.round_key\[68\],10.16
u_aes128.round_key\[76\],10.16
u_aes128.round_key\[90\],10.16
net2120,10.16
_07234_,10.15
_11528_,10.14
_17511_,10.14
u_aes128.round_key\[109\],10.14
net2040,10.14
_07544_,10.12
_13045_,10.12
fifo_nonce\[2\]\[22\],10.12
fifo_nonce\[5\]\[70\],10.12
fifo_nonce\[5\]\[84\],10.12
u_auth_fsm.aes_plaintext\[100\],10.12
net1988,10.12
_10238_,10.105
_05228_,10.1
_12326_,10.1
_12874_,10.1
_16432_,10.1
_16726_,10.1
_16944_,10.1
_17911_,10.1
_18871_,10.1
net582,10.1
net1315,10.1
net1729,10.1
net2217,10.1
_00384_,10.08
_02517_,10.08
_02969_,10.08
_03380_,10.08
_08501_,10.08
_16122_,10.08
_18618_,10.08
_19457_,10.08
fifo_nonce\[5\]\[0\],10.08
u_auth_fsm.tx_payload\[78\],10.08
net1374,10.08
net1768,10.08
net1899,10.08
net2035,10.08
_01331_,10.065
_01553_,10.065
_02897_,10.06
_07096_,10.06
_08970_,10.06
_11007_,10.06
_18331_,10.06
fifo_nonce\[0\]\[121\],10.06
fifo_nonce\[2\]\[113\],10.06
fifo_nonce\[7\]\[9\],10.06
u_aes128.round_key\[126\],10.06
net1299,10.06
net1734,10.06
net1970,10.06
_01023_,10.045
_04874_,10.04
_04971_,10.04
_09284_,10.04
_11082_,10.04
_12331_,10.04
_13853_,10.04
_17583_,10.04
fifo_nonce\[1\]\[15\],10.04
fifo_nonce\[3\]\[2\],10.04
fifo_nonce\[7\]\[72\],10.04
u_aes128.round_key\[110\],10.04
u_auth_fsm.aes_plaintext\[127\],10.04
u_auth_fsm.aes_plaintext\[57\],10.04
u_auth_fsm.aes_plaintext\[6\],10.04
u_auth_fsm.nonce_hist\[7\]\[85\],10.04
_12704_,10.035
_11800_,10.03
_08424_,10.02
_17777_,10.02
fifo_nonce\[6\]\[19\],10.02
_01761_,10.005
_07089_,10.005
_01707_,10
_01929_,10
_03395_,10
_08812_,10
_09116_,10
_10871_,10
_18868_,10
fifo_nonce\[4\]\[98\],10
fifo_nonce\[5\]\[81\],10
fifo_nonce\[6\]\[6\],10
fifo_nonce\[7\]\[111\],10
net682,10
net2031,10
net2135,10
_01403_,9.98
_04687_,9.98
_05424_,9.98
_06176_,9.98
_07206_,9.98
_09721_,9.98
_09749_,9.98
_12950_,9.98
_17042_,9.98
_17442_,9.98
_18122_,9.98
_19082_,9.98
net491,9.98
net659,9.98
net1010,9.98
net1152,9.98
net1672,9.98
net1872,9.98
net1919,9.98
net1931,9.98
_05002_,9.96
_07740_,9.96
_12341_,9.96
_13004_,9.96
_14366_,9.96
fifo_nonce\[5\]\[58\],9.96
u_auth_fsm.nonce_hist\[5\]\[0\],9.96
net1613,9.96
net1706,9.96
net1826,9.96
_07363_,9.955
_03196_,9.94
_03992_,9.94
_04573_,9.94
_04771_,9.94
_05824_,9.94
_07291_,9.94
_09579_,9.94
_12632_,9.94
_12919_,9.94
_15270_,9.94
_15438_,9.94
_16177_,9.94
_16479_,9.94
_17141_,9.94
_19037_,9.94
fifo_nonce\[1\]\[114\],9.94
fifo_nonce\[1\]\[60\],9.94
fifo_nonce\[2\]\[44\],9.94
fifo_nonce\[4\]\[127\],9.94
fifo_nonce\[4\]\[57\],9.94
fifo_nonce\[5\]\[3\],9.94
u_aes128.round_key\[57\],9.94
u_auth_fsm.nonce_hist\[2\]\[75\],9.94
u_auth_fsm.secret_key\[40\],9.94
u_cmd_parser.nonce_reg\[78\],9.94
net499,9.94
net1797,9.94
net1810,9.94
net2026,9.94
net2058,9.94
net2136,9.94
_11979_,9.93
_01704_,9.92
_02259_,9.92
_02877_,9.92
_13791_,9.92
_14670_,9.92
_17343_,9.92
u_auth_fsm.aes_key\[109\],9.92
net2060,9.92
_00799_,9.905
_01044_,9.905
_01656_,9.9
_03708_,9.9
_04123_,9.9
_04141_,9.9
_06046_,9.9
_07072_,9.9
_07192_,9.9
_09682_,9.9
_10528_,9.9
_10653_,9.9
_11964_,9.9
_12123_,9.9
_12504_,9.9
_19590_,9.9
u_aes128.gen_state_sbox\[12\].sb_state.in\[6\],9.9
u_auth_fsm.cur_nonce\[62\],9.9
net857,9.9
_04525_,9.88
_05613_,9.88
_12125_,9.88
_14266_,9.88
_15545_,9.88
_17087_,9.88
_18005_,9.88
_18355_,9.88
u_aes128.round_key\[116\],9.88
net568,9.88
_18174_,9.87
_04389_,9.86
_05341_,9.86
_07158_,9.86
_08799_,9.86
_13826_,9.86
_15563_,9.86
_18109_,9.86
_18240_,9.86
_18313_,9.86
_19549_,9.86
_19605_,9.86
net560,9.86
net1310,9.86
net1325,9.86
net1951,9.86
net2181,9.86
net2362,9.86
net2370,9.86
_08494_,9.84
_08962_,9.84
_09177_,9.84
_13011_,9.84
_15217_,9.84
_15505_,9.84
fifo_nonce\[4\]\[99\],9.84
u_aes128.round_key\[88\],9.84
u_auth_fsm.cooldown_cnt\[11\],9.84
net1283,9.84
net1376,9.84
_17336_,9.835
u_auth_fsm.nonce_hist\[6\]\[29\],9.825
_01276_,9.82
_01360_,9.82
_01674_,9.82
_02899_,9.82
_03740_,9.82
_05306_,9.82
_06650_,9.82
_07546_,9.82
_09325_,9.82
_11046_,9.82
_15983_,9.82
_16470_,9.82
_16576_,9.82
_17658_,9.82
_19073_,9.82
_19347_,9.82
_19517_,9.82
fifo_nonce\[5\]\[72\],9.82
fifo_nonce\[7\]\[74\],9.82
u_auth_fsm.cur_nonce\[7\],9.82
net981,9.82
net1274,9.82
net1341,9.82
net1393,9.82
net1764,9.82
net2163,9.82
net2397,9.82
_03574_,9.8
fifo_nonce\[4\]\[6\],9.8
fifo_nonce\[6\]\[18\],9.8
fifo_nonce\[6\]\[8\],9.8
_17062_,9.795
_17084_,9.795
_17740_,9.795
_01028_,9.785
_01060_,9.785
_03360_,9.78
_03875_,9.78
_04732_,9.78
_05671_,9.78
_07664_,9.78
_10635_,9.78
_10940_,9.78
_14242_,9.78
_14765_,9.78
_16526_,9.78
_18777_,9.78
_19042_,9.78
fifo_nonce\[5\]\[124\],9.78
fifo_nonce\[6\]\[53\],9.78
u_aes128.round_key\[42\],9.78
u_aes128.round_key\[95\],9.78
_03638_,9.76
_03805_,9.76
_06243_,9.76
_10247_,9.76
_16430_,9.76
_18540_,9.76
fifo_nonce\[4\]\[22\],9.76
fifo_nonce\[4\]\[60\],9.76
net538,9.76
net913,9.76
net985,9.76
net1012,9.76
net1107,9.76
net1368,9.76
net1415,9.76
net1515,9.76
net1843,9.76
net2245,9.76
net2300,9.76
net2502,9.76
_06937_,9.74
_12491_,9.74
_17513_,9.74
_17687_,9.74
_18075_,9.74
_18099_,9.74
fifo_nonce\[1\]\[117\],9.74
fifo_nonce\[7\]\[23\],9.74
u_auth_fsm.nonce_hist\[3\]\[75\],9.74
net869,9.74
net1164,9.74
net1452,9.74
net2111,9.74
net2203,9.74
_01157_,9.72
_06581_,9.72
_07054_,9.72
_08406_,9.72
_09100_,9.72
fifo_nonce\[3\]\[16\],9.72
net898,9.72
net1281,9.72
net1692,9.72
net2256,9.72
_05480_,9.7
_05519_,9.7
_05614_,9.7
_10374_,9.7
_10482_,9.7
_11505_,9.7
_13999_,9.7
_19675_,9.7
fifo_nonce\[4\]\[66\],9.7
u_auth_fsm.cur_nonce\[97\],9.7
net799,9.7
net1095,9.7
net1261,9.7
_09979_,9.69
_01697_,9.685
_11028_,9.68
_19404_,9.68
fifo_nonce\[2\]\[73\],9.68
u_auth_fsm.aes_key\[111\],9.68
net2505,9.68
_01057_,9.665
_08340_,9.66
_08497_,9.66
_08680_,9.66
_11664_,9.66
_15116_,9.66
_16289_,9.66
_18667_,9.66
fifo_nonce\[5\]\[21\],9.66
fifo_nonce\[5\]\[69\],9.66
u_uart_tx.clk_cnt\[8\],9.66
net1082,9.66
u_auth_fsm.nonce_hist\[7\]\[93\],9.655
_18003_,9.65
_03198_,9.64
_11102_,9.64
_12515_,9.64
_15078_,9.64
_18084_,9.64
net1050,9.64
net1338,9.64
net1542,9.64
_05143_,9.63
_12382_,9.625
_17253_,9.625
_19331_,9.625
_05923_,9.62
_06161_,9.62
_07180_,9.62
_08314_,9.62
_12099_,9.62
_16442_,9.62
_17243_,9.62
_17367_,9.62
_19537_,9.62
u_auth_fsm.hist_valid\[3\],9.62
u_auth_fsm.nonce_hist\[3\]\[59\],9.62
u_auth_fsm.nonce_hist\[3\]\[85\],9.62
net1564,9.62
net1642,9.62
fifo_nonce\[4\]\[77\],9.61
_06443_,9.605
_01326_,9.6
_02339_,9.6
_04933_,9.6
_11839_,9.6
u_auth_fsm.nonce_hist\[7\]\[79\],9.6
net1894,9.6
net2193,9.6
_02171_,9.595
u_auth_fsm.nonce_hist\[7\]\[117\],9.585
_04166_,9.58
_06195_,9.58
_06398_,9.58
_06428_,9.58
_10447_,9.58
_12079_,9.58
_18773_,9.58
_19105_,9.58
fifo_nonce\[4\]\[41\],9.58
fifo_nonce\[7\]\[42\],9.58
u_auth_fsm.aes_plaintext\[56\],9.58
_05203_,9.56
_15723_,9.56
_17469_,9.56
_05627_,9.54
_06341_,9.54
_08283_,9.54
_08414_,9.54
_09059_,9.54
_13593_,9.54
_14344_,9.54
_14690_,9.54
_14770_,9.54
_17029_,9.54
_17612_,9.54
fifo_nonce\[3\]\[33\],9.54
u_auth_fsm.aes_plaintext\[96\],9.54
u_auth_fsm.cur_nonce\[10\],9.54
u_auth_fsm.cur_nonce\[120\],9.54
u_auth_fsm.nonce_hist\[6\]\[40\],9.54
net711,9.54
_01619_,9.52
_01758_,9.52
_04663_,9.52
_04685_,9.52
_06214_,9.52
_06785_,9.52
_06874_,9.52
_07776_,9.52
_09849_,9.52
_09942_,9.52
_10485_,9.52
_11434_,9.52
_13284_,9.52
_15839_,9.52
_17047_,9.52
u_uart_rx.rx_shift\[2\],9.52
net592,9.52
net599,9.52
net676,9.52
net733,9.52
net1146,9.52
net1365,9.52
net2042,9.52
net2121,9.52
_06203_,9.5
_08772_,9.5
_08776_,9.5
_14660_,9.5
_15368_,9.5
_18061_,9.5
fifo_nonce\[5\]\[48\],9.5
fifo_nonce\[7\]\[65\],9.5
_01124_,9.485
_10771_,9.485
_04040_,9.48
_05361_,9.48
_06979_,9.48
_10780_,9.48
_12703_,9.48
_14877_,9.48
_15247_,9.48
_15538_,9.48
_16134_,9.48
_16581_,9.48
_18457_,9.48
_18806_,9.48
_19109_,9.48
fifo_nonce\[4\]\[64\],9.48
fifo_nonce\[6\]\[14\],9.48
u_auth_fsm.secret_key\[121\],9.48
u_cmd_parser.cmd_reg\[4\],9.48
u_uart_tx.clk_cnt\[5\],9.48
net1099,9.48
_17960_,9.475
u_auth_fsm.nonce_hist\[7\]\[29\],9.465
_00646_,9.46
_02882_,9.46
_06222_,9.46
_18097_,9.46
fifo_nonce\[1\]\[86\],9.46
fifo_nonce\[4\]\[24\],9.46
u_aes128.ciphertext\[119\],9.46
u_cmd_parser.nonce_reg\[89\],9.46
_17986_,9.45
_00658_,9.445
_00845_,9.445
_03940_,9.44
_04164_,9.44
_04817_,9.44
_05272_,9.44
_10062_,9.44
_10441_,9.44
_13633_,9.44
_13663_,9.44
_16808_,9.44
_18238_,9.44
_18519_,9.44
fifo_nonce\[7\]\[81\],9.44
u_auth_fsm.aes_plaintext\[115\],9.44
u_auth_fsm.aes_plaintext\[121\],9.44
_04236_,9.42
_04280_,9.42
_04316_,9.42
_04760_,9.42
_06304_,9.42
_08069_,9.42
_13766_,9.42
_14560_,9.42
_15275_,9.42
_16108_,9.42
_16260_,9.42
_17529_,9.42
_18246_,9.42
net625,9.42
net918,9.42
net1186,9.42
_15235_,9.41
_01149_,9.4
_01408_,9.4
_03112_,9.4
_03249_,9.4
_03943_,9.4
_07344_,9.4
_08433_,9.4
_10807_,9.4
_10893_,9.4
_11413_,9.4
_11688_,9.4
_12606_,9.4
_15139_,9.4
_16666_,9.4
_16908_,9.4
_17916_,9.4
_19281_,9.4
_19686_,9.4
fifo_nonce\[6\]\[58\],9.4
fifo_nonce\[7\]\[125\],9.4
u_auth_fsm.aes_plaintext\[68\],9.4
net467,9.4
net692,9.4
net903,9.4
net922,9.4
net1419,9.4
net1538,9.4
net2242,9.4
net2292,9.4
net2309,9.4
net2361,9.4
fifo_nonce\[1\]\[75\],9.395
_04064_,9.38
_05337_,9.38
_06332_,9.38
_19134_,9.38
_19612_,9.38
u_aes128.round_key\[101\],9.38
_12319_,9.375
_01461_,9.36
_03082_,9.36
_03322_,9.36
_04384_,9.36
_04514_,9.36
_04705_,9.36
_04811_,9.36
_04897_,9.36
_05265_,9.36
_06012_,9.36
_08287_,9.36
_10480_,9.36
_11559_,9.36
_15396_,9.36
_16160_,9.36
_16250_,9.36
_17231_,9.36
_18562_,9.36
fifo_nonce\[2\]\[93\],9.36
fifo_nonce\[5\]\[112\],9.36
fifo_nonce\[6\]\[105\],9.36
fifo_nonce\[6\]\[114\],9.36
fifo_nonce\[7\]\[28\],9.36
u_aes128.gen_state_sbox\[4\].sb_state.in\[2\],9.36
u_auth_fsm.aes_plaintext\[20\],9.36
net851,9.36
net1302,9.36
net1394,9.36
net1496,9.36
net1502,9.36
net1680,9.36
net2059,9.36
net2168,9.36
_09185_,9.34
_15216_,9.34
_15250_,9.34
_15783_,9.34
_16629_,9.34
fifo_nonce\[4\]\[27\],9.34
_00049_,9.325
_01319_,9.32
_02810_,9.32
_04479_,9.32
_09598_,9.32
_11159_,9.32
_12086_,9.32
_14331_,9.32
_14798_,9.32
_16484_,9.32
_17488_,9.32
_17929_,9.32
_03329_,9.3
_03754_,9.3
_04709_,9.3
_05264_,9.3
_05344_,9.3
_06265_,9.3
_11209_,9.3
_18280_,9.3
net1037,9.3
net1260,9.3
net1813,9.3
net1833,9.3
net2138,9.3
net2196,9.3
net2269,9.3
net2365,9.3
net2371,9.3
_06789_,9.285
_09171_,9.285
_03567_,9.28
_03698_,9.28
_06939_,9.28
_08407_,9.28
_09319_,9.28
_14088_,9.28
_15916_,9.28
_18972_,9.28
fifo_nonce\[6\]\[60\],9.28
fifo_nonce\[7\]\[39\],9.28
fifo_nonce\[7\]\[76\],9.28
net1803,9.28
net1984,9.28
_00495_,9.265
_00738_,9.265
_07882_,9.26
_09163_,9.26
_10625_,9.26
_10822_,9.26
_12059_,9.26
_15028_,9.26
fifo_nonce\[3\]\[14\],9.26
net1618,9.26
net1991,9.26
u_auth_fsm.tx_payload\[104\],9.245
_05138_,9.24
_06241_,9.24
_10190_,9.24
fifo_nonce\[1\]\[115\],9.24
fifo_nonce\[6\]\[87\],9.24
fifo_nonce\[7\]\[70\],9.24
u_auth_fsm.aes_plaintext\[76\],9.24
u_auth_fsm.cur_nonce\[13\],9.24
u_auth_fsm.tx_payload\[72\],9.24
_06830_,9.22
_09724_,9.22
_10111_,9.22
_10681_,9.22
_13043_,9.22
_16343_,9.22
_17431_,9.22
net2215,9.22
_01529_,9.205
_01091_,9.2
_05790_,9.2
_08822_,9.2
_11713_,9.2
_12931_,9.2
_14379_,9.2
_15434_,9.2
_16828_,9.2
_17056_,9.2
_18579_,9.2
_19154_,9.2
_19601_,9.2
fifo_nonce\[2\]\[71\],9.2
_08628_,9.19
net1999,9.185
_01185_,9.18
_01638_,9.18
_01759_,9.18
_03177_,9.18
_04222_,9.18
_04630_,9.18
_04935_,9.18
_12437_,9.18
net1482,9.18
net1753,9.18
net2211,9.18
_17135_,9.175
_18124_,9.165
_05532_,9.16
_06660_,9.16
_08824_,9.16
_11021_,9.16
_14182_,9.16
_14343_,9.16
_18125_,9.16
_18316_,9.16
_18928_,9.16
_19055_,9.16
fifo_nonce\[4\]\[111\],9.16
fifo_nonce\[4\]\[67\],9.16
fifo_nonce\[7\]\[41\],9.16
u_auth_fsm.secret_key\[108\],9.16
u_auth_fsm.tx_payload\[32\],9.16
net544,9.16
net1308,9.16
net1495,9.16
net2410,9.16
_18449_,9.155
_02626_,9.14
_09901_,9.14
_12658_,9.14
_13322_,9.14
_13703_,9.14
_19381_,9.14
_19599_,9.14
fifo_nonce\[7\]\[36\],9.14
net1748,9.14
net2030,9.14
_07181_,9.12
_07511_,9.12
_08089_,9.12
_10097_,9.12
_14472_,9.12
_16054_,9.12
fifo_nonce\[1\]\[118\],9.12
fifo_nonce\[1\]\[47\],9.12
fifo_nonce\[2\]\[13\],9.12
fifo_nonce\[3\]\[89\],9.12
u_aes128.round_key\[54\],9.12
u_auth_fsm.nonce_hist\[7\]\[112\],9.12
net882,9.12
_00242_,9.105
_06854_,9.1
_08909_,9.1
_11242_,9.1
net642,9.1
net892,9.1
_00744_,9.085
_10808_,9.085
_11694_,9.085
_17095_,9.085
fifo_nonce\[5\]\[17\],9.085
_03705_,9.08
_05183_,9.08
_06274_,9.08
_07087_,9.08
_07532_,9.08
_08867_,9.08
_09316_,9.08
_10060_,9.08
_11939_,9.08
_14190_,9.08
_17405_,9.08
_17807_,9.08
_18462_,9.08
_18981_,9.08
_19384_,9.08
_19620_,9.08
fifo_nonce\[1\]\[1\],9.08
fifo_nonce\[1\]\[42\],9.08
fifo_nonce\[7\]\[109\],9.08
fifo_nonce\[7\]\[57\],9.08
fifo_nonce\[7\]\[85\],9.08
fifo_nonce\[7\]\[95\],9.08
u_auth_fsm.secret_key\[98\],9.08
net2475,9.08
_00279_,9.065
_00533_,9.065
_00577_,9.065
_01431_,9.065
_02335_,9.06
_02437_,9.06
_02611_,9.06
_03226_,9.06
_04072_,9.06
_04647_,9.06
_05833_,9.06
_06701_,9.06
_08083_,9.06
_09005_,9.06
_09221_,9.06
_13283_,9.06
_14539_,9.06
_15907_,9.06
_17822_,9.06
_18298_,9.06
_19637_,9.06
u_auth_fsm.aes_plaintext\[18\],9.06
u_auth_fsm.nonce_hist\[2\]\[121\],9.06
net494,9.06
net885,9.06
net1046,9.06
net1497,9.06
net1660,9.06
net1665,9.06
_03256_,9.045
_01384_,9.04
_03216_,9.04
_07253_,9.04
_10712_,9.04
_11517_,9.04
_11929_,9.04
_12362_,9.04
_12535_,9.04
_13468_,9.04
_13896_,9.04
_14541_,9.04
_16772_,9.04
fifo_nonce\[1\]\[111\],9.04
fifo_nonce\[5\]\[10\],9.04
net455,9.04
net1245,9.04
net1344,9.04
net1922,9.04
_01362_,9.02
_02691_,9.02
_04364_,9.02
_04382_,9.02
_04404_,9.02
_04837_,9.02
_05309_,9.02
_05785_,9.02
_07070_,9.02
_07288_,9.02
_08774_,9.02
_10486_,9.02
_12435_,9.02
_12553_,9.02
_12580_,9.02
_13105_,9.02
_13227_,9.02
_15234_,9.02
_15323_,9.02
_15360_,9.02
_15605_,9.02
_15706_,9.02
_15863_,9.02
_16065_,9.02
_16474_,9.02
_16506_,9.02
_16523_,9.02
_16558_,9.02
_16610_,9.02
_16913_,9.02
_18684_,9.02
_19244_,9.02
_19563_,9.02
fifo_nonce\[3\]\[81\],9.02
fifo_nonce\[6\]\[115\],9.02
fifo_nonce\[6\]\[31\],9.02
net677,9.02
net1409,9.02
net1619,9.02
net1620,9.02
net1647,9.02
net1648,9.02
_18147_,9
fifo_nonce\[6\]\[104\],9
fifo_nonce\[7\]\[26\],9
fifo_nonce\[7\]\[40\],9
u_aes128.round_key\[117\],9
u_aes128.round_key\[66\],9
u_auth_fsm.nonce_hist\[0\]\[31\],9
u_auth_fsm.nonce_hist\[6\]\[52\],9
_00408_,8.985
_00482_,8.985
_01547_,8.985
_00218_,8.98
_06342_,8.98
_10040_,8.98
_14782_,8.98
_15390_,8.98
_15550_,8.98
_17968_,8.98
_19470_,8.98
fifo_wr_ptr\[0\],8.98
u_auth_fsm.cur_nonce\[0\],8.98
u_auth_fsm.nonce_hist\[6\]\[98\],8.98
_05693_,8.97
_12134_,8.965
_02989_,8.96
_05340_,8.96
_05784_,8.96
_06676_,8.96
_07045_,8.96
_08461_,8.96
_14676_,8.96
_16931_,8.96
fifo_nonce\[3\]\[32\],8.96
fifo_nonce\[6\]\[35\],8.96
fifo_overflow_o,8.96
_08914_,8.945
_11290_,8.945
_02766_,8.94
_03279_,8.94
_03906_,8.94
_04199_,8.94
_05350_,8.94
_05975_,8.94
_07170_,8.94
_08996_,8.94
_09174_,8.94
_09421_,8.94
_09422_,8.94
_12844_,8.94
_14447_,8.94
_15612_,8.94
_15882_,8.94
_18013_,8.94
_19084_,8.94
fifo_nonce\[1\]\[33\],8.94
fifo_nonce\[4\]\[21\],8.94
fifo_nonce\[7\]\[10\],8.94
u_auth_fsm.nonce_hist\[6\]\[112\],8.94
net435,8.94
net949,8.94
net1601,8.94
net2099,8.94
net2112,8.94
net2139,8.94
net2324,8.94
net2338,8.94
net2461,8.94
_00297_,8.925
_03734_,8.92
_07011_,8.92
_07807_,8.92
_10588_,8.92
_12867_,8.92
_13994_,8.92
_15329_,8.92
_15898_,8.92
fifo_nonce\[1\]\[112\],8.92
fifo_nonce\[1\]\[76\],8.92
fifo_nonce\[5\]\[105\],8.92
fifo_nonce\[5\]\[15\],8.92
fifo_type\[3\],8.92
net1659,8.92
net1824,8.92
_03097_,8.905
_03470_,8.905
_05148_,8.905
net501,8.905
_01646_,8.9
_03814_,8.9
_04901_,8.9
_06132_,8.9
_07101_,8.9
_07230_,8.9
_07270_,8.9
_07843_,8.9
_08048_,8.9
_08060_,8.9
_11313_,8.9
_11619_,8.9
_12492_,8.9
_13693_,8.9
_15045_,8.9
_15066_,8.9
_15401_,8.9
_15913_,8.9
_16055_,8.9
_16114_,8.9
_16176_,8.9
_16611_,8.9
_16699_,8.9
_19548_,8.9
u_aes128.round_key\[47\],8.9
u_auth_fsm.aes_plaintext\[73\],8.9
net866,8.9
net878,8.9
net1090,8.9
net1098,8.9
net1328,8.9
net1523,8.9
net1763,8.9
net2081,8.9
net2304,8.9
net2349,8.9
net2416,8.9
net2512,8.9
_17173_,8.895
_04004_,8.88
_07038_,8.88
_07275_,8.88
_10810_,8.88
_12272_,8.88
_15252_,8.88
_15474_,8.88
_15678_,8.88
_16110_,8.88
_18546_,8.88
u_auth_fsm.cooldown_cnt\[18\],8.88
_19358_,8.87
_00517_,8.865
_04065_,8.86
_04597_,8.86
_05831_,8.86
_05990_,8.86
_07149_,8.86
_07252_,8.86
_08492_,8.86
_08745_,8.86
_09528_,8.86
_09971_,8.86
_10012_,8.86
_11610_,8.86
_12271_,8.86
_14245_,8.86
_15866_,8.86
_16697_,8.86
_17938_,8.86
_18625_,8.86
_18793_,8.86
fifo_nonce\[4\]\[48\],8.86
fifo_nonce\[7\]\[16\],8.86
u_auth_fsm.cur_nonce\[115\],8.86
_00222_,8.855
_04152_,8.84
_04156_,8.84
_04258_,8.84
_04768_,8.84
_17765_,8.84
_18368_,8.84
fifo_nonce\[7\]\[73\],8.84
net1389,8.84
net1855,8.84
net1971,8.84
net2383,8.84
net2430,8.84
_00295_,8.82
_03984_,8.82
_05266_,8.82
_06870_,8.82
_07033_,8.82
_07065_,8.82
_07337_,8.82
_08270_,8.82
_10692_,8.82
_11318_,8.82
_11707_,8.82
_12294_,8.82
_12717_,8.82
_13272_,8.82
_13580_,8.82
_17599_,8.82
_17652_,8.82
_18111_,8.82
_18530_,8.82
fifo_nonce\[2\]\[53\],8.82
fifo_nonce\[2\]\[80\],8.82
fifo_nonce\[5\]\[12\],8.82
fifo_nonce\[6\]\[112\],8.82
fifo_nonce\[6\]\[55\],8.82
fifo_nonce\[7\]\[91\],8.82
net915,8.82
net967,8.82
net1224,8.82
_05331_,8.8
_07628_,8.8
_08862_,8.8
_08863_,8.8
_13920_,8.8
_15020_,8.8
_17388_,8.8
_18835_,8.8
u_auth_fsm.nonce_hist\[5\]\[31\],8.8
net877,8.8
net983,8.8
net995,8.8
net1011,8.8
net1045,8.8
net1122,8.8
net1173,8.8
net1196,8.8
net1738,8.8
net1928,8.8
net2396,8.8
fifo_nonce\[3\]\[106\],8.795
_10414_,8.79
_18959_,8.79
_05800_,8.78
_08632_,8.78
_10271_,8.78
_15290_,8.78
_17163_,8.78
_17749_,8.78
_17774_,8.78
_19017_,8.775
_01564_,8.765
_00062_,8.76
_00734_,8.76
_04730_,8.76
_08508_,8.76
_11410_,8.76
_12279_,8.76
_16647_,8.76
_16668_,8.76
fifo_nonce\[4\]\[61\],8.76
_17834_,8.755
u_auth_fsm.nonce_hist\[2\]\[100\],8.745
_01709_,8.74
_06219_,8.74
_07981_,8.74
_11564_,8.74
_14934_,8.74
_17520_,8.74
_18411_,8.74
_18803_,8.74
_19305_,8.74
fifo_nonce\[1\]\[94\],8.74
u_auth_fsm.aes_plaintext\[97\],8.74
net1049,8.74
net1798,8.74
net2437,8.74
_07692_,8.725
_13726_,8.725
_00029_,8.72
_01670_,8.72
_01832_,8.72
_06379_,8.72
_17449_,8.72
_18886_,8.72
_19100_,8.72
net525,8.72
net595,8.72
net800,8.72
net1362,8.72
net1518,8.72
net1990,8.72
_00109_,8.7
_07225_,8.7
_07820_,8.7
_13317_,8.7
_13823_,8.7
_14079_,8.7
_14700_,8.7
_15755_,8.7
fifo_nonce\[4\]\[2\],8.7
fifo_nonce\[5\]\[113\],8.7
u_aes128.ciphertext\[2\],8.7
u_auth_fsm.aes_plaintext\[67\],8.7
u_auth_fsm.cur_nonce\[111\],8.7
u_auth_fsm.secret_key\[125\],8.7
net905,8.7
net1236,8.7
net1499,8.7
net1503,8.7
net2041,8.7
net2422,8.7
_01589_,8.685
_02090_,8.685
_09828_,8.685
_01934_,8.68
_02424_,8.68
_02982_,8.68
_08137_,8.68
_08422_,8.68
_09644_,8.68
_12089_,8.68
fifo_nonce\[4\]\[89\],8.68
_00674_,8.665
_05705_,8.66
_12150_,8.66
_14689_,8.66
_16548_,8.66
fifo_nonce\[4\]\[3\],8.66
fifo_nonce\[4\]\[73\],8.66
fifo_nonce\[5\]\[86\],8.66
fifo_nonce\[5\]\[98\],8.66
fifo_nonce\[7\]\[0\],8.66
u_aes128.round_key\[113\],8.66
u_auth_fsm.cur_nonce\[77\],8.66
u_auth_fsm.secret_key\[30\],8.66
u_cmd_parser.nonce_reg\[101\],8.66
u_auth_fsm.nonce_hist\[2\]\[109\],8.655
_00427_,8.645
_17468_,8.645
_03469_,8.64
_07365_,8.64
_07721_,8.64
_19080_,8.64
_00531_,8.625
_02351_,8.62
_02708_,8.62
_02717_,8.62
_02750_,8.62
_03128_,8.62
_07273_,8.62
_07965_,8.62
_08039_,8.62
_09640_,8.62
_13675_,8.62
_14301_,8.62
_18098_,8.62
fifo_nonce\[5\]\[64\],8.62
fifo_nonce\[7\]\[87\],8.62
net487,8.62
net1633,8.62
_11103_,8.615
_06369_,8.605
_00058_,8.6
_01008_,8.6
_01351_,8.6
_02628_,8.6
_03615_,8.6
_03735_,8.6
_04211_,8.6
_07081_,8.6
_07690_,8.6
_09239_,8.6
_10333_,8.6
_11243_,8.6
_11698_,8.6
_12327_,8.6
_12479_,8.6
_13224_,8.6
_14001_,8.6
_15233_,8.6
_16050_,8.6
_16550_,8.6
_17636_,8.6
u_auth_fsm.nonce_hist\[5\]\[51\],8.6
u_cmd_parser.nonce_reg\[77\],8.6
net601,8.6
net632,8.6
net637,8.6
net1062,8.6
net1183,8.6
net1474,8.6
net1511,8.6
net1643,8.6
net1712,8.6
net1733,8.6
net1994,8.6
_01365_,8.58
_02763_,8.58
_03332_,8.58
_03451_,8.58
_05901_,8.58
_07604_,8.58
_10912_,8.58
_12420_,8.58
_12886_,8.58
_13548_,8.58
_14163_,8.58
_14445_,8.58
_16750_,8.58
_17958_,8.58
_18351_,8.58
_19555_,8.58
fifo_nonce\[1\]\[116\],8.58
fifo_nonce\[1\]\[89\],8.58
fifo_nonce\[2\]\[1\],8.58
fifo_nonce\[3\]\[26\],8.58
u_auth_fsm.tx_payload\[77\],8.58
net2036,8.58
_00486_,8.575
_17547_,8.57
_18100_,8.57
_00263_,8.565
_01169_,8.56
_01665_,8.56
_02146_,8.56
_03184_,8.56
_03461_,8.56
_03993_,8.56
_04015_,8.56
_04027_,8.56
_04747_,8.56
_06175_,8.56
_06796_,8.56
_08783_,8.56
_08899_,8.56
_09165_,8.56
_10252_,8.56
_10431_,8.56
_10607_,8.56
_11366_,8.56
_12030_,8.56
_12828_,8.56
_15894_,8.56
_15928_,8.56
_15950_,8.56
_16043_,8.56
_16125_,8.56
_16173_,8.56
_16602_,8.56
_17072_,8.56
_17540_,8.56
_18801_,8.56
_18958_,8.56
_19315_,8.56
fifo_nonce\[1\]\[121\],8.56
u_aes128.round_key\[55\],8.56
u_aes128.round_key\[83\],8.56
u_aes128.round_key\[91\],8.56
u_auth_fsm.nonce_hist\[2\]\[83\],8.56
u_auth_fsm.secret_key\[46\],8.56
u_cmd_parser.crc_hi_reg\[3\],8.56
net432,8.56
net723,8.56
net1218,8.56
net1242,8.56
net1948,8.56
_02153_,8.54
_04927_,8.54
_07416_,8.54
_17092_,8.54
_17578_,8.54
fifo_nonce\[2\]\[95\],8.54
u_aes128.round_key\[36\],8.54
u_auth_fsm.tx_payload\[61\],8.54
net1033,8.54
_06867_,8.535
_01040_,8.525
_03165_,8.52
_04378_,8.52
_04940_,8.52
_05237_,8.52
_05571_,8.52
_06580_,8.52
_06634_,8.52
_07237_,8.52
_07535_,8.52
_09861_,8.52
_10174_,8.52
_10297_,8.52
_10700_,8.52
_12475_,8.52
_14779_,8.52
_15410_,8.52
_15412_,8.52
_16451_,8.52
_16781_,8.52
_18239_,8.52
fifo_nonce\[2\]\[122\],8.52
net940,8.52
_12068_,8.51
_03619_,8.5
_03942_,8.5
_03945_,8.5
_04244_,8.5
_04645_,8.5
_04675_,8.5
_04689_,8.5
_05213_,8.5
_05242_,8.5
_05320_,8.5
_08078_,8.5
_10663_,8.5
_11951_,8.5
_12418_,8.5
_14274_,8.5
_15883_,8.5
_16130_,8.5
_18153_,8.5
fifo_nonce\[7\]\[37\],8.5
net647,8.5
net2391,8.5
_00338_,8.485
_00473_,8.485
_01535_,8.485
_01337_,8.48
_04185_,8.48
_04594_,8.48
_05091_,8.48
_05222_,8.48
_06021_,8.48
_06747_,8.48
_06974_,8.48
_08564_,8.48
_10296_,8.48
_13318_,8.48
_14509_,8.48
_15205_,8.48
_16158_,8.48
_16496_,8.48
_16498_,8.48
_16642_,8.48
_18186_,8.48
_18417_,8.48
_18571_,8.48
_18877_,8.48
net747,8.48
net867,8.48
net1023,8.48
net1024,8.48
net1088,8.48
net1091,8.48
net1128,8.48
net1151,8.48
net1166,8.48
net1178,8.48
net1206,8.48
net1229,8.48
net1840,8.48
net2020,8.48
net2316,8.48
net2413,8.48
net2419,8.48
net2432,8.48
_03927_,8.46
_08273_,8.46
_09343_,8.46
_09883_,8.46
_15901_,8.46
_16532_,8.46
_17456_,8.46
_18403_,8.46
_18988_,8.46
fifo_nonce\[4\]\[79\],8.46
fifo_nonce\[5\]\[44\],8.46
fifo_nonce\[7\]\[105\],8.46
net1670,8.46
_06642_,8.455
_17800_,8.455
_01613_,8.445
_11108_,8.445
_01679_,8.44
_04366_,8.44
_04395_,8.44
_04621_,8.44
_05327_,8.44
_05839_,8.44
_06424_,8.44
_07113_,8.44
_11253_,8.44
_14867_,8.44
_15369_,8.44
_15426_,8.44
_15497_,8.44
_15520_,8.44
_15684_,8.44
_15900_,8.44
_15926_,8.44
_15954_,8.44
_15960_,8.44
_15966_,8.44
_16079_,8.44
_16266_,8.44
_16446_,8.44
_16589_,8.44
_16655_,8.44
_16789_,8.44
_18247_,8.44
_18287_,8.44
_18643_,8.44
fifo_nonce\[1\]\[0\],8.44
fifo_nonce\[2\]\[35\],8.44
fifo_nonce\[2\]\[89\],8.44
fifo_nonce\[5\]\[24\],8.44
u_aes128.round_key\[119\],8.44
u_aes128.round_key\[37\],8.44
u_aes128.round_key\[71\],8.44
u_auth_fsm.nonce_hist\[6\]\[33\],8.44
u_auth_fsm.tx_payload\[80\],8.44
net863,8.44
net1100,8.44
net1508,8.44
net1625,8.44
net1958,8.44
net2050,8.44
net2463,8.44
_15191_,8.42
_15992_,8.42
fifo_nonce\[4\]\[5\],8.42
u_aes128.round_key\[100\],8.415
_03807_,8.41
_18888_,8.41
_01406_,8.405
_03576_,8.4
_03830_,8.4
_03861_,8.4
_03951_,8.4
_04557_,8.4
_08754_,8.4
_08855_,8.4
_13176_,8.4
_13745_,8.4
_14428_,8.4
_15864_,8.4
_17086_,8.4
_17979_,8.4
_19130_,8.4
_19551_,8.4
fifo_nonce\[6\]\[38\],8.4
_01004_,8.395
_02121_,8.39
_03003_,8.38
_09091_,8.38
_10787_,8.38
_19453_,8.38
u_auth_fsm.cur_nonce\[68\],8.38
net1056,8.38
net1184,8.38
net1230,8.38
net1336,8.38
net1541,8.38
net1555,8.38
net1854,8.38
net2220,8.38
net2225,8.38
net2244,8.38
net2431,8.38
_01046_,8.365
u_auth_fsm.nonce_hist\[3\]\[81\],8.365
_03326_,8.36
_04976_,8.36
_09531_,8.36
_09903_,8.36
_12442_,8.36
_13798_,8.36
_17987_,8.36
fifo_nonce\[1\]\[49\],8.36
fifo_nonce\[2\]\[65\],8.36
fifo_nonce\[3\]\[92\],8.36
fifo_nonce\[5\]\[89\],8.36
fifo_nonce\[6\]\[96\],8.36
u_auth_fsm.nonce_hist\[3\]\[87\],8.36
net957,8.36
net1155,8.36
net1220,8.36
net1226,8.36
net1507,8.36
net1702,8.36
net1780,8.36
net2282,8.36
net2325,8.36
net2332,8.36
_08779_,8.35
_09771_,8.35
_03344_,8.345
_05262_,8.34
_05595_,8.34
_08131_,8.34
_12430_,8.34
_12679_,8.34
_14960_,8.34
fifo_nonce\[7\]\[86\],8.34
net865,8.34
net976,8.34
net1060,8.34
net1138,8.34
net1234,8.34
net1240,8.34
net1243,8.34
net1545,8.34
net1575,8.34
net1592,8.34
net1671,8.34
net1776,8.34
net1823,8.34
net2337,8.34
net2387,8.34
_00511_,8.325
_02916_,8.32
_11600_,8.32
_12088_,8.32
_12392_,8.32
_13639_,8.32
_17685_,8.32
_19589_,8.32
fifo_nonce\[1\]\[13\],8.32
fifo_nonce\[1\]\[88\],8.32
u_aes128.round_key\[99\],8.32
u_auth_fsm.aes_plaintext\[51\],8.32
u_auth_fsm.nonce_hist\[6\]\[85\],8.32
u_auth_fsm.nonce_hist\[7\]\[46\],8.32
net793,8.32
net2421,8.32
_00493_,8.3
_04020_,8.3
_06516_,8.3
_15854_,8.3
_16733_,8.3
_19069_,8.3
_19373_,8.3
_19397_,8.3
_00507_,8.285
_01011_,8.285
_01469_,8.285
_12126_,8.285
_00326_,8.28
_01167_,8.28
_04301_,8.28
_07631_,8.28
_10347_,8.28
_13803_,8.28
_16537_,8.28
_18050_,8.28
net1996,8.28
net2404,8.28
_00899_,8.265
_01009_,8.265
_01106_,8.265
_00144_,8.26
_01755_,8.26
_03498_,8.26
_06090_,8.26
_07758_,8.26
_07842_,8.26
_14288_,8.26
_17704_,8.26
_18576_,8.26
net2019,8.26
_03359_,8.245
_17805_,8.245
_02011_,8.24
_03753_,8.24
_07452_,8.24
_09108_,8.24
_14948_,8.24
_16490_,8.24
_17103_,8.24
_17795_,8.24
fifo_nonce\[5\]\[90\],8.24
fifo_nonce\[7\]\[45\],8.24
net565,8.24
net1180,8.24
net1492,8.24
net1871,8.24
_02499_,8.22
_03346_,8.22
_07697_,8.22
_19078_,8.22
fifo_nonce\[6\]\[111\],8.22
u_uart_tx.clk_cnt\[9\],8.22
net881,8.22
net1646,8.22
_02174_,8.2
_04851_,8.2
_05133_,8.2
_05468_,8.2
_06497_,8.2
_07625_,8.2
_09227_,8.2
_12568_,8.2
_12731_,8.2
_13182_,8.2
_13223_,8.2
_13681_,8.2
_13862_,8.2
_16140_,8.2
_16784_,8.2
_18882_,8.2
_19256_,8.2
fifo_nonce\[3\]\[31\],8.2
fifo_nonce\[6\]\[2\],8.2
net2095,8.2
_01393_,8.18
_01702_,8.18
_03137_,8.18
_09960_,8.18
_10862_,8.18
_17893_,8.18
_11232_,8.17
_00800_,8.165
_02336_,8.16
_02503_,8.16
_06016_,8.16
_06142_,8.16
_06294_,8.16
_07912_,8.16
_11916_,8.16
_12064_,8.16
_17659_,8.16
_17676_,8.16
fifo_nonce\[7\]\[22\],8.16
net616,8.16
_00776_,8.155
_17748_,8.15
_01054_,8.145
_00043_,8.14
_01452_,8.14
_01456_,8.14
_01935_,8.14
_02959_,8.14
_03194_,8.14
_03611_,8.14
_03813_,8.14
_04444_,8.14
_04596_,8.14
_07610_,8.14
_09030_,8.14
_09296_,8.14
_12046_,8.14
_13338_,8.14
_14460_,8.14
_14566_,8.14
_15603_,8.14
_18344_,8.14
_19603_,8.14
fifo_nonce\[5\]\[55\],8.14
fifo_nonce\[5\]\[88\],8.14
u_auth_fsm.secret_key\[3\],8.14
u_auth_fsm.secret_key\[99\],8.14
net479,8.14
net527,8.14
net1447,8.14
net1547,8.14
_00509_,8.125
_09423_,8.125
_01717_,8.12
_03277_,8.12
_03443_,8.12
_05006_,8.12
_05008_,8.12
_06734_,8.12
_16511_,8.12
_16877_,8.12
fifo_nonce\[3\]\[126\],8.12
fifo_nonce\[5\]\[125\],8.12
u_aes128.gen_key_sbox\[1\].sb_key.in\[6\],8.12
u_auth_fsm.nonce_hist\[2\]\[46\],8.12
net2284,8.12
_01735_,8.1
_03181_,8.1
_04035_,8.1
_04082_,8.1
_04172_,8.1
_05038_,8.1
_08866_,8.1
_10310_,8.1
_10866_,8.1
_10915_,8.1
_13315_,8.1
_15039_,8.1
_15346_,8.1
_15354_,8.1
_15374_,8.1
_15553_,8.1
_15651_,8.1
_15677_,8.1
_15730_,8.1
_16111_,8.1
_16121_,8.1
_16466_,8.1
_16574_,8.1
_17589_,8.1
_18250_,8.1
_18276_,8.1
_19245_,8.1
fifo_nonce\[1\]\[34\],8.1
fifo_nonce\[3\]\[3\],8.1
u_aes128.gen_state_sbox\[1\].sb_state.in\[2\],8.1
net489,8.1
net1346,8.1
net1635,8.1
net1666,8.1
_00620_,8.085
net421,8.08
_00481_,8.08
_02907_,8.08
_07482_,8.08
fifo_nonce\[2\]\[9\],8.08
fifo_nonce\[6\]\[27\],8.08
fifo_nonce\[7\]\[49\],8.08
_01525_,8.065
_01416_,8.06
_02958_,8.06
_03771_,8.06
_04429_,8.06
_04581_,8.06
_04627_,8.06
_09039_,8.06
_09076_,8.06
_12083_,8.06
_12409_,8.06
_12484_,8.06
_14270_,8.06
_14563_,8.06
_15915_,8.06
_16701_,8.06
_17918_,8.06
_18404_,8.06
_18452_,8.06
_18695_,8.06
_18764_,8.06
_18866_,8.06
fifo_nonce\[3\]\[48\],8.06
fifo_nonce\[4\]\[0\],8.06
fifo_nonce\[4\]\[26\],8.06
u_auth_fsm.secret_key\[100\],8.06
_10756_,8.055
_05624_,8.04
_09095_,8.04
_10542_,8.04
_12069_,8.04
_13183_,8.04
_17417_,8.04
_17877_,8.04
_18337_,8.04
net1246,8.04
_07214_,8.025
_01210_,8.02
_01256_,8.02
_02967_,8.02
_03799_,8.02
_04656_,8.02
_04683_,8.02
_06167_,8.02
_06892_,8.02
_07267_,8.02
_07298_,8.02
_09863_,8.02
_11092_,8.02
_11439_,8.02
_11541_,8.02
_11870_,8.02
_12389_,8.02
_12477_,8.02
_13090_,8.02
_13638_,8.02
_13739_,8.02
_14780_,8.02
_15328_,8.02
_15813_,8.02
_16265_,8.02
_16327_,8.02
_16935_,8.02
_17801_,8.02
_17920_,8.02
_17970_,8.02
_19532_,8.02
_19550_,8.02
u_aes128.round_key\[51\],8.02
u_aes128.round_key\[81\],8.02
u_auth_fsm.tx_payload\[42\],8.02
net425,8.02
net607,8.02
net834,8.02
net890,8.02
net1195,8.02
net1291,8.02
net1319,8.02
net1534,8.02
net1628,8.02
net1652,8.02
net1703,8.02
net1760,8.02
net1792,8.02
net1877,8.02
net2239,8.02
net2427,8.02
_01093_,8
_01810_,8
_02887_,8
_03637_,8
_09225_,8
_13578_,8
_14918_,8
_16641_,8
fifo_nonce\[2\]\[76\],8
fifo_nonce\[4\]\[43\],8
fifo_nonce\[7\]\[98\],8
u_auth_fsm.nonce_hist\[3\]\[31\],8
_01838_,7.985
_03664_,7.98
_03682_,7.98
_03958_,7.98
_04269_,7.98
_04272_,7.98
_04298_,7.98
_04391_,7.98
_04503_,7.98
_04511_,7.98
_07258_,7.98
_09669_,7.98
_10596_,7.98
_13694_,7.98
_14347_,7.98
_14415_,7.98
_15013_,7.98
_15314_,7.98
_15372_,7.98
_15386_,7.98
_15400_,7.98
_15619_,7.98
_15711_,7.98
_15776_,7.98
_15831_,7.98
_15832_,7.98
_15877_,7.98
_15878_,7.98
_15938_,7.98
_16098_,7.98
_17943_,7.98
_18063_,7.98
_18730_,7.98
_18997_,7.98
_19455_,7.98
fifo_nonce\[2\]\[59\],7.98
fifo_nonce\[5\]\[13\],7.98
fifo_nonce\[6\]\[88\],7.98
fifo_nonce\[7\]\[12\],7.98
fifo_nonce\[7\]\[82\],7.98
u_aes128.round_key\[89\],7.98
u_auth_fsm.cur_nonce\[122\],7.98
net958,7.98
net987,7.98
net1077,7.98
net1370,7.98
net1440,7.98
net1572,7.98
net1750,7.98
net1850,7.98
net1967,7.98
_17936_,7.97
_10766_,7.965
_06050_,7.96
_07360_,7.96
_08791_,7.96
_09708_,7.96
_10471_,7.96
_12394_,7.96
_14105_,7.96
_14939_,7.96
_15407_,7.96
_16976_,7.96
_19121_,7.96
fifo_nonce\[5\]\[123\],7.96
fifo_nonce\[7\]\[52\],7.96
_00120_,7.94
_00291_,7.94
_01681_,7.94
_04369_,7.94
_04713_,7.94
_05238_,7.94
_05255_,7.94
_06987_,7.94
_07105_,7.94
_07173_,7.94
_09980_,7.94
_11884_,7.94
_12029_,7.94
_12741_,7.94
_15342_,7.94
_16113_,7.94
fifo_nonce\[2\]\[114\],7.94
u_aes128.round_key\[75\],7.94
net2507,7.94
_17521_,7.935
_06893_,7.93
_07124_,7.925
_01576_,7.92
_05890_,7.92
_06506_,7.92
_08043_,7.92
net950,7.92
net1126,7.92
net1161,7.92
net1203,7.92
net1207,7.92
net1277,7.92
net1464,7.92
net1475,7.92
net1526,7.92
net1570,7.92
net1938,7.92
net1943,7.92
net2260,7.92
net2328,7.92
_01424_,7.9
_01616_,7.9
_03912_,7.9
_04187_,7.9
_06256_,7.9
_07268_,7.9
_07453_,7.9
_07487_,7.9
_08319_,7.9
_09294_,7.9
_11691_,7.9
_14285_,7.9
_16370_,7.9
fifo_nonce\[2\]\[101\],7.9
fifo_nonce\[3\]\[37\],7.9
fifo_nonce\[6\]\[64\],7.9
net448,7.9
net567,7.9
net1312,7.9
net1616,7.9
net2307,7.9
_12417_,7.895
_13901_,7.895
_11121_,7.89
_01051_,7.885
_05324_,7.88
_07241_,7.88
_08511_,7.88
_14085_,7.88
_14239_,7.88
_16820_,7.88
_17546_,7.88
_18319_,7.88
_18612_,7.88
_18846_,7.88
_19447_,7.88
net862,7.88
net1136,7.88
net1149,7.88
net1350,7.88
net1473,7.88
net1641,7.88
net1653,7.88
net1811,7.88
net2274,7.88
net2308,7.88
_08969_,7.87
_19200_,7.87
_06143_,7.86
_18654_,7.86
fifo_nonce\[1\]\[102\],7.86
u_aes128.round_key\[112\],7.86
u_auth_fsm.aes_plaintext\[47\],7.86
_06973_,7.84
_08068_,7.84
_13452_,7.84
_16593_,7.84
_16796_,7.84
_17093_,7.84
_17475_,7.84
_19215_,7.84
fifo_nonce\[2\]\[30\],7.84
_01538_,7.825
_03275_,7.825
_02470_,7.82
_02585_,7.82
_03622_,7.82
_13437_,7.82
_13662_,7.82
_13888_,7.82
_18529_,7.82
_18736_,7.82
_19402_,7.82
net485,7.82
net994,7.82
net1079,7.82
net2226,7.82
net2235,7.82
net2344,7.82
net2393,7.82
net2490,7.82
_01542_,7.805
_09433_,7.805
_11185_,7.805
_00105_,7.8
_01148_,7.8
_01687_,7.8
_01738_,7.8
_03333_,7.8
_06662_,7.8
_07080_,7.8
_08046_,7.8
_08345_,7.8
_09592_,7.8
_12018_,7.8
_12839_,7.8
_16810_,7.8
_17066_,7.8
_17321_,7.8
_18707_,7.8
net588,7.8
net656,7.8
net804,7.8
net1596,7.8
net2411,7.8
_03815_,7.795
_14306_,7.795
_00736_,7.785
_01437_,7.78
_01862_,7.78
_01930_,7.78
_02308_,7.78
_06065_,7.78
_08168_,7.78
_08513_,7.78
_11352_,7.78
_12493_,7.78
_13233_,7.78
_18171_,7.78
_18699_,7.78
_18712_,7.78
fifo_nonce\[1\]\[48\],7.78
fifo_nonce\[2\]\[10\],7.78
fifo_nonce\[5\]\[65\],7.78
fifo_nonce\[7\]\[33\],7.78
u_auth_fsm.cur_nonce\[52\],7.78
u_cmd_parser.nonce_reg\[5\],7.78
net2311,7.78
_17883_,7.775
_00546_,7.765
_00028_,7.76
_00191_,7.76
_01865_,7.76
_02278_,7.76
_02426_,7.76
_02619_,7.76
_03048_,7.76
_03170_,7.76
_08232_,7.76
_08707_,7.76
_10448_,7.76
_13085_,7.76
_18322_,7.76
net2506,7.76
fifo_nonce\[3\]\[85\],7.745
_05669_,7.74
_06658_,7.74
_07702_,7.74
_09313_,7.74
_11888_,7.74
_12914_,7.74
_12915_,7.74
_16735_,7.74
_18028_,7.74
fifo_nonce\[1\]\[26\],7.74
fifo_nonce\[6\]\[62\],7.74
fifo_nonce\[7\]\[126\],7.74
u_aes128.round_key\[103\],7.74
u_auth_fsm.aes_plaintext\[43\],7.74
u_auth_fsm.cur_nonce\[49\],7.74
net1318,7.74
_00420_,7.725
_03378_,7.725
_01207_,7.72
_01914_,7.72
_02233_,7.72
_07209_,7.72
_12406_,7.72
_19091_,7.72
_00774_,7.705
_01197_,7.7
_03439_,7.7
_05999_,7.7
_12550_,7.7
_13987_,7.7
_18023_,7.7
net604,7.7
_02107_,7.685
_01654_,7.68
_01882_,7.68
_03525_,7.68
_04208_,7.68
_04237_,7.68
_05137_,7.68
_05628_,7.68
_06264_,7.68
_06524_,7.68
_06930_,7.68
_07071_,7.68
_07265_,7.68
_08113_,7.68
_08409_,7.68
_08708_,7.68
_08840_,7.68
_10248_,7.68
_10765_,7.68
_11477_,7.68
_11615_,7.68
_12376_,7.68
_12910_,7.68
_13190_,7.68
_13247_,7.68
_13718_,7.68
_15784_,7.68
_15912_,7.68
_16254_,7.68
_16563_,7.68
_18112_,7.68
_18524_,7.68
_18680_,7.68
u_auth_fsm.cur_nonce\[61\],7.68
u_cmd_parser.nonce_reg\[7\],7.68
u_uart_rx.rx_shift\[7\],7.68
net2,7.68
net481,7.68
net894,7.68
net960,7.68
net1071,7.68
net1165,7.68
net1402,7.68
net1405,7.68
net1598,7.68
net1624,7.68
net1674,7.68
net1800,7.68
net1952,7.68
net2088,7.68
net2486,7.68
_10837_,7.67
_00687_,7.665
_08673_,7.665
_00271_,7.66
_03246_,7.66
_05968_,7.66
_06412_,7.66
_07314_,7.66
_07662_,7.66
_08051_,7.66
_09514_,7.66
_13037_,7.66
_13115_,7.66
_13492_,7.66
_13776_,7.66
_16798_,7.66
fifo_nonce\[2\]\[45\],7.66
fifo_nonce\[3\]\[115\],7.66
fifo_nonce\[5\]\[18\],7.66
fifo_nonce\[7\]\[103\],7.66
fifo_nonce\[7\]\[24\],7.66
fifo_nonce\[7\]\[69\],7.66
u_auth_fsm.tx_byte\[5\],7.66
_00555_,7.655
_17637_,7.645
_01181_,7.64
_01259_,7.64
_01600_,7.64
_01672_,7.64
_02497_,7.64
_03263_,7.64
_04402_,7.64
_04512_,7.64
_04724_,7.64
_05291_,7.64
_05621_,7.64
_06173_,7.64
_07203_,7.64
_07464_,7.64
_07769_,7.64
_09585_,7.64
_11942_,7.64
_11986_,7.64
_12129_,7.64
_12518_,7.64
_12958_,7.64
_14351_,7.64
_15445_,7.64
_15455_,7.64
_15608_,7.64
_16573_,7.64
_16577_,7.64
_16591_,7.64
_16622_,7.64
_17387_,7.64
_17552_,7.64
_18053_,7.64
_18482_,7.64
_18483_,7.64
_19369_,7.64
_19678_,7.64
fifo_nonce\[3\]\[95\],7.64
fifo_nonce\[4\]\[113\],7.64
fifo_nonce\[4\]\[123\],7.64
fifo_nonce\[5\]\[43\],7.64
u_auth_fsm.nonce_hist\[6\]\[43\],7.64
net486,7.64
net670,7.64
net1537,7.64
_13716_,7.635
_05364_,7.63
_00535_,7.625
_01890_,7.62
_02451_,7.62
_08338_,7.62
_09589_,7.62
_10390_,7.62
_11131_,7.62
_17233_,7.62
_19196_,7.62
fifo_nonce\[1\]\[106\],7.62
fifo_nonce\[2\]\[92\],7.62
fifo_nonce\[3\]\[86\],7.62
net2271,7.62
_17702_,7.61
_00624_,7.605
_01131_,7.605
_01340_,7.6
_01397_,7.6
_01740_,7.6
_03774_,7.6
_03842_,7.6
_04890_,7.6
_08454_,7.6
_08642_,7.6
_08994_,7.6
_09164_,7.6
_10435_,7.6
_11583_,7.6
_12349_,7.6
_12443_,7.6
_14887_,7.6
_15267_,7.6
_16261_,7.6
_16560_,7.6
_16670_,7.6
_16678_,7.6
_19016_,7.6
fifo_nonce\[4\]\[38\],7.6
fifo_nonce\[5\]\[108\],7.6
u_auth_fsm.cur_nonce\[108\],7.6
net586,7.6
_17721_,7.59
_19385_,7.59
_02065_,7.585
_05768_,7.585
_04278_,7.58
_04856_,7.58
_08837_,7.58
_09582_,7.58
_10398_,7.58
_12131_,7.58
_12945_,7.58
_13601_,7.58
_14259_,7.58
_16878_,7.58
_17655_,7.58
_17962_,7.58
_18603_,7.58
net1972,7.58
_18165_,7.57
_01507_,7.565
_00086_,7.56
_01320_,7.56
_02289_,7.56
_02319_,7.56
_03019_,7.56
_03565_,7.56
_03785_,7.56
_03791_,7.56
_03796_,7.56
_03880_,7.56
_03932_,7.56
_04075_,7.56
_04183_,7.56
_04253_,7.56
_04259_,7.56
_05132_,7.56
_05316_,7.56
_05908_,7.56
_06260_,7.56
_06714_,7.56
_07496_,7.56
_07868_,7.56
_08322_,7.56
_08343_,7.56
_08490_,7.56
_09533_,7.56
_09712_,7.56
_10228_,7.56
_12446_,7.56
_12911_,7.56
_12928_,7.56
_13658_,7.56
_14023_,7.56
_14391_,7.56
_14826_,7.56
_14961_,7.56
_15015_,7.56
_15338_,7.56
_15597_,7.56
_15765_,7.56
_16013_,7.56
_16276_,7.56
_16391_,7.56
_16408_,7.56
_16489_,7.56
_16661_,7.56
_19424_,7.56
fifo_nonce\[3\]\[111\],7.56
fifo_nonce\[3\]\[43\],7.56
fifo_nonce\[7\]\[121\],7.56
fifo_nonce\[7\]\[29\],7.56
u_aes128.gen_state_sbox\[9\].sb_state.in\[5\],7.56
net896,7.56
net900,7.56
net1292,7.56
net1521,7.56
net1610,7.56
net1629,7.56
net1697,7.56
net1714,7.56
net1770,7.56
net1982,7.56
net2097,7.56
_10739_,7.545
_01063_,7.54
_01234_,7.54
_01964_,7.54
_02627_,7.54
_03554_,7.54
_06433_,7.54
_07137_,7.54
_07245_,7.54
_09743_,7.54
_12698_,7.54
_14615_,7.54
_18912_,7.54
fifo_nonce\[1\]\[92\],7.54
net1773,7.54
_03281_,7.525
_01449_,7.52
_01842_,7.52
_03688_,7.52
_03874_,7.52
_04180_,7.52
_04201_,7.52
_04227_,7.52
_04496_,7.52
_04700_,7.52
_04748_,7.52
_04932_,7.52
_04963_,7.52
_06585_,7.52
_06765_,7.52
_07184_,7.52
_07244_,7.52
_07299_,7.52
_08431_,7.52
_08437_,7.52
_11261_,7.52
_11660_,7.52
_12964_,7.52
_14728_,7.52
_14783_,7.52
_15178_,7.52
_15256_,7.52
_15261_,7.52
_15398_,7.52
_15508_,7.52
_15737_,7.52
_15807_,7.52
_15962_,7.52
_16225_,7.52
_16351_,7.52
_16790_,7.52
_17383_,7.52
_17930_,7.52
_19198_,7.52
_19270_,7.52
_19671_,7.52
fifo_nonce\[0\]\[56\],7.52
fifo_nonce\[2\]\[64\],7.52
fifo_nonce\[5\]\[87\],7.52
fifo_nonce\[7\]\[104\],7.52
net1052,7.52
net1076,7.52
net1188,7.52
net1399,7.52
net1476,7.52
net1731,7.52
net2439,7.52
_08114_,7.5
_08349_,7.5
fifo_nonce\[0\]\[19\],7.5
_00569_,7.485
_01059_,7.485
_02435_,7.485
_04076_,7.48
_04413_,7.48
_04680_,7.48
_04763_,7.48
_14985_,7.48
_16120_,7.48
_16342_,7.48
_17947_,7.48
_18815_,7.48
_18876_,7.48
_19179_,7.48
_06649_,7.46
_08299_,7.46
_09978_,7.46
_10090_,7.46
_13350_,7.46
_16395_,7.46
_17890_,7.46
_19275_,7.46
net955,7.46
net978,7.46
net1020,7.46
net1031,7.46
net1187,7.46
net1451,7.46
net1595,7.46
net1636,7.46
net1644,7.46
net1704,7.46
net1772,7.46
net1817,7.46
net2157,7.46
net2264,7.46
_02629_,7.44
_03305_,7.44
_04218_,7.44
_04353_,7.44
_05299_,7.44
_05311_,7.44
_05504_,7.44
_06113_,7.44
_08832_,7.44
_10769_,7.44
_11048_,7.44
_11973_,7.44
_12034_,7.44
_13164_,7.44
_13628_,7.44
_14626_,7.44
_15180_,7.44
_16005_,7.44
_16500_,7.44
_19294_,7.44
fifo_nonce\[1\]\[10\],7.44
fifo_nonce\[1\]\[91\],7.44
fifo_nonce\[2\]\[61\],7.44
fifo_nonce\[7\]\[31\],7.44
u_aes128.round_key\[92\],7.44
u_aes128.round_key\[96\],7.44
net1263,7.44
net1985,7.44
_00499_,7.42
_06652_,7.42
_07303_,7.42
_07502_,7.42
_07916_,7.42
_09126_,7.42
_09413_,7.42
_11639_,7.42
_12935_,7.42
_13116_,7.42
_15794_,7.42
_16200_,7.42
_17204_,7.42
fifo_nonce\[0\]\[75\],7.42
fifo_nonce\[4\]\[119\],7.42
fifo_nonce\[7\]\[107\],7.42
net904,7.42
net1237,7.42
net1359,7.42
net1373,7.42
net1427,7.42
net1600,7.42
net2389,7.42
net2464,7.42
net2511,7.42
fifo_nonce\[2\]\[118\],7.415
_01398_,7.4
_02961_,7.4
_03008_,7.4
_03561_,7.4
_06489_,7.4
_09627_,7.4
_11805_,7.4
_13361_,7.4
_19239_,7.4
_19247_,7.4
_19264_,7.4
fifo_nonce\[2\]\[60\],7.4
fifo_nonce\[2\]\[79\],7.4
u_aes128.round_key\[41\],7.4
u_auth_fsm.cur_nonce\[109\],7.4
_00398_,7.385
_02919_,7.385
_08675_,7.38
_11486_,7.38
_14255_,7.38
_15327_,7.38
_18264_,7.38
_18399_,7.38
net2108,7.38
net2442,7.38
_17292_,7.365
_12325_,7.36
_14186_,7.36
_16345_,7.36
_18724_,7.36
_19146_,7.36
net1061,7.36
net1139,7.36
net1787,7.36
net2453,7.36
_06135_,7.345
_00085_,7.34
_02338_,7.34
_02519_,7.34
_02791_,7.34
_03059_,7.34
_05212_,7.34
_07993_,7.34
_09125_,7.34
_13097_,7.34
_13971_,7.34
_18357_,7.34
_19103_,7.34
_19295_,7.34
net440,7.34
net496,7.34
net1638,7.34
net2400,7.34
_11110_,7.33
_01232_,7.32
_02646_,7.32
_02684_,7.32
_07500_,7.32
_07550_,7.32
_07672_,7.32
_08882_,7.32
_09222_,7.32
_12534_,7.32
_12614_,7.32
_12936_,7.32
_14593_,7.32
_15871_,7.32
_16090_,7.32
_17855_,7.32
_19318_,7.32
_19503_,7.32
fifo_nonce\[2\]\[106\],7.32
fifo_nonce\[3\]\[34\],7.32
fifo_nonce\[3\]\[58\],7.32
fifo_nonce\[4\]\[102\],7.32
fifo_nonce\[5\]\[8\],7.32
fifo_nonce\[6\]\[1\],7.32
fifo_nonce\[6\]\[20\],7.32
fifo_nonce\[6\]\[28\],7.32
fifo_nonce\[7\]\[55\],7.32
fifo_nonce\[7\]\[84\],7.32
u_auth_fsm.aes_plaintext\[70\],7.32
net478,7.32
net1920,7.32
net2080,7.32
_01625_,7.3
_02310_,7.3
_03924_,7.3
_10382_,7.3
_10401_,7.3
_17152_,7.3
_19442_,7.3
fifo_nonce\[4\]\[35\],7.3
net644,7.3
_07862_,7.295
_01766_,7.28
_07678_,7.28
_11073_,7.28
_11197_,7.28
_13551_,7.28
_14011_,7.28
_17202_,7.28
_18975_,7.28
fifo_nonce\[2\]\[81\],7.28
fifo_nonce\[2\]\[94\],7.28
fifo_nonce\[3\]\[45\],7.28
fifo_nonce\[4\]\[107\],7.28
fifo_nonce\[4\]\[118\],7.28
fifo_nonce\[4\]\[13\],7.28
fifo_nonce\[4\]\[34\],7.28
fifo_nonce\[6\]\[57\],7.28
u_auth_fsm.aes_plaintext\[103\],7.28
u_auth_fsm.nonce_hist\[1\]\[116\],7.28
u_auth_fsm.nonce_hist\[7\]\[97\],7.28
_06675_,7.26
fifo_nonce\[2\]\[82\],7.26
u_aes128.round_key\[115\],7.26
_05829_,7.24
_06835_,7.24
_08445_,7.24
_08495_,7.24
_10036_,7.24
_12052_,7.24
_13132_,7.24
_17031_,7.24
_18033_,7.24
u_auth_fsm.secret_key\[32\],7.24
net471,7.24
net564,7.24
net1480,7.24
net1581,7.24
_08384_,7.23
_00619_,7.225
_01546_,7.225
_00010_,7.22
_00014_,7.22
_01328_,7.22
_01396_,7.22
_01662_,7.22
_01699_,7.22
_01834_,7.22
_02129_,7.22
_02913_,7.22
_03569_,7.22
_03644_,7.22
_03650_,7.22
_03731_,7.22
_03899_,7.22
_04482_,7.22
_04619_,7.22
_05358_,7.22
_06488_,7.22
_08250_,7.22
_08408_,7.22
_08609_,7.22
_09232_,7.22
_09580_,7.22
_09679_,7.22
_10859_,7.22
_11179_,7.22
_11859_,7.22
_11935_,7.22
_12540_,7.22
_13175_,7.22
_13189_,7.22
_13271_,7.22
_14128_,7.22
_14149_,7.22
_14345_,7.22
_14514_,7.22
_14574_,7.22
_15249_,7.22
_15302_,7.22
_15451_,7.22
_15586_,7.22
_15617_,7.22
_15622_,7.22
_15835_,7.22
_15841_,7.22
_15923_,7.22
_16080_,7.22
_16499_,7.22
_16502_,7.22
_16707_,7.22
_19063_,7.22
fifo_nonce\[4\]\[108\],7.22
fifo_nonce\[4\]\[36\],7.22
u_auth_fsm.secret_key\[101\],7.22
u_auth_fsm.secret_key\[68\],7.22
net545,7.22
net554,7.22
net566,7.22
net615,7.22
net1030,7.22
net1065,7.22
net1133,7.22
net1289,7.22
net1585,7.22
_11188_,7.21
_00076_,7.2
_05362_,7.2
_07852_,7.2
_08070_,7.2
_10760_,7.2
_10904_,7.2
_11730_,7.2
_11847_,7.2
_11850_,7.2
_11970_,7.2
_12750_,7.2
_13269_,7.2
_13282_,7.2
_13953_,7.2
_14034_,7.2
_14213_,7.2
_16146_,7.2
_18038_,7.2
fifo_nonce\[3\]\[64\],7.2
fifo_nonce\[5\]\[104\],7.2
fifo_nonce\[6\]\[3\],7.2
_10740_,7.195
_17629_,7.19
_00113_,7.18
_01450_,7.18
_01754_,7.18
_01867_,7.18
_02270_,7.18
_02274_,7.18
_02292_,7.18
_03102_,7.18
_03444_,7.18
_03892_,7.18
_04067_,7.18
_04691_,7.18
_04808_,7.18
_04846_,7.18
_05106_,7.18
_05252_,7.18
_05259_,7.18
_07125_,7.18
_08220_,7.18
_09715_,7.18
_10356_,7.18
_10900_,7.18
_12783_,7.18
_13008_,7.18
_13751_,7.18
_13805_,7.18
_14465_,7.18
_15126_,7.18
_15289_,7.18
_15423_,7.18
_15598_,7.18
_15968_,7.18
_16040_,7.18
_16112_,7.18
_16253_,7.18
_16316_,7.18
_16604_,7.18
_16713_,7.18
_17184_,7.18
_17450_,7.18
_17684_,7.18
_18595_,7.18
_18828_,7.18
fifo_nonce\[4\]\[45\],7.18
fifo_nonce\[4\]\[76\],7.18
u_auth_fsm.nonce_hist\[6\]\[107\],7.18
u_auth_fsm.secret_key\[75\],7.18
net772,7.18
net1530,7.18
net1825,7.18
_01630_,7.16
_13559_,7.16
_17985_,7.16
_18521_,7.16
net970,7.16
_00445_,7.145
_00933_,7.145
_01045_,7.145
_04016_,7.14
_04337_,7.14
_04498_,7.14
_04515_,7.14
_04588_,7.14
_04741_,7.14
_05069_,7.14
_05351_,7.14
_08094_,7.14
_09394_,7.14
_12829_,7.14
_15468_,7.14
_16150_,7.14
_16256_,7.14
_16394_,7.14
_16676_,7.14
_16716_,7.14
_16785_,7.14
_16825_,7.14
_18786_,7.14
_18896_,7.14
_19436_,7.14
u_auth_fsm.cur_nonce\[12\],7.14
u_auth_fsm.cur_nonce\[50\],7.14
net2497,7.14
_00259_,7.135
_01385_,7.12
_03659_,7.12
_03823_,7.12
_04474_,7.12
_06322_,7.12
_06505_,7.12
_07164_,7.12
_07827_,7.12
_08734_,7.12
_08920_,7.12
_09146_,7.12
_09187_,7.12
_09314_,7.12
_09483_,7.12
_14709_,7.12
_16477_,7.12
_18265_,7.12
_19441_,7.12
net520,7.12
_08935_,7.11
_00477_,7.105
_00950_,7.105
_01072_,7.105
_07668_,7.105
_01356_,7.1
_01718_,7.1
_02010_,7.1
_02667_,7.1
_03460_,7.1
_03660_,7.1
_03960_,7.1
_04039_,7.1
_04100_,7.1
_04179_,7.1
_04419_,7.1
_04569_,7.1
_04673_,7.1
_04826_,7.1
_05097_,7.1
_05208_,7.1
_05280_,7.1
_05681_,7.1
_06208_,7.1
_06362_,7.1
_07118_,7.1
_08489_,7.1
_08797_,7.1
_09074_,7.1
_10269_,7.1
_10699_,7.1
_11456_,7.1
_12237_,7.1
_13325_,7.1
_14048_,7.1
_14666_,7.1
_15098_,7.1
_15616_,7.1
_15640_,7.1
_15733_,7.1
_15946_,7.1
_16727_,7.1
_16806_,7.1
_17400_,7.1
_18248_,7.1
_18580_,7.1
_18628_,7.1
_19252_,7.1
_19437_,7.1
fifo_nonce\[2\]\[109\],7.1
fifo_nonce\[2\]\[39\],7.1
fifo_nonce\[2\]\[54\],7.1
fifo_nonce\[3\]\[47\],7.1
fifo_nonce\[6\]\[0\],7.1
fifo_type\[7\],7.1
net1043,7.1
net1354,7.1
net2126,7.1
net2228,7.1
_00500_,7.095
_11981_,7.09
_00007_,7.08
_01885_,7.08
_02745_,7.08
_07572_,7.08
_13571_,7.08
_14632_,7.08
_16217_,7.08
fifo_nonce\[3\]\[107\],7.08
fifo_nonce\[4\]\[121\],7.08
fifo_nonce\[7\]\[102\],7.08
u_auth_fsm.cur_nonce\[56\],7.08
u_auth_fsm.nonce_hist\[3\]\[56\],7.075
_01668_,7.065
_03072_,7.06
_03681_,7.06
_03980_,7.06
_04138_,7.06
_04207_,7.06
_05029_,7.06
_05031_,7.06
_05231_,7.06
_06268_,7.06
_06990_,7.06
_07174_,7.06
_07220_,7.06
_07824_,7.06
_08411_,7.06
_10465_,7.06
_11554_,7.06
_11634_,7.06
_11645_,7.06
_12428_,7.06
_13339_,7.06
_14371_,7.06
_14842_,7.06
_14869_,7.06
_15292_,7.06
_15362_,7.06
_15417_,7.06
_15419_,7.06
_15512_,7.06
_15572_,7.06
_15699_,7.06
_16053_,7.06
_16155_,7.06
_16409_,7.06
_16530_,7.06
_17255_,7.06
_17363_,7.06
_17993_,7.06
_18485_,7.06
_19070_,7.06
_19697_,7.06
fifo_nonce\[5\]\[127\],7.06
fifo_nonce\[6\]\[100\],7.06
fifo_nonce\[6\]\[45\],7.06
fifo_nonce\[7\]\[50\],7.06
fifo_nonce\[7\]\[96\],7.06
u_auth_fsm.tx_payload\[55\],7.06
net975,7.06
net1484,7.06
net2017,7.06
net2130,7.06
net2388,7.06
_00547_,7.045
_15318_,7.04
_15551_,7.04
fifo_nonce\[3\]\[46\],7.04
_00488_,7.025
_01851_,7.025
_04706_,7.02
_00565_,7.015
_12001_,7.01
u_aes128.round_key\[97\],7.01
_01062_,7.005
_03185_,7
_03271_,7
_05643_,7
_06008_,7
_06898_,7
_09210_,7
_09523_,7
_11999_,7
_12140_,7
_12785_,7
_15384_,7
_16023_,7
fifo_nonce\[6\]\[92\],7
net873,7
net909,7
net912,7
net969,7
net1013,7
net1124,7
net1131,7
net1190,7
net1209,7
net1219,7
net1270,7
net1278,7
net1309,7
net1311,7
net1408,7
net1422,7
net1426,7
net1512,7
net1536,7
net1611,7
net1664,7
net1673,7
net1678,7
net1862,7
net1878,7
net1929,7
net2448,7
_16991_,6.995
_18807_,6.99
_00902_,6.985
_01275_,6.98
_01686_,6.98
_02546_,6.98
_03670_,6.98
_03928_,6.98
_04613_,6.98
_04618_,6.98
_06003_,6.98
_06197_,6.98
_07068_,6.98
_07084_,6.98
_08341_,6.98
_09605_,6.98
_10085_,6.98
_10978_,6.98
_11267_,6.98
_11703_,6.98
_13740_,6.98
_14132_,6.98
_14471_,6.98
_14745_,6.98
_15567_,6.98
_17416_,6.98
_17790_,6.98
_18598_,6.98
_18718_,6.98
_18805_,6.98
_19588_,6.98
fifo_nonce\[1\]\[69\],6.98
fifo_nonce\[2\]\[48\],6.98
fifo_nonce\[3\]\[72\],6.98
fifo_nonce\[3\]\[93\],6.98
fifo_nonce\[4\]\[80\],6.98
fifo_nonce\[5\]\[47\],6.98
u_auth_fsm.tx_payload\[118\],6.98
u_cmd_parser.nonce_reg\[75\],6.98
u_cmd_parser.timeout_cnt\[16\],6.98
net1398,6.98
net1788,6.98
net1818,6.98
net2009,6.98
_00234_,6.96
_04374_,6.96
_04580_,6.96
_08510_,6.96
_14200_,6.96
_16942_,6.96
_17755_,6.96
_18317_,6.96
_19111_,6.96
_19162_,6.96
fifo_nonce\[4\]\[86\],6.96
fifo_nonce\[7\]\[75\],6.96
u_aes128.round_key\[53\],6.96
net1086,6.96
net1244,6.96
net1588,6.96
net1612,6.96
net2433,6.96
_18996_,6.95
net576,6.945
_00229_,6.94
_01943_,6.94
_02448_,6.94
_02722_,6.94
_02962_,6.94
_03548_,6.94
_04120_,6.94
_05223_,6.94
_06638_,6.94
_18378_,6.94
fifo_nonce\[3\]\[103\],6.94
fifo_nonce\[6\]\[119\],6.94
u_aes128.round_key\[79\],6.94
net2484,6.94
u_auth_fsm.nonce_hist\[5\]\[9\],6.935
_01969_,6.925
_02222_,6.92
_11812_,6.92
_19250_,6.92
_01127_,6.905
_05442_,6.9
_09475_,6.9
_09929_,6.9
_11314_,6.9
_12412_,6.9
_18779_,6.9
net850,6.9
net989,6.9
net1111,6.9
net1459,6.9
net2266,6.9
_00103_,6.88
_00213_,6.88
_01682_,6.88
_01801_,6.88
_01954_,6.88
_03352_,6.88
_05221_,6.88
_05521_,6.88
_07046_,6.88
_08471_,6.88
_11985_,6.88
_13761_,6.88
_13969_,6.88
_14066_,6.88
_16347_,6.88
_17646_,6.88
_18191_,6.88
_18453_,6.88
_18626_,6.88
_19407_,6.88
fifo_nonce\[6\]\[13\],6.88
fifo_nonce\[6\]\[95\],6.88
net443,6.88
net555,6.88
net923,6.88
net965,6.88
net1254,6.88
net1571,6.88
_07875_,6.87
_00806_,6.865
_01960_,6.865
_01642_,6.86
_03290_,6.86
_05439_,6.86
_07873_,6.86
_10630_,6.86
_11643_,6.86
_12210_,6.86
_12723_,6.86
_13303_,6.86
_13313_,6.86
_13542_,6.86
_13730_,6.86
_15993_,6.86
_18938_,6.86
fifo_nonce\[4\]\[59\],6.86
fifo_nonce\[7\]\[44\],6.86
u_auth_fsm.tx_payload\[119\],6.86
_18965_,6.85
_01101_,6.845
_00110_,6.84
_00217_,6.84
_01336_,6.84
_01713_,6.84
_02481_,6.84
_02511_,6.84
_02834_,6.84
_02840_,6.84
_02952_,6.84
_03389_,6.84
_05130_,6.84
_07534_,6.84
_11340_,6.84
_11763_,6.84
_12689_,6.84
_19536_,6.84
net2128,6.84
_00290_,6.825
_00534_,6.825
_00600_,6.825
_01125_,6.825
_01502_,6.825
_01561_,6.825
fifo_nonce\[3\]\[11\],6.825
_03612_,6.82
_06836_,6.82
_09290_,6.82
_13017_,6.82
_14089_,6.82
_17694_,6.82
fifo_nonce\[1\]\[101\],6.82
fifo_nonce\[6\]\[37\],6.82
fifo_nonce\[7\]\[100\],6.82
u_auth_fsm.nonce_hist\[2\]\[97\],6.82
net470,6.82
_01313_,6.8
_03808_,6.79
_03190_,6.78
_03252_,6.78
_06810_,6.78
_07674_,6.78
_07819_,6.78
_09247_,6.78
_09305_,6.78
_11207_,6.78
_11421_,6.78
_12929_,6.78
_13756_,6.78
_13960_,6.78
_14353_,6.78
_17697_,6.78
_18858_,6.78
net559,6.78
net679,6.78
net789,6.78
net1300,6.78
net1351,6.78
net1978,6.78
net2373,6.78
_00709_,6.765
_02109_,6.765
_02579_,6.765
_01419_,6.76
_02192_,6.76
_02761_,6.76
_03029_,6.76
_04407_,6.76
_04476_,6.76
_04492_,6.76
_04516_,6.76
_05020_,6.76
_05287_,6.76
_05684_,6.76
_05991_,6.76
_06706_,6.76
_06793_,6.76
_06929_,6.76
_08194_,6.76
_09380_,6.76
_10680_,6.76
_10695_,6.76
_10840_,6.76
_11154_,6.76
_11221_,6.76
_11525_,6.76
_11531_,6.76
_11998_,6.76
_12405_,6.76
_12647_,6.76
_12699_,6.76
_12893_,6.76
_13331_,6.76
_13719_,6.76
_14024_,6.76
_15055_,6.76
_15391_,6.76
_15876_,6.76
_15991_,6.76
_16399_,6.76
_16767_,6.76
_17159_,6.76
_18181_,6.76
fifo_nonce\[1\]\[53\],6.76
fifo_nonce\[5\]\[29\],6.76
u_auth_fsm.cur_nonce\[95\],6.76
u_auth_fsm.nonce_hist\[6\]\[83\],6.76
u_auth_fsm.secret_key\[102\],6.76
u_auth_fsm.secret_key\[127\],6.76
u_cmd_parser.nonce_reg\[115\],6.76
net523,6.76
net714,6.76
net1144,6.76
net1154,6.76
net1201,6.76
net1232,6.76
net1442,6.76
net1566,6.76
net1602,6.76
net1831,6.76
net1882,6.76
_00632_,6.745
_02315_,6.74
_04758_,6.74
_04764_,6.74
_07102_,6.74
_07400_,6.74
_07579_,6.74
_16264_,6.74
_17750_,6.74
fifo_nonce\[5\]\[82\],6.74
fifo_nonce\[7\]\[114\],6.74
u_aes128.round_key\[104\],6.74
_06137_,6.73
_06366_,6.73
_00015_,6.72
_01689_,6.72
_01746_,6.72
_01752_,6.72
_01791_,6.72
_02398_,6.72
_03269_,6.72
_04106_,6.72
_04170_,6.72
_04252_,6.72
_04440_,6.72
_04484_,6.72
_04720_,6.72
_04745_,6.72
_04765_,6.72
_04917_,6.72
_05088_,6.72
_05444_,6.72
_06678_,6.72
_08404_,6.72
_08512_,6.72
_09224_,6.72
_09278_,6.72
_09906_,6.72
_10002_,6.72
_10388_,6.72
_10500_,6.72
_10661_,6.72
_11099_,6.72
_11237_,6.72
_12118_,6.72
_12557_,6.72
_14436_,6.72
_14455_,6.72
_15190_,6.72
_15192_,6.72
_15546_,6.72
_15778_,6.72
_15821_,6.72
_15893_,6.72
_15902_,6.72
_16156_,6.72
_16323_,6.72
_16538_,6.72
_16617_,6.72
_16723_,6.72
_19173_,6.72
_19206_,6.72
fifo_nonce\[1\]\[73\],6.72
fifo_nonce\[1\]\[77\],6.72
u_auth_fsm.cur_nonce\[105\],6.72
u_auth_fsm.cur_nonce\[59\],6.72
u_auth_fsm.hist_valid\[7\],6.72
u_auth_fsm.secret_key\[60\],6.72
u_cmd_parser.nonce_reg\[118\],6.72
net1909,6.72
_00503_,6.705
_00908_,6.705
_01156_,6.7
_01967_,6.7
_02856_,6.7
_03146_,6.7
_14628_,6.7
_18299_,6.7
fifo_nonce\[3\]\[105\],6.7
_01002_,6.695
_00394_,6.685
_00856_,6.685
_16220_,6.68
_01346_,6.66
_01388_,6.66
_01428_,6.66
_01434_,6.66
_03172_,6.66
_03230_,6.66
_03613_,6.66
_04036_,6.66
_04367_,6.66
_04469_,6.66
_04886_,6.66
_06180_,6.66
_06449_,6.66
_08079_,6.66
_08106_,6.66
_09286_,6.66
_10557_,6.66
_13508_,6.66
_15062_,6.66
_15389_,6.66
_16232_,6.66
_16507_,6.66
_16632_,6.66
_17662_,6.66
_18645_,6.66
_19018_,6.66
_19204_,6.66
fifo_nonce\[3\]\[109\],6.66
fifo_nonce\[6\]\[41\],6.66
fifo_nonce\[6\]\[52\],6.66
fifo_nonce\[7\]\[113\],6.66
net1096,6.66
net1568,6.66
_05678_,6.65
_11304_,6.65
_00712_,6.645
_02264_,6.64
_02716_,6.64
_02928_,6.64
_03108_,6.64
_03683_,6.64
_04124_,6.64
_04361_,6.64
_04416_,6.64
_05039_,6.64
_05053_,6.64
_05120_,6.64
_05145_,6.64
_05226_,6.64
_05286_,6.64
_06845_,6.64
_07194_,6.64
_07199_,6.64
_07242_,6.64
_07641_,6.64
_07708_,6.64
_08457_,6.64
_09448_,6.64
_09609_,6.64
_09702_,6.64
_09912_,6.64
_10100_,6.64
_10108_,6.64
_10180_,6.64
_10370_,6.64
_10455_,6.64
_10728_,6.64
_11204_,6.64
_12542_,6.64
_12796_,6.64
_13421_,6.64
_13749_,6.64
_14171_,6.64
_14629_,6.64
_14735_,6.64
_14878_,6.64
_15303_,6.64
_15439_,6.64
_15623_,6.64
_15791_,6.64
_16100_,6.64
_16299_,6.64
_16529_,6.64
_16569_,6.64
_16572_,6.64
_16612_,6.64
_16615_,6.64
_16746_,6.64
_18092_,6.64
_18256_,6.64
fifo_nonce\[1\]\[31\],6.64
fifo_nonce\[6\]\[102\],6.64
fifo_nonce\[6\]\[103\],6.64
fifo_nonce\[6\]\[24\],6.64
fifo_nonce\[6\]\[63\],6.64
fifo_nonce\[6\]\[65\],6.64
fifo_nonce\[6\]\[97\],6.64
fifo_nonce\[7\]\[18\],6.64
fifo_nonce\[7\]\[58\],6.64
u_aes128.round_key\[61\],6.64
net1008,6.64
net1194,6.64
net1215,6.64
net1410,6.64
net1445,6.64
net1470,6.64
net1528,6.64
net1739,6.64
net2230,6.64
net2424,6.64
_00664_,6.62
_01727_,6.62
_03718_,6.62
_04196_,6.62
_04417_,6.62
_10070_,6.62
_11654_,6.62
_13299_,6.62
_13465_,6.62
_15683_,6.62
_19090_,6.62
fifo_nonce\[1\]\[87\],6.62
fifo_nonce\[3\]\[8\],6.62
fifo_nonce\[4\]\[125\],6.62
fifo_nonce\[4\]\[65\],6.62
fifo_nonce\[5\]\[114\],6.62
fifo_nonce\[5\]\[49\],6.62
_03287_,6.605
_18728_,6.605
net674,6.605
net739,6.605
_03579_,6.6
_03860_,6.6
_03884_,6.6
_03930_,6.6
_04388_,6.6
_04428_,6.6
_04677_,6.6
_04695_,6.6
_04752_,6.6
_04832_,6.6
_05016_,6.6
_05769_,6.6
_06052_,6.6
_06612_,6.6
_07650_,6.6
_08670_,6.6
_08763_,6.6
_09994_,6.6
_10124_,6.6
_10383_,6.6
_10618_,6.6
_11463_,6.6
_11570_,6.6
_12692_,6.6
_13178_,6.6
_14930_,6.6
_15241_,6.6
_15607_,6.6
_15747_,6.6
_15833_,6.6
_16029_,6.6
_16076_,6.6
_16101_,6.6
_16296_,6.6
_16601_,6.6
_16715_,6.6
_16791_,6.6
_17198_,6.6
_17976_,6.6
_18848_,6.6
_19460_,6.6
_19666_,6.6
fifo_nonce\[1\]\[95\],6.6
fifo_nonce\[2\]\[50\],6.6
fifo_nonce\[2\]\[62\],6.6
fifo_nonce\[2\]\[67\],6.6
fifo_nonce\[2\]\[72\],6.6
fifo_nonce\[2\]\[96\],6.6
fifo_nonce\[6\]\[15\],6.6
u_auth_fsm.aes_plaintext\[52\],6.6
u_auth_fsm.cooldown_cnt\[3\],6.6
net980,6.6
net1517,6.6
_10405_,6.59
_09048_,6.58
fifo_nonce\[4\]\[23\],6.58
_08365_,6.575
u_uart_tx.clk_cnt\[10\],6.575
_00320_,6.565
_02671_,6.565
_00512_,6.545
_00804_,6.54
_02343_,6.54
_02859_,6.54
_08017_,6.54
_10186_,6.54
_10237_,6.54
_10496_,6.54
_13309_,6.54
_18273_,6.54
_18627_,6.54
_19375_,6.54
fifo_nonce\[4\]\[88\],6.54
net884,6.54
net1035,6.54
net1047,6.54
net1177,6.54
net1181,6.54
net1259,6.54
net1264,6.54
net1284,6.54
net1317,6.54
net1485,6.54
net1488,6.54
net1576,6.54
net1829,6.54
net2013,6.54
net2352,6.54
net2398,6.54
net2409,6.54
_08222_,6.53
_01992_,6.52
_04094_,6.52
_06622_,6.52
_06779_,6.52
_07554_,6.52
_08382_,6.52
_08683_,6.52
_09148_,6.52
_11023_,6.52
_11637_,6.52
_13286_,6.52
_14006_,6.52
_15977_,6.52
_15998_,6.52
_16552_,6.52
_17049_,6.52
_17466_,6.52
_17897_,6.52
_19046_,6.52
fifo_nonce\[4\]\[75\],6.52
u_aes128.ciphertext\[44\],6.52
u_auth_fsm.nonce_hist\[6\]\[93\],6.52
u_auth_fsm.secret_key\[48\],6.52
u_cmd_parser.nonce_reg\[2\],6.52
net835,6.52
net1118,6.52
net1751,6.52
_04103_,6.5
_04891_,6.5
_08047_,6.5
_09484_,6.5
_09503_,6.5
_10048_,6.5
_11563_,6.5
_12303_,6.5
_13599_,6.5
_14068_,6.5
_15285_,6.5
_16356_,6.5
_17059_,6.5
_17424_,6.5
_17946_,6.5
_17994_,6.5
_18020_,6.5
fifo_nonce\[4\]\[85\],6.5
fifo_nonce\[7\]\[38\],6.5
u_aes128.round_key\[49\],6.5
net964,6.5
net1253,6.5
net1416,6.5
net1853,6.5
net2378,6.5
net2500,6.5
_08184_,6.49
_01333_,6.48
_01339_,6.48
_01684_,6.48
_02203_,6.48
_02649_,6.48
_03045_,6.48
_03458_,6.48
_06627_,6.48
_08044_,6.48
_08192_,6.48
_09638_,6.48
_11885_,6.48
_13546_,6.48
_13911_,6.48
_17382_,6.48
_18475_,6.48
_18823_,6.48
fifo_nonce\[5\]\[63\],6.48
net416,6.48
net932,6.48
net1423,6.48
net1809,6.48
net2276,6.48
_10352_,6.475
_00041_,6.465
_01048_,6.465
_01530_,6.465
_02041_,6.465
net456,6.465
net846,6.465
_17412_,6.46
_18466_,6.46
_00256_,6.445
_08228_,6.445
_12508_,6.445
_05214_,6.44
_05622_,6.44
_08713_,6.44
_09208_,6.44
_14208_,6.44
_16332_,6.44
net658,6.44
net758,6.44
net977,6.44
net1069,6.44
net1112,6.44
net1228,6.44
net1367,6.44
net1385,6.44
net1630,6.44
net1713,6.44
net1847,6.44
net1908,6.44
net2010,6.44
net2201,6.44
net2351,6.44
net2375,6.44
net2379,6.44
_00990_,6.425
_07371_,6.425
_08653_,6.425
_08902_,6.425
_12469_,6.425
_13427_,6.425
_01357_,6.42
_01788_,6.42
_02388_,6.42
_02475_,6.42
_02551_,6.42
_02786_,6.42
_02935_,6.42
_03946_,6.42
_05150_,6.42
_05677_,6.42
_08592_,6.42
_13982_,6.42
_15487_,6.42
_16201_,6.42
_17460_,6.42
_18101_,6.42
_19165_,6.42
net718,6.42
net816,6.42
net1923,6.42
net2281,6.42
_07197_,6.415
u_uart_rx.rx_d1,6.41
_02356_,6.4
_03054_,6.4
_03168_,6.4
_04866_,6.4
_06358_,6.4
_07274_,6.4
_09110_,6.4
_11196_,6.4
_11298_,6.4
_14389_,6.4
_14789_,6.4
_16195_,6.4
_17828_,6.4
fifo_nonce\[5\]\[37\],6.4
fifo_nonce\[7\]\[34\],6.4
u_auth_fsm.nonce_hist\[6\]\[46\],6.4
net2350,6.4
net2374,6.4
_00212_,6.38
_01240_,6.38
_01282_,6.38
_01407_,6.38
_01700_,6.38
_01850_,6.38
_01910_,6.38
_01966_,6.38
_02017_,6.38
_02236_,6.38
_02461_,6.38
_02506_,6.38
_02968_,6.38
_03302_,6.38
_06179_,6.38
_18717_,6.38
_18775_,6.38
fifo_nonce\[2\]\[33\],6.38
fifo_nonce\[6\]\[22\],6.38
net2305,6.38
_00424_,6.365
_00536_,6.365
_00596_,6.365
_00957_,6.365
_05698_,6.365
_17235_,6.365
_06643_,6.36
_07154_,6.36
_07246_,6.36
_15491_,6.36
_19636_,6.36
fifo_nonce\[1\]\[108\],6.36
fifo_nonce\[4\]\[122\],6.36
fifo_nonce\[5\]\[45\],6.36
u_cmd_parser.timeout_cnt\[18\],6.36
_09546_,6.35
_00402_,6.345
_01163_,6.32
_01164_,6.32
_01375_,6.32
_01404_,6.32
_01418_,6.32
_01446_,6.32
_02779_,6.32
_02979_,6.32
_03171_,6.32
_03179_,6.32
_03204_,6.32
_03233_,6.32
_03262_,6.32
_04965_,6.32
_05728_,6.32
_05870_,6.32
_05929_,6.32
_06169_,6.32
_06230_,6.32
_06466_,6.32
_06604_,6.32
_07223_,6.32
_07590_,6.32
_08823_,6.32
_09262_,6.32
_09962_,6.32
_11589_,6.32
_11625_,6.32
_11666_,6.32
_12454_,6.32
_13052_,6.32
_13150_,6.32
_13301_,6.32
_13712_,6.32
_13916_,6.32
_14594_,6.32
_17146_,6.32
_17226_,6.32
_17608_,6.32
_18385_,6.32
_19035_,6.32
u_aes128.gen_state_sbox\[2\].sb_state.in\[6\],6.32
u_auth_fsm.cooldown_cnt\[28\],6.32
net956,6.32
net1429,6.32
net2160,6.32
net2237,6.32
_00478_,6.305
_07581_,6.305
_10243_,6.305
_01401_,6.3
_01426_,6.3
_01460_,6.3
_01742_,6.3
_01771_,6.3
_01880_,6.3
_01956_,6.3
_02039_,6.3
_02694_,6.3
_02759_,6.3
_02950_,6.3
_02977_,6.3
_03009_,6.3
_03096_,6.3
_03163_,6.3
_03183_,6.3
_03282_,6.3
_03966_,6.3
_04063_,6.3
_04310_,6.3
_04317_,6.3
_04427_,6.3
_04470_,6.3
_04472_,6.3
_04478_,6.3
_04523_,6.3
_04545_,6.3
_04605_,6.3
_04654_,6.3
_04844_,6.3
_05294_,6.3
_05318_,6.3
_06655_,6.3
_07042_,6.3
_07067_,6.3
_07088_,6.3
_07930_,6.3
_08075_,6.3
_08684_,6.3
_08975_,6.3
_09263_,6.3
_09652_,6.3
_10446_,6.3
_10717_,6.3
_10790_,6.3
_11490_,6.3
_11534_,6.3
_12076_,6.3
_12111_,6.3
_12145_,6.3
_12499_,6.3
_12891_,6.3
_13217_,6.3
_13252_,6.3
_13514_,6.3
_13689_,6.3
_14113_,6.3
_14521_,6.3
_14554_,6.3
_14793_,6.3
_15213_,6.3
_15448_,6.3
_15809_,6.3
_15829_,6.3
_16022_,6.3
_16360_,6.3
_16363_,6.3
_16599_,6.3
_16777_,6.3
_17360_,6.3
_17852_,6.3
_17910_,6.3
_18163_,6.3
_18408_,6.3
_19379_,6.3
fifo_nonce\[4\]\[115\],6.3
fifo_nonce\[4\]\[63\],6.3
fifo_nonce\[5\]\[11\],6.3
u_auth_fsm.secret_key\[67\],6.3
u_auth_fsm.tx_payload\[28\],6.3
net446,6.3
net611,6.3
net732,6.3
net917,6.3
net1106,6.3
net1163,6.3
net1471,6.3
net1752,6.3
net1796,6.3
net1837,6.3
net2465,6.3
_18942_,6.29
_02701_,6.285
_01701_,6.28
_02735_,6.28
_04118_,6.28
_05425_,6.28
_06182_,6.28
_06952_,6.28
_07983_,6.28
_08618_,6.28
_08910_,6.28
_12849_,6.28
_13306_,6.28
_14385_,6.28
_14533_,6.28
_14559_,6.28
fifo_nonce\[5\]\[106\],6.28
fifo_nonce\[5\]\[126\],6.28
fifo_nonce\[5\]\[93\],6.28
fifo_nonce\[6\]\[5\],6.28
u_aes128.round_key\[45\],6.28
_00365_,6.265
_00822_,6.265
_01228_,6.26
_01464_,6.26
_01710_,6.26
_01899_,6.26
_02594_,6.26
_03673_,6.26
_03692_,6.26
_03769_,6.26
_03794_,6.26
_03847_,6.26
_04098_,6.26
_04234_,6.26
_04697_,6.26
_04726_,6.26
_04751_,6.26
_04781_,6.26
_05207_,6.26
_05248_,6.26
_05284_,6.26
_05303_,6.26
_05339_,6.26
_06895_,6.26
_07605_,6.26
_07990_,6.26
_08388_,6.26
_08602_,6.26
_08872_,6.26
_09124_,6.26
_09648_,6.26
_10197_,6.26
_10371_,6.26
_10817_,6.26
_11478_,6.26
_11712_,6.26
_11934_,6.26
_12005_,6.26
_12136_,6.26
_12371_,6.26
_14010_,6.26
_15175_,6.26
_15351_,6.26
_15353_,6.26
_15409_,6.26
_15437_,6.26
_15443_,6.26
_15498_,6.26
_15789_,6.26
_15838_,6.26
_15922_,6.26
_15943_,6.26
_15949_,6.26
_15956_,6.26
_16030_,6.26
_16034_,6.26
_16415_,6.26
_16478_,6.26
_16779_,6.26
_17050_,6.26
_17881_,6.26
_18855_,6.26
_19056_,6.26
_19101_,6.26
_19199_,6.26
_19236_,6.26
_19523_,6.26
fifo_nonce\[3\]\[36\],6.26
fifo_nonce\[4\]\[70\],6.26
u_aes128.round_key\[111\],6.26
u_auth_fsm.cur_nonce\[54\],6.26
u_auth_fsm.secret_key\[18\],6.26
u_auth_fsm.secret_key\[51\],6.26
u_auth_fsm.secret_key\[70\],6.26
u_auth_fsm.secret_key\[79\],6.26
u_auth_fsm.secret_key\[97\],6.26
u_cmd_parser.cmd_reg\[2\],6.26
u_cmd_parser.nonce_reg\[116\],6.26
net2091,6.26
net2236,6.26
_00976_,6.245
_00034_,6.24
_04327_,6.24
u_aes128.round_key\[114\],6.24
u_auth_fsm.secret_key\[110\],6.24
_08221_,6.23
_00541_,6.225
_01087_,6.225
_01473_,6.225
_01501_,6.225
_04306_,6.22
_07227_,6.22
_16566_,6.22
key_ready_o,6.21
_03691_,6.2
_04192_,6.2
_04500_,6.2
_04662_,6.2
_05086_,6.2
_06248_,6.2
_07044_,6.2
_07264_,6.2
_07377_,6.2
_08275_,6.2
_08480_,6.2
_08520_,6.2
_09551_,6.2
_09716_,6.2
_11716_,6.2
_12373_,6.2
_12495_,6.2
_12744_,6.2
_13676_,6.2
_15511_,6.2
_15516_,6.2
_15814_,6.2
_15884_,6.2
_15888_,6.2
_15921_,6.2
_16476_,6.2
_16480_,6.2
_17317_,6.2
_17670_,6.2
fifo_nonce\[6\]\[109\],6.2
fifo_nonce\[6\]\[23\],6.2
fifo_nonce\[6\]\[51\],6.2
fifo_nonce\[6\]\[61\],6.2
fifo_nonce\[6\]\[70\],6.2
fifo_nonce\[7\]\[19\],6.2
fifo_nonce\[7\]\[88\],6.2
net2263,6.2
net2417,6.2
_01088_,6.185
_00012_,6.18
_00013_,6.18
_00077_,6.18
_00133_,6.18
_03543_,6.18
_03676_,6.18
_03868_,6.18
_04023_,6.18
_04333_,6.18
_04468_,6.18
_04521_,6.18
_04660_,6.18
_05004_,6.18
_05282_,6.18
_06217_,6.18
_07040_,6.18
_07085_,6.18
_07693_,6.18
_08112_,6.18
_08329_,6.18
_08671_,6.18
_08860_,6.18
_09053_,6.18
_09508_,6.18
_09972_,6.18
_10253_,6.18
_10387_,6.18
_10416_,6.18
_10678_,6.18
_11164_,6.18
_11206_,6.18
_12263_,6.18
_12289_,6.18
_12487_,6.18
_12697_,6.18
_12736_,6.18
_12822_,6.18
_13356_,6.18
_13537_,6.18
_13635_,6.18
_13709_,6.18
_13914_,6.18
_14193_,6.18
_14319_,6.18
_14873_,6.18
_15064_,6.18
_15179_,6.18
_15599_,6.18
_15729_,6.18
_15815_,6.18
_15891_,6.18
_16209_,6.18
_16243_,6.18
_16528_,6.18
_16862_,6.18
_17259_,6.18
_17811_,6.18
_18274_,6.18
_18444_,6.18
_18668_,6.18
_18751_,6.18
_18971_,6.18
fifo_nonce\[0\]\[51\],6.18
fifo_nonce\[0\]\[7\],6.18
fifo_nonce\[1\]\[41\],6.18
fifo_nonce\[2\]\[66\],6.18
fifo_nonce\[5\]\[74\],6.18
fifo_nonce\[7\]\[67\],6.18
net526,6.18
net669,6.18
net1003,6.18
net1036,6.18
net1886,6.18
net1983,6.18
_01539_,6.175
_00236_,6.165
_01013_,6.165
_19344_,6.165
_02334_,6.16
_03148_,6.16
_04414_,6.16
_04455_,6.16
_07946_,6.16
_08439_,6.16
_09364_,6.16
_17617_,6.16
_19051_,6.16
_19087_,6.16
fifo_nonce\[3\]\[30\],6.16
fifo_nonce\[4\]\[18\],6.16
fifo_type\[4\],6.16
u_cmd_parser.timeout_cnt\[2\],6.16
_02601_,6.145
_03702_,6.14
_03939_,6.14
_03998_,6.14
_04134_,6.14
_04147_,6.14
_04205_,6.14
_04699_,6.14
_04703_,6.14
_04819_,6.14
_04991_,6.14
_05021_,6.14
_05072_,6.14
_05244_,6.14
_05330_,6.14
_05336_,6.14
_06168_,6.14
_06245_,6.14
_06887_,6.14
_07676_,6.14
_08472_,6.14
_08796_,6.14
_10049_,6.14
_10691_,6.14
_11317_,6.14
_11585_,6.14
_11699_,6.14
_12494_,6.14
_13266_,6.14
_13319_,6.14
_13624_,6.14
_13705_,6.14
_13755_,6.14
_14609_,6.14
_14621_,6.14
_15253_,6.14
_15406_,6.14
_15600_,6.14
_15689_,6.14
_15861_,6.14
_15917_,6.14
_15980_,6.14
_16075_,6.14
_16094_,6.14
_16095_,6.14
_16144_,6.14
_16231_,6.14
_16270_,6.14
_16280_,6.14
_16301_,6.14
_16679_,6.14
_16866_,6.14
_17674_,6.14
_18852_,6.14
_19159_,6.14
_19504_,6.14
fifo_nonce\[6\]\[47\],6.14
fifo_nonce\[6\]\[77\],6.14
u_aes128.gen_key_sbox\[1\].sb_key.in\[7\],6.14
u_aes128.round_key\[107\],6.14
u_aes128.round_key\[44\],6.14
u_auth_fsm.aes_plaintext\[77\],6.14
u_auth_fsm.cur_nonce\[11\],6.14
net1198,6.14
net1265,6.14
net1321,6.14
net2428,6.14
_17476_,6.115
_12378_,6.11
_00912_,6.105
_03074_,6.105
_06570_,6.1
_18833_,6.09
_00560_,6.08
_01459_,6.08
_02229_,6.08
_05064_,6.08
_07006_,6.08
_08440_,6.08
_09096_,6.08
_09288_,6.08
_10783_,6.08
_11166_,6.08
_12305_,6.08
_12528_,6.08
_13785_,6.08
_13847_,6.08
_15751_,6.08
_19297_,6.08
net710,6.08
net757,6.08
net1058,6.08
net1349,6.08
net1446,6.08
net1461,6.08
net1657,6.08
net1667,6.08
net1889,6.08
net2087,6.08
net2210,6.08
net2343,6.08
net2363,6.08
net2369,6.08
net2470,6.08
_17038_,6.075
_17216_,6.075
_17775_,6.075
_00390_,6.065
_01110_,6.065
_06923_,6.065
_00075_,6.06
_00347_,6.06
_01358_,6.06
_01756_,6.06
_01926_,6.06
_02044_,6.06
_04238_,6.06
_04400_,6.06
_05485_,6.06
_07549_,6.06
_07608_,6.06
_08468_,6.06
_11375_,6.06
_11725_,6.06
_12490_,6.06
_13765_,6.06
_13926_,6.06
_14104_,6.06
_14846_,6.06
_15387_,6.06
_15575_,6.06
_15969_,6.06
_16426_,6.06
_17342_,6.06
fifo_nonce\[4\]\[100\],6.06
fifo_nonce\[4\]\[11\],6.06
u_cmd_parser.cmd_reg\[7\],6.06
u_uart_tx.clk_cnt\[3\],6.06
net1304,6.06
_12922_,6.05
_01575_,6.04
_04446_,6.04
_07907_,6.04
_11153_,6.04
_11178_,6.04
_14750_,6.04
_16238_,6.04
_16555_,6.04
_17649_,6.04
_18138_,6.04
_18198_,6.04
_19008_,6.04
fifo_nonce\[4\]\[58\],6.04
net938,6.04
net1042,6.04
net1465,6.04
net1722,6.04
net2315,6.04
net2455,6.04
net2496,6.04
_00157_,6.02
_00172_,6.02
_01350_,6.02
_02985_,6.02
_03033_,6.02
_06518_,6.02
_07168_,6.02
_08712_,6.02
_09136_,6.02
_17352_,6.02
_19028_,6.02
fifo_nonce\[1\]\[52\],6.02
fifo_nonce\[2\]\[28\],6.02
fifo_nonce\[3\]\[29\],6.02
fifo_nonce\[3\]\[6\],6.02
fifo_nonce\[3\]\[83\],6.02
fifo_nonce\[7\]\[43\],6.02
u_auth_fsm.aes_plaintext\[120\],6.02
u_auth_fsm.cooldown_cnt\[27\],6.02
u_auth_fsm.nonce_hist\[2\]\[85\],6.02
_10019_,6.015
_00686_,6.005
_00714_,6.005
_00842_,6.005
_01070_,6.005
_02136_,6.005
_17311_,5.995
_13935_,5.99
_00316_,5.985
_00819_,5.985
_07375_,5.98
_10457_,5.98
_13928_,5.98
net1064,5.98
net1266,5.98
net1272,5.98
net1276,5.98
net1314,5.98
net1353,5.98
net1364,5.98
net1453,5.98
net1481,5.98
net1649,5.98
net1742,5.98
net1747,5.98
net2100,5.98
net2218,5.98
net2290,5.98
net2299,5.98
net2306,5.98
net2346,5.98
net2376,5.98
net2392,5.98
net2446,5.98
_18199_,5.975
_01488_,5.965
_01170_,5.96
_01178_,5.96
_01772_,5.96
_01972_,5.96
_02158_,5.96
_02257_,5.96
_02863_,5.96
_03368_,5.96
_03536_,5.96
_11846_,5.96
_12836_,5.96
_13179_,5.96
_14623_,5.96
_18397_,5.96
net730,5.96
net1223,5.96
net1888,5.96
net2022,5.96
net2070,5.96
_00790_,5.945
_01173_,5.94
_01338_,5.94
_01632_,5.94
_01853_,5.94
_02048_,5.94
_02087_,5.94
_02686_,5.94
_02728_,5.94
_02762_,5.94
_03085_,5.94
_03479_,5.94
_08202_,5.94
_10850_,5.94
_12556_,5.94
_13701_,5.94
_19339_,5.94
_19405_,5.94
_19702_,5.94
fifo_nonce\[5\]\[68\],5.94
fifo_nonce\[6\]\[107\],5.94
u_auth_fsm.tx_payload\[7\],5.94
net1387,5.94
net1779,5.94
_11806_,5.925
_00018_,5.92
_01620_,5.92
_01651_,5.92
_02124_,5.92
_02170_,5.92
_02175_,5.92
_02464_,5.92
_02600_,5.92
_02951_,5.92
_02988_,5.92
_03011_,5.92
_03063_,5.92
_07160_,5.92
_07161_,5.92
_07872_,5.92
_10741_,5.92
_16469_,5.92
_18176_,5.92
fifo_nonce\[4\]\[10\],5.92
fifo_nonce\[6\]\[89\],5.92
u_aes128.round_key\[102\],5.92
_00654_,5.905
_00675_,5.905
_00876_,5.905
_04873_,5.9
_16787_,5.9
_18065_,5.9
_18943_,5.9
_19039_,5.9
fifo_nonce\[2\]\[17\],5.9
fifo_nonce\[2\]\[34\],5.9
fifo_nonce\[4\]\[4\],5.9
fifo_nonce\[6\]\[34\],5.9
net1227,5.9
_01854_,5.885
_01017_,5.865
_01361_,5.86
_01892_,5.86
_02970_,5.86
_06115_,5.86
_06136_,5.86
_06150_,5.86
_06520_,5.86
_06975_,5.86
_07116_,5.86
_07539_,5.86
_09489_,5.86
_09646_,5.86
_09919_,5.86
_10831_,5.86
_11113_,5.86
_11170_,5.86
_11327_,5.86
_11537_,5.86
_12062_,5.86
_13677_,5.86
_13795_,5.86
_14520_,5.86
_17308_,5.86
_17390_,5.86
_17496_,5.86
_18465_,5.86
net901,5.86
net948,5.86
net997,5.86
net1414,5.86
net1487,5.86
net1543,5.86
net1955,5.86
net1975,5.86
_07022_,5.855
_17564_,5.85
_00811_,5.845
_00047_,5.84
_00092_,5.84
_00104_,5.84
_00155_,5.84
_01153_,5.84
_01378_,5.84
_01382_,5.84
_01392_,5.84
_01413_,5.84
_01451_,5.84
_01675_,5.84
_01691_,5.84
_01873_,5.84
_01925_,5.84
_02049_,5.84
_02072_,5.84
_02156_,5.84
_02210_,5.84
_02261_,5.84
_02837_,5.84
_03044_,5.84
_03080_,5.84
_03191_,5.84
_03276_,5.84
_03384_,5.84
_03778_,5.84
_04013_,5.84
_04085_,5.84
_04102_,5.84
_04299_,5.84
_04300_,5.84
_04342_,5.84
_04664_,5.84
_04802_,5.84
_04865_,5.84
_05218_,5.84
_05305_,5.84
_06621_,5.84
_07217_,5.84
_07639_,5.84
_07886_,5.84
_08014_,5.84
_08020_,5.84
_08215_,5.84
_08302_,5.84
_08634_,5.84
_08792_,5.84
_09182_,5.84
_09392_,5.84
_09754_,5.84
_09838_,5.84
_09975_,5.84
_10210_,5.84
_10602_,5.84
_10888_,5.84
_11083_,5.84
_11135_,5.84
_11292_,5.84
_11328_,5.84
_11649_,5.84
_11910_,5.84
_12139_,5.84
_13001_,5.84
_13064_,5.84
_13172_,5.84
_13335_,5.84
_13940_,5.84
_13990_,5.84
_14410_,5.84
_14599_,5.84
_14663_,5.84
_14754_,5.84
_14897_,5.84
_15005_,5.84
_15211_,5.84
_15272_,5.84
_15347_,5.84
_15395_,5.84
_15429_,5.84
_15522_,5.84
_16457_,5.84
_16539_,5.84
_16587_,5.84
_17722_,5.84
_17791_,5.84
_17829_,5.84
_18387_,5.84
_18460_,5.84
_18487_,5.84
fifo_nonce\[0\]\[49\],5.84
fifo_nonce\[0\]\[54\],5.84
fifo_nonce\[1\]\[16\],5.84
fifo_nonce\[5\]\[20\],5.84
u_auth_fsm.cooldown_cnt\[29\],5.84
u_auth_fsm.cur_nonce\[87\],5.84
u_auth_fsm.secret_key\[64\],5.84
u_auth_fsm.tx_byte\[1\],5.84
net574,5.84
net597,5.84
net662,5.84
net1238,5.84
net1268,5.84
net1631,5.84
net1783,5.84
net1801,5.84
net2006,5.84
_04937_,5.83
_01306_,5.82
_04380_,5.82
_04383_,5.82
_04426_,5.82
_04941_,5.82
_07131_,5.82
_09011_,5.82
_09047_,5.82
_09654_,5.82
_10884_,5.82
_14043_,5.82
_14282_,5.82
_15855_,5.82
_19445_,5.82
fifo_nonce\[6\]\[59\],5.82
u_aes128.ciphertext\[32\],5.82
u_auth_fsm.secret_key\[55\],5.82
_00278_,5.805
_00022_,5.8
_00082_,5.8
_00354_,5.8
_01219_,5.8
_01237_,5.8
_01745_,5.8
_02148_,5.8
_02219_,5.8
_02327_,5.8
_03164_,5.8
_03311_,5.8
_03314_,5.8
_03693_,5.8
_03765_,5.8
_03905_,5.8
_03979_,5.8
_04155_,5.8
_04219_,5.8
_04296_,5.8
_04490_,5.8
_04526_,5.8
_04542_,5.8
_04603_,5.8
_05322_,5.8
_05835_,5.8
_06616_,5.8
_06809_,5.8
_07189_,5.8
_07204_,5.8
_08108_,5.8
_08385_,5.8
_08678_,5.8
_09024_,5.8
_09559_,5.8
_09645_,5.8
_12789_,5.8
_12903_,5.8
_13575_,5.8
_14083_,5.8
_14090_,5.8
_15044_,5.8
_15067_,5.8
_15100_,5.8
_15260_,5.8
_15321_,5.8
_15349_,5.8
_15383_,5.8
_15441_,5.8
_15479_,5.8
_15630_,5.8
_15675_,5.8
_15709_,5.8
_15827_,5.8
_15997_,5.8
_16028_,5.8
_16033_,5.8
_16044_,5.8
_16295_,5.8
_16382_,5.8
_16543_,5.8
_16691_,5.8
_17349_,5.8
_18321_,5.8
_19123_,5.8
_19552_,5.8
u_aes128.gen_state_sbox\[6\].sb_state.in\[3\],5.8
u_auth_fsm.cur_nonce\[116\],5.8
u_auth_fsm.cur_nonce\[117\],5.8
u_auth_fsm.secret_key\[44\],5.8
net1395,5.8
net1930,5.8
net2216,5.8
net2246,5.8
net2359,5.8
_03434_,5.78
_05049_,5.78
_16018_,5.78
_16510_,5.78
u_auth_fsm.secret_key\[76\],5.78
u_auth_fsm.tx_payload\[43\],5.78
_01475_,5.775
_13760_,5.775
_00803_,5.765
_01134_,5.765
_09318_,5.765
_15639_,5.76
_18445_,5.745
_18967_,5.745
_03627_,5.74
_03662_,5.74
_03730_,5.74
_03908_,5.74
_03962_,5.74
_03994_,5.74
_04000_,5.74
_04003_,5.74
_04007_,5.74
_04062_,5.74
_04117_,5.74
_04271_,5.74
_04352_,5.74
_04408_,5.74
_04847_,5.74
_04885_,5.74
_04993_,5.74
_04997_,5.74
_05003_,5.74
_05007_,5.74
_05026_,5.74
_05061_,5.74
_05062_,5.74
_05065_,5.74
_05066_,5.74
_05087_,5.74
_05103_,5.74
_05107_,5.74
_05118_,5.74
_05135_,5.74
_05758_,5.74
_06595_,5.74
_07221_,5.74
_07278_,5.74
_07283_,5.74
_07293_,5.74
_07613_,5.74
_07626_,5.74
_07835_,5.74
_10025_,5.74
_10436_,5.74
_12715_,5.74
_12814_,5.74
_12841_,5.74
_13830_,5.74
_13840_,5.74
_14065_,5.74
_14097_,5.74
_14109_,5.74
_14117_,5.74
_14127_,5.74
_14176_,5.74
_14189_,5.74
_14233_,5.74
_14295_,5.74
_14441_,5.74
_14467_,5.74
_14536_,5.74
_14592_,5.74
_14705_,5.74
_14963_,5.74
_15049_,5.74
_15148_,5.74
_15194_,5.74
_15209_,5.74
_15224_,5.74
_15238_,5.74
_15291_,5.74
_15333_,5.74
_15335_,5.74
_15341_,5.74
_15343_,5.74
_15366_,5.74
_15404_,5.74
_15405_,5.74
_15418_,5.74
_15435_,5.74
_15530_,5.74
_15559_,5.74
_15581_,5.74
_15583_,5.74
_15611_,5.74
_15634_,5.74
_15662_,5.74
_15673_,5.74
_15687_,5.74
_15743_,5.74
_15749_,5.74
_15846_,5.74
_15859_,5.74
_15862_,5.74
_15880_,5.74
_15887_,5.74
_15890_,5.74
_15911_,5.74
_15925_,5.74
_15936_,5.74
_15944_,5.74
_15948_,5.74
_15986_,5.74
_16032_,5.74
_16039_,5.74
_16048_,5.74
_16051_,5.74
_16061_,5.74
_16062_,5.74
_16064_,5.74
_16069_,5.74
_16118_,5.74
_16124_,5.74
_16142_,5.74
_16212_,5.74
_16215_,5.74
_16218_,5.74
_16223_,5.74
_16233_,5.74
_16306_,5.74
_16330_,5.74
_16431_,5.74
_16501_,5.74
_16514_,5.74
_16541_,5.74
_16556_,5.74
_16571_,5.74
_16583_,5.74
_16646_,5.74
_16725_,5.74
_16741_,5.74
_16748_,5.74
_16819_,5.74
_16922_,5.74
_17312_,5.74
_18497_,5.74
_19353_,5.74
_19515_,5.74
fifo_nonce\[5\]\[76\],5.74
net1360,5.74
net1686,5.74
_06611_,5.73
_00810_,5.725
_00910_,5.725
fifo_nonce\[3\]\[28\],5.725
_01257_,5.72
_01425_,5.72
_02303_,5.72
_02556_,5.72
_03720_,5.72
_03787_,5.72
_03894_,5.72
_04283_,5.72
_04439_,5.72
_04506_,5.72
_04507_,5.72
_04562_,5.72
_04682_,5.72
_04707_,5.72
_04881_,5.72
_05005_,5.72
_05180_,5.72
_05271_,5.72
_05446_,5.72
_05919_,5.72
_06014_,5.72
_06682_,5.72
_07212_,5.72
_07277_,5.72
_07296_,5.72
_07519_,5.72
_07803_,5.72
_07884_,5.72
_08243_,5.72
_08519_,5.72
_08605_,5.72
_08681_,5.72
_09310_,5.72
_09563_,5.72
_10029_,5.72
_10103_,5.72
_10561_,5.72
_10614_,5.72
_10644_,5.72
_11212_,5.72
_11279_,5.72
_11662_,5.72
_11957_,5.72
_12448_,5.72
_12543_,5.72
_13100_,5.72
_13213_,5.72
_13310_,5.72
_13314_,5.72
_13947_,5.72
_14373_,5.72
_14381_,5.72
_14450_,5.72
_14586_,5.72
_14645_,5.72
_14698_,5.72
_14742_,5.72
_14987_,5.72
_15244_,5.72
_15299_,5.72
_15642_,5.72
_15726_,5.72
_15727_,5.72
_15920_,5.72
_15995_,5.72
_16197_,5.72
_17635_,5.72
_17645_,5.72
_17846_,5.72
_18749_,5.72
_19336_,5.72
fifo_nonce\[2\]\[77\],5.72
fifo_nonce\[3\]\[101\],5.72
fifo_nonce\[6\]\[10\],5.72
fifo_nonce\[7\]\[48\],5.72
u_aes128.round_key\[32\],5.72
u_auth_fsm.aes_plaintext\[107\],5.72
u_auth_fsm.cur_nonce\[26\],5.72
u_auth_fsm.nonce_hist\[1\]\[51\],5.72
u_uart_tx.state\[2\],5.72
net622,5.72
net626,5.72
net648,5.72
net874,5.72
net1081,5.72
net1120,5.72
net1189,5.72
net1372,5.72
net1761,5.72
net1986,5.72
net2104,5.72
net2462,5.72
_00264_,5.705
_13713_,5.705
_00268_,5.7
_00728_,5.7
_01241_,5.7
_01667_,5.7
_03923_,5.7
_03949_,5.7
_06121_,5.7
_07459_,5.7
_15806_,5.7
_18578_,5.7
_19320_,5.7
_19468_,5.7
_19538_,5.7
fifo_nonce\[4\]\[15\],5.7
fifo_nonce\[4\]\[71\],5.7
fifo_nonce\[5\]\[2\],5.7
fifo_nonce\[7\]\[115\],5.7
_00301_,5.695
_07864_,5.69
_01353_,5.685
_01849_,5.685
_02738_,5.685
_03070_,5.68
_03577_,5.68
_03647_,5.68
_03690_,5.68
_03694_,5.68
_03773_,5.68
_03876_,5.68
_03902_,5.68
_03934_,5.68
_03935_,5.68
_03936_,5.68
_03938_,5.68
_03997_,5.68
_04014_,5.68
_04200_,5.68
_04257_,5.68
_04321_,5.68
_04410_,5.68
_04412_,5.68
_04454_,5.68
_04458_,5.68
_04606_,5.68
_04629_,5.68
_04661_,5.68
_04704_,5.68
_04714_,5.68
_04731_,5.68
_04784_,5.68
_04789_,5.68
_04797_,5.68
_04829_,5.68
_04831_,5.68
_04943_,5.68
_04994_,5.68
_05127_,5.68
_05263_,5.68
_05317_,5.68
_06025_,5.68
_06083_,5.68
_06501_,5.68
_06998_,5.68
_07541_,5.68
_07591_,5.68
_07922_,5.68
_08342_,5.68
_08423_,5.68
_09583_,5.68
_09658_,5.68
_09688_,5.68
_10316_,5.68
_10451_,5.68
_10887_,5.68
_10922_,5.68
_11254_,5.68
_12521_,5.68
_12843_,5.68
_14013_,5.68
_14199_,5.68
_14218_,5.68
_14378_,5.68
_14433_,5.68
_14618_,5.68
_14906_,5.68
_15002_,5.68
_15054_,5.68
_15060_,5.68
_15156_,5.68
_15296_,5.68
_15427_,5.68
_15475_,5.68
_15509_,5.68
_15540_,5.68
_15587_,5.68
_15633_,5.68
_15754_,5.68
_15758_,5.68
_15786_,5.68
_15851_,5.68
_15937_,5.68
_15957_,5.68
_16019_,5.68
_16031_,5.68
_16149_,5.68
_16188_,5.68
_16483_,5.68
_16487_,5.68
_16698_,5.68
_17741_,5.68
_18076_,5.68
_18143_,5.68
_18553_,5.68
_18964_,5.68
_19049_,5.68
fifo_nonce\[2\]\[27\],5.68
fifo_nonce\[6\]\[127\],5.68
u_cmd_parser.cmd_reg\[6\],5.68
_00513_,5.665
_01050_,5.655
_01728_,5.645
_00594_,5.62
_07094_,5.62
_09311_,5.62
_11552_,5.62
_13616_,5.62
_14110_,5.62
_14297_,5.62
_14565_,5.62
_14707_,5.62
_14870_,5.62
_16119_,5.62
_16729_,5.62
_17008_,5.62
_17359_,5.62
_17414_,5.62
_17899_,5.62
_18979_,5.62
_19235_,5.62
_19486_,5.62
_19689_,5.62
fifo_nonce\[4\]\[109\],5.62
fifo_nonce\[4\]\[117\],5.62
fifo_nonce\[4\]\[8\],5.62
net872,5.62
net1108,5.62
net1147,5.62
net1345,5.62
net1380,5.62
net1479,5.62
net1749,5.62
net2123,5.62
net2127,5.62
net2158,5.62
net2380,5.62
net2394,5.62
net2434,5.62
_00243_,5.605
_00310_,5.605
_01626_,5.6
_01816_,5.6
_01877_,5.6
_01953_,5.6
_02617_,5.6
_02764_,5.6
_02765_,5.6
_02827_,5.6
_03122_,5.6
_03289_,5.6
_03362_,5.6
_03475_,5.6
_04212_,5.6
_04268_,5.6
_04275_,5.6
_04425_,5.6
_04485_,5.6
_04834_,5.6
_04995_,5.6
_06053_,5.6
_06970_,5.6
_07411_,5.6
_09304_,5.6
_10667_,5.6
_10682_,5.6
_10745_,5.6
_11907_,5.6
_11966_,5.6
_11976_,5.6
_12509_,5.6
_12730_,5.6
_13130_,5.6
_13621_,5.6
_15463_,5.6
_15473_,5.6
_15501_,5.6
_15650_,5.6
_15984_,5.6
_17408_,5.6
_17628_,5.6
_18434_,5.6
_18639_,5.6
_19175_,5.6
fifo_nonce\[3\]\[94\],5.6
fifo_nonce\[7\]\[35\],5.6
u_auth_fsm.tx_payload\[18\],5.6
u_auth_fsm.tx_payload\[49\],5.6
net534,5.6
_07028_,5.595
fifo_nonce\[4\]\[37\],5.595
_00952_,5.58
_05347_,5.58
_07250_,5.58
_08157_,5.58
_16373_,5.58
_18565_,5.58
_19141_,5.58
_19253_,5.58
fifo_nonce\[2\]\[21\],5.58
net1025,5.58
net1525,5.58
net1719,5.58
_02086_,5.565
_01828_,5.56
_02389_,5.56
_02419_,5.56
_02453_,5.56
_02905_,5.56
_03047_,5.56
_03319_,5.56
_14633_,5.56
_17746_,5.56
fifo_nonce\[1\]\[4\],5.56
fifo_nonce\[1\]\[65\],5.56
fifo_nonce\[3\]\[108\],5.56
fifo_nonce\[3\]\[114\],5.56
fifo_nonce\[3\]\[70\],5.56
fifo_nonce\[5\]\[56\],5.56
u_auth_fsm.cur_nonce\[96\],5.56
net1143,5.56
net1216,5.56
_00538_,5.555
_00360_,5.545
_00379_,5.545
_00525_,5.545
_00537_,5.545
_01541_,5.545
_02570_,5.545
net533,5.545
_12135_,5.53
_03077_,5.525
_17843_,5.525
_01183_,5.52
_10017_,5.52
_10050_,5.52
_11736_,5.52
_11996_,5.52
_12952_,5.52
_13966_,5.52
_16315_,5.52
_16320_,5.52
_16414_,5.52
_16423_,5.52
_18424_,5.52
_19661_,5.52
_19696_,5.52
net685,5.52
net695,5.52
net849,5.52
net852,5.52
net855,5.52
net860,5.52
net870,5.52
net875,5.52
net883,5.52
net886,5.52
net887,5.52
net891,5.52
net908,5.52
net911,5.52
net914,5.52
net916,5.52
net927,5.52
net928,5.52
net930,5.52
net933,5.52
net937,5.52
net952,5.52
net961,5.52
net962,5.52
net963,5.52
net966,5.52
net979,5.52
net1000,5.52
net1001,5.52
net1007,5.52
net1009,5.52
net1016,5.52
net1018,5.52
net1034,5.52
net1038,5.52
net1040,5.52
net1044,5.52
net1051,5.52
net1057,5.52
net1070,5.52
net1072,5.52
net1075,5.52
net1078,5.52
net1080,5.52
net1084,5.52
net1085,5.52
net1089,5.52
net1097,5.52
net1113,5.52
net1119,5.52
net1121,5.52
net1123,5.52
net1129,5.52
net1130,5.52
net1134,5.52
net1141,5.52
net1171,5.52
net1176,5.52
net1179,5.52
net1182,5.52
net1197,5.52
net1212,5.52
net1231,5.52
net1248,5.52
net1249,5.52
net1256,5.52
net1262,5.52
net1280,5.52
net1285,5.52
net1290,5.52
net1298,5.52
net1303,5.52
net1307,5.52
net1320,5.52
net1323,5.52
net1324,5.52
net1326,5.52
net1329,5.52
net1332,5.52
net1335,5.52
net1337,5.52
net1340,5.52
net1381,5.52
net1417,5.52
net1418,5.52
net1420,5.52
net1434,5.52
net1436,5.52
net1450,5.52
net1489,5.52
net1533,5.52
net1582,5.52
net1594,5.52
net1604,5.52
net1679,5.52
net1691,5.52
net1693,5.52
net1701,5.52
net1790,5.52
net1795,5.52
net1830,5.52
net1842,5.52
net1848,5.52
net1851,5.52
net1863,5.52
net1885,5.52
net1916,5.52
net1925,5.52
net1927,5.52
net1949,5.52
net1950,5.52
net1980,5.52
net2000,5.52
net2045,5.52
net2048,5.52
net2114,5.52
net2129,5.52
net2206,5.52
net2268,5.52
net2277,5.52
net2279,5.52
net2296,5.52
net2298,5.52
net2310,5.52
net2312,5.52
net2319,5.52
net2322,5.52
net2327,5.52
net2331,5.52
net2339,5.52
net2340,5.52
net2368,5.52
net2377,5.52
net2382,5.52
net2384,5.52
net2406,5.52
net2407,5.52
net2414,5.52
net2415,5.52
net2441,5.52
net2450,5.52
net2456,5.52
net2459,5.52
net2474,5.52
net2495,5.52
_12033_,5.51
_00911_,5.505
_01055_,5.505
_14706_,5.505
_01412_,5.5
_01723_,5.5
_01917_,5.5
_01931_,5.5
_02306_,5.5
_02422_,5.5
_02673_,5.5
_02800_,5.5
_02802_,5.5
_02920_,5.5
_03061_,5.5
_03367_,5.5
_06576_,5.5
_06687_,5.5
_07142_,5.5
_07389_,5.5
_09153_,5.5
_09458_,5.5
_10053_,5.5
_10433_,5.5
_10809_,5.5
_17064_,5.5
_17601_,5.5
_17767_,5.5
_18701_,5.5
_18916_,5.5
_19638_,5.5
net513,5.5
net699,5.5
net889,5.5
net1911,5.5
_07266_,5.485
_03974_,5.48
_05553_,5.48
_06315_,5.48
_09155_,5.48
_09935_,5.48
_10141_,5.48
_10478_,5.48
_10854_,5.48
_11249_,5.48
_12882_,5.48
_13360_,5.48
_15547_,5.48
_17319_,5.48
_18454_,5.48
_18693_,5.48
fifo_nonce\[1\]\[120\],5.48
fifo_nonce\[1\]\[43\],5.48
fifo_nonce\[2\]\[75\],5.48
fifo_nonce\[3\]\[68\],5.48
fifo_nonce\[6\]\[101\],5.48
fifo_type\[1\],5.48
net578,5.48
_18459_,5.475
_00020_,5.46
_00206_,5.46
_01309_,5.46
_01629_,5.46
_01705_,5.46
_01789_,5.46
_01806_,5.46
_02106_,5.46
_02186_,5.46
_02263_,5.46
_02502_,5.46
_02885_,5.46
_03432_,5.46
_03515_,5.46
_03516_,5.46
_07114_,5.46
_07797_,5.46
_09664_,5.46
_14597_,5.46
_17236_,5.46
_17548_,5.46
_18022_,5.46
_19128_,5.46
_19345_,5.46
fifo_nonce\[4\]\[40\],5.46
fifo_nonce\[6\]\[26\],5.46
net1466,5.46
_06530_,5.45
_08028_,5.44
_10413_,5.44
_13865_,5.44
_14864_,5.44
_18180_,5.44
_18941_,5.44
net686,5.44
_00665_,5.435
_00727_,5.435
_00897_,5.435
_00905_,5.435
_00992_,5.435
_01042_,5.435
_00808_,5.425
_01921_,5.425
_06517_,5.425
_13354_,5.42
fifo_nonce\[7\]\[80\],5.42
_01866_,5.4
_01912_,5.4
_01994_,5.4
_02280_,5.4
_02843_,5.4
_03345_,5.4
_05200_,5.4
_05834_,5.4
_06255_,5.4
_07294_,5.4
_07530_,5.4
_07621_,5.4
_07707_,5.4
_08037_,5.4
_08761_,5.4
_08903_,5.4
_09902_,5.4
_09948_,5.4
_10937_,5.4
_11269_,5.4
_11539_,5.4
_11658_,5.4
_12270_,5.4
_13707_,5.4
_13752_,5.4
_13828_,5.4
_14272_,5.4
_14490_,5.4
_14607_,5.4
_14814_,5.4
_16313_,5.4
_16879_,5.4
_18188_,5.4
_18731_,5.4
_19448_,5.4
_19556_,5.4
u_auth_fsm.nonce_hist\[3\]\[33\],5.4
u_auth_fsm.secret_key\[16\],5.4
u_auth_fsm.secret_key\[8\],5.4
net986,5.4
net1074,5.4
net1286,5.4
net1401,5.4
net1403,5.4
net1439,5.4
net1663,5.4
net1874,5.4
net2062,5.4
net2488,5.4
net2491,5.4
_08372_,5.39
_02180_,5.385
_00039_,5.38
_00048_,5.38
_00119_,5.38
_00223_,5.38
_00228_,5.38
_01136_,5.38
_01224_,5.38
_01252_,5.38
_01285_,5.38
_01387_,5.38
_01390_,5.38
_01615_,5.38
_01635_,5.38
_01676_,5.38
_01731_,5.38
_01796_,5.38
_01798_,5.38
_01995_,5.38
_02007_,5.38
_02201_,5.38
_02256_,5.38
_02320_,5.38
_02687_,5.38
_02715_,5.38
_02880_,5.38
_03032_,5.38
_03173_,5.38
_03187_,5.38
_03210_,5.38
_03542_,5.38
_03710_,5.38
_03750_,5.38
_03779_,5.38
_03855_,5.38
_04034_,5.38
_04119_,5.38
_04226_,5.38
_04243_,5.38
_04303_,5.38
_04418_,5.38
_04471_,5.38
_04773_,5.38
_04779_,5.38
_04945_,5.38
_05001_,5.38
_05013_,5.38
_05077_,5.38
_05095_,5.38
_05599_,5.38
_05941_,5.38
_06183_,5.38
_06303_,5.38
_07034_,5.38
_07834_,5.38
_08019_,5.38
_08263_,5.38
_09244_,5.38
_09439_,5.38
_09564_,5.38
_09612_,5.38
_10069_,5.38
_10129_,5.38
_10522_,5.38
_10804_,5.38
_10836_,5.38
_10916_,5.38
_11112_,5.38
_11819_,5.38
_12422_,5.38
_12461_,5.38
_12628_,5.38
_12645_,5.38
_13312_,5.38
_13389_,5.38
_13600_,5.38
_13679_,5.38
_13965_,5.38
_14051_,5.38
_14055_,5.38
_14098_,5.38
_14277_,5.38
_14545_,5.38
_14548_,5.38
_14790_,5.38
_14863_,5.38
_15304_,5.38
_15305_,5.38
_15350_,5.38
_15380_,5.38
_15557_,5.38
_15638_,5.38
_16291_,5.38
_16605_,5.38
_16753_,5.38
_16776_,5.38
_16918_,5.38
_17598_,5.38
_18419_,5.38
_18604_,5.38
_18673_,5.38
_18983_,5.38
_19192_,5.38
fifo_nonce\[1\]\[32\],5.38
fifo_nonce\[4\]\[97\],5.38
u_aes128.round_key\[60\],5.38
u_auth_fsm.cur_nonce\[101\],5.38
net493,5.38
net547,5.38
net728,5.38
net864,5.38
net1148,5.38
net1157,5.38
net1762,5.38
net1891,5.38
net1969,5.38
net2173,5.38
net2199,5.38
net2208,5.38
_05845_,5.375
_09549_,5.37
_17784_,5.37
_19346_,5.365
_00198_,5.36
_02510_,5.36
_04046_,5.36
_04093_,5.36
_05611_,5.36
_06615_,5.36
_07301_,5.36
_08857_,5.36
_09159_,5.36
_11163_,5.36
_12500_,5.36
_13623_,5.36
_14197_,5.36
_14892_,5.36
_15176_,5.36
_15914_,5.36
_16151_,5.36
_16582_,5.36
fifo_nonce\[6\]\[90\],5.36
_18004_,5.35
_00428_,5.345
_01496_,5.345
_00195_,5.34
_00199_,5.34
_01146_,5.34
_01290_,5.34
_01327_,5.34
_02358_,5.34
_02929_,5.34
_03073_,5.34
_03180_,5.34
_03501_,5.34
_03502_,5.34
_03562_,5.34
_03806_,5.34
_04026_,5.34
_04079_,5.34
_04083_,5.34
_04154_,5.34
_04161_,5.34
_04230_,5.34
_04331_,5.34
_04362_,5.34
_04522_,5.34
_04535_,5.34
_04536_,5.34
_04560_,5.34
_04563_,5.34
_04734_,5.34
_04761_,5.34
_04785_,5.34
_04889_,5.34
_05032_,5.34
_05275_,5.34
_05328_,5.34
_05484_,5.34
_05711_,5.34
_06211_,5.34
_06839_,5.34
_07107_,5.34
_07216_,5.34
_07239_,5.34
_07717_,5.34
_07909_,5.34
_07934_,5.34
_08817_,5.34
_08893_,5.34
_09058_,5.34
_09449_,5.34
_09943_,5.34
_09998_,5.34
_10155_,5.34
_10694_,5.34
_10876_,5.34
_11462_,5.34
_12419_,5.34
_12476_,5.34
_13604_,5.34
_13922_,5.34
_14817_,5.34
_14921_,5.34
_15070_,5.34
_15134_,5.34
_15151_,5.34
_15183_,5.34
_15223_,5.34
_15227_,5.34
_15248_,5.34
_15332_,5.34
_15356_,5.34
_15363_,5.34
_15411_,5.34
_15428_,5.34
_15564_,5.34
_15656_,5.34
_15696_,5.34
_15748_,5.34
_16077_,5.34
_16193_,5.34
_16269_,5.34
_16481_,5.34
_17889_,5.34
_19120_,5.34
_19490_,5.34
_19574_,5.34
_19629_,5.34
fifo_nonce\[1\]\[22\],5.34
fifo_nonce\[1\]\[30\],5.34
fifo_nonce\[4\]\[103\],5.34
u_aes128.gen_state_sbox\[6\].sb_state.in\[6\],5.34
u_auth_fsm.cur_nonce\[67\],5.34
u_auth_fsm.secret_key\[23\],5.34
u_auth_fsm.secret_key\[35\],5.34
u_auth_fsm.secret_key\[39\],5.34
u_auth_fsm.secret_key\[63\],5.34
net1477,5.34
net1720,5.34
net1802,5.34
_00680_,5.32
_07646_,5.32
_00363_,5.305
_00514_,5.305
_00556_,5.305
_00703_,5.305
_00753_,5.305
_00888_,5.305
_00970_,5.305
_01034_,5.305
_11295_,5.3
_17300_,5.29
_01845_,5.28
_03618_,5.28
_03675_,5.28
_03757_,5.28
_04520_,5.28
_04643_,5.28
_04684_,5.28
_05128_,5.28
_05227_,5.28
_05260_,5.28
_05348_,5.28
_05401_,5.28
_05961_,5.28
_06550_,5.28
_07020_,5.28
_07284_,5.28
_07295_,5.28
_07900_,5.28
_08253_,5.28
_08833_,5.28
_09466_,5.28
_10341_,5.28
_10820_,5.28
_11333_,5.28
_12532_,5.28
_13104_,5.28
_14072_,5.28
_14408_,5.28
_14522_,5.28
_15975_,5.28
_16015_,5.28
_16099_,5.28
_16102_,5.28
_16308_,5.28
_16333_,5.28
_16624_,5.28
_16640_,5.28
_18884_,5.28
_18894_,5.28
_19161_,5.28
_00380_,5.265
_00465_,5.265
_00643_,5.265
_00673_,5.265
_00698_,5.265
_00971_,5.265
_13672_,5.265
_01757_,5.26
_02127_,5.26
_02350_,5.26
_02534_,5.26
_02607_,5.26
_03118_,5.26
_03356_,5.26
_03435_,5.26
_03583_,5.26
_03677_,5.26
_03729_,5.26
_04104_,5.26
_04116_,5.26
_04145_,5.26
_04194_,5.26
_04251_,5.26
_04273_,5.26
_04292_,5.26
_04633_,5.26
_05113_,5.26
_05125_,5.26
_05254_,5.26
_05319_,5.26
_05333_,5.26
_05354_,5.26
_06218_,5.26
_06601_,5.26
_06689_,5.26
_06696_,5.26
_06800_,5.26
_06864_,5.26
_07007_,5.26
_07121_,5.26
_07141_,5.26
_07151_,5.26
_07287_,5.26
_07297_,5.26
_07698_,5.26
_08361_,5.26
_08460_,5.26
_08846_,5.26
_09375_,5.26
_09568_,5.26
_09624_,5.26
_09639_,5.26
_09823_,5.26
_10394_,5.26
_10458_,5.26
_10779_,5.26
_11226_,5.26
_11286_,5.26
_11334_,5.26
_11695_,5.26
_11746_,5.26
_12932_,5.26
_13219_,5.26
_13833_,5.26
_13921_,5.26
_14131_,5.26
_14484_,5.26
_14858_,5.26
_14912_,5.26
_14989_,5.26
_15169_,5.26
_15326_,5.26
_15394_,5.26
_15430_,5.26
_15523_,5.26
_15627_,5.26
_15694_,5.26
_16141_,5.26
_16153_,5.26
_16271_,5.26
_16367_,5.26
_16488_,5.26
_16524_,5.26
_16948_,5.26
_16953_,5.26
_17510_,5.26
_17953_,5.26
_18010_,5.26
_18380_,5.26
_18636_,5.26
_18874_,5.26
_18974_,5.26
_18978_,5.26
_19380_,5.26
_19559_,5.26
fifo_nonce\[3\]\[17\],5.26
fifo_nonce\[3\]\[22\],5.26
fifo_nonce\[3\]\[66\],5.26
fifo_nonce\[4\]\[53\],5.26
fifo_nonce\[5\]\[35\],5.26
fifo_nonce\[5\]\[94\],5.26
fifo_nonce\[6\]\[121\],5.26
fifo_nonce\[6\]\[74\],5.26
fifo_nonce\[6\]\[98\],5.26
fifo_nonce\[7\]\[5\],5.26
u_cmd_parser.cmd_reg\[0\],5.26
u_cmd_parser.nonce_reg\[106\],5.26
net581,5.26
net688,5.26
net2055,5.26
net2367,5.26
_08313_,5.25
_17600_,5.25
_00340_,5.245
_00395_,5.24
_01644_,5.24
_02190_,5.24
_02754_,5.24
_02886_,5.24
_03162_,5.24
_05731_,5.24
_06797_,5.24
_08807_,5.24
_10373_,5.24
_12142_,5.24
_14894_,5.24
_18934_,5.24
fifo_nonce\[4\]\[14\],5.24
fifo_nonce\[4\]\[83\],5.24
fifo_nonce\[4\]\[87\],5.24
fifo_nonce\[6\]\[36\],5.24
fifo_nonce\[7\]\[60\],5.235
_02910_,5.225
net665,5.225
net420,5.22
_03564_,5.22
_03724_,5.22
_03760_,5.22
_03862_,5.22
_04012_,5.22
_04028_,5.22
_04051_,5.22
_04091_,5.22
_04092_,5.22
_04137_,5.22
_04248_,5.22
_04249_,5.22
_04330_,5.22
_04373_,5.22
_04385_,5.22
_04437_,5.22
_04438_,5.22
_04451_,5.22
_04552_,5.22
_04598_,5.22
_04628_,5.22
_04649_,5.22
_04652_,5.22
_04746_,5.22
_04823_,5.22
_04838_,5.22
_04884_,5.22
_05102_,5.22
_05300_,5.22
_05313_,5.22
_06587_,5.22
_06978_,5.22
_07139_,5.22
_07186_,5.22
_07255_,5.22
_08695_,5.22
_09725_,5.22
_09933_,5.22
_11312_,5.22
_11565_,5.22
_12375_,5.22
_12742_,5.22
_12812_,5.22
_13913_,5.22
_14122_,5.22
_14143_,5.22
_14226_,5.22
_14456_,5.22
_14587_,5.22
_14799_,5.22
_14925_,5.22
_14946_,5.22
_15075_,5.22
_15079_,5.22
_15087_,5.22
_15158_,5.22
_15162_,5.22
_15198_,5.22
_15265_,5.22
_15476_,5.22
_15481_,5.22
_15482_,5.22
_15562_,5.22
_15584_,5.22
_15606_,5.22
_15676_,5.22
_15717_,5.22
_15718_,5.22
_15722_,5.22
_15799_,5.22
_15849_,5.22
_16020_,5.22
_16066_,5.22
_16148_,5.22
_16199_,5.22
_16239_,5.22
_16287_,5.22
_16302_,5.22
_16534_,5.22
_16580_,5.22
_16623_,5.22
_16721_,5.22
_16765_,5.22
_17293_,5.22
_17580_,5.22
_17631_,5.22
_17814_,5.22
_18067_,5.22
_18850_,5.22
_18865_,5.22
_19227_,5.22
fifo_nonce\[6\]\[76\],5.22
_18438_,5.2
_00308_,5.185
_02028_,5.185
_02787_,5.185
_00292_,5.16
_00635_,5.16
_00656_,5.16
_00964_,5.16
_01113_,5.16
_01581_,5.16
_02574_,5.16
_02675_,5.16
_03599_,5.16
_06469_,5.16
_09662_,5.16
_12332_,5.16
_16354_,5.16
_16376_,5.16
_16383_,5.16
_17895_,5.16
_18374_,5.16
_18634_,5.16
_19181_,5.16
net945,5.16
net996,5.16
net1063,5.16
net1117,5.16
net1158,5.16
net1199,5.16
net1222,5.16
net1288,5.16
net1343,5.16
net1532,5.16
net1565,5.16
net1599,5.16
net1741,5.16
net1866,5.16
net1904,5.16
net1942,5.16
net1979,5.16
net2029,5.16
net2508,5.16
_09900_,5.15
_00929_,5.145
_01774_,5.14
_02260_,5.14
_02491_,5.14
_02531_,5.14
_02783_,5.14
_03526_,5.14
_03620_,5.14
_03955_,5.14
_04202_,5.14
_04528_,5.14
_04591_,5.14
_04783_,5.14
_05239_,5.14
_05633_,5.14
_06055_,5.14
_06992_,5.14
_07010_,5.14
_07185_,5.14
_07251_,5.14
_07602_,5.14
_08066_,5.14
_08830_,5.14
_08831_,5.14
_09094_,5.14
_09192_,5.14
_10849_,5.14
_12031_,5.14
_12708_,5.14
_14169_,5.14
_14453_,5.14
_14605_,5.14
_14708_,5.14
_15167_,5.14
_17169_,5.14
_17282_,5.14
_17610_,5.14
_18164_,5.14
fifo_nonce\[1\]\[85\],5.14
fifo_nonce\[5\]\[117\],5.14
fifo_nonce\[5\]\[57\],5.14
fifo_nonce\[6\]\[124\],5.14
u_aes128.round_key\[39\],5.14
u_auth_fsm.cur_nonce\[55\],5.14
u_auth_fsm.secret_key\[36\],5.14
u_auth_fsm.tx_payload\[17\],5.14
net517,5.14
net753,5.14
net842,5.14
_05842_,5.13
_09685_,5.13
_03786_,5.12
_06911_,5.12
_09911_,5.12
_09918_,5.12
_10072_,5.12
_10510_,5.12
_11741_,5.12
_14805_,5.12
_15447_,5.12
_15909_,5.12
_16749_,5.12
_16756_,5.12
_18123_,5.12
fifo_nonce\[2\]\[117\],5.12
net939,5.12
net993,5.12
net1104,5.12
net1211,5.12
net1273,5.12
net1728,5.12
net2077,5.12
_00437_,5.115
fifo_nonce\[3\]\[50\],5.115
_08982_,5.11
_03056_,5.105
_00192_,5.1
_00196_,5.1
_01628_,5.1
_02582_,5.1
_19633_,5.1
fifo_nonce\[1\]\[63\],5.1
u_cmd_parser.nonce_reg\[61\],5.1
_00330_,5.085
_00576_,5.085
_00701_,5.085
_00732_,5.085
_01016_,5.085
net809,5.085
_00494_,5.065
_01982_,5.065
_03087_,5.065
_01618_,5.06
_01797_,5.06
_05844_,5.06
_11061_,5.06
_12684_,5.06
_12779_,5.06
_12901_,5.06
_13206_,5.06
_18290_,5.06
net469,5.06
net602,5.06
net649,5.06
net657,5.06
net745,5.06
net821,5.06
net991,5.06
net1027,5.06
net1028,5.06
net1048,5.06
net1059,5.06
net1092,5.06
net1093,5.06
net1094,5.06
net1110,5.06
net1127,5.06
net1142,5.06
net1150,5.06
net1159,5.06
net1167,5.06
net1174,5.06
net1193,5.06
net1200,5.06
net1202,5.06
net1204,5.06
net1205,5.06
net1210,5.06
net1213,5.06
net1239,5.06
net1247,5.06
net1258,5.06
net1267,5.06
net1271,5.06
net1282,5.06
net1293,5.06
net1294,5.06
net1297,5.06
net1330,5.06
net1342,5.06
net1357,5.06
net1358,5.06
net1361,5.06
net1371,5.06
net1375,5.06
net1379,5.06
net1390,5.06
net1411,5.06
net1412,5.06
net1425,5.06
net1430,5.06
net1431,5.06
net1432,5.06
net1435,5.06
net1437,5.06
net1438,5.06
net1444,5.06
net1449,5.06
net1455,5.06
net1456,5.06
net1472,5.06
net1478,5.06
net1483,5.06
net1486,5.06
net1490,5.06
net1498,5.06
net1501,5.06
net1506,5.06
net1513,5.06
net1514,5.06
net1527,5.06
net1535,5.06
net1540,5.06
net1546,5.06
net1548,5.06
net1550,5.06
net1551,5.06
net1553,5.06
net1554,5.06
net1559,5.06
net1562,5.06
net1567,5.06
net1573,5.06
net1586,5.06
net1587,5.06
net1590,5.06
net1597,5.06
net1605,5.06
net1606,5.06
net1608,5.06
net1617,5.06
net1621,5.06
net1622,5.06
net1626,5.06
net1627,5.06
net1637,5.06
net1639,5.06
net1640,5.06
net1655,5.06
net1658,5.06
net1661,5.06
net1668,5.06
net1677,5.06
net1681,5.06
net1683,5.06
net1684,5.06
net1687,5.06
net1696,5.06
net1705,5.06
net1707,5.06
net1711,5.06
net1718,5.06
net1726,5.06
net1740,5.06
net1745,5.06
net1746,5.06
net1756,5.06
net1765,5.06
net1766,5.06
net1777,5.06
net1778,5.06
net1789,5.06
net1794,5.06
net1819,5.06
net1820,5.06
net1835,5.06
net1838,5.06
net1841,5.06
net1844,5.06
net1846,5.06
net1849,5.06
net1852,5.06
net1861,5.06
net1864,5.06
net1867,5.06
net1870,5.06
net1875,5.06
net1883,5.06
net1893,5.06
net1933,5.06
net1944,5.06
net1989,5.06
net2004,5.06
net2011,5.06
net2032,5.06
net2162,5.06
net2252,5.06
net2302,5.06
net2314,5.06
net2321,5.06
net2326,5.06
net2336,5.06
net2353,5.06
net2354,5.06
net2356,5.06
net2357,5.06
net2381,5.06
net2385,5.06
net2386,5.06
net2395,5.06
net2401,5.06
net2405,5.06
net2408,5.06
net2418,5.06
net2426,5.06
net2436,5.06
net2460,5.06
net2487,5.06
net2493,5.06
net2498,5.06
net2499,5.06
_00339_,5.055
_00322_,5.045
_00694_,5.045
_00979_,5.045
_01026_,5.045
_07682_,5.045
_12905_,5.045
_14714_,5.045
_00090_,5.04
_00216_,5.04
_01144_,5.04
_01304_,5.04
_01712_,5.04
_01836_,5.04
_01970_,5.04
_02051_,5.04
_02238_,5.04
_02246_,5.04
_02279_,5.04
_02283_,5.04
_02566_,5.04
_02568_,5.04
_02635_,5.04
_02656_,5.04
_02781_,5.04
_03399_,5.04
_03478_,5.04
_04903_,5.04
_05431_,5.04
_08110_,5.04
_09134_,5.04
_09409_,5.04
_12114_,5.04
_12128_,5.04
_14026_,5.04
_18741_,5.04
_19057_,5.04
net694,5.04
net756,5.04
_08595_,5.035
_12524_,5.035
_01852_,5.025
_02599_,5.02
_04600_,5.02
_05557_,5.02
_05694_,5.02
_05752_,5.02
_07175_,5.02
_07492_,5.02
_08591_,5.02
_09663_,5.02
_12599_,5.02
_12933_,5.02
_13898_,5.02
_17773_,5.02
_17927_,5.02
fifo_nonce\[2\]\[57\],5.02
fifo_nonce\[2\]\[6\],5.02
fifo_nonce\[2\]\[7\],5.02
fifo_nonce\[2\]\[90\],5.02
fifo_nonce\[2\]\[91\],5.02
fifo_nonce\[3\]\[59\],5.02
fifo_nonce\[5\]\[16\],5.02
fifo_nonce\[5\]\[27\],5.02
fifo_nonce\[6\]\[108\],5.02
fifo_nonce\[6\]\[7\],5.02
fifo_nonce\[7\]\[53\],5.02
fifo_nonce\[7\]\[77\],5.02
u_auth_fsm.nonce_hist\[6\]\[75\],5.02
u_auth_fsm.nonce_hist\[7\]\[52\],5.02
u_cmd_parser.payload_count\[4\],5.02
net1255,5.02
_00524_,5.005
_00154_,5
_00169_,5
_01296_,5
_01868_,5
_01884_,5
_01898_,5
_02429_,5
_02740_,5
_02868_,5
_03234_,5
_03247_,5
_03350_,5
_03416_,5
_03452_,5
_16416_,5
_17713_,5
_18233_,5
fifo_nonce\[4\]\[17\],5
_00604_,4.985
_00614_,4.985
_00969_,4.985
_00382_,4.975
_00515_,4.975
_00605_,4.975
_00627_,4.975
_00682_,4.975
_00903_,4.975
_00296_,4.965
_16860_,4.955
_01271_,4.94
_01374_,4.94
_01818_,4.94
_01920_,4.94
_02931_,4.94
_02947_,4.94
_03158_,4.94
_05662_,4.94
_05787_,4.94
_05838_,4.94
_06043_,4.94
_06164_,4.94
_06470_,4.94
_07222_,4.94
_07279_,4.94
_07488_,4.94
_07845_,4.94
_09022_,4.94
_09794_,4.94
_09843_,4.94
_10494_,4.94
_10519_,4.94
_11122_,4.94
_11128_,4.94
_11180_,4.94
_11272_,4.94
_11278_,4.94
_12450_,4.94
_12815_,4.94
_12878_,4.94
_13040_,4.94
_13454_,4.94
_13521_,4.94
_13650_,4.94
_13724_,4.94
_14237_,4.94
_14369_,4.94
_14406_,4.94
_14515_,4.94
_14781_,4.94
_17996_,4.94
_18175_,4.94
_18770_,4.94
_18821_,4.94
_18926_,4.94
_18939_,4.94
_19415_,4.94
fifo_nonce\[1\]\[99\],4.94
u_auth_fsm.secret_key\[19\],4.94
u_auth_fsm.secret_key\[81\],4.94
net1913,4.94
net2275,4.94
_17554_,4.93
_00562_,4.925
_01940_,4.925
_00016_,4.92
_00081_,4.92
_00106_,4.92
_00211_,4.92
_01165_,4.92
_01168_,4.92
_01215_,4.92
_01263_,4.92
_01363_,4.92
_01421_,4.92
_01427_,4.92
_01462_,4.92
_01663_,4.92
_01815_,4.92
_01948_,4.92
_02142_,4.92
_02226_,4.92
_02285_,4.92
_02467_,4.92
_02581_,4.92
_02604_,4.92
_02614_,4.92
_02833_,4.92
_02878_,4.92
_02992_,4.92
_03132_,4.92
_03156_,4.92
_03308_,4.92
_03313_,4.92
_03317_,4.92
_03375_,4.92
_03481_,4.92
_03522_,4.92
_03527_,4.92
_03983_,4.92
_04002_,4.92
_04048_,4.92
_04096_,4.92
_04122_,4.92
_04136_,4.92
_04223_,4.92
_04270_,4.92
_04308_,4.92
_04311_,4.92
_04483_,4.92
_04532_,4.92
_04657_,4.92
_04668_,4.92
_04787_,4.92
_04822_,4.92
_04998_,4.92
_05073_,4.92
_05177_,4.92
_05526_,4.92
_05578_,4.92
_05710_,4.92
_05808_,4.92
_06258_,4.92
_06503_,4.92
_06886_,4.92
_06941_,4.92
_07014_,4.92
_07119_,4.92
_07263_,4.92
_07475_,4.92
_07986_,4.92
_08041_,4.92
_08072_,4.92
_08095_,4.92
_08355_,4.92
_08405_,4.92
_08419_,4.92
_08451_,4.92
_08458_,4.92
_08482_,4.92
_08548_,4.92
_08856_,4.92
_09062_,4.92
_09246_,4.92
_09676_,4.92
_09793_,4.92
_09928_,4.92
_10408_,4.92
_10615_,4.92
_10773_,4.92
_10875_,4.92
_11045_,4.92
_11141_,4.92
_11325_,4.92
_11711_,4.92
_11743_,4.92
_12070_,4.92
_12478_,4.92
_12549_,4.92
_12770_,4.92
_12930_,4.92
_13248_,4.92
_13532_,4.92
_13586_,4.92
_13587_,4.92
_13612_,4.92
_14140_,4.92
_14399_,4.92
_14403_,4.92
_14819_,4.92
_14876_,4.92
_15276_,4.92
_15446_,4.92
_15536_,4.92
_15671_,4.92
_15682_,4.92
_15796_,4.92
_15940_,4.92
_15976_,4.92
_16092_,4.92
_16230_,4.92
_16321_,4.92
_16653_,4.92
_16711_,4.92
_16720_,4.92
_16801_,4.92
_17081_,4.92
_17195_,4.92
_17654_,4.92
_17950_,4.92
_18206_,4.92
_18568_,4.92
_18688_,4.92
_18931_,4.92
_19021_,4.92
_19157_,4.92
_19476_,4.92
_19687_,4.92
fifo_nonce\[1\]\[24\],4.92
fifo_nonce\[1\]\[57\],4.92
fifo_nonce\[1\]\[7\],4.92
fifo_nonce\[4\]\[19\],4.92
u_aes128.gen_key_sbox\[2\].sb_key.in\[7\],4.92
u_auth_fsm.cur_nonce\[32\],4.92
u_auth_fsm.nonce_hist\[6\]\[62\],4.92
u_auth_fsm.secret_key\[126\],4.92
u_auth_fsm.secret_key\[14\],4.92
u_auth_fsm.secret_key\[31\],4.92
u_auth_fsm.secret_key\[56\],4.92
u_auth_fsm.secret_key\[89\],4.92
net591,4.92
net673,4.92
net691,4.92
net705,4.92
net769,4.92
net825,4.92
net831,4.92
net1054,4.92
net1607,4.92
net1869,4.92
net1937,4.92
net2481,4.92
_13250_,4.915
_15769_,4.91
_19368_,4.91
_00410_,4.9
_05479_,4.9
_08216_,4.9
_08732_,4.9
_12939_,4.9
_13298_,4.9
_14679_,4.9
_14830_,4.9
_14977_,4.9
_15088_,4.9
_15378_,4.9
_16184_,4.9
fifo_nonce\[3\]\[21\],4.9
fifo_nonce\[3\]\[4\],4.9
fifo_nonce\[3\]\[56\],4.9
fifo_nonce\[6\]\[82\],4.9
fifo_nonce\[6\]\[99\],4.9
fifo_nonce\[7\]\[99\],4.9
net2093,4.9
_12989_,4.895
_00353_,4.885
_00490_,4.885
_01540_,4.885
_01203_,4.88
_01221_,4.88
_01229_,4.88
_01315_,4.88
_01617_,4.88
_01649_,4.88
_02117_,4.88
_02462_,4.88
_02508_,4.88
_03002_,4.88
_03015_,4.88
_03025_,4.88
_03446_,4.88
_03518_,4.88
_03696_,4.88
_03706_,4.88
_03721_,4.88
_03758_,4.88
_04081_,4.88
_04101_,4.88
_04186_,4.88
_04281_,4.88
_04319_,4.88
_04371_,4.88
_04377_,4.88
_04386_,4.88
_04387_,4.88
_04538_,4.88
_04555_,4.88
_04601_,4.88
_04646_,4.88
_04717_,4.88
_04729_,4.88
_04737_,4.88
_04786_,4.88
_04983_,4.88
_05059_,4.88
_05068_,4.88
_05070_,4.88
_05079_,4.88
_05085_,4.88
_05098_,4.88
_05109_,4.88
_05230_,4.88
_05293_,4.88
_05355_,4.88
_05937_,4.88
_07171_,4.88
_07178_,4.88
_07231_,4.88
_07616_,4.88
_07700_,4.88
_07984_,4.88
_09511_,4.88
_09992_,4.88
_09999_,4.88
_10081_,4.88
_10527_,4.88
_10880_,4.88
_11268_,4.88
_11617_,4.88
_11676_,4.88
_11992_,4.88
_12092_,4.88
_12408_,4.88
_12869_,4.88
_13533_,4.88
_13589_,4.88
_13942_,4.88
_14038_,4.88
_14138_,4.88
_14145_,4.88
_14279_,4.88
_14828_,4.88
_14954_,4.88
_14970_,4.88
_14995_,4.88
_15036_,4.88
_15048_,4.88
_15188_,4.88
_15277_,4.88
_15357_,4.88
_15365_,4.88
_15371_,4.88
_15382_,4.88
_15388_,4.88
_15399_,4.88
_15486_,4.88
_15556_,4.88
_15585_,4.88
_15589_,4.88
_15700_,4.88
_15811_,4.88
_16007_,4.88
_16139_,4.88
_16175_,4.88
_16187_,4.88
_16211_,4.88
_16242_,4.88
_16255_,4.88
_16274_,4.88
_16281_,4.88
_16319_,4.88
_16355_,4.88
_16429_,4.88
_16472_,4.88
_16557_,4.88
_16648_,4.88
_16669_,4.88
_16683_,4.88
_16719_,4.88
_16728_,4.88
_16800_,4.88
_17871_,4.88
_17873_,4.88
_18012_,4.88
_18584_,4.88
_18588_,4.88
_18859_,4.88
_19249_,4.88
_19399_,4.88
fifo_nonce\[1\]\[82\],4.88
fifo_nonce\[5\]\[38\],4.88
u_auth_fsm.cur_nonce\[100\],4.88
u_auth_fsm.cur_nonce\[20\],4.88
u_auth_fsm.cur_nonce\[78\],4.88
u_auth_fsm.cur_nonce\[79\],4.88
u_auth_fsm.secret_key\[124\],4.88
u_auth_fsm.secret_key\[26\],4.88
u_auth_fsm.secret_key\[69\],4.88
u_cmd_parser.nonce_reg\[119\],4.88
_00731_,4.865
_16073_,4.86
uart_tx_o,4.85
_00676_,4.845
_00699_,4.845
_00722_,4.845
_00832_,4.845
_00999_,4.845
_01049_,4.845
_01111_,4.845
_06741_,4.83
_13147_,4.83
_00362_,4.82
_00539_,4.82
_00603_,4.82
_01160_,4.82
_03371_,4.82
_03717_,4.82
_04338_,4.82
_04840_,4.82
_04947_,4.82
_05043_,4.82
_05104_,4.82
_05801_,4.82
_06205_,4.82
_06494_,4.82
_06563_,4.82
_06912_,4.82
_07029_,4.82
_08800_,4.82
_08841_,4.82
_09590_,4.82
_09990_,4.82
_10404_,4.82
_10789_,4.82
_10791_,4.82
_11594_,4.82
_11866_,4.82
_12122_,4.82
_13169_,4.82
_13738_,4.82
_14032_,4.82
_14049_,4.82
_14273_,4.82
_14427_,4.82
_14558_,4.82
_15174_,4.82
_15201_,4.82
_15526_,4.82
_15672_,4.82
_16482_,4.82
_16652_,4.82
_16736_,4.82
_17214_,4.82
_17562_,4.82
_18029_,4.82
_18425_,4.82
_18528_,4.82
_19472_,4.82
_19500_,4.82
_19557_,4.82
fifo_nonce\[1\]\[39\],4.82
fifo_nonce\[1\]\[6\],4.82
fifo_nonce\[3\]\[119\],4.82
fifo_nonce\[3\]\[12\],4.82
fifo_nonce\[3\]\[15\],4.82
fifo_nonce\[3\]\[42\],4.82
fifo_nonce\[3\]\[52\],4.82
fifo_nonce\[5\]\[121\],4.82
fifo_nonce\[5\]\[1\],4.82
fifo_nonce\[5\]\[32\],4.82
fifo_nonce\[6\]\[75\],4.82
net1175,4.82
_05742_,4.815
_08004_,4.81
_17891_,4.81
_00318_,4.805
_00065_,4.8
_02268_,4.8
_03154_,4.8
_03189_,4.8
_03293_,4.8
_03339_,4.8
_03401_,4.8
_03503_,4.8
_03607_,4.8
_03709_,4.8
_04233_,4.8
_04242_,4.8
_04345_,4.8
_04406_,4.8
_04415_,4.8
_04533_,4.8
_04611_,4.8
_04754_,4.8
_04769_,4.8
_04795_,4.8
_04816_,4.8
_05017_,4.8
_05041_,4.8
_05232_,4.8
_05241_,4.8
_05273_,4.8
_05289_,4.8
_06091_,4.8
_06527_,4.8
_06532_,4.8
_06807_,4.8
_07585_,4.8
_07647_,4.8
_07681_,4.8
_08152_,4.8
_08180_,4.8
_08366_,4.8
_09138_,4.8
_10065_,4.8
_10068_,4.8
_10240_,4.8
_10270_,4.8
_10336_,4.8
_10882_,4.8
_10995_,4.8
_11172_,4.8
_11252_,4.8
_11629_,4.8
_11683_,4.8
_11947_,4.8
_12144_,4.8
_12624_,4.8
_13121_,4.8
_13433_,4.8
_13688_,4.8
_13855_,4.8
_13899_,4.8
_13908_,4.8
_13986_,4.8
_14314_,4.8
_14384_,4.8
_14476_,4.8
_14564_,4.8
_14665_,4.8
_14776_,4.8
_14852_,4.8
_15103_,4.8
_15352_,4.8
_15558_,4.8
_15594_,4.8
_15739_,4.8
_16241_,4.8
_16359_,4.8
_16549_,4.8
_16551_,4.8
_16775_,4.8
_16804_,4.8
_16962_,4.8
_17106_,4.8
_17443_,4.8
_17892_,4.8
_18154_,4.8
_18192_,4.8
_18286_,4.8
_18527_,4.8
_18590_,4.8
_18664_,4.8
_18745_,4.8
_18873_,4.8
_18900_,4.8
_18993_,4.8
_19095_,4.8
fifo_nonce\[4\]\[54\],4.8
fifo_nonce\[7\]\[106\],4.8
fifo_nonce\[7\]\[59\],4.8
u_auth_fsm.secret_key\[27\],4.8
net1322,4.8
net1407,4.8
net2195,4.8
net2479,4.8
_00638_,4.785
_04231_,4.78
_04590_,4.78
_06602_,4.78
_06693_,4.78
_09637_,4.78
_09714_,4.78
_10462_,4.78
_11300_,4.78
_13720_,4.78
_15517_,4.78
_19452_,4.78
fifo_nonce\[3\]\[97\],4.78
_00093_,4.765
_01694_,4.765
_01715_,4.765
net786,4.765
_01545_,4.76
_03017_,4.76
_04005_,4.76
_04045_,4.76
_04053_,4.76
_04071_,4.76
_04108_,4.76
_04114_,4.76
_04126_,4.76
_04148_,4.76
_04169_,4.76
_04204_,4.76
_04229_,4.76
_04245_,4.76
_04246_,4.76
_04287_,4.76
_04334_,4.76
_04392_,4.76
_04403_,4.76
_04460_,4.76
_04466_,4.76
_04477_,4.76
_04510_,4.76
_04513_,4.76
_04517_,4.76
_04546_,4.76
_04558_,4.76
_04567_,4.76
_04568_,4.76
_04624_,4.76
_04716_,4.76
_04739_,4.76
_04803_,4.76
_04804_,4.76
_04813_,4.76
_04814_,4.76
_04836_,4.76
_05028_,4.76
_05240_,4.76
_05270_,4.76
_05283_,4.76
_05332_,4.76
_07202_,4.76
_07256_,4.76
_07989_,4.76
_08453_,4.76
_09570_,4.76
_10091_,4.76
_11956_,4.76
_12353_,4.76
_14087_,4.76
_14290_,4.76
_14363_,4.76
_14549_,4.76
_14649_,4.76
_14802_,4.76
_15214_,4.76
_15274_,4.76
_15310_,4.76
_15432_,4.76
_15449_,4.76
_15467_,4.76
_15483_,4.76
_15539_,4.76
_15542_,4.76
_15570_,4.76
_15625_,4.76
_15629_,4.76
_15679_,4.76
_15770_,4.76
_15837_,4.76
_15857_,4.76
_16014_,4.76
_16263_,4.76
_16614_,4.76
_16671_,4.76
_16731_,4.76
_16744_,4.76
_18272_,4.76
_18538_,4.76
_19117_,4.76
_19360_,4.76
_19610_,4.76
fifo_nonce\[5\]\[23\],4.76
_00373_,4.745
_00298_,4.725
_00448_,4.725
_00475_,4.725
_00896_,4.725
_01033_,4.725
_01035_,4.725
_03512_,4.725
_11238_,4.725
_01090_,4.72
_04553_,4.72
_08278_,4.71
_19421_,4.71
_00327_,4.7
_00726_,4.7
_00782_,4.7
_00829_,4.7
_00869_,4.7
_01205_,4.7
_01570_,4.7
_01749_,4.7
_03759_,4.7
_06850_,4.7
_07456_,4.7
_08545_,4.7
_09476_,4.7
_11532_,4.7
_12060_,4.7
_12257_,4.7
_12848_,4.7
_13946_,4.7
_14292_,4.7
_16329_,4.7
net1017,4.7
net1208,4.7
net1391,4.7
net1397,4.7
net1544,4.7
net1694,4.7
net1782,4.7
net1799,4.7
net1836,4.7
net1892,4.7
net2301,4.7
net2466,4.7
_10853_,4.69
_10926_,4.69
_00030_,4.68
_02034_,4.68
_02492_,4.68
_02755_,4.68
_02924_,4.68
_03723_,4.68
_04329_,4.68
_04854_,4.68
_05551_,4.68
_06249_,4.68
_07179_,4.68
_08003_,4.68
_10530_,4.68
_10656_,4.68
_10710_,4.68
_11063_,4.68
_12937_,4.68
_13762_,4.68
_16393_,4.68
_17802_,4.68
_18073_,4.68
_18140_,4.68
_18947_,4.68
_19138_,4.68
_19701_,4.68
fifo_nonce\[1\]\[72\],4.68
fifo_nonce\[1\]\[97\],4.68
fifo_nonce\[2\]\[125\],4.68
fifo_nonce\[5\]\[36\],4.68
_06617_,4.66
_10409_,4.66
_12511_,4.66
_13487_,4.66
_18030_,4.66
_18921_,4.66
_19166_,4.66
_19218_,4.66
_19291_,4.66
net1137,4.66
net1316,4.66
net1504,4.66
net1645,4.66
net1699,4.66
net1700,4.66
net1865,4.66
_10302_,4.65
_05936_,4.64
_00239_,4.635
_00251_,4.635
_00484_,4.625
_00540_,4.625
_00666_,4.625
_02785_,4.625
_09459_,4.615
_18557_,4.61
_02331_,4.605
_07906_,4.6
_08416_,4.6
_10101_,4.6
_10440_,4.6
_10898_,4.6
_11321_,4.6
_12433_,4.6
_12943_,4.6
_17037_,4.6
_18919_,4.6
_19273_,4.6
net1577,4.6
_12949_,4.59
_00685_,4.585
_00725_,4.585
_00749_,4.585
_00980_,4.585
_01089_,4.585
_01531_,4.585
_01117_,4.58
_01341_,4.58
_01633_,4.58
_01639_,4.58
_01744_,4.58
_01782_,4.58
_01843_,4.58
_01933_,4.58
_01961_,4.58
_01980_,4.58
_02030_,4.58
_02054_,4.58
_02194_,4.58
_02271_,4.58
_02298_,4.58
_02300_,4.58
_02472_,4.58
_02587_,4.58
_02618_,4.58
_02620_,4.58
_02723_,4.58
_02733_,4.58
_02777_,4.58
_02842_,4.58
_03021_,4.58
_03114_,4.58
_03342_,4.58
_03377_,4.58
_03535_,4.58
_06054_,4.58
_06060_,4.58
_06460_,4.58
_06667_,4.58
_07066_,4.58
_10696_,4.58
_12047_,4.58
_12488_,4.58
_13584_,4.58
_14752_,4.58
_16889_,4.58
_17901_,4.58
_18219_,4.58
net483,4.58
net543,4.58
net594,4.58
net741,4.58
net907,4.58
net1333,4.58
_19652_,4.57
_01213_,4.565
_03530_,4.565
_17457_,4.565
_01623_,4.56
_06045_,4.56
_07086_,4.56
_12840_,4.56
_13296_,4.56
_13611_,4.56
_14375_,4.56
_15760_,4.56
_17307_,4.56
_17626_,4.56
_17711_,4.56
_18242_,4.56
_19143_,4.56
_19668_,4.56
fifo_nonce\[2\]\[123\],4.56
fifo_nonce\[2\]\[56\],4.56
fifo_nonce\[2\]\[58\],4.56
fifo_nonce\[2\]\[83\],4.56
fifo_nonce\[6\]\[12\],4.56
fifo_nonce\[6\]\[80\],4.56
fifo_nonce\[6\]\[81\],4.56
fifo_nonce\[7\]\[112\],4.56
fifo_nonce\[7\]\[20\],4.56
u_auth_fsm.nonce_hist\[6\]\[47\],4.56
u_auth_fsm.nonce_hist\[7\]\[126\],4.56
u_auth_fsm.nonce_hist\[7\]\[47\],4.56
u_auth_fsm.secret_key\[115\],4.56
u_auth_fsm.tx_payload\[81\],4.56
net806,4.56
_00131_,4.54
_00173_,4.54
_00202_,4.54
_00204_,4.54
_01166_,4.54
_01988_,4.54
_02037_,4.54
_02058_,4.54
_02160_,4.54
_02211_,4.54
_02249_,4.54
_02814_,4.54
_03004_,4.54
_03020_,4.54
_03066_,4.54
_03337_,4.54
_03387_,4.54
_03467_,4.54
_06387_,4.54
_07671_,4.54
_11606_,4.54
_17337_,4.54
_17530_,4.54
fifo_nonce\[2\]\[100\],4.54
_00616_,4.535
_00582_,4.525
_00789_,4.525
_02522_,4.525
_02946_,4.525
_04900_,4.52
_10232_,4.51
_00707_,4.505
_01052_,4.505
_01568_,4.505
_07940_,4.49
_08720_,4.485
_01376_,4.48
_01386_,4.48
_01780_,4.48
_01896_,4.48
_01924_,4.48
_01958_,4.48
_02381_,4.48
_02420_,4.48
_02430_,4.48
_02480_,4.48
_02543_,4.48
_02623_,4.48
_02695_,4.48
_02875_,4.48
_02997_,4.48
_02998_,4.48
_03309_,4.48
_03336_,4.48
_03383_,4.48
_04944_,4.48
_05136_,4.48
_05210_,4.48
_05420_,4.48
_05542_,4.48
_05924_,4.48
_05985_,4.48
_07232_,4.48
_07269_,4.48
_07480_,4.48
_07937_,4.48
_08102_,4.48
_08929_,4.48
_09696_,4.48
_10464_,4.48
_11291_,4.48
_11646_,4.48
_11656_,4.48
_11668_,4.48
_11991_,4.48
_12039_,4.48
_12529_,4.48
_12948_,4.48
_13166_,4.48
_13530_,4.48
_13595_,4.48
_13769_,4.48
_14073_,4.48
_14188_,4.48
_14235_,4.48
_14258_,4.48
_14608_,4.48
_14771_,4.48
_17275_,4.48
_17537_,4.48
_17693_,4.48
_17984_,4.48
_18514_,4.48
_19521_,4.48
fifo_nonce\[1\]\[54\],4.48
u_auth_fsm.nonce_hist\[7\]\[62\],4.48
net972,4.48
_18471_,4.475
_00024_,4.46
_00129_,4.46
_01220_,4.46
_01291_,4.46
_01410_,4.46
_01442_,4.46
_01463_,4.46
_01776_,4.46
_01830_,4.46
_02217_,4.46
_02771_,4.46
_02844_,4.46
_02848_,4.46
_02901_,4.46
_02922_,4.46
_02972_,4.46
_03161_,4.46
_03193_,4.46
_03405_,4.46
_03725_,4.46
_03851_,4.46
_03922_,4.46
_03925_,4.46
_04018_,4.46
_04059_,4.46
_04069_,4.46
_04125_,4.46
_04130_,4.46
_04263_,4.46
_04328_,4.46
_04435_,4.46
_04577_,4.46
_04636_,4.46
_04638_,4.46
_04715_,4.46
_04749_,4.46
_05042_,4.46
_05253_,4.46
_05281_,4.46
_05478_,4.46
_05569_,4.46
_05822_,4.46
_05837_,4.46
_06018_,4.46
_06036_,4.46
_06229_,4.46
_06487_,4.46
_06618_,4.46
_07156_,4.46
_07247_,4.46
_07598_,4.46
_07642_,4.46
_07959_,4.46
_08111_,4.46
_08167_,4.46
_08578_,4.46
_08809_,4.46
_08871_,4.46
_09075_,4.46
_09630_,4.46
_09864_,4.46
_10078_,4.46
_10308_,4.46
_10531_,4.46
_10608_,4.46
_10648_,4.46
_10857_,4.46
_10919_,4.46
_11161_,4.46
_11215_,4.46
_11568_,4.46
_12920_,4.46
_13056_,4.46
_13110_,4.46
_13111_,4.46
_13145_,4.46
_13199_,4.46
_13285_,4.46
_13330_,4.46
_13488_,4.46
_13687_,4.46
_13748_,4.46
_14181_,4.46
_14300_,4.46
_14312_,4.46
_14813_,4.46
_15031_,4.46
_15155_,4.46
_15208_,4.46
_15308_,4.46
_15442_,4.46
_15573_,4.46
_15635_,4.46
_15704_,4.46
_15990_,4.46
_16021_,4.46
_16027_,4.46
_16063_,4.46
_16128_,4.46
_16228_,4.46
_16277_,4.46
_16324_,4.46
_16340_,4.46
_16503_,4.46
_16769_,4.46
_17394_,4.46
_17570_,4.46
_17738_,4.46
_18041_,4.46
_18224_,4.46
_18332_,4.46
_18467_,4.46
_18646_,4.46
_18676_,4.46
_18706_,4.46
_18765_,4.46
_18878_,4.46
_18985_,4.46
_19064_,4.46
_19092_,4.46
_19494_,4.46
fifo_nonce\[4\]\[31\],4.46
fifo_nonce\[4\]\[95\],4.46
u_auth_fsm.secret_key\[22\],4.46
u_auth_fsm.secret_key\[72\],4.46
net458,4.46
net609,4.46
net624,4.46
net653,4.46
net704,4.46
net858,4.46
net1279,4.46
net1494,4.46
net1654,4.46
net1881,4.46
_01152_,4.44
_01773_,4.44
_02507_,4.44
_02768_,4.44
_03944_,4.44
_04501_,4.44
_04587_,4.44
_04946_,4.44
_05574_,4.44
_07075_,4.44
_07658_,4.44
_08333_,4.44
_09833_,4.44
_10088_,4.44
_11235_,4.44
_11451_,4.44
_13304_,4.44
_14390_,4.44
_14487_,4.44
_14505_,4.44
_14622_,4.44
_14655_,4.44
_17700_,4.44
_19406_,4.44
fifo_nonce\[2\]\[97\],4.44
fifo_nonce\[5\]\[14\],4.44
fifo_nonce\[6\]\[85\],4.44
fifo_nonce\[7\]\[61\],4.44
u_aes128.round_key\[43\],4.44
_01506_,4.435
_06170_,4.435
_18110_,4.43
_00779_,4.425
_00889_,4.425
_01022_,4.425
_01335_,4.42
_01726_,4.42
_01861_,4.42
_01959_,4.42
_02195_,4.42
_02665_,4.42
_03083_,4.42
_03658_,4.42
_03728_,4.42
_03762_,4.42
_03764_,4.42
_03768_,4.42
_03772_,4.42
_03891_,4.42
_04111_,4.42
_04140_,4.42
_04168_,4.42
_04224_,4.42
_04276_,4.42
_04294_,4.42
_04305_,4.42
_04323_,4.42
_04358_,4.42
_04381_,4.42
_04393_,4.42
_04409_,4.42
_04434_,4.42
_04445_,4.42
_04457_,4.42
_04499_,4.42
_04527_,4.42
_04531_,4.42
_04548_,4.42
_04559_,4.42
_04566_,4.42
_04574_,4.42
_04579_,4.42
_04586_,4.42
_04599_,4.42
_04634_,4.42
_04639_,4.42
_04644_,4.42
_04665_,4.42
_04671_,4.42
_04676_,4.42
_04727_,4.42
_04767_,4.42
_04782_,4.42
_04800_,4.42
_04809_,4.42
_04835_,4.42
_05024_,4.42
_05321_,4.42
_05867_,4.42
_06762_,4.42
_06961_,4.42
_07050_,4.42
_08289_,4.42
_08861_,4.42
_08891_,4.42
_09345_,4.42
_09695_,4.42
_10943_,4.42
_11259_,4.42
_11632_,4.42
_11702_,4.42
_12472_,4.42
_13800_,4.42
_13903_,4.42
_14556_,4.42
_14581_,4.42
_14729_,4.42
_15076_,4.42
_15307_,4.42
_15444_,4.42
_15462_,4.42
_15537_,4.42
_15621_,4.42
_15658_,4.42
_15686_,4.42
_15736_,4.42
_15774_,4.42
_15802_,4.42
_15828_,4.42
_15847_,4.42
_16186_,4.42
_16196_,4.42
_16219_,4.42
_16248_,4.42
_16535_,4.42
_16685_,4.42
_16696_,4.42
_16717_,4.42
_16758_,4.42
_16875_,4.42
_17454_,4.42
_18961_,4.42
_19029_,4.42
_19684_,4.42
fifo_nonce\[5\]\[19\],4.42
fifo_nonce\[5\]\[22\],4.42
u_auth_fsm.cur_nonce\[36\],4.42
u_auth_fsm.cur_nonce\[38\],4.42
u_auth_fsm.secret_key\[91\],4.42
_01716_,4.405
_05760_,4.4
_00366_,4.385
_00369_,4.385
_00472_,4.385
_00610_,4.385
_00778_,4.385
_01482_,4.385
_09604_,4.38
_09242_,4.37
_00161_,4.365
_00397_,4.36
_01024_,4.36
_01528_,4.36
_03747_,4.36
_03748_,4.36
_04282_,4.36
_04678_,4.36
_04702_,4.36
_05112_,4.36
_05308_,4.36
_05329_,4.36
_05563_,4.36
_05794_,4.36
_05998_,4.36
_07063_,4.36
_10041_,4.36
_10262_,4.36
_11338_,4.36
_11977_,4.36
_12652_,4.36
_12923_,4.36
_13141_,4.36
_13956_,4.36
_14028_,4.36
_14358_,4.36
_14997_,4.36
_15026_,4.36
_15118_,4.36
_15153_,4.36
_15232_,4.36
_15469_,4.36
_15879_,4.36
_15910_,4.36
_16165_,4.36
_16328_,4.36
_16600_,4.36
_16609_,4.36
_16939_,4.36
_17616_,4.36
_18259_,4.36
_18372_,4.36
_18394_,4.36
_18463_,4.36
_18697_,4.36
_18762_,4.36
_18940_,4.36
_19417_,4.36
_19644_,4.36
_19669_,4.36
_19673_,4.36
_19694_,4.36
_12397_,4.355
_00073_,4.34
_00165_,4.34
_00176_,4.34
_01657_,4.34
_01840_,4.34
_02004_,4.34
_02248_,4.34
_02282_,4.34
_02337_,4.34
_02360_,4.34
_02813_,4.34
_02841_,4.34
_03410_,4.34
_03603_,4.34
_03736_,4.34
_03877_,4.34
_04032_,4.34
_04061_,4.34
_04221_,4.34
_04256_,4.34
_04354_,4.34
_04473_,4.34
_04572_,4.34
_04672_,4.34
_04967_,4.34
_05083_,4.34
_05151_,4.34
_05261_,4.34
_05276_,4.34
_05277_,4.34
_05288_,4.34
_06000_,4.34
_06395_,4.34
_06419_,4.34
_06882_,4.34
_07136_,4.34
_07493_,4.34
_07527_,4.34
_07576_,4.34
_07846_,4.34
_08101_,4.34
_08379_,4.34
_08444_,4.34
_08948_,4.34
_09015_,4.34
_09109_,4.34
_09243_,4.34
_09692_,4.34
_09832_,4.34
_09964_,4.34
_10113_,4.34
_10173_,4.34
_10415_,4.34
_11256_,4.34
_11823_,4.34
_12028_,4.34
_12032_,4.34
_12075_,4.34
_12146_,4.34
_12278_,4.34
_12363_,4.34
_12436_,4.34
_12735_,4.34
_12988_,4.34
_13332_,4.34
_13592_,4.34
_13780_,4.34
_14496_,4.34
_14684_,4.34
_14757_,4.34
_15171_,4.34
_15264_,4.34
_15416_,4.34
_15504_,4.34
_15602_,4.34
_15792_,4.34
_15906_,4.34
_15961_,4.34
_16004_,4.34
_16068_,4.34
_16222_,4.34
_16258_,4.34
_16259_,4.34
_16422_,4.34
_16521_,4.34
_16626_,4.34
_17346_,4.34
_17866_,4.34
_17884_,4.34
_18132_,4.34
_18392_,4.34
_18406_,4.34
_18539_,4.34
_18735_,4.34
_18816_,4.34
_18880_,4.34
_19096_,4.34
_19214_,4.34
_19681_,4.34
_19710_,4.34
fifo_nonce\[2\]\[55\],4.34
fifo_nonce\[4\]\[116\],4.34
fifo_nonce\[6\]\[54\],4.34
fifo_nonce\[7\]\[1\],4.34
fifo_nonce\[7\]\[54\],4.34
net731,4.34
net1217,4.34
net1469,4.34
net1578,4.34
net1954,4.34
_17398_,4.335
_18522_,4.33
_00235_,4.325
_00317_,4.325
_00387_,4.325
_00405_,4.325
_00930_,4.325
_01504_,4.325
_01532_,4.325
_02484_,4.32
_04896_,4.32
fifo_nonce\[4\]\[12\],4.32
fifo_nonce\[4\]\[81\],4.32
_00523_,4.305
_01162_,4.305
_01680_,4.305
_02224_,4.305
_03064_,4.305
net477,4.305
_19646_,4.3
_00652_,4.295
_00798_,4.295
_00924_,4.295
_01133_,4.295
_01468_,4.295
_01511_,4.295
_17329_,4.295
_18031_,4.275
_02703_,4.265
_00449_,4.245
_00078_,4.24
_00160_,4.24
_00311_,4.24
_00325_,4.24
_00875_,4.24
_01631_,4.24
_02076_,4.24
_02344_,4.24
_02364_,4.24
_02465_,4.24
_02632_,4.24
_02651_,4.24
_02809_,4.24
_04650_,4.24
_05685_,4.24
_06201_,4.24
_07653_,4.24
_09507_,4.24
_09520_,4.24
_10011_,4.24
_10758_,4.24
_12015_,4.24
_13349_,4.24
_13938_,4.24
_14025_,4.24
_15628_,4.24
_15763_,4.24
net1424,4.24
net1614,4.24
net1632,4.24
net2467,4.24
_00060_,4.22
_00091_,4.22
_00115_,4.22
_00118_,4.22
_01706_,4.22
_01808_,4.22
_01820_,4.22
_01986_,4.22
_02321_,4.22
_02396_,4.22
_02953_,4.22
_03006_,4.22
_03354_,4.22
_03415_,4.22
_03433_,4.22
_03873_,4.22
_03898_,4.22
_04235_,4.22
_04728_,4.22
_06096_,4.22
_06661_,4.22
_08030_,4.22
_08418_,4.22
_09738_,4.22
_10324_,4.22
_10453_,4.22
_12899_,4.22
_13057_,4.22
_15138_,4.22
_16183_,4.22
_16325_,4.22
_16657_,4.22
fifo_nonce\[1\]\[71\],4.22
fifo_nonce\[1\]\[74\],4.22
fifo_nonce\[1\]\[83\],4.22
fifo_nonce\[2\]\[68\],4.22
u_aes128.round_key\[106\],4.22
_07518_,4.21
_04592_,4.2
_06582_,4.2
_08013_,4.2
_09955_,4.2
_10114_,4.2
_16282_,4.2
_16618_,4.2
_16763_,4.2
_16794_,4.2
_17975_,4.2
_18284_,4.2
_18315_,4.2
_18963_,4.2
_02095_,4.185
_17686_,4.185
_14446_,4.17
_00267_,4.165
_00299_,4.165
_00426_,4.165
_00479_,4.165
_00595_,4.165
_00613_,4.165
_00696_,4.165
_00751_,4.165
_00752_,4.165
_00756_,4.165
_00772_,4.165
_00884_,4.165
_01104_,4.165
_01489_,4.165
_03449_,4.165
_09837_,4.16
_01193_,4.145
_04964_,4.14
_05217_,4.14
_05464_,4.14
_05747_,4.14
_06112_,4.14
_06171_,4.14
_06468_,4.14
_06498_,4.14
_06566_,4.14
_07032_,4.14
_07110_,4.14
_07332_,4.14
_08499_,4.14
_08627_,4.14
_08739_,4.14
_08904_,4.14
_08953_,4.14
_10386_,4.14
_11471_,4.14
_12011_,4.14
_16985_,4.14
_17898_,4.14
_18197_,4.14
_18369_,4.14
_18488_,4.14
_19513_,4.14
_19676_,4.14
u_auth_fsm.cur_nonce\[103\],4.14
net2178,4.14
net2297,4.14
net2341,4.14
_00112_,4.12
_00114_,4.12
_00135_,4.12
_00225_,4.12
_01202_,4.12
_01227_,4.12
_01278_,4.12
_01641_,4.12
_01725_,4.12
_01753_,4.12
_01807_,4.12
_01876_,4.12
_01963_,4.12
_02015_,4.12
_02018_,4.12
_02021_,4.12
_02140_,4.12
_02144_,4.12
_02159_,4.12
_02161_,4.12
_02254_,4.12
_02311_,4.12
_02326_,4.12
_02455_,4.12
_02483_,4.12
_02521_,4.12
_02658_,4.12
_02804_,4.12
_02872_,4.12
_02888_,4.12
_02954_,4.12
_02971_,4.12
_03037_,4.12
_03058_,4.12
_03129_,4.12
_03335_,4.12
_03430_,4.12
_03517_,4.12
_03533_,4.12
_03628_,4.12
_07048_,4.12
_07159_,4.12
_07187_,4.12
_07243_,4.12
_09629_,4.12
_10066_,4.12
_10337_,4.12
_10504_,4.12
_11863_,4.12
_13005_,4.12
_13220_,4.12
_13324_,4.12
_14046_,4.12
_14502_,4.12
_17865_,4.12
_18231_,4.12
_18499_,4.12
_18672_,4.12
_18696_,4.12
net549,4.12
net620,4.12
net712,4.12
net1019,4.12
net1029,4.12
net1067,4.12
net2052,4.12
_00166_,4.1
_06964_,4.1
_08303_,4.1
_08485_,4.1
_10330_,4.1
_11098_,4.1
_11547_,4.1
_11557_,4.1
_12077_,4.1
_12724_,4.1
_13819_,4.1
_14973_,4.1
_17545_,4.1
_17639_,4.1
_18480_,4.1
_19640_,4.1
_19680_,4.1
fifo_nonce\[1\]\[98\],4.1
fifo_nonce\[2\]\[63\],4.1
fifo_nonce\[3\]\[57\],4.1
fifo_nonce\[5\]\[102\],4.1
fifo_nonce\[6\]\[125\],4.1
fifo_nonce\[7\]\[14\],4.1
u_auth_fsm.aes_plaintext\[74\],4.1
u_auth_fsm.cur_nonce\[8\],4.1
u_auth_fsm.nonce_hist\[7\]\[83\],4.1
u_auth_fsm.secret_key\[73\],4.1
_00269_,4.085
_00400_,4.085
_00487_,4.085
_00518_,4.085
_00767_,4.085
_00186_,4.08
_01253_,4.08
_01874_,4.08
_02000_,4.08
_02184_,4.08
_02272_,4.08
_02304_,4.08
_02439_,4.08
_07935_,4.08
_11657_,4.08
_13651_,4.08
_19587_,4.08
_00621_,4.045
_01083_,4.045
_01094_,4.045
_14721_,4.045
_01883_,4.02
_01922_,4.02
_01938_,4.02
_01939_,4.02
_01951_,4.02
_02191_,4.02
_02209_,4.02
_02244_,4.02
_02291_,4.02
_02294_,4.02
_02427_,4.02
_02476_,4.02
_02539_,4.02
_02550_,4.02
_02584_,4.02
_02592_,4.02
_02638_,4.02
_02734_,4.02
_02981_,4.02
_03051_,4.02
_03646_,4.02
_04942_,4.02
_06082_,4.02
_06777_,4.02
_06907_,4.02
_08105_,4.02
_08493_,4.02
_08986_,4.02
_09298_,4.02
_10102_,4.02
_10525_,4.02
_10591_,4.02
_10754_,4.02
_10825_,4.02
_11247_,4.02
_12659_,4.02
_12790_,4.02
_13235_,4.02
_13937_,4.02
_14035_,4.02
_14643_,4.02
_14885_,4.02
_17667_,4.02
_17730_,4.02
_18014_,4.02
_18829_,4.02
_19479_,4.02
_19498_,4.02
net585,4.02
net598,4.02
net640,4.02
net2180,4.02
_12719_,4.01
u_auth_fsm.cur_nonce\[58\],4.01
_00168_,4.005
_00002_,4
_00005_,4
_00019_,4
_00038_,4
_00101_,4
_00128_,4
_01189_,4
_01201_,4
_01325_,4
_01329_,4
_01344_,4
_01345_,4
_01359_,4
_01368_,4
_01391_,4
_01399_,4
_01647_,4
_01693_,4
_01721_,4
_01732_,4
_01760_,4
_01894_,4
_01981_,4
_02040_,4
_02088_,4
_02228_,4
_02281_,4
_02504_,4
_02805_,4
_02816_,4
_02822_,4
_02912_,4
_02918_,4
_02955_,4
_03125_,4
_03138_,4
_03141_,4
_03228_,4
_03291_,4
_03307_,4
_03328_,4
_03463_,4
_03483_,4
_03497_,4
_03513_,4
_03514_,4
_03538_,4
_03645_,4
_03817_,4
_03901_,4
_04193_,4
_04265_,4
_04332_,4
_04398_,4
_04422_,4
_04481_,4
_04544_,4
_04561_,4
_04667_,4
_04694_,4
_04721_,4
_04798_,4
_04898_,4
_04957_,4
_05541_,4
_05544_,4
_05725_,4
_05806_,4
_05821_,4
_06031_,4
_06066_,4
_06070_,4
_06492_,4
_06656_,4
_07577_,4
_07634_,4
_07663_,4
_07888_,4
_08042_,4
_08347_,4
_08759_,4
_08843_,4
_08844_,4
_09204_,4
_09233_,4
_09255_,4
_09317_,4
_09471_,4
_09490_,4
_09497_,4
_10028_,4
_10047_,4
_10107_,4
_10195_,4
_10259_,4
_10280_,4
_10379_,4
_10497_,4
_10660_,4
_10720_,4
_10777_,4
_11139_,4
_11202_,4
_11213_,4
_11265_,4
_11527_,4
_11609_,4
_11636_,4
_12085_,4
_12132_,4
_12192_,4
_12456_,4
_12502_,4
_12694_,4
_12702_,4
_13171_,4
_13496_,4
_13620_,4
_14114_,4
_14443_,4
_14588_,4
_14739_,4
_14844_,4
_15128_,4
_15149_,4
_15226_,4
_15293_,4
_15452_,4
_15579_,4
_15582_,4
_15595_,4
_15761_,4
_15782_,4
_15804_,4
_15818_,4
_15924_,4
_15979_,4
_15999_,4
_16002_,4
_16036_,4
_16123_,4
_16262_,4
_16427_,4
_16619_,4
_16654_,4
_16689_,4
_16755_,4
_16766_,4
_17534_,4
_18083_,4
_18384_,4
_18498_,4
_18504_,4
_19129_,4
_19300_,4
fifo_nonce\[2\]\[69\],4
fifo_nonce\[4\]\[68\],4
fifo_nonce\[7\]\[89\],4
u_auth_fsm.cur_nonce\[99\],4
u_auth_fsm.secret_key\[0\],4
u_auth_fsm.secret_key\[104\],4
u_auth_fsm.secret_key\[33\],4
u_auth_fsm.secret_key\[71\],4
u_auth_fsm.secret_key\[80\],4
u_auth_fsm.secret_key\[86\],4
u_cmd_parser.timeout_cnt\[19\],4
u_uart_tx.clk_cnt\[12\],4
net519,4
net569,4
net634,4
net701,4
net1257,4
net1339,4
net1500,4
net1710,4
net1759,4
net1896,4
net1959,4
net1962,4
net2132,4
net2186,4
_00335_,3.995
_01477_,3.995
_00132_,3.98
_02349_,3.98
_03968_,3.98
_06151_,3.98
_08327_,3.98
_09710_,3.98
_10328_,3.98
_11136_,3.98
_13524_,3.98
_14029_,3.98
_14611_,3.98
_14823_,3.98
_14854_,3.98
_15848_,3.98
_18918_,3.98
fifo_nonce\[6\]\[79\],3.98
net529,3.98
_07677_,3.97
_00351_,3.965
_00760_,3.965
_00851_,3.965
_00978_,3.965
_01524_,3.965
_01526_,3.965
_01571_,3.965
_15243_,3.955
_00415_,3.925
_00662_,3.925
_00758_,3.925
_00828_,3.925
_00988_,3.925
_01126_,3.925
_01563_,3.925
_05751_,3.925
_19338_,3.905
_00356_,3.9
_00431_,3.9
_01122_,3.9
_02047_,3.9
_02736_,3.9
_03251_,3.9
_03363_,3.9
_03534_,3.9
_03812_,3.9
_03863_,3.9
_03887_,3.9
_04052_,3.9
_04142_,3.9
_04262_,3.9
_04952_,3.9
_05353_,3.9
_05528_,3.9
_07304_,3.9
_08699_,3.9
_08865_,3.9
_09309_,3.9
_09565_,3.9
_10034_,3.9
_10505_,3.9
_10970_,3.9
_11024_,3.9
_13353_,3.9
_14350_,3.9
_15081_,3.9
_15090_,3.9
_15230_,3.9
_15271_,3.9
_15459_,3.9
_15660_,3.9
_15850_,3.9
_15870_,3.9
_16017_,3.9
_16198_,3.9
_16267_,3.9
_16339_,3.9
_16492_,3.9
_16518_,3.9
_16802_,3.9
_16830_,3.9
_18494_,3.9
_18709_,3.9
_18746_,3.9
_19438_,3.9
fifo_nonce\[1\]\[104\],3.9
_00045_,3.88
_01324_,3.88
_01580_,3.88
_01955_,3.88
_02167_,3.88
_02891_,3.88
_03110_,3.88
_03304_,3.88
_03746_,3.88
_03780_,3.88
_03784_,3.88
_03792_,3.88
_03867_,3.88
_03889_,3.88
_03903_,3.88
_03911_,3.88
_04017_,3.88
_04575_,3.88
_04602_,3.88
_04877_,3.88
_05010_,3.88
_05036_,3.88
_05074_,3.88
_05245_,3.88
_05250_,3.88
_05256_,3.88
_05258_,3.88
_05285_,3.88
_05338_,3.88
_05636_,3.88
_05791_,3.88
_06254_,3.88
_06495_,3.88
_06586_,3.88
_06927_,3.88
_07208_,3.88
_07507_,3.88
_07587_,3.88
_08015_,3.88
_08271_,3.88
_08395_,3.88
_08730_,3.88
_09033_,3.88
_09195_,3.88
_09403_,3.88
_09819_,3.88
_10199_,3.88
_10272_,3.88
_10470_,3.88
_10772_,3.88
_11284_,3.88
_11422_,3.88
_11551_,3.88
_11587_,3.88
_11653_,3.88
_11719_,3.88
_11955_,3.88
_12340_,3.88
_12365_,3.88
_12440_,3.88
_12665_,3.88
_12765_,3.88
_12888_,3.88
_13068_,3.88
_13905_,3.88
_13925_,3.88
_14012_,3.88
_14342_,3.88
_14405_,3.88
_14654_,3.88
_15092_,3.88
_15120_,3.88
_15319_,3.88
_15643_,3.88
_15721_,3.88
_15738_,3.88
_15958_,3.88
_15964_,3.88
_15994_,3.88
_16047_,3.88
_16147_,3.88
_16236_,3.88
_16341_,3.88
_16459_,3.88
_16546_,3.88
_16567_,3.88
_16596_,3.88
_17178_,3.88
_17306_,3.88
_17318_,3.88
_17435_,3.88
_17446_,3.88
_17573_,3.88
_17836_,3.88
_17906_,3.88
_17980_,3.88
_18230_,3.88
_18518_,3.88
_18818_,3.88
_18830_,3.88
_18957_,3.88
_18960_,3.88
_19099_,3.88
_19395_,3.88
fifo_nonce\[6\]\[21\],3.88
fifo_nonce\[7\]\[117\],3.88
fifo_nonce\[7\]\[13\],3.88
fifo_nonce\[7\]\[47\],3.88
net763,3.88
net1235,3.88
net1589,3.88
net2005,3.88
_00510_,3.865
_00769_,3.865
_00788_,3.865
_01037_,3.865
_01998_,3.86
_02235_,3.86
_11337_,3.86
_13291_,3.86
_13667_,3.86
_13741_,3.86
_13885_,3.86
fifo_nonce\[1\]\[50\],3.86
fifo_nonce\[1\]\[8\],3.86
fifo_nonce\[4\]\[29\],3.86
fifo_nonce\[4\]\[56\],3.86
_03834_,3.82
_10007_,3.82
_00702_,3.805
_00720_,3.805
_00785_,3.805
_00823_,3.805
_00934_,3.805
_01121_,3.805
_02093_,3.805
_00385_,3.8
_00388_,3.8
_00392_,3.8
_00544_,3.8
_00567_,3.8
_00615_,3.8
_00660_,3.8
_00797_,3.8
_00948_,3.8
_01497_,3.8
_01523_,3.8
_01534_,3.8
_00438_,3.785
_00026_,3.78
_00792_,3.78
_02006_,3.78
_02234_,3.78
_02252_,3.78
_02423_,3.78
_02457_,3.78
_02469_,3.78
_02493_,3.78
_02854_,3.78
_02873_,3.78
_03152_,3.78
_03235_,3.78
_03436_,3.78
_05050_,3.78
_06068_,3.78
_06221_,3.78
_07260_,3.78
_07276_,3.78
_07901_,3.78
_08136_,3.78
_08443_,3.78
_08775_,3.78
_09191_,3.78
_10698_,3.78
_10730_,3.78
_10732_,3.78
_11241_,3.78
_13229_,3.78
_13732_,3.78
_13892_,3.78
_14431_,3.78
_14511_,3.78
_15420_,3.78
_17620_,3.78
_18054_,3.78
_18683_,3.78
_18948_,3.78
_19125_,3.78
_19292_,3.78
_19693_,3.78
net968,3.78
net1185,3.78
net1400,3.78
net1580,3.78
net1591,3.78
net1737,3.78
net1898,3.78
net2489,3.78
_00117_,3.76
_01190_,3.76
_01685_,3.76
_01825_,3.76
_02223_,3.76
_02302_,3.76
_02347_,3.76
_02743_,3.76
_02808_,3.76
_02852_,3.76
_02994_,3.76
_02995_,3.76
_03099_,3.76
_03448_,3.76
_03967_,3.76
_05205_,3.76
_05498_,3.76
_05715_,3.76
_07596_,3.76
_07655_,3.76
_10119_,3.76
_10396_,3.76
_11670_,3.76
_14532_,3.76
_17493_,3.76
_18172_,3.76
_19032_,3.76
fifo_nonce\[0\]\[52\],3.76
fifo_nonce\[5\]\[96\],3.76
u_auth_fsm.nonce_hist\[2\]\[87\],3.76
net944,3.76
_03825_,3.74
_04887_,3.74
_10353_,3.74
_11230_,3.74
_15822_,3.74
_16378_,3.74
_19354_,3.74
net2440,3.74
_11294_,3.725
_02237_,3.715
_00359_,3.705
_00368_,3.705
_00418_,3.705
_00453_,3.705
_00818_,3.705
_01061_,3.705
_01187_,3.705
_02772_,3.705
_03127_,3.705
_17422_,3.705
_00364_,3.685
_00667_,3.685
_00711_,3.685
_01518_,3.685
_02530_,3.685
_04882_,3.68
_05201_,3.68
_05559_,3.68
_06525_,3.68
_06774_,3.68
_07183_,3.68
_07919_,3.68
_08818_,3.68
_09606_,3.68
_10294_,3.68
_10307_,3.68
_10863_,3.68
_11192_,3.68
_11433_,3.68
_11943_,3.68
_12350_,3.68
_12516_,3.68
_14474_,3.68
_17291_,3.68
_17447_,3.68
_17841_,3.68
_18743_,3.68
_19147_,3.68
_19632_,3.68
u_auth_fsm.secret_key\[37\],3.68
net902,3.68
net1953,3.68
_13253_,3.67
_08771_,3.665
_12019_,3.665
_00004_,3.66
_00061_,3.66
_00102_,3.66
_00121_,3.66
_00158_,3.66
_00226_,3.66
_01138_,3.66
_01293_,3.66
_01322_,3.66
_01400_,3.66
_01637_,3.66
_01650_,3.66
_01683_,3.66
_01690_,3.66
_01722_,3.66
_01734_,3.66
_01781_,3.66
_01824_,3.66
_01837_,3.66
_01858_,3.66
_01872_,3.66
_01913_,3.66
_02162_,3.66
_02231_,3.66
_02269_,3.66
_02341_,3.66
_02353_,3.66
_02372_,3.66
_02513_,3.66
_02538_,3.66
_02724_,3.66
_02751_,3.66
_02796_,3.66
_02819_,3.66
_02849_,3.66
_02861_,3.66
_02894_,3.66
_02895_,3.66
_02896_,3.66
_02943_,3.66
_02965_,3.66
_03005_,3.66
_03027_,3.66
_03192_,3.66
_03355_,3.66
_03358_,3.66
_03466_,3.66
_05818_,3.66
_07120_,3.66
_07300_,3.66
_07851_,3.66
_09554_,3.66
_10345_,3.66
_11931_,3.66
_17399_,3.66
_17969_,3.66
_18051_,3.66
_18893_,3.66
_19202_,3.66
_19319_,3.66
_19337_,3.66
net541,3.66
net584,3.66
net672,3.66
net709,3.66
net920,3.66
net982,3.66
_18421_,3.65
_01829_,3.64
_02081_,3.64
_02535_,3.64
_03052_,3.64
_06178_,3.64
_06374_,3.64
_06917_,3.64
_07434_,3.64
_08036_,3.64
_12804_,3.64
_14070_,3.64
_16307_,3.64
_17298_,3.64
_17397_,3.64
_18663_,3.64
_18825_,3.64
_18905_,3.64
fifo_nonce\[1\]\[66\],3.64
fifo_nonce\[1\]\[90\],3.64
fifo_nonce\[2\]\[49\],3.64
fifo_nonce\[3\]\[122\],3.64
fifo_nonce\[3\]\[54\],3.64
fifo_nonce\[5\]\[77\],3.64
fifo_nonce\[6\]\[49\],3.64
_00277_,3.625
_00334_,3.625
_00377_,3.625
_00404_,3.625
_00452_,3.625
_00476_,3.625
_00508_,3.625
_00587_,3.625
_00601_,3.625
_00848_,3.625
_00861_,3.625
_00882_,3.625
_00914_,3.625
_01019_,3.625
_01058_,3.625
_01075_,3.625
_01494_,3.625
_01512_,3.625
_01573_,3.625
_12460_,3.6
_02445_,3.585
_02622_,3.585
_12416_,3.565
_00100_,3.56
_00123_,3.56
_00145_,3.56
_00146_,3.56
_00148_,3.56
_00151_,3.56
_00167_,3.56
_00207_,3.56
_01171_,3.56
_01182_,3.56
_01192_,3.56
_01204_,3.56
_01239_,3.56
_01783_,3.56
_01784_,3.56
_01841_,3.56
_01871_,3.56
_02001_,3.56
_02003_,3.56
_02031_,3.56
_02055_,3.56
_02066_,3.56
_02097_,3.56
_02230_,3.56
_02266_,3.56
_02293_,3.56
_02404_,3.56
_02482_,3.56
_02500_,3.56
_02537_,3.56
_02547_,3.56
_02552_,3.56
_02562_,3.56
_02563_,3.56
_02609_,3.56
_02647_,3.56
_02676_,3.56
_02682_,3.56
_02714_,3.56
_02718_,3.56
_02742_,3.56
_02749_,3.56
_02821_,3.56
_02823_,3.56
_02825_,3.56
_02832_,3.56
_02850_,3.56
_02858_,3.56
_02866_,3.56
_02867_,3.56
_02921_,3.56
_03089_,3.56
_03107_,3.56
_03113_,3.56
_03117_,3.56
_03351_,3.56
_03382_,3.56
_03400_,3.56
_03425_,3.56
_03442_,3.56
_03457_,3.56
_03494_,3.56
_04867_,3.56
_05665_,3.56
_06266_,3.56
_06950_,3.56
_07163_,3.56
_07592_,3.56
_07689_,3.56
_07694_,3.56
_07818_,3.56
_08115_,3.56
_08896_,3.56
_08993_,3.56
_09073_,3.56
_09122_,3.56
_09700_,3.56
_10051_,3.56
_10082_,3.56
_10122_,3.56
_10229_,3.56
_10475_,3.56
_10816_,3.56
_11922_,3.56
_12288_,3.56
_13155_,3.56
_13226_,3.56
_13232_,3.56
_13244_,3.56
_13290_,3.56
_13302_,3.56
_13647_,3.56
_13763_,3.56
_13778_,3.56
_13811_,3.56
_13832_,3.56
_13851_,3.56
_13872_,3.56
_13932_,3.56
_13995_,3.56
_14067_,3.56
_14129_,3.56
_14150_,3.56
_14178_,3.56
_14195_,3.56
_14254_,3.56
_14256_,3.56
_14323_,3.56
_14383_,3.56
_14395_,3.56
_14469_,3.56
_14631_,3.56
_14778_,3.56
_14899_,3.56
_16778_,3.56
_17503_,3.56
_17592_,3.56
_18478_,3.56
net1250,3.56
net1520,3.56
net1873,3.56
_06856_,3.555
_11104_,3.545
_17407_,3.545
_00017_,3.54
_00053_,3.54
_00054_,3.54
_00096_,3.54
_00108_,3.54
_00209_,3.54
_01135_,3.54
_01140_,3.54
_01155_,3.54
_01188_,3.54
_01236_,3.54
_01245_,3.54
_01262_,3.54
_01312_,3.54
_01343_,3.54
_01411_,3.54
_01440_,3.54
_01447_,3.54
_01457_,3.54
_01648_,3.54
_01688_,3.54
_01736_,3.54
_01779_,3.54
_01786_,3.54
_01814_,3.54
_01846_,3.54
_01857_,3.54
_01875_,3.54
_01879_,3.54
_01962_,3.54
_01968_,3.54
_02024_,3.54
_02064_,3.54
_02069_,3.54
_02138_,3.54
_02317_,3.54
_02324_,3.54
_02400_,3.54
_02444_,3.54
_02452_,3.54
_02536_,3.54
_02544_,3.54
_02597_,3.54
_02621_,3.54
_02699_,3.54
_02710_,3.54
_02747_,3.54
_02756_,3.54
_02760_,3.54
_02789_,3.54
_02817_,3.54
_02845_,3.54
_02846_,3.54
_02853_,3.54
_02869_,3.54
_02911_,3.54
_02936_,3.54
_02949_,3.54
_02976_,3.54
_03057_,3.54
_03142_,3.54
_03153_,3.54
_03182_,3.54
_03195_,3.54
_03214_,3.54
_03225_,3.54
_03261_,3.54
_03266_,3.54
_03268_,3.54
_03294_,3.54
_03330_,3.54
_03419_,3.54
_03427_,3.54
_03482_,3.54
_03685_,3.54
_03921_,3.54
_03982_,3.54
_03986_,3.54
_04038_,3.54
_04191_,3.54
_04297_,3.54
_04309_,3.54
_04447_,3.54
_04524_,3.54
_04712_,3.54
_04806_,3.54
_04984_,3.54
_04999_,3.54
_05022_,3.54
_05030_,3.54
_05342_,3.54
_05690_,3.54
_05809_,3.54
_06127_,3.54
_06538_,3.54
_06924_,3.54
_07103_,3.54
_07177_,3.54
_07431_,3.54
_07505_,3.54
_07976_,3.54
_08024_,3.54
_08056_,3.54
_08297_,3.54
_08503_,3.54
_08505_,3.54
_09070_,3.54
_09104_,3.54
_09256_,3.54
_09642_,3.54
_09671_,3.54
_09959_,3.54
_10256_,3.54
_10463_,3.54
_10524_,3.54
_10526_,3.54
_11264_,3.54
_11283_,3.54
_11526_,3.54
_11572_,3.54
_11621_,3.54
_11679_,3.54
_11737_,3.54
_11932_,3.54
_12074_,3.54
_12093_,3.54
_12103_,3.54
_12384_,3.54
_12465_,3.54
_12506_,3.54
_12538_,3.54
_12748_,3.54
_12767_,3.54
_12857_,3.54
_12877_,3.54
_12927_,3.54
_13138_,3.54
_13205_,3.54
_13260_,3.54
_13276_,3.54
_13607_,3.54
_13746_,3.54
_13918_,3.54
_14033_,3.54
_14057_,3.54
_14061_,3.54
_14119_,3.54
_14248_,3.54
_14249_,3.54
_14413_,3.54
_14504_,3.54
_14571_,3.54
_14860_,3.54
_15215_,3.54
_15344_,3.54
_15415_,3.54
_15506_,3.54
_15534_,3.54
_15568_,3.54
_15647_,3.54
_15667_,3.54
_15759_,3.54
_15773_,3.54
_15836_,3.54
_15867_,3.54
_15874_,3.54
_15881_,3.54
_15895_,3.54
_15951_,3.54
_16009_,3.54
_16163_,3.54
_16251_,3.54
_16298_,3.54
_16413_,3.54
_16494_,3.54
_16505_,3.54
_16578_,3.54
_16700_,3.54
_16702_,3.54
_16708_,3.54
_16795_,3.54
_17116_,3.54
_17143_,3.54
_17413_,3.54
_17420_,3.54
_18207_,3.54
_18655_,3.54
_19172_,3.54
_19259_,3.54
fifo_nonce\[4\]\[62\],3.54
fifo_nonce\[7\]\[108\],3.54
u_auth_fsm.cur_nonce\[25\],3.54
u_auth_fsm.cur_nonce\[51\],3.54
u_auth_fsm.cur_nonce\[90\],3.54
u_auth_fsm.pld_idx\[0\],3.54
u_auth_fsm.secret_key\[120\],3.54
u_auth_fsm.secret_key\[15\],3.54
u_auth_fsm.secret_key\[57\],3.54
u_auth_fsm.secret_key\[59\],3.54
u_uart_rx.rx_shift\[0\],3.54
net974,3.54
net1162,3.54
net1552,3.54
net1556,3.54
net1689,3.54
_08050_,3.53
_08716_,3.53
fifo_nonce\[5\]\[99\],3.53
_01409_,3.52
_01659_,3.52
_03218_,3.52
_09196_,3.52
_09556_,3.52
_10881_,3.52
_13804_,3.52
_13808_,3.52
_14402_,3.52
_14766_,3.52
fifo_nonce\[3\]\[87\],3.52
fifo_nonce\[7\]\[79\],3.52
u_auth_fsm.tx_payload\[74\],3.52
_06521_,3.51
_07723_,3.51
_00346_,3.505
_01558_,3.505
_12367_,3.495
_00305_,3.485
_18716_,3.48
_00315_,3.465
_00386_,3.465
_00399_,3.465
_00611_,3.465
_00625_,3.465
_00735_,3.465
_00940_,3.465
_02399_,3.465
_00421_,3.46
_15007_,3.46
_17073_,3.46
_14537_,3.445
_19520_,3.445
_00233_,3.44
_01208_,3.44
_02698_,3.44
_02874_,3.44
_03306_,3.44
_03669_,3.44
_03680_,3.44
_04030_,3.44
_04160_,3.44
_04177_,3.44
_04188_,3.44
_04423_,3.44
_04450_,3.44
_04872_,3.44
_04876_,3.44
_05249_,3.44
_05789_,3.44
_06159_,3.44
_07213_,3.44
_07302_,3.44
_08421_,3.44
_09240_,3.44
_09320_,3.44
_09593_,3.44
_10044_,3.44
_10058_,3.44
_10099_,3.44
_10870_,3.44
_11962_,3.44
_12745_,3.44
_13148_,3.44
_13439_,3.44
_13863_,3.44
_13891_,3.44
_13923_,3.44
_14224_,3.44
_14307_,3.44
_14547_,3.44
_14808_,3.44
_15199_,3.44
_15358_,3.44
_15528_,3.44
_15591_,3.44
_15653_,3.44
_15698_,3.44
_15742_,3.44
_15750_,3.44
_15808_,3.44
_16087_,3.44
_17428_,3.44
_19663_,3.44
net2155,3.44
_19176_,3.425
_00000_,3.42
_00182_,3.42
_01692_,3.42
_01907_,3.42
_01997_,3.42
_02893_,3.42
_03024_,3.42
_03038_,3.42
_03135_,3.42
_03453_,3.42
_03581_,3.42
_03695_,3.42
_03713_,3.42
_03793_,3.42
_03856_,3.42
_03947_,3.42
_03963_,3.42
_03985_,3.42
_04029_,3.42
_04095_,3.42
_04209_,3.42
_04322_,3.42
_04359_,3.42
_04736_,3.42
_04893_,3.42
_04996_,3.42
_05009_,3.42
_05040_,3.42
_05750_,3.42
_05767_,3.42
_06085_,3.42
_06129_,3.42
_06225_,3.42
_06236_,3.42
_06251_,3.42
_06575_,3.42
_06862_,3.42
_07077_,3.42
_07100_,3.42
_07318_,3.42
_07516_,3.42
_07540_,3.42
_07703_,3.42
_07918_,3.42
_07923_,3.42
_08045_,3.42
_08478_,3.42
_08744_,3.42
_08801_,3.42
_09253_,3.42
_09650_,3.42
_10021_,3.42
_10083_,3.42
_10125_,3.42
_10298_,3.42
_10422_,3.42
_10449_,3.42
_10491_,3.42
_10834_,3.42
_10852_,3.42
_11011_,3.42
_11203_,3.42
_11239_,3.42
_11289_,3.42
_11502_,3.42
_11566_,3.42
_11598_,3.42
_11655_,3.42
_11665_,3.42
_11848_,3.42
_12023_,3.42
_12474_,3.42
_12853_,3.42
_12872_,3.42
_12896_,3.42
_12953_,3.42
_13460_,3.42
_13634_,3.42
_13665_,3.42
_13950_,3.42
_13974_,3.42
_14014_,3.42
_14309_,3.42
_14424_,3.42
_14764_,3.42
_14791_,3.42
_14993_,3.42
_15033_,3.42
_15042_,3.42
_15239_,3.42
_15431_,3.42
_15433_,3.42
_15569_,3.42
_15624_,3.42
_15712_,3.42
_15766_,3.42
_15817_,3.42
_15852_,3.42
_15860_,3.42
_15873_,3.42
_15903_,3.42
_15972_,3.42
_16091_,3.42
_16103_,3.42
_16129_,3.42
_16352_,3.42
_16592_,3.42
_16598_,3.42
_17262_,3.42
_17642_,3.42
_17719_,3.42
_17757_,3.42
_18323_,3.42
_18484_,3.42
_18511_,3.42
_18542_,3.42
_18566_,3.42
_18662_,3.42
_18689_,3.42
_18822_,3.42
_18839_,3.42
_19033_,3.42
_19086_,3.42
_19394_,3.42
fifo_nonce\[2\]\[88\],3.42
fifo_nonce\[4\]\[84\],3.42
u_auth_fsm.secret_key\[94\],3.42
net936,3.42
net2251,3.42
_00287_,3.405
_00321_,3.405
_00355_,3.405
_00409_,3.405
_00416_,3.405
_00440_,3.405
_00447_,3.405
_00450_,3.405
_00532_,3.405
_00542_,3.405
_00551_,3.405
_00561_,3.405
_00648_,3.405
_00689_,3.405
_00740_,3.405
_00781_,3.405
_00844_,3.405
_00849_,3.405
_00859_,3.405
_00872_,3.405
_00878_,3.405
_00900_,3.405
_00906_,3.405
_00975_,3.405
_00996_,3.405
_01128_,3.405
_01500_,3.405
_01519_,3.405
_01574_,3.405
_01587_,3.405
_02368_,3.4
_02371_,3.4
_02385_,3.4
_05229_,3.4
_12091_,3.4
_17974_,3.4
u_auth_fsm.aes_plaintext\[122\],3.395
_01172_,3.385
_01671_,3.385
_02332_,3.385
_03408_,3.385
_17225_,3.355
_00371_,3.345
_00412_,3.345
_00552_,3.345
_00607_,3.345
_00637_,3.345
_00717_,3.345
_00787_,3.345
_01565_,3.345
_06058_,3.345
_00248_,3.34
_00254_,3.34
_00280_,3.34
_00284_,3.34
_00288_,3.34
_00289_,3.34
_00293_,3.34
_00331_,3.34
_00333_,3.34
_00337_,3.34
_00345_,3.34
_00361_,3.34
_00407_,3.34
_00419_,3.34
_00459_,3.34
_00460_,3.34
_00471_,3.34
_00550_,3.34
_00578_,3.34
_00608_,3.34
_00684_,3.34
_00708_,3.34
_00745_,3.34
_00747_,3.34
_00748_,3.34
_00763_,3.34
_00796_,3.34
_00835_,3.34
_00991_,3.34
_01031_,3.34
_01068_,3.34
_01092_,3.34
_01479_,3.34
_01490_,3.34
_01491_,3.34
_01498_,3.34
_03900_,3.34
_00328_,3.32
_00434_,3.32
_00775_,3.32
_01100_,3.32
_05720_,3.32
_06483_,3.32
_06698_,3.32
_07468_,3.32
_07632_,3.32
_09004_,3.32
_09300_,3.32
_10010_,3.32
_10305_,3.32
_10326_,3.32
_10932_,3.32
_13561_,3.32
_16421_,3.32
_17299_,3.32
_17861_,3.32
_18690_,3.32
_19641_,3.32
net1006,3.32
net1055,3.32
net1296,3.32
net1301,3.32
net1331,3.32
net1363,3.32
net1421,3.32
net1443,3.32
net1467,3.32
net1491,3.32
net2067,3.32
net2119,3.32
net2149,3.32
net2283,3.32
net2294,3.32
net2372,3.32
_00142_,3.3
_00164_,3.3
_00194_,3.3
_01147_,3.3
_01308_,3.3
_01423_,3.3
_01660_,3.3
_01714_,3.3
_01848_,3.3
_02008_,3.3
_02102_,3.3
_02104_,3.3
_02105_,3.3
_02316_,3.3
_02384_,3.3
_02589_,3.3
_02650_,3.3
_03278_,3.3
_03301_,3.3
_03316_,3.3
_03320_,3.3
_03334_,3.3
_05251_,3.3
_06240_,3.3
_11233_,3.3
_14494_,3.3
_16782_,3.3
_18991_,3.3
fifo_nonce\[1\]\[109\],3.3
fifo_nonce\[1\]\[124\],3.3
fifo_nonce\[1\]\[127\],3.3
fifo_nonce\[1\]\[12\],3.3
fifo_nonce\[1\]\[59\],3.3
net572,3.3
net910,3.3
_00250_,3.295
_08081_,3.255
_00237_,3.245
_00281_,3.245
_00396_,3.245
_00642_,3.245
_00881_,3.245
_00938_,3.245
_01003_,3.245
_01467_,3.245
_01495_,3.245
_01965_,3.245
_07836_,3.23
_00232_,3.225
_01082_,3.225
_01251_,3.225
_02185_,3.225
_02757_,3.225
_03406_,3.225
_03456_,3.225
_19041_,3.225
_06568_,3.22
_06613_,3.22
_07391_,3.22
_07649_,3.22
_07791_,3.22
_08413_,3.22
_08758_,3.22
_09042_,3.22
_09280_,3.22
_10073_,3.22
_10476_,3.22
_10495_,3.22
_12339_,3.22
_13423_,3.22
_13642_,3.22
_14030_,3.22
_14349_,3.22
_14601_,3.22
_14758_,3.22
_16739_,3.22
_16780_,3.22
_17215_,3.22
_17334_,3.22
_18966_,3.22
_19026_,3.22
_19642_,3.22
_19677_,3.22
net1932,3.22
_11622_,3.205
_00021_,3.2
_00177_,3.2
_01158_,3.2
_01195_,3.2
_01277_,3.2
_01624_,3.2
_01645_,3.2
_01664_,3.2
_01708_,3.2
_01739_,3.2
_01839_,3.2
_01859_,3.2
_01905_,3.2
_01915_,3.2
_01952_,3.2
_01977_,3.2
_02045_,3.2
_02082_,3.2
_02094_,3.2
_02120_,3.2
_02172_,3.2
_02177_,3.2
_02196_,3.2
_02216_,3.2
_02307_,3.2
_02313_,3.2
_02363_,3.2
_02527_,3.2
_02554_,3.2
_02690_,3.2
_02739_,3.2
_02793_,3.2
_02806_,3.2
_02812_,3.2
_02847_,3.2
_02927_,3.2
_02939_,3.2
_02986_,3.2
_03062_,3.2
_03093_,3.2
_03143_,3.2
_03231_,3.2
_03273_,3.2
_03274_,3.2
_03280_,3.2
_03284_,3.2
_03285_,3.2
_03297_,3.2
_03315_,3.2
_03397_,3.2
_03496_,3.2
_03511_,3.2
_03595_,3.2
_04852_,3.2
_08312_,3.2
_09436_,3.2
_12368_,3.2
_13334_,3.2
_18057_,3.2
_18166_,3.2
_18714_,3.2
_19047_,3.2
_19058_,3.2
_19307_,3.2
_19371_,3.2
net836,3.2
net1463,3.2
net1721,3.2
_06686_,3.19
_12777_,3.19
_01767_,3.18
_02273_,3.18
_02662_,3.18
_02705_,3.18
_02942_,3.18
_05193_,3.18
_05713_,3.18
_09081_,3.18
_13962_,3.18
_14437_,3.18
_14658_,3.18
fifo_nonce\[2\]\[47\],3.18
fifo_nonce\[3\]\[117\],3.18
fifo_nonce\[7\]\[94\],3.18
_00306_,3.175
_00606_,3.175
_00922_,3.175
_00946_,3.175
_01114_,3.175
_01533_,3.175
_00302_,3.145
_00573_,3.145
_00941_,3.145
_01115_,3.145
_11266_,3.14
_13293_,3.13
_00483_,3.125
_00501_,3.125
_00739_,3.125
_00765_,3.125
_00830_,3.125
_00860_,3.125
_01029_,3.125
_02089_,3.125
_02545_,3.125
_03423_,3.125
_03471_,3.125
_10106_,3.11
_12944_,3.11
_00985_,3.105
_00001_,3.1
_00074_,3.1
_00097_,3.1
_00098_,3.1
_00137_,3.1
_00150_,3.1
_00188_,3.1
_00352_,3.1
_01150_,3.1
_01194_,3.1
_01196_,3.1
_01198_,3.1
_01206_,3.1
_01212_,3.1
_01214_,3.1
_01217_,3.1
_01222_,3.1
_01230_,3.1
_01231_,3.1
_01233_,3.1
_01235_,3.1
_01254_,3.1
_01264_,3.1
_01269_,3.1
_01279_,3.1
_01283_,3.1
_01299_,3.1
_01311_,3.1
_01737_,3.1
_01741_,3.1
_01743_,3.1
_01747_,3.1
_01795_,3.1
_01847_,3.1
_01856_,3.1
_01864_,3.1
_01891_,3.1
_01895_,3.1
_01897_,3.1
_01901_,3.1
_01903_,3.1
_01908_,3.1
_01927_,3.1
_01937_,3.1
_01941_,3.1
_01950_,3.1
_01971_,3.1
_01975_,3.1
_01987_,3.1
_01993_,3.1
_01996_,3.1
_01999_,3.1
_02009_,3.1
_02012_,3.1
_02032_,3.1
_02050_,3.1
_02074_,3.1
_02080_,3.1
_02091_,3.1
_02108_,3.1
_02116_,3.1
_02139_,3.1
_02141_,3.1
_02150_,3.1
_02198_,3.1
_02200_,3.1
_02208_,3.1
_02241_,3.1
_02242_,3.1
_02247_,3.1
_02276_,3.1
_02295_,3.1
_02296_,3.1
_02322_,3.1
_02328_,3.1
_02329_,3.1
_02346_,3.1
_02354_,3.1
_02359_,3.1
_02375_,3.1
_02383_,3.1
_02403_,3.1
_02408_,3.1
_02411_,3.1
_02413_,3.1
_02414_,3.1
_02415_,3.1
_02428_,3.1
_02438_,3.1
_02440_,3.1
_02442_,3.1
_02450_,3.1
_02459_,3.1
_02460_,3.1
_02468_,3.1
_02474_,3.1
_02479_,3.1
_02488_,3.1
_02494_,3.1
_02514_,3.1
_02524_,3.1
_02532_,3.1
_02549_,3.1
_02558_,3.1
_02559_,3.1
_02561_,3.1
_02564_,3.1
_02567_,3.1
_02575_,3.1
_02590_,3.1
_02602_,3.1
_02605_,3.1
_02610_,3.1
_02615_,3.1
_02639_,3.1
_02644_,3.1
_02645_,3.1
_02657_,3.1
_02674_,3.1
_02678_,3.1
_02680_,3.1
_02697_,3.1
_02702_,3.1
_02713_,3.1
_02720_,3.1
_02725_,3.1
_02729_,3.1
_02732_,3.1
_02769_,3.1
_02801_,3.1
_02820_,3.1
_02826_,3.1
_02829_,3.1
_02831_,3.1
_02836_,3.1
_02839_,3.1
_02855_,3.1
_02857_,3.1
_02860_,3.1
_02864_,3.1
_02865_,3.1
_02870_,3.1
_02876_,3.1
_02889_,3.1
_02898_,3.1
_02926_,3.1
_02938_,3.1
_02948_,3.1
_02984_,3.1
_03040_,3.1
_03043_,3.1
_03068_,3.1
_03076_,3.1
_03079_,3.1
_03095_,3.1
_03101_,3.1
_03157_,3.1
_03197_,3.1
_03209_,3.1
_03295_,3.1
_03300_,3.1
_03312_,3.1
_03325_,3.1
_03340_,3.1
_03348_,3.1
_03353_,3.1
_03364_,3.1
_03365_,3.1
_03369_,3.1
_03381_,3.1
_03391_,3.1
_03411_,3.1
_03472_,3.1
_03477_,3.1
_03489_,3.1
_03493_,3.1
_05134_,3.1
_05198_,3.1
_05202_,3.1
_06187_,3.1
_06228_,3.1
_06683_,3.1
_06699_,3.1
_06708_,3.1
_06951_,3.1
_06989_,3.1
_07152_,3.1
_07167_,3.1
_07215_,3.1
_07236_,3.1
_07306_,3.1
_07657_,3.1
_08829_,3.1
_09510_,3.1
_09596_,3.1
_09622_,3.1
_09909_,3.1
_10071_,3.1
_10222_,3.1
_10364_,3.1
_10391_,3.1
_10535_,3.1
_10942_,3.1
_12464_,3.1
_12547_,3.1
_12726_,3.1
_12825_,3.1
_12917_,3.1
_13267_,3.1
_13619_,3.1
_13838_,3.1
_13842_,3.1
_14107_,3.1
_14229_,3.1
_14328_,3.1
_14792_,3.1
_17370_,3.1
_17823_,3.1
_18622_,3.1
_18660_,3.1
_18774_,3.1
_19089_,3.1
_19580_,3.1
_19691_,3.1
_19186_,3.095
_11484_,3.09
_17591_,3.09
_00006_,3.08
_00023_,3.08
_00035_,3.08
_00050_,3.08
_00055_,3.08
_00095_,3.08
_00127_,3.08
_00178_,3.08
_00183_,3.08
_00205_,3.08
_00210_,3.08
_00214_,3.08
_00215_,3.08
_01141_,3.08
_01175_,3.08
_01242_,3.08
_01265_,3.08
_01267_,3.08
_01281_,3.08
_01284_,3.08
_01300_,3.08
_01301_,3.08
_01303_,3.08
_01436_,3.08
_01443_,3.08
_01444_,3.08
_01634_,3.08
_01666_,3.08
_01703_,3.08
_01763_,3.08
_01777_,3.08
_01794_,3.08
_01802_,3.08
_01813_,3.08
_01821_,3.08
_01826_,3.08
_01831_,3.08
_01878_,3.08
_02078_,3.08
_02130_,3.08
_02149_,3.08
_02157_,3.08
_02250_,3.08
_02251_,3.08
_02416_,3.08
_02431_,3.08
_02447_,3.08
_02770_,3.08
_02830_,3.08
_02933_,3.08
_03022_,3.08
_03088_,3.08
_03106_,3.08
_03159_,3.08
_03175_,3.08
_03199_,3.08
_03200_,3.08
_03217_,3.08
_03219_,3.08
_03240_,3.08
_03258_,3.08
_03260_,3.08
_03338_,3.08
_03390_,3.08
_03421_,3.08
_03428_,3.08
_03500_,3.08
_03684_,3.08
_03701_,3.08
_03737_,3.08
_03865_,3.08
_03883_,3.08
_03885_,3.08
_03971_,3.08
_03973_,3.08
_03978_,3.08
_04056_,3.08
_04127_,3.08
_04133_,3.08
_04144_,3.08
_04146_,3.08
_04203_,3.08
_04585_,3.08
_04635_,3.08
_04641_,3.08
_04791_,3.08
_04969_,3.08
_04990_,3.08
_05063_,3.08
_05080_,3.08
_05082_,3.08
_05417_,3.08
_05910_,3.08
_06071_,3.08
_06247_,3.08
_06340_,3.08
_06378_,3.08
_06573_,3.08
_06579_,3.08
_06626_,3.08
_06694_,3.08
_07024_,3.08
_07490_,3.08
_07501_,3.08
_07521_,3.08
_07584_,3.08
_07594_,3.08
_07603_,3.08
_07683_,3.08
_07787_,3.08
_07978_,3.08
_08377_,3.08
_08438_,3.08
_08509_,3.08
_08655_,3.08
_08839_,3.08
_08864_,3.08
_08900_,3.08
_09038_,3.08
_09198_,3.08
_09478_,3.08
_09577_,3.08
_09769_,3.08
_09941_,3.08
_10059_,3.08
_10369_,3.08
_10444_,3.08
_10498_,3.08
_10795_,3.08
_11147_,3.08
_11228_,3.08
_11229_,3.08
_11307_,3.08
_11518_,3.08
_11963_,3.08
_12055_,3.08
_12133_,3.08
_12308_,3.08
_12381_,3.08
_12438_,3.08
_12496_,3.08
_12498_,3.08
_12608_,3.08
_12792_,3.08
_12806_,3.08
_12818_,3.08
_13036_,3.08
_13124_,3.08
_13352_,3.08
_13735_,3.08
_13794_,3.08
_13817_,3.08
_13886_,3.08
_13930_,3.08
_14160_,3.08
_14252_,3.08
_14265_,3.08
_14333_,3.08
_14393_,3.08
_14584_,3.08
_14716_,3.08
_15112_,3.08
_15141_,3.08
_15204_,3.08
_15283_,3.08
_15298_,3.08
_15317_,3.08
_15490_,3.08
_15588_,3.08
_15668_,3.08
_15735_,3.08
_15793_,3.08
_16072_,3.08
_16133_,3.08
_16185_,3.08
_16336_,3.08
_16396_,3.08
_16732_,3.08
_16805_,3.08
_17132_,3.08
_17526_,3.08
_17934_,3.08
_18583_,3.08
_18999_,3.08
_19000_,3.08
_19003_,3.08
_19112_,3.08
_19222_,3.08
_19717_,3.08
fifo_nonce\[4\]\[104\],3.08
fifo_nonce\[4\]\[106\],3.08
fifo_nonce\[4\]\[30\],3.08
u_auth_fsm.aes_plaintext\[118\],3.08
u_auth_fsm.cooldown_cnt\[30\],3.08
u_auth_fsm.cur_nonce\[110\],3.08
u_auth_fsm.cur_nonce\[98\],3.08
u_auth_fsm.secret_key\[117\],3.08
u_auth_fsm.secret_key\[12\],3.08
u_auth_fsm.secret_key\[1\],3.08
u_auth_fsm.secret_key\[25\],3.08
u_auth_fsm.secret_key\[34\],3.08
u_auth_fsm.secret_key\[62\],3.08
u_auth_fsm.secret_key\[6\],3.08
u_auth_fsm.tx_byte\[0\],3.08
net507,3.08
net921,3.08
_04879_,3.075
_13549_,3.075
_08373_,3.07
_01349_,3.06
_01640_,3.06
_02002_,3.06
_04565_,3.06
_13733_,3.06
_14376_,3.06
_18342_,3.06
_00961_,3.055
_00994_,3.055
_01085_,3.055
_00462_,3.045
_00688_,3.045
_07444_,3.04
_02099_,3.035
_15731_,3.02
_00370_,3.005
_00451_,3.005
_00670_,3.005
_00746_,3.005
_00761_,3.005
_00927_,3.005
_00968_,3.005
_00977_,3.005
_01572_,3.005
_02862_,3.005
_01566_,3
_15955_,3
_17948_,2.99
_00230_,2.985
_00904_,2.98
_03206_,2.98
_03648_,2.98
_03745_,2.98
_03790_,2.98
_03795_,2.98
_03820_,2.98
_03931_,2.98
_04041_,2.98
_04112_,2.98
_04115_,2.98
_04240_,2.98
_04260_,2.98
_04312_,2.98
_04355_,2.98
_04424_,2.98
_04502_,2.98
_04616_,2.98
_04818_,2.98
_04830_,2.98
_04928_,2.98
_05114_,2.98
_05851_,2.98
_06078_,2.98
_06567_,2.98
_07109_,2.98
_07182_,2.98
_07281_,2.98
_08035_,2.98
_08874_,2.98
_09133_,2.98
_09668_,2.98
_10037_,2.98
_10429_,2.98
_10906_,2.98
_12149_,2.98
_12265_,2.98
_12481_,2.98
_13631_,2.98
_14956_,2.98
_15164_,2.98
_15206_,2.98
_15266_,2.98
_15313_,2.98
_15330_,2.98
_15577_,2.98
_15691_,2.98
_15697_,2.98
_15716_,2.98
_15719_,2.98
_15775_,2.98
_15785_,2.98
_15816_,2.98
_16106_,2.98
_16221_,2.98
_16245_,2.98
_16372_,2.98
_16453_,2.98
_18292_,2.98
_09867_,2.975
_06639_,2.97
_19522_,2.965
net418,2.96
net417,2.96
net419,2.96
_00136_,2.96
_00187_,2.96
_01261_,2.96
_01310_,2.96
_01770_,2.96
_02073_,2.96
_02176_,2.96
_02382_,2.96
_02466_,2.96
_02799_,2.96
_03016_,2.96
_03115_,2.96
_03119_,2.96
_03288_,2.96
_03393_,2.96
_03403_,2.96
_03598_,2.96
_03666_,2.96
_03890_,2.96
_03950_,2.96
_03952_,2.96
_03995_,2.96
_04214_,2.96
_04348_,2.96
_04465_,2.96
_04540_,2.96
_04543_,2.96
_04623_,2.96
_04625_,2.96
_04845_,2.96
_04906_,2.96
_05018_,2.96
_05092_,2.96
_05315_,2.96
_05346_,2.96
_05481_,2.96
_05533_,2.96
_05911_,2.96
_05954_,2.96
_05994_,2.96
_06017_,2.96
_06771_,2.96
_06852_,2.96
_06858_,2.96
_06971_,2.96
_07238_,2.96
_07522_,2.96
_07712_,2.96
_07931_,2.96
_08267_,2.96
_08339_,2.96
_08417_,2.96
_08442_,2.96
_08455_,2.96
_08459_,2.96
_08533_,2.96
_08715_,2.96
_08762_,2.96
_08834_,2.96
_09088_,2.96
_09145_,2.96
_09176_,2.96
_09212_,2.96
_09312_,2.96
_09427_,2.96
_09548_,2.96
_09665_,2.96
_09667_,2.96
_09670_,2.96
_09689_,2.96
_09698_,2.96
_09985_,2.96
_09993_,2.96
_10033_,2.96
_10443_,2.96
_10757_,2.96
_11127_,2.96
_11332_,2.96
_11438_,2.96
_11487_,2.96
_11678_,2.96
_11687_,2.96
_11739_,2.96
_12063_,2.96
_12080_,2.96
_13080_,2.96
_13231_,2.96
_13274_,2.96
_13827_,2.96
_14021_,2.96
_14053_,2.96
_14146_,2.96
_14222_,2.96
_14318_,2.96
_14321_,2.96
_14338_,2.96
_14464_,2.96
_14488_,2.96
_14542_,2.96
_14602_,2.96
_14638_,2.96
_14837_,2.96
_15073_,2.96
_15197_,2.96
_15228_,2.96
_15287_,2.96
_15309_,2.96
_15311_,2.96
_15316_,2.96
_15377_,2.96
_15450_,2.96
_15507_,2.96
_15524_,2.96
_15632_,2.96
_15641_,2.96
_15645_,2.96
_15652_,2.96
_15657_,2.96
_15664_,2.96
_15762_,2.96
_15840_,2.96
_15931_,2.96
_15939_,2.96
_16008_,2.96
_16010_,2.96
_16035_,2.96
_16116_,2.96
_16117_,2.96
_16127_,2.96
_16417_,2.96
_16525_,2.96
_16547_,2.96
_16616_,2.96
_16627_,2.96
_17281_,2.96
_17327_,2.96
_17663_,2.96
_18002_,2.96
_18302_,2.96
_18493_,2.96
_18601_,2.96
_18711_,2.96
_18776_,2.96
_19113_,2.96
_19647_,2.96
fifo_nonce\[4\]\[32\],2.96
fifo_nonce\[6\]\[93\],2.96
net518,2.96
_17695_,2.955
_05792_,2.95
_06502_,2.95
_00244_,2.945
_00245_,2.945
_00246_,2.945
_00249_,2.945
_00253_,2.945
_00257_,2.945
_00258_,2.945
_00260_,2.945
_00261_,2.945
_00265_,2.945
_00272_,2.945
_00274_,2.945
_00275_,2.945
_00282_,2.945
_00285_,2.945
_00286_,2.945
_00294_,2.945
_00300_,2.945
_00304_,2.945
_00312_,2.945
_00314_,2.945
_00319_,2.945
_00332_,2.945
_00336_,2.945
_00341_,2.945
_00342_,2.945
_00343_,2.945
_00344_,2.945
_00348_,2.945
_00349_,2.945
_00350_,2.945
_00357_,2.945
_00358_,2.945
_00381_,2.945
_00498_,2.945
_00504_,2.945
_00543_,2.945
_00549_,2.945
_00558_,2.945
_00559_,2.945
_00568_,2.945
_00572_,2.945
_00580_,2.945
_00583_,2.945
_00586_,2.945
_00588_,2.945
_00599_,2.945
_00612_,2.945
_00617_,2.945
_00645_,2.945
_00650_,2.945
_00669_,2.945
_00681_,2.945
_00715_,2.945
_00729_,2.945
_00737_,2.945
_00755_,2.945
_00773_,2.945
_00805_,2.945
_00807_,2.945
_00809_,2.945
_00843_,2.945
_00852_,2.945
_00862_,2.945
_00871_,2.945
_00879_,2.945
_00880_,2.945
_00891_,2.945
_00893_,2.945
_00916_,2.945
_00937_,2.945
_00944_,2.945
_00947_,2.945
_00966_,2.945
_00995_,2.945
_01000_,2.945
_01015_,2.945
_01025_,2.945
_01038_,2.945
_01064_,2.945
_01067_,2.945
_01077_,2.945
_01081_,2.945
_01095_,2.945
_01116_,2.945
_01472_,2.945
_01480_,2.945
_01483_,2.945
_01487_,2.945
_01493_,2.945
_01508_,2.945
_01515_,2.945
_01522_,2.945
_01550_,2.945
_01551_,2.945
_01557_,2.945
_01567_,2.945
_01569_,2.945
_01578_,2.945
_01582_,2.945
_01586_,2.945
_00870_,2.94
_04955_,2.94
_08400_,2.94
_01255_,2.925
_01887_,2.925
_02027_,2.925
_02084_,2.925
_02595_,2.925
_03176_,2.925
_03366_,2.925
_03413_,2.925
_03507_,2.925
_03541_,2.925
_12334_,2.92
_16278_,2.92
_18738_,2.92
_00238_,2.885
_00469_,2.885
_00502_,2.885
_00554_,2.885
_00566_,2.885
_00571_,2.885
_00598_,2.885
_00630_,2.885
_00671_,2.885
_00706_,2.885
_00730_,2.885
_00771_,2.885
_00838_,2.885
_00919_,2.885
_01074_,2.885
_01099_,2.885
_00252_,2.86
_00270_,2.86
_00303_,2.86
_00309_,2.86
_00705_,2.86
_00965_,2.86
_00972_,2.86
_01014_,2.86
_01435_,2.86
_01474_,2.86
_01577_,2.86
_05225_,2.86
_07079_,2.86
_07471_,2.86
_07920_,2.86
_09121_,2.86
_09149_,2.86
_09944_,2.86
_10868_,2.86
_10909_,2.86
_11324_,2.86
_11724_,2.86
_12751_,2.86
_14396_,2.86
_14448_,2.86
_15644_,2.86
_15695_,2.86
_16662_,2.86
net1026,2.86
net1145,2.86
net1251,2.86
net1334,2.86
net1396,2.86
net1493,2.86
net1529,2.86
net1579,2.86
net1603,2.86
net1609,2.86
net1634,2.86
net1650,2.86
net1669,2.86
net1676,2.86
net1688,2.86
net1725,2.86
net1736,2.86
net1786,2.86
net1793,2.86
net1941,2.86
net2261,2.86
_12102_,2.85
_13588_,2.845
_00174_,2.84
_00181_,2.84
_01323_,2.84
_01342_,2.84
_01787_,2.84
_01949_,2.84
_02042_,2.84
_02275_,2.84
_02380_,2.84
_02463_,2.84
_02571_,2.84
_02807_,2.84
_02956_,2.84
_03050_,2.84
_03111_,2.84
_03232_,2.84
_06931_,2.84
_09230_,2.84
_09293_,2.84
_11231_,2.84
_13648_,2.84
_14498_,2.84
_14724_,2.84
_15255_,2.84
_17494_,2.84
fifo_nonce\[1\]\[100\],2.84
u_auth_fsm.tx_payload\[103\],2.84
u_cmd_parser.nonce_reg\[80\],2.84
_00466_,2.835
_17369_,2.805
_00393_,2.785
_00436_,2.785
_00474_,2.785
_00521_,2.785
_00661_,2.785
_00678_,2.785
_00690_,2.785
_00768_,2.785
_00917_,2.785
_01079_,2.785
_01118_,2.785
_01768_,2.785
_02202_,2.785
_02407_,2.785
_00444_,2.765
_00815_,2.765
_01584_,2.765
_01869_,2.765
_02314_,2.765
_02652_,2.765
_02811_,2.765
_02963_,2.765
_04855_,2.76
_06434_,2.76
_06540_,2.76
_06645_,2.76
_07123_,2.76
_07155_,2.76
_07191_,2.76
_08091_,2.76
_08428_,2.76
_09128_,2.76
_09252_,2.76
_09618_,2.76
_09921_,2.76
_09945_,2.76
_09952_,2.76
_10039_,2.76
_10046_,2.76
_10128_,2.76
_11584_,2.76
_11837_,2.76
_12098_,2.76
_12225_,2.76
_12483_,2.76
_12536_,2.76
_12884_,2.76
_12909_,2.76
_13287_,2.76
_14217_,2.76
_14416_,2.76
_14531_,2.76
_16310_,2.76
_16645_,2.76
_17270_,2.76
_18784_,2.76
_18840_,2.76
_18895_,2.76
_19274_,2.76
u_auth_fsm.tx_byte\[7\],2.76
net1709,2.76
net1716,2.76
net1754,2.76
net2280,2.76
net2444,2.76
_08808_,2.75
_19174_,2.75
_09683_,2.745
_00087_,2.74
_00088_,2.74
_00089_,2.74
_00126_,2.74
_00140_,2.74
_00143_,2.74
_00221_,2.74
_00227_,2.74
_01137_,2.74
_01142_,2.74
_01177_,2.74
_01200_,2.74
_01223_,2.74
_01266_,2.74
_01280_,2.74
_01292_,2.74
_01295_,2.74
_01297_,2.74
_01305_,2.74
_01377_,2.74
_01658_,2.74
_01677_,2.74
_01678_,2.74
_01762_,2.74
_01785_,2.74
_01792_,2.74
_01800_,2.74
_01804_,2.74
_01809_,2.74
_01889_,2.74
_01919_,2.74
_01944_,2.74
_02052_,2.74
_02119_,2.74
_02137_,2.74
_02179_,2.74
_02181_,2.74
_02227_,2.74
_02255_,2.74
_02277_,2.74
_02286_,2.74
_02323_,2.74
_02325_,2.74
_02357_,2.74
_02393_,2.74
_02417_,2.74
_02454_,2.74
_02456_,2.74
_02486_,2.74
_02520_,2.74
_02541_,2.74
_02578_,2.74
_02593_,2.74
_02612_,2.74
_02643_,2.74
_02664_,2.74
_02709_,2.74
_02774_,2.74
_02818_,2.74
_02824_,2.74
_02904_,2.74
_02906_,2.74
_02908_,2.74
_02932_,2.74
_02934_,2.74
_02966_,2.74
_02993_,2.74
_03035_,2.74
_03098_,2.74
_03133_,2.74
_03186_,2.74
_03208_,2.74
_03215_,2.74
_03224_,2.74
_03248_,2.74
_03250_,2.74
_03331_,2.74
_03341_,2.74
_03385_,2.74
_03409_,2.74
_03417_,2.74
_03438_,2.74
_03459_,2.74
_03468_,2.74
_03476_,2.74
_03488_,2.74
_03499_,2.74
_03510_,2.74
_03520_,2.74
_03524_,2.74
_05632_,2.74
_06148_,2.74
_06673_,2.74
_07196_,2.74
_09398_,2.74
_09581_,2.74
_09626_,2.74
_10686_,2.74
_13024_,2.74
_13525_,2.74
_14240_,2.74
_14748_,2.74
_17190_,2.74
_17522_,2.74
_18278_,2.74
_18340_,2.74
_19233_,2.74
_19332_,2.74
_19343_,2.74
net777,2.74
_10748_,2.73
_00874_,2.72
_02374_,2.72
_02387_,2.72
_06651_,2.72
_06823_,2.72
_10923_,2.72
_11638_,2.72
_11720_,2.72
_14271_,2.72
_18187_,2.72
_18885_,2.72
_18987_,2.72
_18998_,2.72
_19108_,2.72
_19205_,2.72
u_auth_fsm.secret_key\[28\],2.72
_00231_,2.715
_00276_,2.715
_00376_,2.715
_00391_,2.715
_00406_,2.715
_00414_,2.715
_00430_,2.715
_00491_,2.715
_00505_,2.715
_00528_,2.715
_00553_,2.715
_00589_,2.715
_00592_,2.715
_00626_,2.715
_00629_,2.715
_00659_,2.715
_00716_,2.715
_00743_,2.715
_00791_,2.715
_00834_,2.715
_00864_,2.715
_00909_,2.715
_00920_,2.715
_00943_,2.715
_00951_,2.715
_00960_,2.715
_01041_,2.715
_01076_,2.715
_01109_,2.715
_01520_,2.715
_01544_,2.715
_01555_,2.715
_01562_,2.715
_05795_,2.715
_00634_,2.665
_02113_,2.665
_02330_,2.665
_02342_,2.665
_02376_,2.665
_02529_,2.665
_02666_,2.665
_02685_,2.665
_02730_,2.665
_02744_,2.665
_02975_,2.665
_02991_,2.665
_03374_,2.665
_03396_,2.665
_07526_,2.65
_17377_,2.65
_01161_,2.64
_01334_,2.64
_03010_,2.64
_03236_,2.64
_03624_,2.64
_04858_,2.64
_05196_,2.64
_05466_,2.64
_05474_,2.64
_05807_,2.64
_06353_,2.64
_06431_,2.64
_06688_,2.64
_07051_,2.64
_07166_,2.64
_07211_,2.64
_07282_,2.64
_07286_,2.64
_07413_,2.64
_08054_,2.64
_08182_,2.64
_08498_,2.64
_08514_,2.64
_08786_,2.64
_08853_,2.64
_08879_,2.64
_09170_,2.64
_09611_,2.64
_09789_,2.64
_10077_,2.64
_10175_,2.64
_11160_,2.64
_11320_,2.64
_11498_,2.64
_11930_,2.64
_11993_,2.64
_12425_,2.64
_12434_,2.64
_12522_,2.64
_13605_,2.64
_13879_,2.64
_13955_,2.64
_14264_,2.64
_14355_,2.64
_14368_,2.64
_14439_,2.64
_14646_,2.64
_14767_,2.64
_14784_,2.64
_16164_,2.64
_17098_,2.64
_17361_,2.64
_17501_,2.64
_17679_,2.64
_19213_,2.64
u_auth_fsm.hist_valid\[5\],2.64
net2191,2.64
_00032_,2.62
_00042_,2.62
_00083_,2.62
_00084_,2.62
_00130_,2.62
_00139_,2.62
_00163_,2.62
_00170_,2.62
_00179_,2.62
_00185_,2.62
_01145_,2.62
_01289_,2.62
_01307_,2.62
_01366_,2.62
_01453_,2.62
_01458_,2.62
_01636_,2.62
_01695_,2.62
_01698_,2.62
_01733_,2.62
_01863_,2.62
_01936_,2.62
_02014_,2.62
_02060_,2.62
_02071_,2.62
_02085_,2.62
_02110_,2.62
_02115_,2.62
_02122_,2.62
_02151_,2.62
_02152_,2.62
_02163_,2.62
_02187_,2.62
_02221_,2.62
_02239_,2.62
_02240_,2.62
_02290_,2.62
_02369_,2.62
_02487_,2.62
_02490_,2.62
_02528_,2.62
_02688_,2.62
_02689_,2.62
_02693_,2.62
_02925_,2.62
_02999_,2.62
_03028_,2.62
_03071_,2.62
_03109_,2.62
_03123_,2.62
_03134_,2.62
_03139_,2.62
_03140_,2.62
_03220_,2.62
_03229_,2.62
_03244_,2.62
_03259_,2.62
_03343_,2.62
_03372_,2.62
_03398_,2.62
_03402_,2.62
_03431_,2.62
_03437_,2.62
_03440_,2.62
_03464_,2.62
_03487_,2.62
_03492_,2.62
_03549_,2.62
_03687_,2.62
_03767_,2.62
_03781_,2.62
_03801_,2.62
_03866_,2.62
_03878_,2.62
_03907_,2.62
_03916_,2.62
_03976_,2.62
_03990_,2.62
_03991_,2.62
_04043_,2.62
_04175_,2.62
_04370_,2.62
_04529_,2.62
_04653_,2.62
_04780_,2.62
_04815_,2.62
_04842_,2.62
_04857_,2.62
_04950_,2.62
_05019_,2.62
_05025_,2.62
_05123_,2.62
_05126_,2.62
_05190_,2.62
_05298_,2.62
_05359_,2.62
_05360_,2.62
_05668_,2.62
_05682_,2.62
_05687_,2.62
_06210_,2.62
_06408_,2.62
_06534_,2.62
_06679_,2.62
_06919_,2.62
_06921_,2.62
_07292_,2.62
_07582_,2.62
_07958_,2.62
_07963_,2.62
_08018_,2.62
_08317_,2.62
_08381_,2.62
_08563_,2.62
_08729_,2.62
_08769_,2.62
_08897_,2.62
_08943_,2.62
_08999_,2.62
_09272_,2.62
_09282_,2.62
_09283_,2.62
_09324_,2.62
_09405_,2.62
_09495_,2.62
_09678_,2.62
_09686_,2.62
_10104_,2.62
_10367_,2.62
_10445_,2.62
_10627_,2.62
_10843_,2.62
_10897_,2.62
_11040_,2.62
_11390_,2.62
_11419_,2.62
_11442_,2.62
_11597_,2.62
_11605_,2.62
_11661_,2.62
_11722_,2.62
_11734_,2.62
_11864_,2.62
_11980_,2.62
_12105_,2.62
_12191_,2.62
_12424_,2.62
_12473_,2.62
_12805_,2.62
_12842_,2.62
_12894_,2.62
_12904_,2.62
_12959_,2.62
_13081_,2.62
_13144_,2.62
_13152_,2.62
_13191_,2.62
_13501_,2.62
_13622_,2.62
_13630_,2.62
_13702_,2.62
_13714_,2.62
_13789_,2.62
_13850_,2.62
_13867_,2.62
_13882_,2.62
_13894_,2.62
_14205_,2.62
_14263_,2.62
_14327_,2.62
_14386_,2.62
_14746_,2.62
_14795_,2.62
_14965_,2.62
_15172_,2.62
_15301_,2.62
_15373_,2.62
_15413_,2.62
_15485_,2.62
_15496_,2.62
_15693_,2.62
_15744_,2.62
_15753_,2.62
_15788_,2.62
_15842_,2.62
_15844_,2.62
_16001_,2.62
_16011_,2.62
_16012_,2.62
_16041_,2.62
_16057_,2.62
_16081_,2.62
_16240_,2.62
_16353_,2.62
_16401_,2.62
_16424_,2.62
_16509_,2.62
_16522_,2.62
_16606_,2.62
_16684_,2.62
_16706_,2.62
_16793_,2.62
_16854_,2.62
_17186_,2.62
_17502_,2.62
_17609_,2.62
_17712_,2.62
_18134_,2.62
_18149_,2.62
_18160_,2.62
_18296_,2.62
_18436_,2.62
_18543_,2.62
_18653_,2.62
_18925_,2.62
_19183_,2.62
_19304_,2.62
_19464_,2.62
_19491_,2.62
_19534_,2.62
_19553_,2.62
_19613_,2.62
u_auth_fsm.cur_nonce\[73\],2.62
u_auth_fsm.secret_key\[111\],2.62
u_auth_fsm.secret_key\[113\],2.62
u_auth_fsm.secret_key\[122\],2.62
u_auth_fsm.secret_key\[24\],2.62
u_auth_fsm.secret_key\[53\],2.62
u_auth_fsm.secret_key\[78\],2.62
u_auth_fsm.secret_key\[95\],2.62
net1856,2.62
net2002,2.62
_18592_,2.615
_00932_,2.6
_00240_,2.595
_00323_,2.595
_00425_,2.595
_00461_,2.595
_00480_,2.595
_00520_,2.595
_00590_,2.595
_00647_,2.595
_00677_,2.595
_00723_,2.595
_00831_,2.595
_00898_,2.595
_00962_,2.595
_00984_,2.595
_01010_,2.595
_01047_,2.595
_01471_,2.595
_01503_,2.595
_01505_,2.595
_01548_,2.595
_01560_,2.595
_01591_,2.595
_10288_,2.59
_11673_,2.59
_00579_,2.585
_00692_,2.585
_00853_,2.585
_00953_,2.585
_00982_,2.585
_01097_,2.585
_01543_,2.585
_16283_,2.58
_01552_,2.575
_00329_,2.545
_00367_,2.545
_00422_,2.545
_00492_,2.545
_00530_,2.545
_00548_,2.545
_00602_,2.545
_00631_,2.545
_00641_,2.545
_00651_,2.545
_00695_,2.545
_00754_,2.545
_00764_,2.545
_00766_,2.545
_00827_,2.545
_00858_,2.545
_00867_,2.545
_00894_,2.545
_00926_,2.545
_00936_,2.545
_00967_,2.545
_01018_,2.545
_01053_,2.545
_01119_,2.545
_01465_,2.545
_01466_,2.545
_01476_,2.545
_01492_,2.545
_15096_,2.53
_17459_,2.53
_18704_,2.53
_19313_,2.53
_18455_,2.525
_01441_,2.52
_03649_,2.52
_03665_,2.52
_03686_,2.52
_03879_,2.52
_03961_,2.52
_04006_,2.52
_04176_,2.52
_04264_,2.52
_04285_,2.52
_04295_,2.52
_04336_,2.52
_04343_,2.52
_04372_,2.52
_04397_,2.52
_04411_,2.52
_04489_,2.52
_04612_,2.52
_04774_,2.52
_04775_,2.52
_05071_,2.52
_05115_,2.52
_05220_,2.52
_05247_,2.52
_05356_,2.52
_05749_,2.52
_06972_,2.52
_07404_,2.52
_08374_,2.52
_09217_,2.52
_09276_,2.52
_09307_,2.52
_09613_,2.52
_12138_,2.52
_12393_,2.52
_15006_,2.52
_15011_,2.52
_15024_,2.52
_15085_,2.52
_15254_,2.52
_15288_,2.52
_15297_,2.52
_15312_,2.52
_15331_,2.52
_15493_,2.52
_15741_,2.52
_15777_,2.52
_15932_,2.52
_15970_,2.52
_15971_,2.52
_16210_,2.52
_16603_,2.52
_16631_,2.52
_16730_,2.52
_17436_,2.52
_18170_,2.52
_19374_,2.52
_19481_,2.52
_19631_,2.52
u_uart_tx.state\[0\],2.51
_00059_,2.5
_01191_,2.5
_01661_,2.5
_02023_,2.5
_02026_,2.5
_02220_,2.5
_02345_,2.5
_02473_,2.5
_03654_,2.5
_03719_,2.5
_03726_,2.5
_03872_,2.5
_03881_,2.5
_03933_,2.5
_03965_,2.5
_03969_,2.5
_03972_,2.5
_03975_,2.5
_03988_,2.5
_04021_,2.5
_04025_,2.5
_04090_,2.5
_04139_,2.5
_04149_,2.5
_04157_,2.5
_04158_,2.5
_04159_,2.5
_04167_,2.5
_04215_,2.5
_04344_,2.5
_04375_,2.5
_04449_,2.5
_04547_,2.5
_04776_,2.5
_04792_,2.5
_05302_,2.5
_05508_,2.5
_06039_,2.5
_06088_,2.5
_06103_,2.5
_06452_,2.5
_06556_,2.5
_06680_,2.5
_06723_,2.5
_07026_,2.5
_07830_,2.5
_08038_,2.5
_08100_,2.5
_08259_,2.5
_08306_,2.5
_08429_,2.5
_08432_,2.5
_08674_,2.5
_09167_,2.5
_09408_,2.5
_09443_,2.5
_10013_,2.5
_10095_,2.5
_10428_,2.5
_10593_,2.5
_10727_,2.5
_10782_,2.5
_10928_,2.5
_11255_,2.5
_11281_,2.5
_11343_,2.5
_11603_,2.5
_11747_,2.5
_12021_,2.5
_12250_,2.5
_13265_,2.5
_13336_,2.5
_13381_,2.5
_13722_,2.5
_14596_,2.5
_14667_,2.5
_14696_,2.5
_14711_,2.5
_14738_,2.5
_14835_,2.5
_14981_,2.5
_14999_,2.5
_15058_,2.5
_15282_,2.5
_15361_,2.5
_15375_,2.5
_15421_,2.5
_15500_,2.5
_15514_,2.5
_15610_,2.5
_15655_,2.5
_15665_,2.5
_15669_,2.5
_15710_,2.5
_15752_,2.5
_15771_,2.5
_16000_,2.5
_16003_,2.5
_16006_,2.5
_16074_,2.5
_16097_,2.5
_16132_,2.5
_16206_,2.5
_16438_,2.5
_16536_,2.5
_16540_,2.5
_16585_,2.5
_16588_,2.5
_16703_,2.5
_16742_,2.5
_17036_,2.5
_17133_,2.5
_17251_,2.5
_17389_,2.5
_17536_,2.5
_17622_,2.5
_17754_,2.5
_17785_,2.5
_17832_,2.5
_17862_,2.5
_18294_,2.5
_18496_,2.5
_18545_,2.5
_19009_,2.5
_19024_,2.5
_19389_,2.5
_19484_,2.5
_19511_,2.5
fifo_nonce\[2\]\[120\],2.5
net1816,2.5
net2219,2.5
net2243,2.5
_17261_,2.495
_01514_,2.48
_00036_,2.465
_01803_,2.465
_01886_,2.465
_02557_,2.465
_02711_,2.465
_02797_,2.465
_03202_,2.465
_03221_,2.465
_03283_,2.465
_03303_,2.465
_03473_,2.465
_03490_,2.465
_03508_,2.465
_03537_,2.465
_00401_,2.425
_00446_,2.425
_00887_,2.425
_00987_,2.425
_01005_,2.425
_11504_,2.41
_05454_,2.4
_10744_,2.4
_11562_,2.4
_11630_,2.4
_12415_,2.4
_12619_,2.4
_12755_,2.4
_13346_,2.4
_15225_,2.4
_15424_,2.4
_15566_,2.4
_15982_,2.4
_16052_,2.4
_16389_,2.4
_16712_,2.4
_16844_,2.4
_17799_,2.4
_18137_,2.4
_18902_,2.4
_19529_,2.4
net1191,2.4
net1252,2.4
net2438,2.4
net2483,2.4
_00037_,2.38
_01778_,2.38
_01833_,2.38
_02013_,2.38
_02056_,2.38
_02059_,2.38
_02373_,2.38
_02392_,2.38
_02405_,2.38
_02941_,2.38
_03069_,2.38
_08260_,2.38
_08905_,2.38
_11017_,2.38
_12775_,2.38
_13945_,2.38
_15525_,2.38
_00423_,2.375
_00609_,2.375
_00633_,2.375
_00657_,2.375
_00693_,2.375
_00821_,2.375
_00918_,2.375
_00939_,2.375
_01027_,2.375
_01056_,2.375
_01084_,2.375
_17111_,2.345
_17381_,2.345
_02792_,2.335
_08402_,2.33
_00374_,2.325
_00443_,2.325
_00458_,2.325
_00557_,2.325
_00639_,2.325
_00640_,2.325
_00668_,2.325
_00683_,2.325
_00704_,2.325
_00718_,2.325
_00750_,2.325
_00783_,2.325
_00820_,2.325
_00833_,2.325
_00857_,2.325
_00873_,2.325
_01098_,2.325
_01485_,2.325
_01510_,2.325
_01516_,2.325
_01537_,2.325
_01554_,2.325
_02005_,2.305
_02640_,2.305
_02790_,2.305
_02957_,2.305
_03506_,2.305
_17519_,2.305
_00009_,2.3
_00224_,2.3
_01978_,2.3
_05978_,2.3
_06736_,2.3
_06828_,2.3
_06904_,2.3
_07157_,2.3
_07343_,2.3
_07839_,2.3
_07943_,2.3
_08064_,2.3
_09137_,2.3
_09151_,2.3
_09452_,2.3
_09856_,2.3
_10242_,2.3
_10393_,2.3
_10891_,2.3
_11002_,2.3
_11079_,2.3
_11118_,2.3
_11331_,2.3
_11474_,2.3
_11601_,2.3
_11783_,2.3
_11983_,2.3
_12402_,2.3
_12513_,2.3
_12631_,2.3
_12951_,2.3
_13348_,2.3
_13447_,2.3
_13617_,2.3
_13852_,2.3
_13906_,2.3
_14027_,2.3
_14120_,2.3
_14228_,2.3
_14374_,2.3
_16318_,2.3
_16434_,2.3
_17005_,2.3
_17021_,2.3
_17527_,2.3
_17619_,2.3
_17739_,2.3
_17926_,2.3
_18253_,2.3
_18301_,2.3
_18675_,2.3
_18766_,2.3
_18794_,2.3
_18870_,2.3
_19054_,2.3
_19263_,2.3
_19403_,2.3
_19519_,2.3
net631,2.3
net947,2.3
net2469,2.3
net2485,2.3
net2501,2.3
_07537_,2.29
_05488_,2.285
_08011_,2.285
_08071_,2.285
_10645_,2.285
_00031_,2.28
_00066_,2.28
_00125_,2.28
_00138_,2.28
_00156_,2.28
_00159_,2.28
_00175_,2.28
_00190_,2.28
_00193_,2.28
_00203_,2.28
_00816_,2.28
_01139_,2.28
_01154_,2.28
_01174_,2.28
_01246_,2.28
_01287_,2.28
_01643_,2.28
_01711_,2.28
_01765_,2.28
_01769_,2.28
_01827_,2.28
_01835_,2.28
_01888_,2.28
_01904_,2.28
_01911_,2.28
_01979_,2.28
_01983_,2.28
_01989_,2.28
_02019_,2.28
_02038_,2.28
_02046_,2.28
_02061_,2.28
_02062_,2.28
_02067_,2.28
_02070_,2.28
_02075_,2.28
_02126_,2.28
_02128_,2.28
_02131_,2.28
_02133_,2.28
_02143_,2.28
_02155_,2.28
_02164_,2.28
_02173_,2.28
_02178_,2.28
_02183_,2.28
_02189_,2.28
_02197_,2.28
_02204_,2.28
_02214_,2.28
_02215_,2.28
_02232_,2.28
_02245_,2.28
_02262_,2.28
_02267_,2.28
_02297_,2.28
_02309_,2.28
_02318_,2.28
_02355_,2.28
_02395_,2.28
_02410_,2.28
_02434_,2.28
_02436_,2.28
_02515_,2.28
_02591_,2.28
_02641_,2.28
_02668_,2.28
_02712_,2.28
_02719_,2.28
_02780_,2.28
_02794_,2.28
_02838_,2.28
_02851_,2.28
_02884_,2.28
_02900_,2.28
_02903_,2.28
_02923_,2.28
_02937_,2.28
_02945_,2.28
_02974_,2.28
_02978_,2.28
_02983_,2.28
_02990_,2.28
_03031_,2.28
_03034_,2.28
_03036_,2.28
_03041_,2.28
_03049_,2.28
_03067_,2.28
_03075_,2.28
_03086_,2.28
_03090_,2.28
_03092_,2.28
_03105_,2.28
_03126_,2.28
_03131_,2.28
_03205_,2.28
_03237_,2.28
_03253_,2.28
_03292_,2.28
_03321_,2.28
_03412_,2.28
_03441_,2.28
_03447_,2.28
_03450_,2.28
_03455_,2.28
_03504_,2.28
_03531_,2.28
_03532_,2.28
_04938_,2.28
_05535_,2.28
_05585_,2.28
_05600_,2.28
_05932_,2.28
_06204_,2.28
_06337_,2.28
_06500_,2.28
_06926_,2.28
_07169_,2.28
_07259_,2.28
_08725_,2.28
_08869_,2.28
_10287_,2.28
_10437_,2.28
_11709_,2.28
_12463_,2.28
_14853_,2.28
_14900_,2.28
_17961_,2.28
_18200_,2.28
_18393_,2.28
_18650_,2.28
_12299_,2.27
_00814_,2.26
_00877_,2.26
_00907_,2.26
_00372_,2.255
_00435_,2.255
_00456_,2.255
_00464_,2.255
_00591_,2.255
_00628_,2.255
_00672_,2.255
_00733_,2.255
_00742_,2.255
_00780_,2.255
_00786_,2.255
_00824_,2.255
_00883_,2.255
_00885_,2.255
_00928_,2.255
_00993_,2.255
_00997_,2.255
_01001_,2.255
_01020_,2.255
_01069_,2.255
_01086_,2.255
_01108_,2.255
_01123_,2.255
_01132_,2.255
_01499_,2.255
_01517_,2.255
_01588_,2.255
_11336_,2.255
_19512_,2.255
_06063_,2.24
_11344_,2.22
_00570_,2.205
_01371_,2.205
_06512_,2.205
_03819_,2.19
_00025_,2.18
_00027_,2.18
_00220_,2.18
_01348_,2.18
_01364_,2.18
_01373_,2.18
_01389_,2.18
_01599_,2.18
_01729_,2.18
_03147_,2.18
_05215_,2.18
_05552_,2.18
_05686_,2.18
_06110_,2.18
_06186_,2.18
_06261_,2.18
_06528_,2.18
_06726_,2.18
_07146_,2.18
_07195_,2.18
_07218_,2.18
_07248_,2.18
_07536_,2.18
_07775_,2.18
_07966_,2.18
_07999_,2.18
_08000_,2.18
_08061_,2.18
_08336_,2.18
_08462_,2.18
_08463_,2.18
_08825_,2.18
_08868_,2.18
_09068_,2.18
_09197_,2.18
_09202_,2.18
_09236_,2.18
_09251_,2.18
_09425_,2.18
_09506_,2.18
_09908_,2.18
_09915_,2.18
_10318_,2.18
_10344_,2.18
_10365_,2.18
_10407_,2.18
_10484_,2.18
_10751_,2.18
_10913_,2.18
_11084_,2.18
_11150_,2.18
_11218_,2.18
_11219_,2.18
_11315_,2.18
_11515_,2.18
_11631_,2.18
_11684_,2.18
_11717_,2.18
_11854_,2.18
_12040_,2.18
_12342_,2.18
_12432_,2.18
_12605_,2.18
_12668_,2.18
_12895_,2.18
_13167_,2.18
_13736_,2.18
_13782_,2.18
_13934_,2.18
_13972_,2.18
_13980_,2.18
_14219_,2.18
_14462_,2.18
_14478_,2.18
_14884_,2.18
_16465_,2.18
_17565_,2.18
_18062_,2.18
_18607_,2.18
_18920_,2.18
_19326_,2.18
_19543_,2.18
_19546_,2.18
_19683_,2.18
_19714_,2.18
net2068,2.18
net2257,2.18
net2303,2.18
_12868_,2.17
_18354_,2.165
_00052_,2.16
_00079_,2.16
_00099_,2.16
_00111_,2.16
_00116_,2.16
_01151_,2.16
_01216_,2.16
_01225_,2.16
_01243_,2.16
_01294_,2.16
_01321_,2.16
_01332_,2.16
_01379_,2.16
_01652_,2.16
_01748_,2.16
_01844_,2.16
_01860_,2.16
_01902_,2.16
_01916_,2.16
_01942_,2.16
_01945_,2.16
_01947_,2.16
_01973_,2.16
_01991_,2.16
_02020_,2.16
_02092_,2.16
_02101_,2.16
_02132_,2.16
_02135_,2.16
_02154_,2.16
_02207_,2.16
_02212_,2.16
_02243_,2.16
_02312_,2.16
_02365_,2.16
_02366_,2.16
_02386_,2.16
_02391_,2.16
_02394_,2.16
_02418_,2.16
_02432_,2.16
_02443_,2.16
_02446_,2.16
_02496_,2.16
_02512_,2.16
_02525_,2.16
_02533_,2.16
_02542_,2.16
_02555_,2.16
_02573_,2.16
_02586_,2.16
_02588_,2.16
_02603_,2.16
_02606_,2.16
_02613_,2.16
_02616_,2.16
_02633_,2.16
_02637_,2.16
_02653_,2.16
_02737_,2.16
_02758_,2.16
_02778_,2.16
_02795_,2.16
_02881_,2.16
_03000_,2.16
_03026_,2.16
_03042_,2.16
_03065_,2.16
_03084_,2.16
_03104_,2.16
_03121_,2.16
_03124_,2.16
_03136_,2.16
_03149_,2.16
_03203_,2.16
_03239_,2.16
_03241_,2.16
_03245_,2.16
_03357_,2.16
_03376_,2.16
_03379_,2.16
_03414_,2.16
_03422_,2.16
_03424_,2.16
_03429_,2.16
_03445_,2.16
_03465_,2.16
_03474_,2.16
_03485_,2.16
_03509_,2.16
_03523_,2.16
_03539_,2.16
_03546_,2.16
_03749_,2.16
_03756_,2.16
_03886_,2.16
_03888_,2.16
_03909_,2.16
_03914_,2.16
_03964_,2.16
_04042_,2.16
_04182_,2.16
_04286_,2.16
_04304_,2.16
_04351_,2.16
_04394_,2.16
_04441_,2.16
_04487_,2.16
_04564_,2.16
_04632_,2.16
_04640_,2.16
_04750_,2.16
_05035_,2.16
_05046_,2.16
_05048_,2.16
_05189_,2.16
_05204_,2.16
_05269_,2.16
_05297_,2.16
_05475_,2.16
_05598_,2.16
_05732_,2.16
_05797_,2.16
_05913_,2.16
_06035_,2.16
_06440_,2.16
_06476_,2.16
_06943_,2.16
_06991_,2.16
_07112_,2.16
_07424_,2.16
_07462_,2.16
_07561_,2.16
_07685_,2.16
_07926_,2.16
_08090_,2.16
_08092_,2.16
_08504_,2.16
_08515_,2.16
_08585_,2.16
_08641_,2.16
_08847_,2.16
_08880_,2.16
_09160_,2.16
_09168_,2.16
_09219_,2.16
_09519_,2.16
_09526_,2.16
_09571_,2.16
_09860_,2.16
_10109_,2.16
_10372_,2.16
_10454_,2.16
_10474_,2.16
_10518_,2.16
_10889_,2.16
_10903_,2.16
_11019_,2.16
_11087_,2.16
_11339_,2.16
_11467_,2.16
_11495_,2.16
_11607_,2.16
_11856_,2.16
_11927_,2.16
_12014_,2.16
_12071_,2.16
_12205_,2.16
_12316_,2.16
_12400_,2.16
_12452_,2.16
_12700_,2.16
_12766_,2.16
_13091_,2.16
_13108_,2.16
_13297_,2.16
_13307_,2.16
_13320_,2.16
_13846_,2.16
_13880_,2.16
_13952_,2.16
_13958_,2.16
_13975_,2.16
_13978_,2.16
_14036_,2.16
_14102_,2.16
_14187_,2.16
_14203_,2.16
_14244_,2.16
_14291_,2.16
_14354_,2.16
_14435_,2.16
_14557_,2.16
_14577_,2.16
_14647_,2.16
_14669_,2.16
_14810_,2.16
_14874_,2.16
_14882_,2.16
_14902_,2.16
_15322_,2.16
_15376_,2.16
_15464_,2.16
_15548_,2.16
_15561_,2.16
_15580_,2.16
_15609_,2.16
_15690_,2.16
_15701_,2.16
_15734_,2.16
_15797_,2.16
_15810_,2.16
_15824_,2.16
_15858_,2.16
_15953_,2.16
_15965_,2.16
_16237_,2.16
_16305_,2.16
_16379_,2.16
_16385_,2.16
_16433_,2.16
_16561_,2.16
_16638_,2.16
_16704_,2.16
_16743_,2.16
_16907_,2.16
_17120_,2.16
_17269_,2.16
_17362_,2.16
_17651_,2.16
_18139_,2.16
_18551_,2.16
_18725_,2.16
_18767_,2.16
_18787_,2.16
_19365_,2.16
_19518_,2.16
fifo_nonce\[4\]\[126\],2.16
fifo_nonce\[4\]\[96\],2.16
u_auth_fsm.cur_nonce\[102\],2.16
u_auth_fsm.cur_nonce\[21\],2.16
u_auth_fsm.cur_nonce\[28\],2.16
u_auth_fsm.cur_nonce\[92\],2.16
u_auth_fsm.cur_nonce\[94\],2.16
u_auth_fsm.secret_key\[105\],2.16
u_auth_fsm.secret_key\[109\],2.16
u_auth_fsm.secret_key\[93\],2.16
u_auth_fsm.secret_key\[96\],2.16
u_uart_rx.rx_shift\[6\],2.16
net1041,2.16
net1682,2.16
_08820_,2.14
_00247_,2.125
_00266_,2.125
_00273_,2.125
_00283_,2.125
_00429_,2.125
_00497_,2.125
_00719_,2.125
_00794_,2.125
_01030_,2.125
_15478_,2.1
_07047_,2.09
_00375_,2.085
_00378_,2.085
_00403_,2.085
_00432_,2.085
_00467_,2.085
_00468_,2.085
_00485_,2.085
_00522_,2.085
_00529_,2.085
_00545_,2.085
_00574_,2.085
_00593_,2.085
_00663_,2.085
_00697_,2.085
_00784_,2.085
_00801_,2.085
_00825_,2.085
_00826_,2.085
_00868_,2.085
_00886_,2.085
_00923_,2.085
_00974_,2.085
_00981_,2.085
_00998_,2.085
_01006_,2.085
_01102_,2.085
_01120_,2.085
_01130_,2.085
_01478_,2.085
_01509_,2.085
_01585_,2.085
_18043_,2.07
_14686_,2.065
_00241_,2.06
_03651_,2.06
_03672_,2.06
_03699_,2.06
_03797_,2.06
_04054_,2.06
_04097_,2.06
_04163_,2.06
_04318_,2.06
_04341_,2.06
_04432_,2.06
_04433_,2.06
_04436_,2.06
_04461_,2.06
_04491_,2.06
_04669_,2.06
_04686_,2.06
_04843_,2.06
_04848_,2.06
_04880_,2.06
_04954_,2.06
_05093_,2.06
_05110_,2.06
_05267_,2.06
_05326_,2.06
_07560_,2.06
_08022_,2.06
_08559_,2.06
_08701_,2.06
_09634_,2.06
_10811_,2.06
_11148_,2.06
_11260_,2.06
_11685_,2.06
_11871_,2.06
_12120_,2.06
_12680_,2.06
_12761_,2.06
_12865_,2.06
_13201_,2.06
_13767_,2.06
_13836_,2.06
_13900_,2.06
_14037_,2.06
_14801_,2.06
_14957_,2.06
_14979_,2.06
_15019_,2.06
_15040_,2.06
_15106_,2.06
_15123_,2.06
_15146_,2.06
_15182_,2.06
_15245_,2.06
_15306_,2.06
_15320_,2.06
_15379_,2.06
_15385_,2.06
_15393_,2.06
_15460_,2.06
_15515_,2.06
_15518_,2.06
_15531_,2.06
_15552_,2.06
_15574_,2.06
_15614_,2.06
_15620_,2.06
_15649_,2.06
_15666_,2.06
_15702_,2.06
_15708_,2.06
_15904_,2.06
_15929_,2.06
_15934_,2.06
_15935_,2.06
_15978_,2.06
_16016_,2.06
_16046_,2.06
_16067_,2.06
_16138_,2.06
_16143_,2.06
_16178_,2.06
_16203_,2.06
_16229_,2.06
_16288_,2.06
_16300_,2.06
_16365_,2.06
_16368_,2.06
_16374_,2.06
_16377_,2.06
_16384_,2.06
_16512_,2.06
_16595_,2.06
_16634_,2.06
_16644_,2.06
_16734_,2.06
_16745_,2.06
_16751_,2.06
_16797_,2.06
_17289_,2.06
_17574_,2.06
_19690_,2.06
_05777_,2.055
_03590_,2.045
_01258_,2.04
_01268_,2.04
_01272_,2.04
_01286_,2.04
_01751_,2.04
_02053_,2.04
_02134_,2.04
_02145_,2.04
_02379_,2.04
_02596_,2.04
_02608_,2.04
_02683_,2.04
_02706_,2.04
_02890_,2.04
_03014_,2.04
_03151_,2.04
_03169_,2.04
_03310_,2.04
_03324_,2.04
_03743_,2.04
_03770_,2.04
_03789_,2.04
_03913_,2.04
_03929_,2.04
_04024_,2.04
_04190_,2.04
_04349_,2.04
_04554_,2.04
_04617_,2.04
_04735_,2.04
_04793_,2.04
_04796_,2.04
_04839_,2.04
_05652_,2.04
_05783_,2.04
_05798_,2.04
_07307_,2.04
_07567_,2.04
_07688_,2.04
_07714_,2.04
_08098_,2.04
_08787_,2.04
_09258_,2.04
_09295_,2.04
_09718_,2.04
_09803_,2.04
_10067_,2.04
_10536_,2.04
_10917_,2.04
_11904_,2.04
_12024_,2.04
_12310_,2.04
_12377_,2.04
_12444_,2.04
_12526_,2.04
_13781_,2.04
_13812_,2.04
_13864_,2.04
_14215_,2.04
_14308_,2.04
_15108_,2.04
_15281_,2.04
_15495_,2.04
_15720_,2.04
_15798_,2.04
_16136_,2.04
_16174_,2.04
_16293_,2.04
_16568_,2.04
_16688_,2.04
_16738_,2.04
_18044_,2.04
_18609_,2.04
_19257_,2.04
_19362_,2.04
_19507_,2.04
u_auth_fsm.tx_byte\[3\],2.04
_00413_,2.035
_00417_,2.035
_00710_,2.035
_11940_,2.03
_12398_,2.03
_01288_,2.005
_01302_,2.005
_01730_,2.005
_01822_,2.005
_02016_,2.005
_02036_,2.005
_02218_,2.005
_02287_,2.005
_02361_,2.005
_02648_,2.005
_03046_,2.005
_03394_,2.005
_03540_,2.005
_09882_,1.95
_04620_,1.94
_06480_,1.94
_06690_,1.94
_06872_,1.94
_07600_,1.94
_08096_,1.94
_08236_,1.94
_08885_,1.94
_09270_,1.94
_10006_,1.94
_10800_,1.94
_11240_,1.94
_11960_,1.94
_12851_,1.94
_13256_,1.94
_13481_,1.94
_13822_,1.94
_13873_,1.94
_14457_,1.94
_14482_,1.94
_15046_,1.94
_15165_,1.94
_15294_,1.94
_15453_,1.94
_15764_,1.94
_16109_,1.94
_16322_,1.94
_16410_,1.94
_16620_,1.94
_16757_,1.94
_18229_,1.94
_18338_,1.94
_18705_,1.94
_19187_,1.94
_19237_,1.94
_19451_,1.94
net998,1.94
net1005,1.94
net1140,1.94
net1221,1.94
net1808,1.94
net2510,1.94
_10488_,1.93
_00575_,1.92
_00307_,1.915
_00563_,1.915
_00913_,1.915
_00935_,1.915
_00958_,1.915
_01036_,1.915
_01105_,1.915
_01486_,1.915
_06244_,1.915
_09719_,1.915
_12026_,1.915
_00255_,1.865
_00262_,1.865
_00324_,1.865
_00439_,1.865
_00442_,1.865
_00454_,1.865
_00457_,1.865
_00470_,1.865
_00496_,1.865
_00516_,1.865
_00584_,1.865
_00623_,1.865
_00649_,1.865
_00655_,1.865
_00679_,1.865
_00724_,1.865
_00741_,1.865
_00757_,1.865
_00759_,1.865
_00793_,1.865
_00795_,1.865
_00802_,1.865
_00813_,1.865
_00817_,1.865
_00836_,1.865
_00840_,1.865
_00850_,1.865
_00855_,1.865
_00863_,1.865
_00890_,1.865
_00895_,1.865
_00915_,1.865
_00955_,1.865
_00963_,1.865
_00983_,1.865
_00986_,1.865
_01012_,1.865
_01032_,1.865
_01066_,1.865
_01071_,1.865
_01080_,1.865
_01103_,1.865
_01129_,1.865
_01481_,1.865
_01484_,1.865
_01513_,1.865
_01527_,1.865
_01549_,1.865
_01556_,1.865
_11948_,1.85
_01238_,1.845
_01900_,1.845
_02029_,1.845
_02265_,1.845
_02409_,1.845
_02753_,1.845
_03055_,1.845
_03299_,1.845
_03528_,1.845
_04869_,1.84
_05219_,1.84
_05729_,1.84
_05762_,1.84
_05771_,1.84
_05971_,1.84
_06202_,1.84
_06813_,1.84
_07257_,1.84
_07467_,1.84
_07679_,1.84
_07996_,1.84
_08080_,1.84
_08151_,1.84
_08310_,1.84
_08337_,1.84
_08375_,1.84
_08529_,1.84
_08726_,1.84
_09561_,1.84
_09800_,1.84
_09815_,1.84
_09982_,1.84
_10080_,1.84
_10357_,1.84
_11257_,1.84
_11282_,1.84
_11355_,1.84
_11742_,1.84
_12051_,1.84
_12090_,1.84
_12441_,1.84
_12781_,1.84
_13216_,1.84
_13344_,1.84
_13700_,1.84
_14154_,1.84
_16398_,1.84
_16404_,1.84
_16988_,1.84
_18269_,1.84
_19298_,1.84
net571,1.84
net683,1.84
_05604_,1.83
_06960_,1.83
_11925_,1.825
_00064_,1.82
_00068_,1.82
_00072_,1.82
_00134_,1.82
_00141_,1.82
_00153_,1.82
_00184_,1.82
_00197_,1.82
_00200_,1.82
_00208_,1.82
_01199_,1.82
_01209_,1.82
_01226_,1.82
_01249_,1.82
_01260_,1.82
_01273_,1.82
_01314_,1.82
_01372_,1.82
_01402_,1.82
_01627_,1.82
_01655_,1.82
_01669_,1.82
_01790_,1.82
_01793_,1.82
_01928_,1.82
_01946_,1.82
_01957_,1.82
_01974_,1.82
_01990_,1.82
_02025_,1.82
_02035_,1.82
_02043_,1.82
_02077_,1.82
_02083_,1.82
_02112_,1.82
_02114_,1.82
_02123_,1.82
_02125_,1.82
_02165_,1.82
_02188_,1.82
_02199_,1.82
_02213_,1.82
_02225_,1.82
_02288_,1.82
_02301_,1.82
_02305_,1.82
_02362_,1.82
_02367_,1.82
_02370_,1.82
_02378_,1.82
_02401_,1.82
_02425_,1.82
_02449_,1.82
_02477_,1.82
_02489_,1.82
_02498_,1.82
_02501_,1.82
_02540_,1.82
_02553_,1.82
_02560_,1.82
_02576_,1.82
_02577_,1.82
_02583_,1.82
_02598_,1.82
_02634_,1.82
_02636_,1.82
_02661_,1.82
_02663_,1.82
_02672_,1.82
_02700_,1.82
_02707_,1.82
_02721_,1.82
_02726_,1.82
_02741_,1.82
_02748_,1.82
_02775_,1.82
_02776_,1.82
_02784_,1.82
_02892_,1.82
_02909_,1.82
_02914_,1.82
_02915_,1.82
_02940_,1.82
_02944_,1.82
_03001_,1.82
_03007_,1.82
_03013_,1.82
_03018_,1.82
_03039_,1.82
_03053_,1.82
_03091_,1.82
_03094_,1.82
_03116_,1.82
_03120_,1.82
_03145_,1.82
_03167_,1.82
_03286_,1.82
_03296_,1.82
_03349_,1.82
_03386_,1.82
_03392_,1.82
_03404_,1.82
_03420_,1.82
_03462_,1.82
_03491_,1.82
_03495_,1.82
_03529_,1.82
_03547_,1.82
_06719_,1.82
_07666_,1.82
_11946_,1.82
_13192_,1.82
_16444_,1.82
_18532_,1.82
_18788_,1.82
_19014_,1.82
_19065_,1.82
_19333_,1.82
net537,1.82
net1839,1.82
_17125_,1.755
_01143_,1.745
net629,1.745
_03917_,1.74
_06397_,1.725
_09968_,1.725
_19340_,1.725
_19514_,1.725
_05873_,1.72
_06130_,1.72
_06250_,1.72
_06801_,1.72
_06832_,1.72
_06993_,1.72
_07127_,1.72
_07709_,1.72
_07764_,1.72
_08464_,1.72
_08766_,1.72
_08782_,1.72
_09211_,1.72
_09550_,1.72
_09973_,1.72
_10087_,1.72
_10116_,1.72
_10592_,1.72
_10708_,1.72
_10829_,1.72
_10931_,1.72
_10936_,1.72
_11667_,1.72
_12050_,1.72
_12141_,1.72
_12938_,1.72
_13245_,1.72
_13796_,1.72
_13814_,1.72
_13854_,1.72
_13963_,1.72
_13984_,1.72
_14050_,1.72
_14099_,1.72
_14142_,1.72
_14316_,1.72
_14407_,1.72
_14430_,1.72
_14616_,1.72
_14687_,1.72
_14722_,1.72
_14886_,1.72
_16162_,1.72
_17158_,1.72
_17301_,1.72
_18325_,1.72
_19660_,1.72
kdf_start,1.72
net871,1.72
_00040_,1.7
_00051_,1.7
_00063_,1.7
_00122_,1.7
_00149_,1.7
_01176_,1.7
_01186_,1.7
_01211_,1.7
_01248_,1.7
_01298_,1.7
_01370_,1.7
_01696_,1.7
_01764_,1.7
_01775_,1.7
_01811_,1.7
_01823_,1.7
_01881_,1.7
_01918_,1.7
_01985_,1.7
_02022_,1.7
_02079_,1.7
_02100_,1.7
_02147_,1.7
_02168_,1.7
_02182_,1.7
_02206_,1.7
_02390_,1.7
_02421_,1.7
_02471_,1.7
_02478_,1.7
_02505_,1.7
_02518_,1.7
_02523_,1.7
_02548_,1.7
_02572_,1.7
_02625_,1.7
_02654_,1.7
_02681_,1.7
_02782_,1.7
_02883_,1.7
_02964_,1.7
_02973_,1.7
_02996_,1.7
_03100_,1.7
_03130_,1.7
_03150_,1.7
_03160_,1.7
_03254_,1.7
_03327_,1.7
_03407_,1.7
_03418_,1.7
_03480_,1.7
_03486_,1.7
_03697_,1.7
_03742_,1.7
_03895_,1.7
_03920_,1.7
_03977_,1.7
_03989_,1.7
_04109_,1.7
_04462_,1.7
_04595_,1.7
_04688_,1.7
_04690_,1.7
_04778_,1.7
_05037_,1.7
_05047_,1.7
_05051_,1.7
_05094_,1.7
_05211_,1.7
_05695_,1.7
_05766_,1.7
_06212_,1.7
_06490_,1.7
_06491_,1.7
_06504_,1.7
_06545_,1.7
_07053_,1.7
_07106_,1.7
_07219_,1.7
_07339_,1.7
_07644_,1.7
_07660_,1.7
_07962_,1.7
_07997_,1.7
_08016_,1.7
_08736_,1.7
_08757_,1.7
_08848_,1.7
_09082_,1.7
_09092_,1.7
_09538_,1.7
_09539_,1.7
_09865_,1.7
_10061_,1.7
_10489_,1.7
_10521_,1.7
_10658_,1.7
_10933_,1.7
_11205_,1.7
_11577_,1.7
_11726_,1.7
_11906_,1.7
_12041_,1.7
_12042_,1.7
_12854_,1.7
_13279_,1.7
_13704_,1.7
_13753_,1.7
_13910_,1.7
_13968_,1.7
_14041_,1.7
_14044_,1.7
_14421_,1.7
_14492_,1.7
_14715_,1.7
_14755_,1.7
_14821_,1.7
_14861_,1.7
_14893_,1.7
_15145_,1.7
_15263_,1.7
_15471_,1.7
_15480_,1.7
_15541_,1.7
_15613_,1.7
_15654_,1.7
_15800_,1.7
_15853_,1.7
_16418_,1.7
_16468_,1.7
_16625_,1.7
_16649_,1.7
_16718_,1.7
_16759_,1.7
_16792_,1.7
_17320_,1.7
_18513_,1.7
_18632_,1.7
_19289_,1.7
_19350_,1.7
u_auth_fsm.cur_nonce\[107\],1.7
u_auth_fsm.cur_nonce\[35\],1.7
u_auth_fsm.secret_key\[112\],1.7
u_auth_fsm.secret_key\[41\],1.7
u_auth_fsm.secret_key\[84\],1.7
u_auth_fsm.secret_key\[92\],1.7
u_cmd_parser.nonce_reg\[100\],1.7
u_cmd_parser.nonce_reg\[36\],1.7
net1192,1.7
net1539,1.7
net2153,1.7
net2213,1.7
_04875_,1.68
_06962_,1.68
_19662_,1.68
_15571_,1.64
_10639_,1.63
_07629_,1.605
_03712_,1.6
_03714_,1.6
_03715_,1.6
_03716_,1.6
_03783_,1.6
_03897_,1.6
_03910_,1.6
_04058_,1.6
_04084_,1.6
_04089_,1.6
_04129_,1.6
_04131_,1.6
_04210_,1.6
_04220_,1.6
_04284_,1.6
_04325_,1.6
_04396_,1.6
_04399_,1.6
_04448_,1.6
_04452_,1.6
_04556_,1.6
_04614_,1.6
_04622_,1.6
_04642_,1.6
_04679_,1.6
_04696_,1.6
_04762_,1.6
_04772_,1.6
_04807_,1.6
_05096_,1.6
_05099_,1.6
_05105_,1.6
_05116_,1.6
_05124_,1.6
_07545_,1.6
_10890_,1.6
_11132_,1.6
_11571_,1.6
_12107_,1.6
_13395_,1.6
_14952_,1.6
_14968_,1.6
_15004_,1.6
_15052_,1.6
_15056_,1.6
_15071_,1.6
_15114_,1.6
_15130_,1.6
_15143_,1.6
_15177_,1.6
_15187_,1.6
_15195_,1.6
_15203_,1.6
_15212_,1.6
_15220_,1.6
_15246_,1.6
_15268_,1.6
_15269_,1.6
_15280_,1.6
_15402_,1.6
_15484_,1.6
_15492_,1.6
_15519_,1.6
_15527_,1.6
_15533_,1.6
_15578_,1.6
_15601_,1.6
_15680_,1.6
_15685_,1.6
_15724_,1.6
_15767_,1.6
_15820_,1.6
_15826_,1.6
_15899_,1.6
_15973_,1.6
_15981_,1.6
_16056_,1.6
_16083_,1.6
_16084_,1.6
_16107_,1.6
_16131_,1.6
_16154_,1.6
_16192_,1.6
_16405_,1.6
_16491_,1.6
_16493_,1.6
_16544_,1.6
_16659_,1.6
_16674_,1.6
_16722_,1.6
_16774_,1.6
_16829_,1.6
_16837_,1.6
_18491_,1.6
_19626_,1.6
_08804_,1.595
_14092_,1.585
_15022_,1.58
_00455_,1.575
_00527_,1.575
_00581_,1.575
_00618_,1.575
_00700_,1.575
_00713_,1.575
_00847_,1.575
_00901_,1.575
_00942_,1.575
_00945_,1.575
_00954_,1.575
_00973_,1.575
_01043_,1.575
_01470_,1.575
_02692_,1.575
_17813_,1.575
_00201_,1.545
_01270_,1.545
_02193_,1.545
_02333_,1.545
_02377_,1.545
_02516_,1.545
_02526_,1.545
_02565_,1.545
_02630_,1.545
_02669_,1.545
_02731_,1.545
_02788_,1.545
_02798_,1.545
_02828_,1.545
_02879_,1.545
_02930_,1.545
_03012_,1.545
_03078_,1.545
_03103_,1.545
_03505_,1.545
_16182_,1.54
_04289_,1.48
_07008_,1.48
_07359_,1.48
_09504_,1.48
_09874_,1.48
_10424_,1.48
_11193_,1.48
_11546_,1.48
_12124_,1.48
_13160_,1.48
_13686_,1.48
_13696_,1.48
_15631_,1.48
_16145_,1.48
_16402_,1.48
_16517_,1.48
_16737_,1.48
_17002_,1.48
_17786_,1.48
_17882_,1.48
_18798_,1.48
_18913_,1.48
_19139_,1.48
_19225_,1.48
_19392_,1.48
_19562_,1.48
net1584,1.48
net1743,1.48
net2090,1.48
net2287,1.48
net2420,1.48
_00389_,1.46
_00519_,1.46
_00644_,1.46
_00865_,1.46
_00866_,1.46
_01107_,1.46
_11740_,1.46
_13240_,1.46
_19630_,1.46
_19643_,1.46
_00441_,1.405
_00506_,1.405
_00526_,1.405
_00564_,1.405
_00585_,1.405
_00636_,1.405
_00653_,1.405
_00691_,1.405
_00762_,1.405
_00777_,1.405
_00812_,1.405
_00837_,1.405
_00839_,1.405
_00846_,1.405
_00854_,1.405
_00925_,1.405
_00949_,1.405
_00956_,1.405
_01021_,1.405
_01039_,1.405
_01065_,1.405
_01073_,1.405
_01096_,1.405
_01521_,1.405
_01559_,1.405
_01579_,1.405
_01583_,1.405
_15160_,1.4
_05195_,1.38
_05543_,1.38
_05712_,1.38
_06666_,1.38
_07305_,1.38
_07853_,1.38
_08587_,1.38
_08854_,1.38
_09875_,1.38
_09966_,1.38
_09995_,1.38
_10055_,1.38
_10205_,1.38
_10289_,1.38
_10363_,1.38
_10403_,1.38
_10503_,1.38
_10575_,1.38
_10722_,1.38
_10927_,1.38
_10986_,1.38
_11302_,1.38
_11901_,1.38
_12096_,1.38
_12201_,1.38
_12533_,1.38
_12879_,1.38
_12991_,1.38
_13609_,1.38
_13643_,1.38
_13697_,1.38
_13734_,1.38
_14246_,1.38
_14613_,1.38
_14839_,1.38
_14845_,1.38
_16161_,1.38
_16309_,1.38
_16462_,1.38
_19093_,1.38
_19361_,1.38
_19585_,1.38
_19604_,1.38
_19665_,1.38
u_auth_fsm.cur_nonce\[118\],1.38
net1964,1.38
net2234,1.38
net2255,1.38
_00094_,1.36
_00107_,1.36
_00124_,1.36
_00147_,1.36
_00152_,1.36
_00162_,1.36
_00171_,1.36
_00180_,1.36
_00189_,1.36
_01218_,1.36
_01247_,1.36
_01250_,1.36
_01274_,1.36
_01653_,1.36
_01750_,1.36
_01805_,1.36
_01812_,1.36
_01819_,1.36
_01984_,1.36
_02033_,1.36
_02057_,1.36
_02098_,1.36
_02111_,1.36
_02118_,1.36
_02205_,1.36
_02284_,1.36
_02299_,1.36
_02397_,1.36
_02402_,1.36
_02406_,1.36
_02412_,1.36
_02433_,1.36
_02441_,1.36
_02458_,1.36
_02485_,1.36
_02580_,1.36
_02624_,1.36
_02655_,1.36
_02659_,1.36
_02670_,1.36
_02696_,1.36
_02704_,1.36
_02727_,1.36
_02746_,1.36
_02835_,1.36
_02871_,1.36
_03030_,1.36
_03060_,1.36
_03081_,1.36
_03144_,1.36
_03264_,1.36
_03318_,1.36
_03347_,1.36
_03370_,1.36
_03454_,1.36
_03484_,1.36
_03519_,1.36
_09173_,1.36
_11055_,1.36
_11460_,1.36
_11644_,1.36
_12048_,1.36
_14820_,1.36
_14829_,1.36
_17688_,1.36
_16042_,1.355
_01394_,1.26
_01415_,1.26
_01422_,1.26
_03188_,1.26
_03211_,1.26
_03255_,1.26
_03270_,1.26
_03604_,1.26
_03824_,1.26
_07058_,1.26
_08063_,1.26
_08753_,1.26
_08875_,1.26
_10861_,1.26
_12065_,1.26
_12584_,1.26
_12773_,1.26
_13197_,1.26
_13583_,1.26
_13792_,1.26
_13895_,1.26
_13927_,1.26
_13936_,1.26
_13944_,1.26
_14080_,1.26
_14112_,1.26
_14124_,1.26
_14334_,1.26
_14513_,1.26
_14538_,1.26
_14580_,1.26
_14656_,1.26
_14681_,1.26
_14747_,1.26
_14903_,1.26
_17208_,1.26
_17669_,1.26
_18910_,1.26
_17512_,1.25
_04009_,1.22
_16152_,1.22
_16247_,1.22
_04718_,1.18
_15334_,1.18
_15494_,1.18
_13211_,1.15
_18217_,1.15
_01429_,1.14
_01448_,1.14
_03593_,1.14
_03661_,1.14
_03663_,1.14
_03671_,1.14
_03674_,1.14
_03704_,1.14
_03707_,1.14
_03727_,1.14
_03732_,1.14
_03738_,1.14
_03739_,1.14
_03751_,1.14
_03752_,1.14
_03761_,1.14
_03763_,1.14
_03775_,1.14
_03776_,1.14
_03782_,1.14
_03838_,1.14
_03869_,1.14
_03919_,1.14
_03954_,1.14
_03956_,1.14
_03957_,1.14
_03987_,1.14
_03996_,1.14
_03999_,1.14
_04001_,1.14
_04008_,1.14
_04037_,1.14
_04049_,1.14
_04057_,1.14
_04070_,1.14
_04073_,1.14
_04078_,1.14
_04080_,1.14
_04086_,1.14
_04105_,1.14
_04113_,1.14
_04128_,1.14
_04143_,1.14
_04153_,1.14
_04165_,1.14
_04171_,1.14
_04178_,1.14
_04213_,1.14
_04216_,1.14
_04225_,1.14
_04241_,1.14
_04247_,1.14
_04255_,1.14
_04267_,1.14
_04274_,1.14
_04279_,1.14
_04293_,1.14
_04307_,1.14
_04314_,1.14
_04315_,1.14
_04320_,1.14
_04326_,1.14
_04340_,1.14
_04347_,1.14
_04350_,1.14
_04356_,1.14
_04363_,1.14
_04365_,1.14
_04376_,1.14
_04405_,1.14
_04420_,1.14
_04421_,1.14
_04456_,1.14
_04459_,1.14
_04463_,1.14
_04467_,1.14
_04480_,1.14
_04488_,1.14
_04493_,1.14
_04494_,1.14
_04495_,1.14
_04504_,1.14
_04505_,1.14
_04509_,1.14
_04518_,1.14
_04534_,1.14
_04539_,1.14
_04549_,1.14
_04550_,1.14
_04551_,1.14
_04576_,1.14
_04578_,1.14
_04583_,1.14
_04589_,1.14
_04609_,1.14
_04610_,1.14
_04631_,1.14
_04651_,1.14
_04658_,1.14
_04666_,1.14
_04674_,1.14
_04692_,1.14
_04693_,1.14
_04698_,1.14
_04708_,1.14
_04723_,1.14
_04740_,1.14
_04756_,1.14
_04770_,1.14
_04801_,1.14
_04805_,1.14
_04812_,1.14
_04820_,1.14
_04824_,1.14
_04825_,1.14
_04827_,1.14
_04841_,1.14
_04992_,1.14
_05014_,1.14
_05027_,1.14
_05044_,1.14
_05054_,1.14
_05055_,1.14
_05057_,1.14
_05058_,1.14
_05060_,1.14
_05076_,1.14
_05081_,1.14
_05084_,1.14
_05090_,1.14
_05101_,1.14
_05108_,1.14
_05117_,1.14
_05119_,1.14
_05121_,1.14
_05122_,1.14
_05236_,1.14
_05243_,1.14
_05274_,1.14
_05278_,1.14
_05314_,1.14
_05343_,1.14
_05349_,1.14
_05352_,1.14
_05357_,1.14
_05363_,1.14
_05449_,1.14
_06606_,1.14
_07913_,1.14
_08921_,1.14
_09557_,1.14
_09844_,1.14
_09956_,1.14
_10420_,1.14
_10743_,1.14
_13787_,1.14
_14500_,1.14
_14880_,1.14
_14890_,1.14
_14943_,1.14
_14951_,1.14
_14991_,1.14
_15009_,1.14
_15017_,1.14
_15029_,1.14
_15038_,1.14
_15083_,1.14
_15094_,1.14
_15101_,1.14
_15110_,1.14
_15122_,1.14
_15136_,1.14
_15161_,1.14
_15181_,1.14
_15186_,1.14
_15189_,1.14
_15193_,1.14
_15200_,1.14
_15210_,1.14
_15219_,1.14
_15222_,1.14
_15231_,1.14
_15236_,1.14
_15237_,1.14
_15242_,1.14
_15258_,1.14
_15259_,1.14
_15278_,1.14
_15286_,1.14
_15300_,1.14
_15315_,1.14
_15355_,1.14
_15367_,1.14
_15397_,1.14
_15440_,1.14
_15454_,1.14
_15456_,1.14
_15458_,1.14
_15461_,1.14
_15470_,1.14
_15472_,1.14
_15489_,1.14
_15502_,1.14
_15503_,1.14
_15513_,1.14
_15529_,1.14
_15544_,1.14
_15549_,1.14
_15560_,1.14
_15590_,1.14
_15592_,1.14
_15596_,1.14
_15636_,1.14
_15646_,1.14
_15661_,1.14
_15663_,1.14
_15705_,1.14
_15707_,1.14
_15713_,1.14
_15715_,1.14
_15728_,1.14
_15732_,1.14
_15772_,1.14
_15780_,1.14
_15781_,1.14
_15787_,1.14
_15805_,1.14
_15819_,1.14
_15825_,1.14
_15830_,1.14
_15843_,1.14
_15869_,1.14
_15875_,1.14
_15905_,1.14
_15918_,1.14
_15927_,1.14
_15942_,1.14
_16045_,1.14
_16078_,1.14
_16085_,1.14
_16089_,1.14
_16166_,1.14
_16169_,1.14
_16170_,1.14
_16171_,1.14
_16172_,1.14
_16181_,1.14
_16189_,1.14
_16190_,1.14
_16194_,1.14
_16204_,1.14
_16205_,1.14
_16207_,1.14
_16208_,1.14
_16214_,1.14
_16216_,1.14
_16226_,1.14
_16227_,1.14
_16244_,1.14
_16249_,1.14
_16252_,1.14
_16272_,1.14
_16273_,1.14
_16275_,1.14
_16284_,1.14
_16285_,1.14
_16286_,1.14
_16292_,1.14
_16297_,1.14
_16386_,1.14
_16403_,1.14
_16419_,1.14
_16516_,1.14
_16554_,1.14
_16559_,1.14
_16565_,1.14
_16590_,1.14
_16594_,1.14
_16613_,1.14
_16637_,1.14
_16651_,1.14
_16656_,1.14
_16660_,1.14
_16663_,1.14
_16664_,1.14
_16672_,1.14
_16673_,1.14
_16675_,1.14
_16677_,1.14
_16681_,1.14
_16687_,1.14
_16694_,1.14
_16760_,1.14
_16762_,1.14
_16764_,1.14
_16770_,1.14
_16786_,1.14
_16788_,1.14
_18266_,1.14
_18312_,1.14
_19466_,1.14
_19509_,1.14
u_aes128.round_key\[125\],1.14
u_auth_fsm.secret_key\[45\],1.14
_09649_,1.1
_14983_,1.1
_02063_,1.085
_02068_,1.085
_02253_,1.085
_02773_,1.085
_02917_,1.085
_02980_,1.085
_03298_,1.085
_03941_,1.08
_15872_,1.06
_15987_,1.06
_16086_,1.06
_03621_,1.02
_07027_,1.02
_09444_,1.02
_12293_,1.02
_12395_,1.02
_12551_,1.02
_13646_,1.02
_14063_,1.02
_14135_,1.02
_16088_,1.02
_17455_,1.02
_18330_,1.02
_18843_,1.02
_18856_,1.02
_19418_,1.02
_19541_,1.02
net1574,1.02
net2468,1.02
_05804_,0.92
_06084_,0.92
_06141_,0.92
_06908_,0.92
_07746_,0.92
_07752_,0.92
_07950_,0.92
_08475_,0.92
_08593_,0.92
_08810_,0.92
_09886_,0.92
_10768_,0.92
_11362_,0.92
_11556_,0.92
_11640_,0.92
_11701_,0.92
_12306_,0.92
_12413_,0.92
_12576_,0.92
_12906_,0.92
_12934_,0.92
_13333_,0.92
_13799_,0.92
_13825_,0.92
_13856_,0.92
_13875_,0.92
_13970_,0.92
_13992_,0.92
_14018_,0.92
_14173_,0.92
_14260_,0.92
_14267_,0.92
_14299_,0.92
_14524_,0.92
_14710_,0.92
_14732_,0.92
_14773_,0.92
_14862_,0.92
_14901_,0.92
_18548_,0.92
_19712_,0.92
u_auth_fsm.hist_valid\[0\],0.92
u_auth_fsm.secret_key\[11\],0.92
_01380_,0.8
_01433_,0.8
_01439_,0.8
_03155_,0.8
_03166_,0.8
_03207_,0.8
_03223_,0.8
_03227_,0.8
_03265_,0.8
_03267_,0.8
_03572_,0.8
_05641_,0.8
_07673_,0.8
_07869_,0.8
_09656_,0.8
_09802_,0.8
_10008_,0.8
_10042_,0.8
_11274_,0.8
_16876_,0.8
_18167_,0.8
_18416_,0.8
_18442_,0.8
_18606_,0.8
_18954_,0.8
_19012_,0.8
_05530_,0.46
_05721_,0.46
_07476_,0.46
_08295_,0.46
_08491_,0.46
_09620_,0.46
_10016_,0.46
_10188_,0.46
_10512_,0.46
_10824_,0.46
_11316_,0.46
_11454_,0.46
_11507_,0.46
_11718_,0.46
_12455_,0.46
_12858_,0.46
_13258_,0.46
_13300_,0.46
_13644_,0.46
_17907_,0.46
_18761_,0.46
_18814_,0.46
_19023_,0.46
_19194_,0.46
_19284_,0.46
u_auth_fsm.cooldown_cnt\[22\],0.46
u_auth_fsm.cur_nonce\[57\],0.46
u_auth_fsm.cur_nonce\[70\],0.46
u_auth_fsm.cur_nonce\[75\],0.46
u_auth_fsm.secret_key\[106\],0.46
u_auth_fsm.secret_key\[10\],0.46
u_auth_fsm.secret_key\[116\],0.46
u_auth_fsm.secret_key\[119\],0.46
u_auth_fsm.secret_key\[20\],0.46
u_auth_fsm.secret_key\[21\],0.46
u_auth_fsm.secret_key\[29\],0.46
u_auth_fsm.secret_key\[47\],0.46
u_auth_fsm.secret_key\[50\],0.46
u_auth_fsm.secret_key\[52\],0.46
u_auth_fsm.secret_key\[58\],0.46
u_auth_fsm.secret_key\[61\],0.46
u_auth_fsm.secret_key\[74\],0.46
u_auth_fsm.secret_key\[77\],0.46
u_auth_fsm.secret_key\[7\],0.46
u_auth_fsm.secret_key\[82\],0.46
u_auth_fsm.secret_key\[85\],0.46
u_auth_fsm.secret_key\[88\],0.46
u_auth_fsm.secret_key\[90\],0.46
u_auth_fsm.secret_key\[9\],0.46
u_auth_fsm.tx_byte\[4\],0.46
u_cmd_parser.nonce_reg\[112\],0.46
u_cmd_parser.nonce_reg\[117\],0.46
u_uart_rx.rx_shift\[4\],0.46
u_uart_rx.rx_shift\[5\],0.46
net465,0.46
net561,0.46
net570,0.46
net579,0.46
net589,0.46
net603,0.46
net613,0.46
net645,0.46
net680,0.46
net696,0.46
net1859,0.46
net2147,0.46
