OpenROAD 41a51eaf4ca2171c92ff38afb91eb37bbd3f36da 
This program is licensed under the BSD-3 license. See the LICENSE file for details.
Components of this program may be licensed under more restrictive licenses which must be honored.
[INFO]: Reading ODB at '/home/alexis/my_asic_projects/secure_asic_top/runs/run_1/results/routing/secure_asic_top.odb'…
define_corners Typical
read_liberty -corner Typical /home/alexis/PDKs/sky130A/libs.ref/sky130_fd_sc_hd/lib/sky130_fd_sc_hd__tt_025C_1v80.lib
Using 1e-12 for capacitance...
Using 1e+03 for resistance...
Using 1e-09 for time...
Using 1e+00 for voltage...
Using 1e-03 for current...
Using 1e-09 for power...
Using 1e-06 for distance...
Reading design constraints file at '/home/alexis/my_asic_projects/secure_asic_top/runs/run_1/tmp/17-secure_asic_top.sdc'…
Net: _07774_
  Pin: _33551_/A4 (sky130_fd_sc_hd__a41o_1)
    Layer: met2
      Partial area ratio:    5.99
      Required ratio:    0.00 (Gate area) 
      Partial area ratio:   30.73
      Required ratio: 2886.20 (Side area) 
      Cumulative area ratio:    8.15
      Required ratio:    0.00 (Cumulative area) 
      Cumulative area ratio:   41.93
      Required ratio:    0.00 (Cumulative side area) 

    Layer: met1
      Partial area ratio:    2.16
      Required ratio:    0.00 (Gate area) 
      Partial area ratio:   11.20
      Required ratio:  400.00 (Side area) 
      Cumulative area ratio:    2.16
      Required ratio:    0.00 (Cumulative area) 
      Cumulative area ratio:   11.20
      Required ratio:    0.00 (Cumulative side area) 

    Layer: li1
      Partial area ratio:    0.00
      Required ratio:    0.00 (Gate area) 
      Partial area ratio:    0.00
      Required ratio:   75.00 (Side area) 
      Cumulative area ratio:    0.00
      Required ratio:    0.00 (Cumulative area) 
      Cumulative area ratio:    0.00
      Required ratio:    0.00 (Cumulative side area) 

    Via: M1M2_PR
      Partial area ratio:    0.09
      Required ratio:    6.00 (Gate area) 
      Cumulative area ratio:    0.21
      Required ratio:    0.00 (Cumulative area) 

    Via: L1M1_PR
      Partial area ratio:    0.12
      Required ratio:    3.00 (Gate area) 
      Cumulative area ratio:    0.12
      Required ratio:    0.00 (Cumulative area) 

  Pin: _33634_/A (sky130_fd_sc_hd__nand2_1)
    Layer: met2
      Partial area ratio:    5.99
      Required ratio:    0.00 (Gate area) 
      Partial area ratio:   30.73
      Required ratio: 2886.20 (Side area) 
      Cumulative area ratio:   91.80
      Required ratio:    0.00 (Cumulative area) 
      Cumulative area ratio:  467.18
      Required ratio:    0.00 (Cumulative side area) 

    Layer: met1
      Partial area ratio:    1.12
      Required ratio:    0.00 (Gate area) 
      Partial area ratio:    6.00
      Required ratio:  400.00 (Side area) 
      Cumulative area ratio:    1.12
      Required ratio:    0.00 (Cumulative area) 
      Cumulative area ratio:    6.00
      Required ratio:    0.00 (Cumulative side area) 

    Layer: li1
      Partial area ratio:    0.00
      Required ratio:    0.00 (Gate area) 
      Partial area ratio:    0.00
      Required ratio:   75.00 (Side area) 
      Cumulative area ratio:    0.00
      Required ratio:    0.00 (Cumulative area) 
      Cumulative area ratio:    0.00
      Required ratio:    0.00 (Cumulative side area) 

    Via: M1M2_PR
      Partial area ratio:    0.09
      Required ratio:    6.00 (Gate area) 
      Cumulative area ratio:    0.21
      Required ratio:    0.00 (Cumulative area) 

    Via: L1M1_PR
      Partial area ratio:    0.12
      Required ratio:    3.00 (Gate area) 
      Cumulative area ratio:    0.12
      Required ratio:    0.00 (Cumulative area) 

  Pin: _33607_/A2 (sky130_fd_sc_hd__a221o_1)
    Layer: met2
      Partial area ratio:    5.99
      Required ratio:    0.00 (Gate area) 
      Partial area ratio:   30.73
      Required ratio: 2886.20 (Side area) 
      Cumulative area ratio:   91.74
      Required ratio:    0.00 (Cumulative area) 
      Cumulative area ratio:  467.30
      Required ratio:    0.00 (Cumulative side area) 

    Layer: met1
      Partial area ratio:    1.07
      Required ratio:    0.00 (Gate area) 
      Partial area ratio:    6.12
      Required ratio:  400.00 (Side area) 
      Cumulative area ratio:    1.07
      Required ratio:    0.00 (Cumulative area) 
      Cumulative area ratio:    6.12
      Required ratio:    0.00 (Cumulative side area) 

    Layer: li1
      Partial area ratio:    0.00
      Required ratio:    0.00 (Gate area) 
      Partial area ratio:    0.00
      Required ratio:   75.00 (Side area) 
      Cumulative area ratio:    0.00
      Required ratio:    0.00 (Cumulative area) 
      Cumulative area ratio:    0.00
      Required ratio:    0.00 (Cumulative side area) 

    Via: M1M2_PR
      Partial area ratio:    0.05
      Required ratio:    6.00 (Gate area) 
      Cumulative area ratio:    0.16
      Required ratio:    0.00 (Cumulative area) 

    Via: L1M1_PR
      Partial area ratio:    0.12
      Required ratio:    3.00 (Gate area) 
      Cumulative area ratio:    0.12
      Required ratio:    0.00 (Cumulative area) 

  Pin: _33394_/B1 (sky130_fd_sc_hd__a221o_1)
    Layer: met2
      Partial area ratio:    5.99
      Required ratio:    0.00 (Gate area) 
      Partial area ratio:   30.73
      Required ratio: 2886.20 (Side area) 
      Cumulative area ratio:   91.74
      Required ratio:    0.00 (Cumulative area) 
      Cumulative area ratio:  467.30
      Required ratio:    0.00 (Cumulative side area) 

    Layer: met1
      Partial area ratio:    1.07
      Required ratio:    0.00 (Gate area) 
      Partial area ratio:    6.12
      Required ratio:  400.00 (Side area) 
      Cumulative area ratio:    1.07
      Required ratio:    0.00 (Cumulative area) 
      Cumulative area ratio:    6.12
      Required ratio:    0.00 (Cumulative side area) 

    Layer: li1
      Partial area ratio:    0.00
      Required ratio:    0.00 (Gate area) 
      Partial area ratio:    0.00
      Required ratio:   75.00 (Side area) 
      Cumulative area ratio:    0.00
      Required ratio:    0.00 (Cumulative area) 
      Cumulative area ratio:    0.00
      Required ratio:    0.00 (Cumulative side area) 

    Via: M1M2_PR
      Partial area ratio:    0.05
      Required ratio:    6.00 (Gate area) 
      Cumulative area ratio:    0.16
      Required ratio:    0.00 (Cumulative area) 

    Via: L1M1_PR
      Partial area ratio:    0.12
      Required ratio:    3.00 (Gate area) 
      Cumulative area ratio:    0.12
      Required ratio:    0.00 (Cumulative area) 

  Pin: _33597_/C_N (sky130_fd_sc_hd__or3b_2)
    Layer: met2
      Partial area ratio:    5.99
      Required ratio:    0.00 (Gate area) 
      Partial area ratio:   30.73
      Required ratio: 2886.20 (Side area) 
      Cumulative area ratio:   90.68
      Required ratio:    0.00 (Cumulative area) 
      Cumulative area ratio:  461.18
      Required ratio:    0.00 (Cumulative side area) 

    Layer: met1
      Partial area ratio:   84.69
      Required ratio:    0.00 (Gate area) 
      Partial area ratio:  430.44
      Required ratio:  400.00 (Side area) (VIOLATED)
      Cumulative area ratio:   84.69
      Required ratio:    0.00 (Cumulative area) 
      Cumulative area ratio:  430.44
      Required ratio:    0.00 (Cumulative side area) 

    Layer: li1
      Partial area ratio:    0.00
      Required ratio:    0.00 (Gate area) 
      Partial area ratio:    0.00
      Required ratio:   75.00 (Side area) 
      Cumulative area ratio:    0.00
      Required ratio:    0.00 (Cumulative area) 
      Cumulative area ratio:    0.00
      Required ratio:    0.00 (Cumulative side area) 

    Via: M1M2_PR
      Partial area ratio:    0.36
      Required ratio:    6.00 (Gate area) 
      Cumulative area ratio:    0.59
      Required ratio:    0.00 (Cumulative area) 

    Via: L1M1_PR
      Partial area ratio:    0.23
      Required ratio:    3.00 (Gate area) 
      Cumulative area ratio:    0.23
      Required ratio:    0.00 (Cumulative area) 


Net: _07850_
  Pin: _33471_/A2 (sky130_fd_sc_hd__a21oi_1)
    Layer: met2
      Partial area ratio:    4.44
      Required ratio:    0.00 (Gate area) 
      Partial area ratio:   22.39
      Required ratio: 2918.08 (Side area) 
      Cumulative area ratio:    5.04
      Required ratio:    0.00 (Cumulative area) 
      Cumulative area ratio:   25.78
      Required ratio:    0.00 (Cumulative side area) 

    Layer: met1
      Partial area ratio:    0.60
      Required ratio:    0.00 (Gate area) 
      Partial area ratio:    3.39
      Required ratio:  400.00 (Side area) 
      Cumulative area ratio:    0.60
      Required ratio:    0.00 (Cumulative area) 
      Cumulative area ratio:    3.39
      Required ratio:    0.00 (Cumulative side area) 

    Layer: li1
      Partial area ratio:    0.00
      Required ratio:    0.00 (Gate area) 
      Partial area ratio:    0.00
      Required ratio:   75.00 (Side area) 
      Cumulative area ratio:    0.00
      Required ratio:    0.00 (Cumulative area) 
      Cumulative area ratio:    0.00
      Required ratio:    0.00 (Cumulative side area) 

    Via: M1M2_PR
      Partial area ratio:    0.09
      Required ratio:    6.00 (Gate area) 
      Cumulative area ratio:    0.21
      Required ratio:    0.00 (Cumulative area) 

    Via: L1M1_PR
      Partial area ratio:    0.12
      Required ratio:    3.00 (Gate area) 
      Cumulative area ratio:    0.12
      Required ratio:    0.00 (Cumulative area) 

  Pin: _19900_/A (sky130_fd_sc_hd__xnor2_2)
    Layer: met2
      Partial area ratio:    4.44
      Required ratio:    0.00 (Gate area) 
      Partial area ratio:   22.39
      Required ratio: 2918.08 (Side area) 
      Cumulative area ratio:   92.48
      Required ratio:    0.00 (Cumulative area) 
      Cumulative area ratio:  466.12
      Required ratio:    0.00 (Cumulative side area) 

    Layer: met1
      Partial area ratio:    0.54
      Required ratio:    0.00 (Gate area) 
      Partial area ratio:    2.80
      Required ratio:  400.00 (Side area) 
      Cumulative area ratio:    0.54
      Required ratio:    0.00 (Cumulative area) 
      Cumulative area ratio:    2.80
      Required ratio:    0.00 (Cumulative side area) 

    Layer: li1
      Partial area ratio:    0.00
      Required ratio:    0.00 (Gate area) 
      Partial area ratio:    0.00
      Required ratio:   75.00 (Side area) 
      Cumulative area ratio:    0.00
      Required ratio:    0.00 (Cumulative area) 
      Cumulative area ratio:    0.00
      Required ratio:    0.00 (Cumulative side area) 

    Via: M1M2_PR
      Partial area ratio:    0.02
      Required ratio:    6.00 (Gate area) 
      Cumulative area ratio:    0.05
      Required ratio:    0.00 (Cumulative area) 

    Via: L1M1_PR
      Partial area ratio:    0.03
      Required ratio:    3.00 (Gate area) 
      Cumulative area ratio:    0.03
      Required ratio:    0.00 (Cumulative area) 

  Pin: _19968_/A (sky130_fd_sc_hd__xnor2_1)
    Layer: met2
      Partial area ratio:    4.44
      Required ratio:    0.00 (Gate area) 
      Partial area ratio:   22.39
      Required ratio: 2918.08 (Side area) 
      Cumulative area ratio:   95.25
      Required ratio:    0.00 (Cumulative area) 
      Cumulative area ratio:  480.43
      Required ratio:    0.00 (Cumulative side area) 

    Layer: met1
      Partial area ratio:    3.30
      Required ratio:    0.00 (Gate area) 
      Partial area ratio:   17.11
      Required ratio:  400.00 (Side area) 
      Cumulative area ratio:    3.30
      Required ratio:    0.00 (Cumulative area) 
      Cumulative area ratio:   17.11
      Required ratio:    0.00 (Cumulative side area) 

    Layer: li1
      Partial area ratio:    0.00
      Required ratio:    0.00 (Gate area) 
      Partial area ratio:    0.00
      Required ratio:   75.00 (Side area) 
      Cumulative area ratio:    0.00
      Required ratio:    0.00 (Cumulative area) 
      Cumulative area ratio:    0.00
      Required ratio:    0.00 (Cumulative side area) 

    Via: M1M2_PR
      Partial area ratio:    0.05
      Required ratio:    6.00 (Gate area) 
      Cumulative area ratio:    0.10
      Required ratio:    0.00 (Cumulative area) 

    Via: L1M1_PR
      Partial area ratio:    0.06
      Required ratio:    3.00 (Gate area) 
      Cumulative area ratio:    0.06
      Required ratio:    0.00 (Cumulative area) 

  Pin: _19793_/A (sky130_fd_sc_hd__xnor2_2)
    Layer: met2
      Partial area ratio:    4.44
      Required ratio:    0.00 (Gate area) 
      Partial area ratio:   22.39
      Required ratio: 2918.08 (Side area) 
      Cumulative area ratio:   91.94
      Required ratio:    0.00 (Cumulative area) 
      Cumulative area ratio:  463.32
      Required ratio:    0.00 (Cumulative side area) 

    Layer: met1
      Partial area ratio:    2.17
      Required ratio:    0.00 (Gate area) 
      Partial area ratio:   11.16
      Required ratio:  400.00 (Side area) 
      Cumulative area ratio:    2.17
      Required ratio:    0.00 (Cumulative area) 
      Cumulative area ratio:   11.16
      Required ratio:    0.00 (Cumulative side area) 

    Layer: li1
      Partial area ratio:    0.00
      Required ratio:    0.00 (Gate area) 
      Partial area ratio:    0.00
      Required ratio:   75.00 (Side area) 
      Cumulative area ratio:    0.00
      Required ratio:    0.00 (Cumulative area) 
      Cumulative area ratio:    0.00
      Required ratio:    0.00 (Cumulative side area) 

    Via: M1M2_PR
      Partial area ratio:    0.05
      Required ratio:    6.00 (Gate area) 
      Cumulative area ratio:    0.07
      Required ratio:    0.00 (Cumulative area) 

    Via: L1M1_PR
      Partial area ratio:    0.03
      Required ratio:    3.00 (Gate area) 
      Cumulative area ratio:    0.03
      Required ratio:    0.00 (Cumulative area) 

  Pin: _33470_/B (sky130_fd_sc_hd__or2_1)
    Layer: met2
      Partial area ratio:    4.44
      Required ratio:    0.00 (Gate area) 
      Partial area ratio:   22.39
      Required ratio: 2918.08 (Side area) 
      Cumulative area ratio:   89.77
      Required ratio:    0.00 (Cumulative area) 
      Cumulative area ratio:  452.16
      Required ratio:    0.00 (Cumulative side area) 

    Layer: met1
      Partial area ratio:   85.33
      Required ratio:    0.00 (Gate area) 
      Partial area ratio:  429.78
      Required ratio:  400.00 (Side area) (VIOLATED)
      Cumulative area ratio:   85.33
      Required ratio:    0.00 (Cumulative area) 
      Cumulative area ratio:  429.78
      Required ratio:    0.00 (Cumulative side area) 

    Layer: li1
      Partial area ratio:    0.00
      Required ratio:    0.00 (Gate area) 
      Partial area ratio:    0.00
      Required ratio:   75.00 (Side area) 
      Cumulative area ratio:    0.00
      Required ratio:    0.00 (Cumulative area) 
      Cumulative area ratio:    0.00
      Required ratio:    0.00 (Cumulative side area) 

    Via: M1M2_PR
      Partial area ratio:    0.36
      Required ratio:    6.00 (Gate area) 
      Cumulative area ratio:    0.59
      Required ratio:    0.00 (Cumulative area) 

    Via: L1M1_PR
      Partial area ratio:    0.23
      Required ratio:    3.00 (Gate area) 
      Cumulative area ratio:    0.23
      Required ratio:    0.00 (Cumulative area) 


Net: _10299_
  Pin: _35982_/A2 (sky130_fd_sc_hd__mux4_2)
    Layer: met4
      Partial area ratio:    3.13
      Required ratio:    0.00 (Gate area) 
      Partial area ratio:   19.72
      Required ratio: 2771.60 (Side area) 
      Cumulative area ratio:  103.91
      Required ratio:    0.00 (Cumulative area) 
      Cumulative area ratio:  563.79
      Required ratio:    0.00 (Cumulative side area) 

    Layer: met3
      Partial area ratio:  100.51
      Required ratio:    0.00 (Gate area) 
      Partial area ratio:  542.09
      Required ratio:  400.00 (Side area) (VIOLATED)
      Cumulative area ratio:  100.78
      Required ratio:    0.00 (Cumulative area) 
      Cumulative area ratio:  544.07
      Required ratio:    0.00 (Cumulative side area) 

    Layer: met2
      Partial area ratio:    0.27
      Required ratio:    0.00 (Gate area) 
      Partial area ratio:    1.98
      Required ratio:  400.00 (Side area) 
      Cumulative area ratio:    0.27
      Required ratio:    0.00 (Cumulative area) 
      Cumulative area ratio:    1.98
      Required ratio:    0.00 (Cumulative side area) 

    Layer: met1
      Partial area ratio:    0.00
      Required ratio:    0.00 (Gate area) 
      Partial area ratio:    0.00
      Required ratio:  400.00 (Side area) 
      Cumulative area ratio:    0.00
      Required ratio:    0.00 (Cumulative area) 
      Cumulative area ratio:    0.00
      Required ratio:    0.00 (Cumulative side area) 

    Layer: li1
      Partial area ratio:    0.00
      Required ratio:    0.00 (Gate area) 
      Partial area ratio:    0.00
      Required ratio:   75.00 (Side area) 
      Cumulative area ratio:    0.00
      Required ratio:    0.00 (Cumulative area) 
      Cumulative area ratio:    0.00
      Required ratio:    0.00 (Cumulative side area) 

    Via: M3M4_PR
      Partial area ratio:    0.25
      Required ratio:    6.00 (Gate area) 
      Cumulative area ratio:    0.83
      Required ratio:    0.00 (Cumulative area) 

    Via: M2M3_PR
      Partial area ratio:    0.25
      Required ratio:    6.00 (Gate area) 
      Cumulative area ratio:    0.57
      Required ratio:    0.00 (Cumulative area) 

    Via: M1M2_PR
      Partial area ratio:    0.14
      Required ratio:    6.00 (Gate area) 
      Cumulative area ratio:    0.32
      Required ratio:    0.00 (Cumulative area) 

    Via: L1M1_PR
      Partial area ratio:    0.18
      Required ratio:    3.00 (Gate area) 
      Cumulative area ratio:    0.18
      Required ratio:    0.00 (Cumulative area) 


Net: _14412_
  Pin: _20507_/A1 (sky130_fd_sc_hd__mux2_1)
    Layer: met2
      Partial area ratio:   18.29
      Required ratio:    0.00 (Gate area) 
      Partial area ratio:   92.22
      Required ratio: 2771.60 (Side area) 
      Cumulative area ratio:  130.13
      Required ratio:    0.00 (Cumulative area) 
      Cumulative area ratio:  656.89
      Required ratio:    0.00 (Cumulative side area) 

    Layer: met1
      Partial area ratio:  111.84
      Required ratio:    0.00 (Gate area) 
      Partial area ratio:  564.67
      Required ratio:  400.00 (Side area) (VIOLATED)
      Cumulative area ratio:  111.84
      Required ratio:    0.00 (Cumulative area) 
      Cumulative area ratio:  564.67
      Required ratio:    0.00 (Cumulative side area) 

    Layer: li1
      Partial area ratio:    0.00
      Required ratio:    0.00 (Gate area) 
      Partial area ratio:    0.00
      Required ratio:   75.00 (Side area) 
      Cumulative area ratio:    0.00
      Required ratio:    0.00 (Cumulative area) 
      Cumulative area ratio:    0.00
      Required ratio:    0.00 (Cumulative side area) 

    Via: M1M2_PR
      Partial area ratio:    0.18
      Required ratio:    6.00 (Gate area) 
      Cumulative area ratio:    0.41
      Required ratio:    0.00 (Cumulative area) 

    Via: L1M1_PR
      Partial area ratio:    0.23
      Required ratio:    3.00 (Gate area) 
      Cumulative area ratio:    0.23
      Required ratio:    0.00 (Cumulative area) 


Net: _14674_
  Pin: _20801_/A1 (sky130_fd_sc_hd__mux2_1)
    Layer: met2
      Partial area ratio:    5.07
      Required ratio:    0.00 (Gate area) 
      Partial area ratio:   26.11
      Required ratio: 2771.60 (Side area) 
      Cumulative area ratio:  121.76
      Required ratio:    0.00 (Cumulative area) 
      Cumulative area ratio:  610.33
      Required ratio:    0.00 (Cumulative side area) 

    Layer: met1
      Partial area ratio:  116.69
      Required ratio:    0.00 (Gate area) 
      Partial area ratio:  584.22
      Required ratio:  400.00 (Side area) (VIOLATED)
      Cumulative area ratio:  116.69
      Required ratio:    0.00 (Cumulative area) 
      Cumulative area ratio:  584.22
      Required ratio:    0.00 (Cumulative side area) 

    Layer: li1
      Partial area ratio:    0.00
      Required ratio:    0.00 (Gate area) 
      Partial area ratio:    0.00
      Required ratio:   75.00 (Side area) 
      Cumulative area ratio:    0.00
      Required ratio:    0.00 (Cumulative area) 
      Cumulative area ratio:    0.00
      Required ratio:    0.00 (Cumulative side area) 

    Via: M1M2_PR
      Partial area ratio:    0.18
      Required ratio:    6.00 (Gate area) 
      Cumulative area ratio:    0.41
      Required ratio:    0.00 (Cumulative area) 

    Via: L1M1_PR
      Partial area ratio:    0.23
      Required ratio:    3.00 (Gate area) 
      Cumulative area ratio:    0.23
      Required ratio:    0.00 (Cumulative area) 


Net: _14749_
  Pin: _20884_/A1 (sky130_fd_sc_hd__mux2_1)
    Layer: met2
      Partial area ratio:   93.76
      Required ratio:    0.00 (Gate area) 
      Partial area ratio:  476.56
      Required ratio: 2778.20 (Side area) 
      Cumulative area ratio:  231.09
      Required ratio:    0.00 (Cumulative area) 
      Cumulative area ratio: 1166.33
      Required ratio:    0.00 (Cumulative side area) 

    Layer: met1
      Partial area ratio:  137.33
      Required ratio:    0.00 (Gate area) 
      Partial area ratio:  689.78
      Required ratio:  400.00 (Side area) (VIOLATED)
      Cumulative area ratio:  137.33
      Required ratio:    0.00 (Cumulative area) 
      Cumulative area ratio:  689.78
      Required ratio:    0.00 (Cumulative side area) 

    Layer: li1
      Partial area ratio:    0.00
      Required ratio:    0.00 (Gate area) 
      Partial area ratio:    0.00
      Required ratio:   75.00 (Side area) 
      Cumulative area ratio:    0.00
      Required ratio:    0.00 (Cumulative area) 
      Cumulative area ratio:    0.00
      Required ratio:    0.00 (Cumulative side area) 

    Via: M1M2_PR
      Partial area ratio:    0.18
      Required ratio:    6.00 (Gate area) 
      Cumulative area ratio:    0.41
      Required ratio:    0.00 (Cumulative area) 

    Via: L1M1_PR
      Partial area ratio:    0.23
      Required ratio:    3.00 (Gate area) 
      Cumulative area ratio:    0.23
      Required ratio:    0.00 (Cumulative area) 


Net: _14849_
  Pin: _20995_/A1 (sky130_fd_sc_hd__mux2_1)
    Layer: met3
      Partial area ratio:    6.19
      Required ratio:    0.00 (Gate area) 
      Partial area ratio:   36.83
      Required ratio: 2778.20 (Side area) 
      Cumulative area ratio:   96.31
      Required ratio:    0.00 (Cumulative area) 
      Cumulative area ratio:  492.88
      Required ratio:    0.00 (Cumulative side area) 

    Layer: met2
      Partial area ratio:    5.94
      Required ratio:    0.00 (Gate area) 
      Partial area ratio:   32.06
      Required ratio:  400.00 (Side area) 
      Cumulative area ratio:   90.12
      Required ratio:    0.00 (Cumulative area) 
      Cumulative area ratio:  456.06
      Required ratio:    0.00 (Cumulative side area) 

    Layer: met1
      Partial area ratio:   84.18
      Required ratio:    0.00 (Gate area) 
      Partial area ratio:  424.00
      Required ratio:  400.00 (Side area) (VIOLATED)
      Cumulative area ratio:   84.18
      Required ratio:    0.00 (Cumulative area) 
      Cumulative area ratio:  424.00
      Required ratio:    0.00 (Cumulative side area) 

    Layer: li1
      Partial area ratio:    0.00
      Required ratio:    0.00 (Gate area) 
      Partial area ratio:    0.00
      Required ratio:   75.00 (Side area) 
      Cumulative area ratio:    0.00
      Required ratio:    0.00 (Cumulative area) 
      Cumulative area ratio:    0.00
      Required ratio:    0.00 (Cumulative side area) 

    Via: M2M3_PR
      Partial area ratio:    0.32
      Required ratio:    6.00 (Gate area) 
      Cumulative area ratio:    0.73
      Required ratio:    0.00 (Cumulative area) 

    Via: M1M2_PR
      Partial area ratio:    0.18
      Required ratio:    6.00 (Gate area) 
      Cumulative area ratio:    0.41
      Required ratio:    0.00 (Cumulative area) 

    Via: L1M1_PR
      Partial area ratio:    0.23
      Required ratio:    3.00 (Gate area) 
      Cumulative area ratio:    0.23
      Required ratio:    0.00 (Cumulative area) 


Net: _14857_
  Pin: _21004_/A1 (sky130_fd_sc_hd__mux2_1)
    Layer: met3
      Partial area ratio:   55.48
      Required ratio:    0.00 (Gate area) 
      Partial area ratio:  299.68
      Required ratio: 2778.20 (Side area) 
      Cumulative area ratio:  222.58
      Required ratio:    0.00 (Cumulative area) 
      Cumulative area ratio: 1149.96
      Required ratio:    0.00 (Cumulative side area) 

    Layer: met2
      Partial area ratio:    2.77
      Required ratio:    0.00 (Gate area) 
      Partial area ratio:   15.39
      Required ratio:  400.00 (Side area) 
      Cumulative area ratio:  167.10
      Required ratio:    0.00 (Cumulative area) 
      Cumulative area ratio:  850.28
      Required ratio:    0.00 (Cumulative side area) 

    Layer: met1
      Partial area ratio:  164.33
      Required ratio:    0.00 (Gate area) 
      Partial area ratio:  834.89
      Required ratio:  400.00 (Side area) (VIOLATED)
      Cumulative area ratio:  164.33
      Required ratio:    0.00 (Cumulative area) 
      Cumulative area ratio:  834.89
      Required ratio:    0.00 (Cumulative side area) 

    Layer: li1
      Partial area ratio:    0.00
      Required ratio:    0.00 (Gate area) 
      Partial area ratio:    0.00
      Required ratio:   75.00 (Side area) 
      Cumulative area ratio:    0.00
      Required ratio:    0.00 (Cumulative area) 
      Cumulative area ratio:    0.00
      Required ratio:    0.00 (Cumulative side area) 

    Via: M2M3_PR
      Partial area ratio:    0.32
      Required ratio:    6.00 (Gate area) 
      Cumulative area ratio:    0.73
      Required ratio:    0.00 (Cumulative area) 

    Via: M1M2_PR
      Partial area ratio:    0.18
      Required ratio:    6.00 (Gate area) 
      Cumulative area ratio:    0.41
      Required ratio:    0.00 (Cumulative area) 

    Via: L1M1_PR
      Partial area ratio:    0.23
      Required ratio:    3.00 (Gate area) 
      Cumulative area ratio:    0.23
      Required ratio:    0.00 (Cumulative area) 


Net: _15104_
  Pin: _22188_/A0 (sky130_fd_sc_hd__mux2_1)
    Layer: met4
      Partial area ratio:   17.34
      Required ratio:    0.00 (Gate area) 
      Partial area ratio:   92.66
      Required ratio: 4534.52 (Side area) 
      Cumulative area ratio:  100.30
      Required ratio:    0.00 (Cumulative area) 
      Cumulative area ratio:  535.88
      Required ratio:    0.00 (Cumulative side area) 

    Layer: met3
      Partial area ratio:   79.29
      Required ratio:    0.00 (Gate area) 
      Partial area ratio:  423.73
      Required ratio: 2773.88 (Side area) 
      Cumulative area ratio:   82.96
      Required ratio:    0.00 (Cumulative area) 
      Cumulative area ratio:  443.23
      Required ratio:    0.00 (Cumulative side area) 

    Layer: met2
      Partial area ratio:    0.45
      Required ratio:    0.00 (Gate area) 
      Partial area ratio:    2.61
      Required ratio: 2773.88 (Side area) 
      Cumulative area ratio:    3.67
      Required ratio:    0.00 (Cumulative area) 
      Cumulative area ratio:   19.50
      Required ratio:    0.00 (Cumulative side area) 

    Layer: met1
      Partial area ratio:    3.22
      Required ratio:    0.00 (Gate area) 
      Partial area ratio:   16.89
      Required ratio:  400.00 (Side area) 
      Cumulative area ratio:    3.22
      Required ratio:    0.00 (Cumulative area) 
      Cumulative area ratio:   16.89
      Required ratio:    0.00 (Cumulative side area) 

    Layer: li1
      Partial area ratio:    0.00
      Required ratio:    0.00 (Gate area) 
      Partial area ratio:    0.00
      Required ratio:   75.00 (Side area) 
      Cumulative area ratio:    0.00
      Required ratio:    0.00 (Cumulative area) 
      Cumulative area ratio:    0.00
      Required ratio:    0.00 (Cumulative side area) 

    Via: M3M4_PR
      Partial area ratio:    0.07
      Required ratio:    6.00 (Gate area) 
      Cumulative area ratio:    0.55
      Required ratio:    0.00 (Cumulative area) 

    Via: M2M3_PR
      Partial area ratio:    0.07
      Required ratio:    6.00 (Gate area) 
      Cumulative area ratio:    0.48
      Required ratio:    0.00 (Cumulative area) 

    Via: M1M2_PR
      Partial area ratio:    0.18
      Required ratio:    6.00 (Gate area) 
      Cumulative area ratio:    0.41
      Required ratio:    0.00 (Cumulative area) 

    Via: L1M1_PR
      Partial area ratio:    0.23
      Required ratio:    3.00 (Gate area) 
      Cumulative area ratio:    0.23
      Required ratio:    0.00 (Cumulative area) 

  Pin: ANTENNA__22188__A0/DIODE (sky130_fd_sc_hd__diode_2)
    Layer: met4
      Partial area ratio:   17.34
      Required ratio:    0.00 (Gate area) 
      Partial area ratio:   92.66
      Required ratio: 4534.52 (Side area) 
      Cumulative area ratio:   97.08
      Required ratio:    0.00 (Cumulative area) 
      Cumulative area ratio:  519.00
      Required ratio:    0.00 (Cumulative side area) 

    Layer: met3
      Partial area ratio:   79.29
      Required ratio:    0.00 (Gate area) 
      Partial area ratio:  423.73
      Required ratio: 2773.88 (Side area) 
      Cumulative area ratio:   79.74
      Required ratio:    0.00 (Cumulative area) 
      Cumulative area ratio:  426.34
      Required ratio:    0.00 (Cumulative side area) 

    Layer: met2
      Partial area ratio:    0.45
      Required ratio:    0.00 (Gate area) 
      Partial area ratio:    2.61
      Required ratio: 2773.88 (Side area) 
      Cumulative area ratio:    0.45
      Required ratio:    0.00 (Cumulative area) 
      Cumulative area ratio:    2.61
      Required ratio:    0.00 (Cumulative side area) 

    Layer: met1
      Partial area ratio:    0.00
      Required ratio:    0.00 (Gate area) 
      Partial area ratio:    0.00
      Required ratio: 2773.88 (Side area) 
      Cumulative area ratio:    0.00
      Required ratio:    0.00 (Cumulative area) 
      Cumulative area ratio:    0.00
      Required ratio:    0.00 (Cumulative side area) 

    Layer: li1
      Partial area ratio:    0.00
      Required ratio:    0.00 (Gate area) 
      Partial area ratio:    0.00
      Required ratio:  270.61 (Side area) 
      Cumulative area ratio:    0.00
      Required ratio:    0.00 (Cumulative area) 
      Cumulative area ratio:    0.00
      Required ratio:    0.00 (Cumulative side area) 

    Via: M3M4_PR
      Partial area ratio:    0.07
      Required ratio:    6.00 (Gate area) 
      Cumulative area ratio:    0.26
      Required ratio:    0.00 (Cumulative area) 

    Via: M2M3_PR
      Partial area ratio:    0.07
      Required ratio:    6.00 (Gate area) 
      Cumulative area ratio:    0.19
      Required ratio:    0.00 (Cumulative area) 

    Via: M1M2_PR
      Partial area ratio:    0.05
      Required ratio:    6.00 (Gate area) 
      Cumulative area ratio:    0.12
      Required ratio:    0.00 (Cumulative area) 

    Via: L1M1_PR
      Partial area ratio:    0.07
      Required ratio:    3.00 (Gate area) 
      Cumulative area ratio:    0.07
      Required ratio:    0.00 (Cumulative area) 

  Pin: ANTENNA__21651__A0/DIODE (sky130_fd_sc_hd__diode_2)
    Layer: met2
      Partial area ratio:   24.22
      Required ratio:    0.00 (Gate area) 
      Partial area ratio:  122.52
      Required ratio: 3143.48 (Side area) 
      Cumulative area ratio:   26.40
      Required ratio:    0.00 (Cumulative area) 
      Cumulative area ratio:  134.05
      Required ratio:    0.00 (Cumulative side area) 

    Layer: met3
      Partial area ratio:   21.74
      Required ratio:    0.00 (Gate area) 
      Partial area ratio:  116.62
      Required ratio: 3839.00 (Side area) 
      Cumulative area ratio:   48.13
      Required ratio:    0.00 (Cumulative area) 
      Cumulative area ratio:  250.67
      Required ratio:    0.00 (Cumulative side area) 

    Layer: met4
      Partial area ratio:   17.34
      Required ratio:    0.00 (Gate area) 
      Partial area ratio:   92.66
      Required ratio: 4534.52 (Side area) 
      Cumulative area ratio:   65.47
      Required ratio:    0.00 (Cumulative area) 
      Cumulative area ratio:  343.33
      Required ratio:    0.00 (Cumulative side area) 

    Layer: met1
      Partial area ratio:    2.17
      Required ratio:    0.00 (Gate area) 
      Partial area ratio:   11.53
      Required ratio: 2773.88 (Side area) 
      Cumulative area ratio:    2.17
      Required ratio:    0.00 (Cumulative area) 
      Cumulative area ratio:   11.53
      Required ratio:    0.00 (Cumulative side area) 

    Layer: li1
      Partial area ratio:    0.00
      Required ratio:    0.00 (Gate area) 
      Partial area ratio:    0.00
      Required ratio:  270.61 (Side area) 
      Cumulative area ratio:    0.00
      Required ratio:    0.00 (Cumulative area) 
      Cumulative area ratio:    0.00
      Required ratio:    0.00 (Cumulative side area) 

    Via: M2M3_PR
      Partial area ratio:    0.14
      Required ratio:    6.00 (Gate area) 
      Cumulative area ratio:    0.31
      Required ratio:    0.00 (Cumulative area) 

    Via: M3M4_PR
      Partial area ratio:    0.01
      Required ratio:    6.00 (Gate area) 
      Cumulative area ratio:    0.33
      Required ratio:    0.00 (Cumulative area) 

    Via: M1M2_PR
      Partial area ratio:    0.10
      Required ratio:    6.00 (Gate area) 
      Cumulative area ratio:    0.17
      Required ratio:    0.00 (Cumulative area) 

    Via: L1M1_PR
      Partial area ratio:    0.07
      Required ratio:    3.00 (Gate area) 
      Cumulative area ratio:    0.07
      Required ratio:    0.00 (Cumulative area) 

    Via: M3M4_PR
      Partial area ratio:    0.01
      Required ratio:    6.00 (Gate area) 
      Cumulative area ratio:    0.33
      Required ratio:    0.00 (Cumulative area) 

  Pin: _21651_/A0 (sky130_fd_sc_hd__mux2_1)
    Layer: met2
      Partial area ratio:   24.22
      Required ratio:    0.00 (Gate area) 
      Partial area ratio:  122.52
      Required ratio: 3143.48 (Side area) 
      Cumulative area ratio:   26.40
      Required ratio:    0.00 (Cumulative area) 
      Cumulative area ratio:  134.05
      Required ratio:    0.00 (Cumulative side area) 

    Layer: met3
      Partial area ratio:   21.74
      Required ratio:    0.00 (Gate area) 
      Partial area ratio:  116.62
      Required ratio: 3839.00 (Side area) 
      Cumulative area ratio:   48.13
      Required ratio:    0.00 (Cumulative area) 
      Cumulative area ratio:  250.67
      Required ratio:    0.00 (Cumulative side area) 

    Layer: met4
      Partial area ratio:   17.34
      Required ratio:    0.00 (Gate area) 
      Partial area ratio:   92.66
      Required ratio: 4534.52 (Side area) 
      Cumulative area ratio:   65.47
      Required ratio:    0.00 (Cumulative area) 
      Cumulative area ratio:  343.33
      Required ratio:    0.00 (Cumulative side area) 

    Layer: met1
      Partial area ratio:    0.00
      Required ratio:    0.00 (Gate area) 
      Partial area ratio:    0.00
      Required ratio:  400.00 (Side area) 
      Cumulative area ratio:    0.00
      Required ratio:    0.00 (Cumulative area) 
      Cumulative area ratio:    0.00
      Required ratio:    0.00 (Cumulative side area) 

    Layer: li1
      Partial area ratio:    0.00
      Required ratio:    0.00 (Gate area) 
      Partial area ratio:    0.00
      Required ratio:   75.00 (Side area) 
      Cumulative area ratio:    0.00
      Required ratio:    0.00 (Cumulative area) 
      Cumulative area ratio:    0.00
      Required ratio:    0.00 (Cumulative side area) 

    Via: M2M3_PR
      Partial area ratio:    0.14
      Required ratio:    6.00 (Gate area) 
      Cumulative area ratio:    0.65
      Required ratio:    0.00 (Cumulative area) 

    Via: M3M4_PR
      Partial area ratio:    0.01
      Required ratio:    6.00 (Gate area) 
      Cumulative area ratio:    0.67
      Required ratio:    0.00 (Cumulative area) 

    Via: M1M2_PR
      Partial area ratio:    0.18
      Required ratio:    6.00 (Gate area) 
      Cumulative area ratio:    0.41
      Required ratio:    0.00 (Cumulative area) 

    Via: L1M1_PR
      Partial area ratio:    0.23
      Required ratio:    3.00 (Gate area) 
      Cumulative area ratio:    0.23
      Required ratio:    0.00 (Cumulative area) 

    Via: M3M4_PR
      Partial area ratio:    0.01
      Required ratio:    6.00 (Gate area) 
      Cumulative area ratio:    0.67
      Required ratio:    0.00 (Cumulative area) 

  Pin: ANTENNA__22724__A0/DIODE (sky130_fd_sc_hd__diode_2)
    Layer: met2
      Partial area ratio:    1.38
      Required ratio:    0.00 (Gate area) 
      Partial area ratio:    7.42
      Required ratio: 2947.76 (Side area) 
      Cumulative area ratio:   11.82
      Required ratio:    0.00 (Cumulative area) 
      Cumulative area ratio:   61.63
      Required ratio:    0.00 (Cumulative side area) 

    Layer: met1
      Partial area ratio:    2.61
      Required ratio:    0.00 (Gate area) 
      Partial area ratio:   13.49
      Required ratio: 2773.88 (Side area) 
      Cumulative area ratio:    2.61
      Required ratio:    0.00 (Cumulative area) 
      Cumulative area ratio:   13.49
      Required ratio:    0.00 (Cumulative side area) 

    Layer: li1
      Partial area ratio:    0.00
      Required ratio:    0.00 (Gate area) 
      Partial area ratio:    0.00
      Required ratio:  270.61 (Side area) 
      Cumulative area ratio:    0.00
      Required ratio:    0.00 (Cumulative area) 
      Cumulative area ratio:    0.00
      Required ratio:    0.00 (Cumulative side area) 

    Via: M3M4_PR
      Partial area ratio:    0.01
      Required ratio:    6.00 (Gate area) 
      Cumulative area ratio:    0.34
      Required ratio:    0.00 (Cumulative area) 

    Via: M2M3_PR
      Partial area ratio:    0.07
      Required ratio:    6.00 (Gate area) 
      Cumulative area ratio:    0.32
      Required ratio:    0.00 (Cumulative area) 

    Via: M1M2_PR
      Partial area ratio:    0.10
      Required ratio:    6.00 (Gate area) 
      Cumulative area ratio:    0.17
      Required ratio:    0.00 (Cumulative area) 

    Via: L1M1_PR
      Partial area ratio:    0.07
      Required ratio:    3.00 (Gate area) 
      Cumulative area ratio:    0.07
      Required ratio:    0.00 (Cumulative area) 

  Pin: _22724_/A0 (sky130_fd_sc_hd__mux2_1)
    Layer: met2
      Partial area ratio:    1.38
      Required ratio:    0.00 (Gate area) 
      Partial area ratio:    7.42
      Required ratio: 2947.76 (Side area) 
      Cumulative area ratio:   11.82
      Required ratio:    0.00 (Cumulative area) 
      Cumulative area ratio:   61.63
      Required ratio:    0.00 (Cumulative side area) 

    Layer: met1
      Partial area ratio:    0.00
      Required ratio:    0.00 (Gate area) 
      Partial area ratio:    0.00
      Required ratio:  400.00 (Side area) 
      Cumulative area ratio:    0.00
      Required ratio:    0.00 (Cumulative area) 
      Cumulative area ratio:    0.00
      Required ratio:    0.00 (Cumulative side area) 

    Layer: li1
      Partial area ratio:    0.00
      Required ratio:    0.00 (Gate area) 
      Partial area ratio:    0.00
      Required ratio:   75.00 (Side area) 
      Cumulative area ratio:    0.00
      Required ratio:    0.00 (Cumulative area) 
      Cumulative area ratio:    0.00
      Required ratio:    0.00 (Cumulative side area) 

    Via: M3M4_PR
      Partial area ratio:    0.01
      Required ratio:    6.00 (Gate area) 
      Cumulative area ratio:    0.68
      Required ratio:    0.00 (Cumulative area) 

    Via: M2M3_PR
      Partial area ratio:    0.07
      Required ratio:    6.00 (Gate area) 
      Cumulative area ratio:    0.66
      Required ratio:    0.00 (Cumulative area) 

    Via: M1M2_PR
      Partial area ratio:    0.18
      Required ratio:    6.00 (Gate area) 
      Cumulative area ratio:    0.41
      Required ratio:    0.00 (Cumulative area) 

    Via: L1M1_PR
      Partial area ratio:    0.23
      Required ratio:    3.00 (Gate area) 
      Cumulative area ratio:    0.23
      Required ratio:    0.00 (Cumulative area) 

  Pin: _22455_/A1 (sky130_fd_sc_hd__mux2_1)
    Layer: met2
      Partial area ratio:   18.26
      Required ratio:    0.00 (Gate area) 
      Partial area ratio:   91.92
      Required ratio: 2947.76 (Side area) 
      Cumulative area ratio:  100.37
      Required ratio:    0.00 (Cumulative area) 
      Cumulative area ratio:  509.48
      Required ratio:    0.00 (Cumulative side area) 

    Layer: met1
      Partial area ratio:   82.11
      Required ratio:    0.00 (Gate area) 
      Partial area ratio:  417.56
      Required ratio:  400.00 (Side area) (VIOLATED)
      Cumulative area ratio:   82.11
      Required ratio:    0.00 (Cumulative area) 
      Cumulative area ratio:  417.56
      Required ratio:    0.00 (Cumulative side area) 

    Layer: li1
      Partial area ratio:    0.00
      Required ratio:    0.00 (Gate area) 
      Partial area ratio:    0.00
      Required ratio:   75.00 (Side area) 
      Cumulative area ratio:    0.00
      Required ratio:    0.00 (Cumulative area) 
      Cumulative area ratio:    0.00
      Required ratio:    0.00 (Cumulative side area) 

    Via: M3M4_PR
      Partial area ratio:    0.01
      Required ratio:    6.00 (Gate area) 
      Cumulative area ratio:    1.28
      Required ratio:    0.00 (Cumulative area) 

    Via: M2M3_PR
      Partial area ratio:    0.07
      Required ratio:    6.00 (Gate area) 
      Cumulative area ratio:    0.66
      Required ratio:    0.00 (Cumulative area) 

    Via: M1M2_PR
      Partial area ratio:    0.36
      Required ratio:    6.00 (Gate area) 
      Cumulative area ratio:    0.59
      Required ratio:    0.00 (Cumulative area) 

    Via: L1M1_PR
      Partial area ratio:    0.23
      Required ratio:    3.00 (Gate area) 
      Cumulative area ratio:    0.23
      Required ratio:    0.00 (Cumulative area) 

  Pin: _23543_/A0 (sky130_fd_sc_hd__mux2_1)
    Layer: met3
      Partial area ratio:    0.09
      Required ratio:    0.00 (Gate area) 
      Partial area ratio:    0.79
      Required ratio: 3121.64 (Side area) 
      Cumulative area ratio:   16.63
      Required ratio:    0.00 (Cumulative area) 
      Cumulative area ratio:   86.11
      Required ratio:    0.00 (Cumulative side area) 

    Layer: met2
      Partial area ratio:   12.85
      Required ratio:    0.00 (Gate area) 
      Partial area ratio:   65.22
      Required ratio: 3121.64 (Side area) 
      Cumulative area ratio:   16.54
      Required ratio:    0.00 (Cumulative area) 
      Cumulative area ratio:   85.32
      Required ratio:    0.00 (Cumulative side area) 

    Layer: met1
      Partial area ratio:    2.12
      Required ratio:    0.00 (Gate area) 
      Partial area ratio:   11.49
      Required ratio: 2773.88 (Side area) 
      Cumulative area ratio:    2.12
      Required ratio:    0.00 (Cumulative area) 
      Cumulative area ratio:   11.49
      Required ratio:    0.00 (Cumulative side area) 

    Layer: li1
      Partial area ratio:    0.00
      Required ratio:    0.00 (Gate area) 
      Partial area ratio:    0.00
      Required ratio:   75.00 (Side area) 
      Cumulative area ratio:    0.00
      Required ratio:    0.00 (Cumulative area) 
      Cumulative area ratio:    0.00
      Required ratio:    0.00 (Cumulative side area) 

    Via: M3M4_PR
      Partial area ratio:    0.02
      Required ratio:    6.00 (Gate area) 
      Cumulative area ratio:    0.50
      Required ratio:    0.00 (Cumulative area) 

    Via: M2M3_PR
      Partial area ratio:    0.02
      Required ratio:    6.00 (Gate area) 
      Cumulative area ratio:    0.48
      Required ratio:    0.00 (Cumulative area) 

    Via: M1M2_PR
      Partial area ratio:    0.04
      Required ratio:    6.00 (Gate area) 
      Cumulative area ratio:    0.27
      Required ratio:    0.00 (Cumulative area) 

    Via: L1M1_PR
      Partial area ratio:    0.23
      Required ratio:    3.00 (Gate area) 
      Cumulative area ratio:    0.23
      Required ratio:    0.00 (Cumulative area) 

  Pin: ANTENNA__23543__A0/DIODE (sky130_fd_sc_hd__diode_2)
    Layer: met3
      Partial area ratio:    0.09
      Required ratio:    0.00 (Gate area) 
      Partial area ratio:    0.79
      Required ratio: 3121.64 (Side area) 
      Cumulative area ratio:   16.63
      Required ratio:    0.00 (Cumulative area) 
      Cumulative area ratio:   86.11
      Required ratio:    0.00 (Cumulative side area) 

    Layer: met2
      Partial area ratio:   12.85
      Required ratio:    0.00 (Gate area) 
      Partial area ratio:   65.22
      Required ratio: 3121.64 (Side area) 
      Cumulative area ratio:   16.54
      Required ratio:    0.00 (Cumulative area) 
      Cumulative area ratio:   85.32
      Required ratio:    0.00 (Cumulative side area) 

    Layer: met1
      Partial area ratio:    2.12
      Required ratio:    0.00 (Gate area) 
      Partial area ratio:   11.49
      Required ratio: 2773.88 (Side area) 
      Cumulative area ratio:    2.12
      Required ratio:    0.00 (Cumulative area) 
      Cumulative area ratio:   11.49
      Required ratio:    0.00 (Cumulative side area) 

    Layer: li1
      Partial area ratio:    0.00
      Required ratio:    0.00 (Gate area) 
      Partial area ratio:    0.00
      Required ratio:  270.61 (Side area) 
      Cumulative area ratio:    0.00
      Required ratio:    0.00 (Cumulative area) 
      Cumulative area ratio:    0.00
      Required ratio:    0.00 (Cumulative side area) 

    Via: M3M4_PR
      Partial area ratio:    0.02
      Required ratio:    6.00 (Gate area) 
      Cumulative area ratio:    0.34
      Required ratio:    0.00 (Cumulative area) 

    Via: M2M3_PR
      Partial area ratio:    0.02
      Required ratio:    6.00 (Gate area) 
      Cumulative area ratio:    0.31
      Required ratio:    0.00 (Cumulative area) 

    Via: M1M2_PR
      Partial area ratio:    0.04
      Required ratio:    6.00 (Gate area) 
      Cumulative area ratio:    0.11
      Required ratio:    0.00 (Cumulative area) 

    Via: L1M1_PR
      Partial area ratio:    0.07
      Required ratio:    3.00 (Gate area) 
      Cumulative area ratio:    0.07
      Required ratio:    0.00 (Cumulative area) 

  Pin: ANTENNA__23261__A0/DIODE (sky130_fd_sc_hd__diode_2)
    Layer: met3
      Partial area ratio:    0.09
      Required ratio:    0.00 (Gate area) 
      Partial area ratio:    0.79
      Required ratio: 3121.64 (Side area) 
      Cumulative area ratio:   14.51
      Required ratio:    0.00 (Cumulative area) 
      Cumulative area ratio:   74.62
      Required ratio:    0.00 (Cumulative side area) 

    Layer: met2
      Partial area ratio:   12.85
      Required ratio:    0.00 (Gate area) 
      Partial area ratio:   65.22
      Required ratio: 3121.64 (Side area) 
      Cumulative area ratio:   14.42
      Required ratio:    0.00 (Cumulative area) 
      Cumulative area ratio:   73.83
      Required ratio:    0.00 (Cumulative side area) 

    Layer: met1
      Partial area ratio:    0.93
      Required ratio:    0.00 (Gate area) 
      Partial area ratio:    5.19
      Required ratio: 2773.88 (Side area) 
      Cumulative area ratio:    0.93
      Required ratio:    0.00 (Cumulative area) 
      Cumulative area ratio:    5.19
      Required ratio:    0.00 (Cumulative side area) 

    Layer: li1
      Partial area ratio:    0.00
      Required ratio:    0.00 (Gate area) 
      Partial area ratio:    0.00
      Required ratio:  270.61 (Side area) 
      Cumulative area ratio:    0.00
      Required ratio:    0.00 (Cumulative area) 
      Cumulative area ratio:    0.00
      Required ratio:    0.00 (Cumulative side area) 

    Via: M3M4_PR
      Partial area ratio:    0.02
      Required ratio:    6.00 (Gate area) 
      Cumulative area ratio:    0.30
      Required ratio:    0.00 (Cumulative area) 

    Via: M2M3_PR
      Partial area ratio:    0.02
      Required ratio:    6.00 (Gate area) 
      Cumulative area ratio:    0.27
      Required ratio:    0.00 (Cumulative area) 

    Via: M1M2_PR
      Partial area ratio:    0.08
      Required ratio:    6.00 (Gate area) 
      Cumulative area ratio:    0.15
      Required ratio:    0.00 (Cumulative area) 

    Via: L1M1_PR
      Partial area ratio:    0.07
      Required ratio:    3.00 (Gate area) 
      Cumulative area ratio:    0.07
      Required ratio:    0.00 (Cumulative area) 

  Pin: _23261_/A0 (sky130_fd_sc_hd__mux2_1)
    Layer: met3
      Partial area ratio:    0.09
      Required ratio:    0.00 (Gate area) 
      Partial area ratio:    0.79
      Required ratio: 3121.64 (Side area) 
      Cumulative area ratio:   14.51
      Required ratio:    0.00 (Cumulative area) 
      Cumulative area ratio:   74.62
      Required ratio:    0.00 (Cumulative side area) 

    Layer: met2
      Partial area ratio:   12.85
      Required ratio:    0.00 (Gate area) 
      Partial area ratio:   65.22
      Required ratio: 3121.64 (Side area) 
      Cumulative area ratio:   14.42
      Required ratio:    0.00 (Cumulative area) 
      Cumulative area ratio:   73.83
      Required ratio:    0.00 (Cumulative side area) 

    Layer: met1
      Partial area ratio:    0.93
      Required ratio:    0.00 (Gate area) 
      Partial area ratio:    5.19
      Required ratio: 2773.88 (Side area) 
      Cumulative area ratio:    0.93
      Required ratio:    0.00 (Cumulative area) 
      Cumulative area ratio:    5.19
      Required ratio:    0.00 (Cumulative side area) 

    Layer: li1
      Partial area ratio:    0.00
      Required ratio:    0.00 (Gate area) 
      Partial area ratio:    0.00
      Required ratio:   75.00 (Side area) 
      Cumulative area ratio:    0.00
      Required ratio:    0.00 (Cumulative area) 
      Cumulative area ratio:    0.00
      Required ratio:    0.00 (Cumulative side area) 

    Via: M3M4_PR
      Partial area ratio:    0.02
      Required ratio:    6.00 (Gate area) 
      Cumulative area ratio:    0.46
      Required ratio:    0.00 (Cumulative area) 

    Via: M2M3_PR
      Partial area ratio:    0.02
      Required ratio:    6.00 (Gate area) 
      Cumulative area ratio:    0.44
      Required ratio:    0.00 (Cumulative area) 

    Via: M1M2_PR
      Partial area ratio:    0.08
      Required ratio:    6.00 (Gate area) 
      Cumulative area ratio:    0.31
      Required ratio:    0.00 (Cumulative area) 

    Via: L1M1_PR
      Partial area ratio:    0.23
      Required ratio:    3.00 (Gate area) 
      Cumulative area ratio:    0.23
      Required ratio:    0.00 (Cumulative area) 

  Pin: ANTENNA__21920__A0/DIODE (sky130_fd_sc_hd__diode_2)
    Layer: met3
      Partial area ratio:    0.09
      Required ratio:    0.00 (Gate area) 
      Partial area ratio:    0.79
      Required ratio: 3121.64 (Side area) 
      Cumulative area ratio:   13.58
      Required ratio:    0.00 (Cumulative area) 
      Cumulative area ratio:   69.43
      Required ratio:    0.00 (Cumulative side area) 

    Layer: met2
      Partial area ratio:   12.85
      Required ratio:    0.00 (Gate area) 
      Partial area ratio:   65.22
      Required ratio: 3121.64 (Side area) 
      Cumulative area ratio:   13.48
      Required ratio:    0.00 (Cumulative area) 
      Cumulative area ratio:   68.64
      Required ratio:    0.00 (Cumulative side area) 

    Layer: met1
      Partial area ratio:    0.64
      Required ratio:    0.00 (Gate area) 
      Partial area ratio:    3.41
      Required ratio: 2773.88 (Side area) 
      Cumulative area ratio:    0.64
      Required ratio:    0.00 (Cumulative area) 
      Cumulative area ratio:    3.41
      Required ratio:    0.00 (Cumulative side area) 

    Layer: li1
      Partial area ratio:    0.00
      Required ratio:    0.00 (Gate area) 
      Partial area ratio:    0.00
      Required ratio:  270.61 (Side area) 
      Cumulative area ratio:    0.00
      Required ratio:    0.00 (Cumulative area) 
      Cumulative area ratio:    0.00
      Required ratio:    0.00 (Cumulative side area) 

    Via: M3M4_PR
      Partial area ratio:    0.02
      Required ratio:    6.00 (Gate area) 
      Cumulative area ratio:    0.22
      Required ratio:    0.00 (Cumulative area) 

    Via: M2M3_PR
      Partial area ratio:    0.02
      Required ratio:    6.00 (Gate area) 
      Cumulative area ratio:    0.19
      Required ratio:    0.00 (Cumulative area) 

    Via: M1M2_PR
      Partial area ratio:    0.10
      Required ratio:    6.00 (Gate area) 
      Cumulative area ratio:    0.17
      Required ratio:    0.00 (Cumulative area) 

    Via: L1M1_PR
      Partial area ratio:    0.07
      Required ratio:    3.00 (Gate area) 
      Cumulative area ratio:    0.07
      Required ratio:    0.00 (Cumulative area) 

  Pin: _21920_/A0 (sky130_fd_sc_hd__mux2_1)
    Layer: met3
      Partial area ratio:    0.09
      Required ratio:    0.00 (Gate area) 
      Partial area ratio:    0.79
      Required ratio: 3121.64 (Side area) 
      Cumulative area ratio:   17.21
      Required ratio:    0.00 (Cumulative area) 
      Cumulative area ratio:   88.90
      Required ratio:    0.00 (Cumulative side area) 

    Layer: met2
      Partial area ratio:   12.85
      Required ratio:    0.00 (Gate area) 
      Partial area ratio:   65.22
      Required ratio: 3121.64 (Side area) 
      Cumulative area ratio:   17.11
      Required ratio:    0.00 (Cumulative area) 
      Cumulative area ratio:   88.11
      Required ratio:    0.00 (Cumulative side area) 

    Layer: met1
      Partial area ratio:    4.27
      Required ratio:    0.00 (Gate area) 
      Partial area ratio:   22.89
      Required ratio:  400.00 (Side area) 
      Cumulative area ratio:    4.27
      Required ratio:    0.00 (Cumulative area) 
      Cumulative area ratio:   22.89
      Required ratio:    0.00 (Cumulative side area) 

    Layer: li1
      Partial area ratio:    0.00
      Required ratio:    0.00 (Gate area) 
      Partial area ratio:    0.00
      Required ratio:   75.00 (Side area) 
      Cumulative area ratio:    0.00
      Required ratio:    0.00 (Cumulative area) 
      Cumulative area ratio:    0.00
      Required ratio:    0.00 (Cumulative side area) 

    Via: M3M4_PR
      Partial area ratio:    0.02
      Required ratio:    6.00 (Gate area) 
      Cumulative area ratio:    0.46
      Required ratio:    0.00 (Cumulative area) 

    Via: M2M3_PR
      Partial area ratio:    0.02
      Required ratio:    6.00 (Gate area) 
      Cumulative area ratio:    0.43
      Required ratio:    0.00 (Cumulative area) 

    Via: M1M2_PR
      Partial area ratio:    0.18
      Required ratio:    6.00 (Gate area) 
      Cumulative area ratio:    0.41
      Required ratio:    0.00 (Cumulative area) 

    Via: L1M1_PR
      Partial area ratio:    0.23
      Required ratio:    3.00 (Gate area) 
      Cumulative area ratio:    0.23
      Required ratio:    0.00 (Cumulative area) 

  Pin: ANTENNA__22992__A0/DIODE (sky130_fd_sc_hd__diode_2)
    Layer: met2
      Partial area ratio:   18.26
      Required ratio:    0.00 (Gate area) 
      Partial area ratio:   91.92
      Required ratio: 2947.76 (Side area) 
      Cumulative area ratio:  105.28
      Required ratio:    0.00 (Cumulative area) 
      Cumulative area ratio:  535.59
      Required ratio:    0.00 (Cumulative side area) 

    Layer: met1
      Partial area ratio:    0.00
      Required ratio:    0.00 (Gate area) 
      Partial area ratio:    0.00
      Required ratio: 2773.88 (Side area) 
      Cumulative area ratio:    0.00
      Required ratio:    0.00 (Cumulative area) 
      Cumulative area ratio:    0.00
      Required ratio:    0.00 (Cumulative side area) 

    Layer: li1
      Partial area ratio:    0.00
      Required ratio:    0.00 (Gate area) 
      Partial area ratio:    0.00
      Required ratio:  270.61 (Side area) 
      Cumulative area ratio:    0.00
      Required ratio:    0.00 (Cumulative area) 
      Cumulative area ratio:    0.00
      Required ratio:    0.00 (Cumulative side area) 

    Via: M3M4_PR
      Partial area ratio:    0.01
      Required ratio:    6.00 (Gate area) 
      Cumulative area ratio:    1.17
      Required ratio:    0.00 (Cumulative area) 

    Via: M2M3_PR
      Partial area ratio:    0.07
      Required ratio:    6.00 (Gate area) 
      Cumulative area ratio:    0.90
      Required ratio:    0.00 (Cumulative area) 

    Via: M1M2_PR
      Partial area ratio:    0.05
      Required ratio:    6.00 (Gate area) 
      Cumulative area ratio:    0.12
      Required ratio:    0.00 (Cumulative area) 

    Via: L1M1_PR
      Partial area ratio:    0.07
      Required ratio:    3.00 (Gate area) 
      Cumulative area ratio:    0.07
      Required ratio:    0.00 (Cumulative area) 

  Pin: _22992_/A0 (sky130_fd_sc_hd__mux2_1)
    Layer: met2
      Partial area ratio:   18.26
      Required ratio:    0.00 (Gate area) 
      Partial area ratio:   91.92
      Required ratio: 2947.76 (Side area) 
      Cumulative area ratio:  105.28
      Required ratio:    0.00 (Cumulative area) 
      Cumulative area ratio:  535.59
      Required ratio:    0.00 (Cumulative side area) 

    Layer: met1
      Partial area ratio:    4.91
      Required ratio:    0.00 (Gate area) 
      Partial area ratio:   26.11
      Required ratio:  400.00 (Side area) 
      Cumulative area ratio:    4.91
      Required ratio:    0.00 (Cumulative area) 
      Cumulative area ratio:   26.11
      Required ratio:    0.00 (Cumulative side area) 

    Layer: li1
      Partial area ratio:    0.00
      Required ratio:    0.00 (Gate area) 
      Partial area ratio:    0.00
      Required ratio:   75.00 (Side area) 
      Cumulative area ratio:    0.00
      Required ratio:    0.00 (Cumulative area) 
      Cumulative area ratio:    0.00
      Required ratio:    0.00 (Cumulative side area) 

    Via: M3M4_PR
      Partial area ratio:    0.01
      Required ratio:    6.00 (Gate area) 
      Cumulative area ratio:    1.28
      Required ratio:    0.00 (Cumulative area) 

    Via: M2M3_PR
      Partial area ratio:    0.07
      Required ratio:    6.00 (Gate area) 
      Cumulative area ratio:    1.01
      Required ratio:    0.00 (Cumulative area) 

    Via: M1M2_PR
      Partial area ratio:    0.36
      Required ratio:    6.00 (Gate area) 
      Cumulative area ratio:    0.59
      Required ratio:    0.00 (Cumulative area) 

    Via: L1M1_PR
      Partial area ratio:    0.23
      Required ratio:    3.00 (Gate area) 
      Cumulative area ratio:    0.23
      Required ratio:    0.00 (Cumulative area) 

  Pin: ANTENNA__22455__A1/DIODE (sky130_fd_sc_hd__diode_2)
    Layer: met2
      Partial area ratio:   18.26
      Required ratio:    0.00 (Gate area) 
      Partial area ratio:   91.92
      Required ratio: 2947.76 (Side area) 
      Cumulative area ratio:   18.26
      Required ratio:    0.00 (Cumulative area) 
      Cumulative area ratio:   91.92
      Required ratio:    0.00 (Cumulative side area) 

    Layer: met1
      Partial area ratio:    0.00
      Required ratio:    0.00 (Gate area) 
      Partial area ratio:    0.00
      Required ratio: 2773.88 (Side area) 
      Cumulative area ratio:    0.00
      Required ratio:    0.00 (Cumulative area) 
      Cumulative area ratio:    0.00
      Required ratio:    0.00 (Cumulative side area) 

    Layer: li1
      Partial area ratio:    0.00
      Required ratio:    0.00 (Gate area) 
      Partial area ratio:    0.00
      Required ratio:  270.61 (Side area) 
      Cumulative area ratio:    0.00
      Required ratio:    0.00 (Cumulative area) 
      Cumulative area ratio:    0.00
      Required ratio:    0.00 (Cumulative side area) 

    Via: M3M4_PR
      Partial area ratio:    0.01
      Required ratio:    6.00 (Gate area) 
      Cumulative area ratio:    1.17
      Required ratio:    0.00 (Cumulative area) 

    Via: M2M3_PR
      Partial area ratio:    0.07
      Required ratio:    6.00 (Gate area) 
      Cumulative area ratio:    0.19
      Required ratio:    0.00 (Cumulative area) 

    Via: M1M2_PR
      Partial area ratio:    0.05
      Required ratio:    6.00 (Gate area) 
      Cumulative area ratio:    0.12
      Required ratio:    0.00 (Cumulative area) 

    Via: L1M1_PR
      Partial area ratio:    0.07
      Required ratio:    3.00 (Gate area) 
      Cumulative area ratio:    0.07
      Required ratio:    0.00 (Cumulative area) 

  Pin: _21355_/A1 (sky130_fd_sc_hd__mux2_1)
    Layer: met2
      Partial area ratio:    1.38
      Required ratio:    0.00 (Gate area) 
      Partial area ratio:    7.42
      Required ratio: 2947.76 (Side area) 
      Cumulative area ratio:    9.21
      Required ratio:    0.00 (Cumulative area) 
      Cumulative area ratio:   48.14
      Required ratio:    0.00 (Cumulative side area) 

    Layer: met1
      Partial area ratio:    7.83
      Required ratio:    0.00 (Gate area) 
      Partial area ratio:   40.72
      Required ratio: 2773.88 (Side area) 
      Cumulative area ratio:    7.83
      Required ratio:    0.00 (Cumulative area) 
      Cumulative area ratio:   40.72
      Required ratio:    0.00 (Cumulative side area) 

    Layer: li1
      Partial area ratio:    0.00
      Required ratio:    0.00 (Gate area) 
      Partial area ratio:    0.00
      Required ratio:   75.00 (Side area) 
      Cumulative area ratio:    0.00
      Required ratio:    0.00 (Cumulative area) 
      Cumulative area ratio:    0.00
      Required ratio:    0.00 (Cumulative side area) 

    Via: M3M4_PR
      Partial area ratio:    0.01
      Required ratio:    6.00 (Gate area) 
      Cumulative area ratio:    0.50
      Required ratio:    0.00 (Cumulative area) 

    Via: M2M3_PR
      Partial area ratio:    0.07
      Required ratio:    6.00 (Gate area) 
      Cumulative area ratio:    0.38
      Required ratio:    0.00 (Cumulative area) 

    Via: M1M2_PR
      Partial area ratio:    0.08
      Required ratio:    6.00 (Gate area) 
      Cumulative area ratio:    0.31
      Required ratio:    0.00 (Cumulative area) 

    Via: L1M1_PR
      Partial area ratio:    0.23
      Required ratio:    3.00 (Gate area) 
      Cumulative area ratio:    0.23
      Required ratio:    0.00 (Cumulative area) 

  Pin: ANTENNA__21355__A1/DIODE (sky130_fd_sc_hd__diode_2)
    Layer: met2
      Partial area ratio:    1.38
      Required ratio:    0.00 (Gate area) 
      Partial area ratio:    7.42
      Required ratio: 2947.76 (Side area) 
      Cumulative area ratio:    9.21
      Required ratio:    0.00 (Cumulative area) 
      Cumulative area ratio:   48.14
      Required ratio:    0.00 (Cumulative side area) 

    Layer: met1
      Partial area ratio:    7.83
      Required ratio:    0.00 (Gate area) 
      Partial area ratio:   40.72
      Required ratio: 2773.88 (Side area) 
      Cumulative area ratio:    7.83
      Required ratio:    0.00 (Cumulative area) 
      Cumulative area ratio:   40.72
      Required ratio:    0.00 (Cumulative side area) 

    Layer: li1
      Partial area ratio:    0.00
      Required ratio:    0.00 (Gate area) 
      Partial area ratio:    0.00
      Required ratio:  270.61 (Side area) 
      Cumulative area ratio:    0.00
      Required ratio:    0.00 (Cumulative area) 
      Cumulative area ratio:    0.00
      Required ratio:    0.00 (Cumulative side area) 

    Via: M3M4_PR
      Partial area ratio:    0.01
      Required ratio:    6.00 (Gate area) 
      Cumulative area ratio:    0.34
      Required ratio:    0.00 (Cumulative area) 

    Via: M2M3_PR
      Partial area ratio:    0.07
      Required ratio:    6.00 (Gate area) 
      Cumulative area ratio:    0.22
      Required ratio:    0.00 (Cumulative area) 

    Via: M1M2_PR
      Partial area ratio:    0.08
      Required ratio:    6.00 (Gate area) 
      Cumulative area ratio:    0.15
      Required ratio:    0.00 (Cumulative area) 

    Via: L1M1_PR
      Partial area ratio:    0.07
      Required ratio:    3.00 (Gate area) 
      Cumulative area ratio:    0.07
      Required ratio:    0.00 (Cumulative area) 


Net: _15109_
  Pin: _21655_/A0 (sky130_fd_sc_hd__mux2_1)
    Layer: met2
      Partial area ratio:    3.42
      Required ratio:    0.00 (Gate area) 
      Partial area ratio:   17.60
      Required ratio: 3143.48 (Side area) 
      Cumulative area ratio:    7.68
      Required ratio:    0.00 (Cumulative area) 
      Cumulative area ratio:   40.49
      Required ratio:    0.00 (Cumulative side area) 

    Layer: met1
      Partial area ratio:    4.27
      Required ratio:    0.00 (Gate area) 
      Partial area ratio:   22.89
      Required ratio:  400.00 (Side area) 
      Cumulative area ratio:    4.27
      Required ratio:    0.00 (Cumulative area) 
      Cumulative area ratio:   22.89
      Required ratio:    0.00 (Cumulative side area) 

    Layer: li1
      Partial area ratio:    0.00
      Required ratio:    0.00 (Gate area) 
      Partial area ratio:    0.00
      Required ratio:   75.00 (Side area) 
      Cumulative area ratio:    0.00
      Required ratio:    0.00 (Cumulative area) 
      Cumulative area ratio:    0.00
      Required ratio:    0.00 (Cumulative side area) 

    Layer: met3
      Partial area ratio:   21.65
      Required ratio:    0.00 (Gate area) 
      Partial area ratio:  116.59
      Required ratio: 4012.88 (Side area) 
      Cumulative area ratio:   29.33
      Required ratio:    0.00 (Cumulative area) 
      Cumulative area ratio:  157.08
      Required ratio:    0.00 (Cumulative side area) 

    Layer: met4
      Partial area ratio:   16.76
      Required ratio:    0.00 (Gate area) 
      Partial area ratio:   89.86
      Required ratio: 4534.52 (Side area) 
      Cumulative area ratio:   46.09
      Required ratio:    0.00 (Cumulative area) 
      Cumulative area ratio:  246.94
      Required ratio:    0.00 (Cumulative side area) 

    Via: M2M3_PR
      Partial area ratio:    0.07
      Required ratio:    6.00 (Gate area) 
      Cumulative area ratio:    0.48
      Required ratio:    0.00 (Cumulative area) 

    Via: M1M2_PR
      Partial area ratio:    0.18
      Required ratio:    6.00 (Gate area) 
      Cumulative area ratio:    0.41
      Required ratio:    0.00 (Cumulative area) 

    Via: L1M1_PR
      Partial area ratio:    0.23
      Required ratio:    3.00 (Gate area) 
      Cumulative area ratio:    0.23
      Required ratio:    0.00 (Cumulative area) 

    Via: M3M4_PR
      Partial area ratio:    0.02
      Required ratio:    6.00 (Gate area) 
      Cumulative area ratio:    0.50
      Required ratio:    0.00 (Cumulative area) 

  Pin: ANTENNA__21655__A0/DIODE (sky130_fd_sc_hd__diode_2)
    Layer: met2
      Partial area ratio:    3.42
      Required ratio:    0.00 (Gate area) 
      Partial area ratio:   17.60
      Required ratio: 3143.48 (Side area) 
      Cumulative area ratio:    3.42
      Required ratio:    0.00 (Cumulative area) 
      Cumulative area ratio:   17.60
      Required ratio:    0.00 (Cumulative side area) 

    Layer: met1
      Partial area ratio:    0.00
      Required ratio:    0.00 (Gate area) 
      Partial area ratio:    0.00
      Required ratio: 2773.88 (Side area) 
      Cumulative area ratio:    0.00
      Required ratio:    0.00 (Cumulative area) 
      Cumulative area ratio:    0.00
      Required ratio:    0.00 (Cumulative side area) 

    Layer: li1
      Partial area ratio:    0.00
      Required ratio:    0.00 (Gate area) 
      Partial area ratio:    0.00
      Required ratio:  270.61 (Side area) 
      Cumulative area ratio:    0.00
      Required ratio:    0.00 (Cumulative area) 
      Cumulative area ratio:    0.00
      Required ratio:    0.00 (Cumulative side area) 

    Layer: met3
      Partial area ratio:   21.65
      Required ratio:    0.00 (Gate area) 
      Partial area ratio:  116.59
      Required ratio: 4012.88 (Side area) 
      Cumulative area ratio:   25.06
      Required ratio:    0.00 (Cumulative area) 
      Cumulative area ratio:  134.19
      Required ratio:    0.00 (Cumulative side area) 

    Layer: met4
      Partial area ratio:   16.76
      Required ratio:    0.00 (Gate area) 
      Partial area ratio:   89.86
      Required ratio: 4534.52 (Side area) 
      Cumulative area ratio:   41.82
      Required ratio:    0.00 (Cumulative area) 
      Cumulative area ratio:  224.05
      Required ratio:    0.00 (Cumulative side area) 

    Via: M2M3_PR
      Partial area ratio:    0.07
      Required ratio:    6.00 (Gate area) 
      Cumulative area ratio:    0.19
      Required ratio:    0.00 (Cumulative area) 

    Via: M1M2_PR
      Partial area ratio:    0.05
      Required ratio:    6.00 (Gate area) 
      Cumulative area ratio:    0.12
      Required ratio:    0.00 (Cumulative area) 

    Via: L1M1_PR
      Partial area ratio:    0.07
      Required ratio:    3.00 (Gate area) 
      Cumulative area ratio:    0.07
      Required ratio:    0.00 (Cumulative area) 

    Via: M3M4_PR
      Partial area ratio:    0.02
      Required ratio:    6.00 (Gate area) 
      Cumulative area ratio:    0.21
      Required ratio:    0.00 (Cumulative area) 

  Pin: ANTENNA__21361__A1/DIODE (sky130_fd_sc_hd__diode_2)
    Layer: met3
      Partial area ratio:   21.65
      Required ratio:    0.00 (Gate area) 
      Partial area ratio:  116.59
      Required ratio: 4012.88 (Side area) 
      Cumulative area ratio:   27.77
      Required ratio:    0.00 (Cumulative area) 
      Cumulative area ratio:  148.06
      Required ratio:    0.00 (Cumulative side area) 

    Layer: met2
      Partial area ratio:    4.53
      Required ratio:    0.00 (Gate area) 
      Partial area ratio:   22.98
      Required ratio: 2773.88 (Side area) 
      Cumulative area ratio:    6.12
      Required ratio:    0.00 (Cumulative area) 
      Cumulative area ratio:   31.47
      Required ratio:    0.00 (Cumulative side area) 

    Layer: met1
      Partial area ratio:    1.59
      Required ratio:    0.00 (Gate area) 
      Partial area ratio:    8.49
      Required ratio: 2773.88 (Side area) 
      Cumulative area ratio:    1.59
      Required ratio:    0.00 (Cumulative area) 
      Cumulative area ratio:    8.49
      Required ratio:    0.00 (Cumulative side area) 

    Layer: li1
      Partial area ratio:    0.00
      Required ratio:    0.00 (Gate area) 
      Partial area ratio:    0.00
      Required ratio:  270.61 (Side area) 
      Cumulative area ratio:    0.00
      Required ratio:    0.00 (Cumulative area) 
      Cumulative area ratio:    0.00
      Required ratio:    0.00 (Cumulative side area) 

    Layer: met4
      Partial area ratio:   16.76
      Required ratio:    0.00 (Gate area) 
      Partial area ratio:   89.86
      Required ratio: 4534.52 (Side area) 
      Cumulative area ratio:   44.52
      Required ratio:    0.00 (Cumulative area) 
      Cumulative area ratio:  237.92
      Required ratio:    0.00 (Cumulative side area) 

    Via: M3M4_PR
      Partial area ratio:    0.02
      Required ratio:    6.00 (Gate area) 
      Cumulative area ratio:    0.27
      Required ratio:    0.00 (Cumulative area) 

    Via: M2M3_PR
      Partial area ratio:    0.14
      Required ratio:    6.00 (Gate area) 
      Cumulative area ratio:    0.25
      Required ratio:    0.00 (Cumulative area) 

    Via: M1M2_PR
      Partial area ratio:    0.04
      Required ratio:    6.00 (Gate area) 
      Cumulative area ratio:    0.11
      Required ratio:    0.00 (Cumulative area) 

    Via: L1M1_PR
      Partial area ratio:    0.07
      Required ratio:    3.00 (Gate area) 
      Cumulative area ratio:    0.07
      Required ratio:    0.00 (Cumulative area) 

  Pin: _21361_/A1 (sky130_fd_sc_hd__mux2_1)
    Layer: met3
      Partial area ratio:   21.65
      Required ratio:    0.00 (Gate area) 
      Partial area ratio:  116.59
      Required ratio: 4012.88 (Side area) 
      Cumulative area ratio:   27.77
      Required ratio:    0.00 (Cumulative area) 
      Cumulative area ratio:  148.06
      Required ratio:    0.00 (Cumulative side area) 

    Layer: met2
      Partial area ratio:    4.53
      Required ratio:    0.00 (Gate area) 
      Partial area ratio:   22.98
      Required ratio: 2773.88 (Side area) 
      Cumulative area ratio:    6.12
      Required ratio:    0.00 (Cumulative area) 
      Cumulative area ratio:   31.47
      Required ratio:    0.00 (Cumulative side area) 

    Layer: met1
      Partial area ratio:    1.59
      Required ratio:    0.00 (Gate area) 
      Partial area ratio:    8.49
      Required ratio: 2773.88 (Side area) 
      Cumulative area ratio:    1.59
      Required ratio:    0.00 (Cumulative area) 
      Cumulative area ratio:    8.49
      Required ratio:    0.00 (Cumulative side area) 

    Layer: li1
      Partial area ratio:    0.00
      Required ratio:    0.00 (Gate area) 
      Partial area ratio:    0.00
      Required ratio:   75.00 (Side area) 
      Cumulative area ratio:    0.00
      Required ratio:    0.00 (Cumulative area) 
      Cumulative area ratio:    0.00
      Required ratio:    0.00 (Cumulative side area) 

    Layer: met4
      Partial area ratio:   16.76
      Required ratio:    0.00 (Gate area) 
      Partial area ratio:   89.86
      Required ratio: 4534.52 (Side area) 
      Cumulative area ratio:   44.52
      Required ratio:    0.00 (Cumulative area) 
      Cumulative area ratio:  237.92
      Required ratio:    0.00 (Cumulative side area) 

    Via: M3M4_PR
      Partial area ratio:    0.02
      Required ratio:    6.00 (Gate area) 
      Cumulative area ratio:    0.44
      Required ratio:    0.00 (Cumulative area) 

    Via: M2M3_PR
      Partial area ratio:    0.14
      Required ratio:    6.00 (Gate area) 
      Cumulative area ratio:    0.41
      Required ratio:    0.00 (Cumulative area) 

    Via: M1M2_PR
      Partial area ratio:    0.04
      Required ratio:    6.00 (Gate area) 
      Cumulative area ratio:    0.27
      Required ratio:    0.00 (Cumulative area) 

    Via: L1M1_PR
      Partial area ratio:    0.23
      Required ratio:    3.00 (Gate area) 
      Cumulative area ratio:    0.23
      Required ratio:    0.00 (Cumulative area) 

  Pin: _22192_/A0 (sky130_fd_sc_hd__mux2_1)
    Layer: met4
      Partial area ratio:   16.76
      Required ratio:    0.00 (Gate area) 
      Partial area ratio:   89.86
      Required ratio: 4534.52 (Side area) 
      Cumulative area ratio:   22.04
      Required ratio:    0.00 (Cumulative area) 
      Cumulative area ratio:  118.81
      Required ratio:    0.00 (Cumulative side area) 

    Layer: met3
      Partial area ratio:    3.48
      Required ratio:    0.00 (Gate area) 
      Partial area ratio:   19.43
      Required ratio: 2773.88 (Side area) 
      Cumulative area ratio:    5.28
      Required ratio:    0.00 (Cumulative area) 
      Cumulative area ratio:   28.96
      Required ratio:    0.00 (Cumulative side area) 

    Layer: met2
      Partial area ratio:    0.84
      Required ratio:    0.00 (Gate area) 
      Partial area ratio:    4.38
      Required ratio: 2773.88 (Side area) 
      Cumulative area ratio:    1.80
      Required ratio:    0.00 (Cumulative area) 
      Cumulative area ratio:    9.53
      Required ratio:    0.00 (Cumulative side area) 

    Layer: met1
      Partial area ratio:    0.96
      Required ratio:    0.00 (Gate area) 
      Partial area ratio:    5.14
      Required ratio: 2773.88 (Side area) 
      Cumulative area ratio:    0.96
      Required ratio:    0.00 (Cumulative area) 
      Cumulative area ratio:    5.14
      Required ratio:    0.00 (Cumulative side area) 

    Layer: li1
      Partial area ratio:    0.00
      Required ratio:    0.00 (Gate area) 
      Partial area ratio:    0.00
      Required ratio:   75.00 (Side area) 
      Cumulative area ratio:    0.00
      Required ratio:    0.00 (Cumulative area) 
      Cumulative area ratio:    0.00
      Required ratio:    0.00 (Cumulative side area) 

    Via: M3M4_PR
      Partial area ratio:    0.07
      Required ratio:    6.00 (Gate area) 
      Cumulative area ratio:    0.41
      Required ratio:    0.00 (Cumulative area) 

    Via: M2M3_PR
      Partial area ratio:    0.07
      Required ratio:    6.00 (Gate area) 
      Cumulative area ratio:    0.34
      Required ratio:    0.00 (Cumulative area) 

    Via: M1M2_PR
      Partial area ratio:    0.04
      Required ratio:    6.00 (Gate area) 
      Cumulative area ratio:    0.27
      Required ratio:    0.00 (Cumulative area) 

    Via: L1M1_PR
      Partial area ratio:    0.23
      Required ratio:    3.00 (Gate area) 
      Cumulative area ratio:    0.23
      Required ratio:    0.00 (Cumulative area) 

  Pin: ANTENNA__22192__A0/DIODE (sky130_fd_sc_hd__diode_2)
    Layer: met4
      Partial area ratio:   16.76
      Required ratio:    0.00 (Gate area) 
      Partial area ratio:   89.86
      Required ratio: 4534.52 (Side area) 
      Cumulative area ratio:   22.04
      Required ratio:    0.00 (Cumulative area) 
      Cumulative area ratio:  118.81
      Required ratio:    0.00 (Cumulative side area) 

    Layer: met3
      Partial area ratio:    3.48
      Required ratio:    0.00 (Gate area) 
      Partial area ratio:   19.43
      Required ratio: 2773.88 (Side area) 
      Cumulative area ratio:    5.28
      Required ratio:    0.00 (Cumulative area) 
      Cumulative area ratio:   28.96
      Required ratio:    0.00 (Cumulative side area) 

    Layer: met2
      Partial area ratio:    0.84
      Required ratio:    0.00 (Gate area) 
      Partial area ratio:    4.38
      Required ratio: 2773.88 (Side area) 
      Cumulative area ratio:    1.80
      Required ratio:    0.00 (Cumulative area) 
      Cumulative area ratio:    9.53
      Required ratio:    0.00 (Cumulative side area) 

    Layer: met1
      Partial area ratio:    0.96
      Required ratio:    0.00 (Gate area) 
      Partial area ratio:    5.14
      Required ratio: 2773.88 (Side area) 
      Cumulative area ratio:    0.96
      Required ratio:    0.00 (Cumulative area) 
      Cumulative area ratio:    5.14
      Required ratio:    0.00 (Cumulative side area) 

    Layer: li1
      Partial area ratio:    0.00
      Required ratio:    0.00 (Gate area) 
      Partial area ratio:    0.00
      Required ratio:  270.61 (Side area) 
      Cumulative area ratio:    0.00
      Required ratio:    0.00 (Cumulative area) 
      Cumulative area ratio:    0.00
      Required ratio:    0.00 (Cumulative side area) 

    Via: M3M4_PR
      Partial area ratio:    0.07
      Required ratio:    6.00 (Gate area) 
      Cumulative area ratio:    0.25
      Required ratio:    0.00 (Cumulative area) 

    Via: M2M3_PR
      Partial area ratio:    0.07
      Required ratio:    6.00 (Gate area) 
      Cumulative area ratio:    0.18
      Required ratio:    0.00 (Cumulative area) 

    Via: M1M2_PR
      Partial area ratio:    0.04
      Required ratio:    6.00 (Gate area) 
      Cumulative area ratio:    0.11
      Required ratio:    0.00 (Cumulative area) 

    Via: L1M1_PR
      Partial area ratio:    0.07
      Required ratio:    3.00 (Gate area) 
      Cumulative area ratio:    0.07
      Required ratio:    0.00 (Cumulative area) 

  Pin: ANTENNA__22459__A1/DIODE (sky130_fd_sc_hd__diode_2)
    Layer: met3
      Partial area ratio:   21.65
      Required ratio:    0.00 (Gate area) 
      Partial area ratio:  116.59
      Required ratio: 4012.88 (Side area) 
      Cumulative area ratio:  141.54
      Required ratio:    0.00 (Cumulative area) 
      Cumulative area ratio:  727.21
      Required ratio:    0.00 (Cumulative side area) 

    Layer: met4
      Partial area ratio:   16.76
      Required ratio:    0.00 (Gate area) 
      Partial area ratio:   89.86
      Required ratio: 4534.52 (Side area) 
      Cumulative area ratio:  158.30
      Required ratio:    0.00 (Cumulative area) 
      Cumulative area ratio:  817.07
      Required ratio:    0.00 (Cumulative side area) 

    Layer: met2
      Partial area ratio:    9.56
      Required ratio:    0.00 (Gate area) 
      Partial area ratio:   48.21
      Required ratio: 3121.64 (Side area) 
      Cumulative area ratio:   14.95
      Required ratio:    0.00 (Cumulative area) 
      Cumulative area ratio:   75.68
      Required ratio:    0.00 (Cumulative side area) 

    Layer: met1
      Partial area ratio:    5.39
      Required ratio:    0.00 (Gate area) 
      Partial area ratio:   27.47
      Required ratio: 2773.88 (Side area) 
      Cumulative area ratio:    5.39
      Required ratio:    0.00 (Cumulative area) 
      Cumulative area ratio:   27.47
      Required ratio:    0.00 (Cumulative side area) 

    Layer: li1
      Partial area ratio:    0.00
      Required ratio:    0.00 (Gate area) 
      Partial area ratio:    0.00
      Required ratio:  270.61 (Side area) 
      Cumulative area ratio:    0.00
      Required ratio:    0.00 (Cumulative area) 
      Cumulative area ratio:    0.00
      Required ratio:    0.00 (Cumulative side area) 

    Via: M3M4_PR
      Partial area ratio:    0.02
      Required ratio:    6.00 (Gate area) 
      Cumulative area ratio:    1.40
      Required ratio:    0.00 (Cumulative area) 

    Via: M2M3_PR
      Partial area ratio:    0.05
      Required ratio:    6.00 (Gate area) 
      Cumulative area ratio:    0.19
      Required ratio:    0.00 (Cumulative area) 

    Via: M1M2_PR
      Partial area ratio:    0.08
      Required ratio:    6.00 (Gate area) 
      Cumulative area ratio:    0.15
      Required ratio:    0.00 (Cumulative area) 

    Via: L1M1_PR
      Partial area ratio:    0.07
      Required ratio:    3.00 (Gate area) 
      Cumulative area ratio:    0.07
      Required ratio:    0.00 (Cumulative area) 

  Pin: _22459_/A1 (sky130_fd_sc_hd__mux2_1)
    Layer: met3
      Partial area ratio:   21.65
      Required ratio:    0.00 (Gate area) 
      Partial area ratio:  116.59
      Required ratio: 4012.88 (Side area) 
      Cumulative area ratio:  141.54
      Required ratio:    0.00 (Cumulative area) 
      Cumulative area ratio:  727.21
      Required ratio:    0.00 (Cumulative side area) 

    Layer: met4
      Partial area ratio:   16.76
      Required ratio:    0.00 (Gate area) 
      Partial area ratio:   89.86
      Required ratio: 4534.52 (Side area) 
      Cumulative area ratio:  158.30
      Required ratio:    0.00 (Cumulative area) 
      Cumulative area ratio:  817.07
      Required ratio:    0.00 (Cumulative side area) 

    Layer: met2
      Partial area ratio:    9.56
      Required ratio:    0.00 (Gate area) 
      Partial area ratio:   48.21
      Required ratio: 3121.64 (Side area) 
      Cumulative area ratio:   14.95
      Required ratio:    0.00 (Cumulative area) 
      Cumulative area ratio:   75.68
      Required ratio:    0.00 (Cumulative side area) 

    Layer: met1
      Partial area ratio:    5.39
      Required ratio:    0.00 (Gate area) 
      Partial area ratio:   27.47
      Required ratio: 2773.88 (Side area) 
      Cumulative area ratio:    5.39
      Required ratio:    0.00 (Cumulative area) 
      Cumulative area ratio:   27.47
      Required ratio:    0.00 (Cumulative side area) 

    Layer: li1
      Partial area ratio:    0.00
      Required ratio:    0.00 (Gate area) 
      Partial area ratio:    0.00
      Required ratio:   75.00 (Side area) 
      Cumulative area ratio:    0.00
      Required ratio:    0.00 (Cumulative area) 
      Cumulative area ratio:    0.00
      Required ratio:    0.00 (Cumulative side area) 

    Via: M3M4_PR
      Partial area ratio:    0.02
      Required ratio:    6.00 (Gate area) 
      Cumulative area ratio:    1.56
      Required ratio:    0.00 (Cumulative area) 

    Via: M2M3_PR
      Partial area ratio:    0.05
      Required ratio:    6.00 (Gate area) 
      Cumulative area ratio:    0.36
      Required ratio:    0.00 (Cumulative area) 

    Via: M1M2_PR
      Partial area ratio:    0.08
      Required ratio:    6.00 (Gate area) 
      Cumulative area ratio:    0.31
      Required ratio:    0.00 (Cumulative area) 

    Via: L1M1_PR
      Partial area ratio:    0.23
      Required ratio:    3.00 (Gate area) 
      Cumulative area ratio:    0.23
      Required ratio:    0.00 (Cumulative area) 

  Pin: ANTENNA__22996__A0/DIODE (sky130_fd_sc_hd__diode_2)
    Layer: met3
      Partial area ratio:   21.65
      Required ratio:    0.00 (Gate area) 
      Partial area ratio:  116.59
      Required ratio: 4012.88 (Side area) 
      Cumulative area ratio:  141.88
      Required ratio:    0.00 (Cumulative area) 
      Cumulative area ratio:  729.14
      Required ratio:    0.00 (Cumulative side area) 

    Layer: met4
      Partial area ratio:   16.76
      Required ratio:    0.00 (Gate area) 
      Partial area ratio:   89.86
      Required ratio: 4534.52 (Side area) 
      Cumulative area ratio:  158.64
      Required ratio:    0.00 (Cumulative area) 
      Cumulative area ratio:  819.00
      Required ratio:    0.00 (Cumulative side area) 

    Layer: met2
      Partial area ratio:    9.56
      Required ratio:    0.00 (Gate area) 
      Partial area ratio:   48.21
      Required ratio: 3121.64 (Side area) 
      Cumulative area ratio:   98.40
      Required ratio:    0.00 (Cumulative area) 
      Cumulative area ratio:  498.61
      Required ratio:    0.00 (Cumulative side area) 

    Layer: met1
      Partial area ratio:    0.34
      Required ratio:    0.00 (Gate area) 
      Partial area ratio:    1.93
      Required ratio: 2773.88 (Side area) 
      Cumulative area ratio:    0.34
      Required ratio:    0.00 (Cumulative area) 
      Cumulative area ratio:    1.93
      Required ratio:    0.00 (Cumulative side area) 

    Layer: li1
      Partial area ratio:    0.00
      Required ratio:    0.00 (Gate area) 
      Partial area ratio:    0.00
      Required ratio:  270.61 (Side area) 
      Cumulative area ratio:    0.00
      Required ratio:    0.00 (Cumulative area) 
      Cumulative area ratio:    0.00
      Required ratio:    0.00 (Cumulative side area) 

    Via: M3M4_PR
      Partial area ratio:    0.02
      Required ratio:    6.00 (Gate area) 
      Cumulative area ratio:    1.45
      Required ratio:    0.00 (Cumulative area) 

    Via: M2M3_PR
      Partial area ratio:    0.05
      Required ratio:    6.00 (Gate area) 
      Cumulative area ratio:    0.78
      Required ratio:    0.00 (Cumulative area) 

    Via: M1M2_PR
      Partial area ratio:    0.05
      Required ratio:    6.00 (Gate area) 
      Cumulative area ratio:    0.12
      Required ratio:    0.00 (Cumulative area) 

    Via: L1M1_PR
      Partial area ratio:    0.07
      Required ratio:    3.00 (Gate area) 
      Cumulative area ratio:    0.07
      Required ratio:    0.00 (Cumulative area) 

  Pin: _22996_/A0 (sky130_fd_sc_hd__mux2_1)
    Layer: met3
      Partial area ratio:   21.65
      Required ratio:    0.00 (Gate area) 
      Partial area ratio:  116.59
      Required ratio: 4012.88 (Side area) 
      Cumulative area ratio:  141.54
      Required ratio:    0.00 (Cumulative area) 
      Cumulative area ratio:  727.21
      Required ratio:    0.00 (Cumulative side area) 

    Layer: met4
      Partial area ratio:   16.76
      Required ratio:    0.00 (Gate area) 
      Partial area ratio:   89.86
      Required ratio: 4534.52 (Side area) 
      Cumulative area ratio:  158.30
      Required ratio:    0.00 (Cumulative area) 
      Cumulative area ratio:  817.07
      Required ratio:    0.00 (Cumulative side area) 

    Layer: met2
      Partial area ratio:    9.56
      Required ratio:    0.00 (Gate area) 
      Partial area ratio:   48.21
      Required ratio: 3121.64 (Side area) 
      Cumulative area ratio:   98.06
      Required ratio:    0.00 (Cumulative area) 
      Cumulative area ratio:  496.68
      Required ratio:    0.00 (Cumulative side area) 

    Layer: met1
      Partial area ratio:   83.11
      Required ratio:    0.00 (Gate area) 
      Partial area ratio:  421.00
      Required ratio:  400.00 (Side area) (VIOLATED)
      Cumulative area ratio:   83.11
      Required ratio:    0.00 (Cumulative area) 
      Cumulative area ratio:  421.00
      Required ratio:    0.00 (Cumulative side area) 

    Layer: li1
      Partial area ratio:    0.00
      Required ratio:    0.00 (Gate area) 
      Partial area ratio:    0.00
      Required ratio:   75.00 (Side area) 
      Cumulative area ratio:    0.00
      Required ratio:    0.00 (Cumulative area) 
      Cumulative area ratio:    0.00
      Required ratio:    0.00 (Cumulative side area) 

    Via: M3M4_PR
      Partial area ratio:    0.02
      Required ratio:    6.00 (Gate area) 
      Cumulative area ratio:    1.56
      Required ratio:    0.00 (Cumulative area) 

    Via: M2M3_PR
      Partial area ratio:    0.05
      Required ratio:    6.00 (Gate area) 
      Cumulative area ratio:    0.89
      Required ratio:    0.00 (Cumulative area) 

    Via: M1M2_PR
      Partial area ratio:    0.54
      Required ratio:    6.00 (Gate area) 
      Cumulative area ratio:    0.77
      Required ratio:    0.00 (Cumulative area) 

    Via: L1M1_PR
      Partial area ratio:    0.23
      Required ratio:    3.00 (Gate area) 
      Cumulative area ratio:    0.23
      Required ratio:    0.00 (Cumulative area) 

  Pin: ANTENNA__23265__A0/DIODE (sky130_fd_sc_hd__diode_2)
    Layer: met3
      Partial area ratio:    0.14
      Required ratio:    0.00 (Gate area) 
      Partial area ratio:    1.18
      Required ratio: 2947.76 (Side area) 
      Cumulative area ratio:    6.13
      Required ratio:    0.00 (Cumulative area) 
      Cumulative area ratio:   31.91
      Required ratio:    0.00 (Cumulative side area) 

    Layer: met2
      Partial area ratio:    5.22
      Required ratio:    0.00 (Gate area) 
      Partial area ratio:   26.39
      Required ratio: 2947.76 (Side area) 
      Cumulative area ratio:    5.99
      Required ratio:    0.00 (Cumulative area) 
      Cumulative area ratio:   30.73
      Required ratio:    0.00 (Cumulative side area) 

    Layer: met1
      Partial area ratio:    0.76
      Required ratio:    0.00 (Gate area) 
      Partial area ratio:    4.34
      Required ratio: 2773.88 (Side area) 
      Cumulative area ratio:    0.76
      Required ratio:    0.00 (Cumulative area) 
      Cumulative area ratio:    4.34
      Required ratio:    0.00 (Cumulative side area) 

    Layer: li1
      Partial area ratio:    0.00
      Required ratio:    0.00 (Gate area) 
      Partial area ratio:    0.00
      Required ratio:  270.61 (Side area) 
      Cumulative area ratio:    0.00
      Required ratio:    0.00 (Cumulative area) 
      Cumulative area ratio:    0.00
      Required ratio:    0.00 (Cumulative side area) 

    Via: M3M4_PR
      Partial area ratio:    0.04
      Required ratio:    6.00 (Gate area) 
      Cumulative area ratio:    0.22
      Required ratio:    0.00 (Cumulative area) 

    Via: M2M3_PR
      Partial area ratio:    0.04
      Required ratio:    6.00 (Gate area) 
      Cumulative area ratio:    0.18
      Required ratio:    0.00 (Cumulative area) 

    Via: M1M2_PR
      Partial area ratio:    0.08
      Required ratio:    6.00 (Gate area) 
      Cumulative area ratio:    0.15
      Required ratio:    0.00 (Cumulative area) 

    Via: L1M1_PR
      Partial area ratio:    0.07
      Required ratio:    3.00 (Gate area) 
      Cumulative area ratio:    0.07
      Required ratio:    0.00 (Cumulative area) 

  Pin: _23547_/A0 (sky130_fd_sc_hd__mux2_1)
    Layer: met3
      Partial area ratio:    0.14
      Required ratio:    0.00 (Gate area) 
      Partial area ratio:    1.18
      Required ratio: 2947.76 (Side area) 
      Cumulative area ratio:    6.97
      Required ratio:    0.00 (Cumulative area) 
      Cumulative area ratio:   36.48
      Required ratio:    0.00 (Cumulative side area) 

    Layer: met2
      Partial area ratio:    5.22
      Required ratio:    0.00 (Gate area) 
      Partial area ratio:   26.39
      Required ratio: 2947.76 (Side area) 
      Cumulative area ratio:    6.83
      Required ratio:    0.00 (Cumulative area) 
      Cumulative area ratio:   35.30
      Required ratio:    0.00 (Cumulative side area) 

    Layer: met1
      Partial area ratio:    0.84
      Required ratio:    0.00 (Gate area) 
      Partial area ratio:    4.57
      Required ratio: 2773.88 (Side area) 
      Cumulative area ratio:    0.84
      Required ratio:    0.00 (Cumulative area) 
      Cumulative area ratio:    4.57
      Required ratio:    0.00 (Cumulative side area) 

    Layer: li1
      Partial area ratio:    0.00
      Required ratio:    0.00 (Gate area) 
      Partial area ratio:    0.00
      Required ratio:   75.00 (Side area) 
      Cumulative area ratio:    0.00
      Required ratio:    0.00 (Cumulative area) 
      Cumulative area ratio:    0.00
      Required ratio:    0.00 (Cumulative side area) 

    Via: M3M4_PR
      Partial area ratio:    0.04
      Required ratio:    6.00 (Gate area) 
      Cumulative area ratio:    0.42
      Required ratio:    0.00 (Cumulative area) 

    Via: M2M3_PR
      Partial area ratio:    0.04
      Required ratio:    6.00 (Gate area) 
      Cumulative area ratio:    0.39
      Required ratio:    0.00 (Cumulative area) 

    Via: M1M2_PR
      Partial area ratio:    0.04
      Required ratio:    6.00 (Gate area) 
      Cumulative area ratio:    0.27
      Required ratio:    0.00 (Cumulative area) 

    Via: L1M1_PR
      Partial area ratio:    0.23
      Required ratio:    3.00 (Gate area) 
      Cumulative area ratio:    0.23
      Required ratio:    0.00 (Cumulative area) 

  Pin: ANTENNA__23547__A0/DIODE (sky130_fd_sc_hd__diode_2)
    Layer: met3
      Partial area ratio:    0.14
      Required ratio:    0.00 (Gate area) 
      Partial area ratio:    1.18
      Required ratio: 2947.76 (Side area) 
      Cumulative area ratio:    6.97
      Required ratio:    0.00 (Cumulative area) 
      Cumulative area ratio:   36.48
      Required ratio:    0.00 (Cumulative side area) 

    Layer: met2
      Partial area ratio:    5.22
      Required ratio:    0.00 (Gate area) 
      Partial area ratio:   26.39
      Required ratio: 2947.76 (Side area) 
      Cumulative area ratio:    6.83
      Required ratio:    0.00 (Cumulative area) 
      Cumulative area ratio:   35.30
      Required ratio:    0.00 (Cumulative side area) 

    Layer: met1
      Partial area ratio:    0.84
      Required ratio:    0.00 (Gate area) 
      Partial area ratio:    4.57
      Required ratio: 2773.88 (Side area) 
      Cumulative area ratio:    0.84
      Required ratio:    0.00 (Cumulative area) 
      Cumulative area ratio:    4.57
      Required ratio:    0.00 (Cumulative side area) 

    Layer: li1
      Partial area ratio:    0.00
      Required ratio:    0.00 (Gate area) 
      Partial area ratio:    0.00
      Required ratio:  270.61 (Side area) 
      Cumulative area ratio:    0.00
      Required ratio:    0.00 (Cumulative area) 
      Cumulative area ratio:    0.00
      Required ratio:    0.00 (Cumulative side area) 

    Via: M3M4_PR
      Partial area ratio:    0.04
      Required ratio:    6.00 (Gate area) 
      Cumulative area ratio:    0.26
      Required ratio:    0.00 (Cumulative area) 

    Via: M2M3_PR
      Partial area ratio:    0.04
      Required ratio:    6.00 (Gate area) 
      Cumulative area ratio:    0.22
      Required ratio:    0.00 (Cumulative area) 

    Via: M1M2_PR
      Partial area ratio:    0.04
      Required ratio:    6.00 (Gate area) 
      Cumulative area ratio:    0.11
      Required ratio:    0.00 (Cumulative area) 

    Via: L1M1_PR
      Partial area ratio:    0.07
      Required ratio:    3.00 (Gate area) 
      Cumulative area ratio:    0.07
      Required ratio:    0.00 (Cumulative area) 

  Pin: _23265_/A0 (sky130_fd_sc_hd__mux2_1)
    Layer: met3
      Partial area ratio:    0.14
      Required ratio:    0.00 (Gate area) 
      Partial area ratio:    1.18
      Required ratio: 2947.76 (Side area) 
      Cumulative area ratio:    6.13
      Required ratio:    0.00 (Cumulative area) 
      Cumulative area ratio:   31.91
      Required ratio:    0.00 (Cumulative side area) 

    Layer: met2
      Partial area ratio:    5.22
      Required ratio:    0.00 (Gate area) 
      Partial area ratio:   26.39
      Required ratio: 2947.76 (Side area) 
      Cumulative area ratio:    5.99
      Required ratio:    0.00 (Cumulative area) 
      Cumulative area ratio:   30.73
      Required ratio:    0.00 (Cumulative side area) 

    Layer: met1
      Partial area ratio:    0.76
      Required ratio:    0.00 (Gate area) 
      Partial area ratio:    4.34
      Required ratio: 2773.88 (Side area) 
      Cumulative area ratio:    0.76
      Required ratio:    0.00 (Cumulative area) 
      Cumulative area ratio:    4.34
      Required ratio:    0.00 (Cumulative side area) 

    Layer: li1
      Partial area ratio:    0.00
      Required ratio:    0.00 (Gate area) 
      Partial area ratio:    0.00
      Required ratio:   75.00 (Side area) 
      Cumulative area ratio:    0.00
      Required ratio:    0.00 (Cumulative area) 
      Cumulative area ratio:    0.00
      Required ratio:    0.00 (Cumulative side area) 

    Via: M3M4_PR
      Partial area ratio:    0.04
      Required ratio:    6.00 (Gate area) 
      Cumulative area ratio:    0.38
      Required ratio:    0.00 (Cumulative area) 

    Via: M2M3_PR
      Partial area ratio:    0.04
      Required ratio:    6.00 (Gate area) 
      Cumulative area ratio:    0.35
      Required ratio:    0.00 (Cumulative area) 

    Via: M1M2_PR
      Partial area ratio:    0.08
      Required ratio:    6.00 (Gate area) 
      Cumulative area ratio:    0.31
      Required ratio:    0.00 (Cumulative area) 

    Via: L1M1_PR
      Partial area ratio:    0.23
      Required ratio:    3.00 (Gate area) 
      Cumulative area ratio:    0.23
      Required ratio:    0.00 (Cumulative area) 

  Pin: ANTENNA__21924__A0/DIODE (sky130_fd_sc_hd__diode_2)
    Layer: met3
      Partial area ratio:   21.65
      Required ratio:    0.00 (Gate area) 
      Partial area ratio:  116.59
      Required ratio: 4012.88 (Side area) 
      Cumulative area ratio:  141.54
      Required ratio:    0.00 (Cumulative area) 
      Cumulative area ratio:  727.21
      Required ratio:    0.00 (Cumulative side area) 

    Layer: met4
      Partial area ratio:   16.76
      Required ratio:    0.00 (Gate area) 
      Partial area ratio:   89.86
      Required ratio: 4534.52 (Side area) 
      Cumulative area ratio:  158.30
      Required ratio:    0.00 (Cumulative area) 
      Cumulative area ratio:  817.07
      Required ratio:    0.00 (Cumulative side area) 

    Layer: met2
      Partial area ratio:    9.56
      Required ratio:    0.00 (Gate area) 
      Partial area ratio:   48.21
      Required ratio: 3121.64 (Side area) 
      Cumulative area ratio:  114.42
      Required ratio:    0.00 (Cumulative area) 
      Cumulative area ratio:  582.35
      Required ratio:    0.00 (Cumulative side area) 

    Layer: met1
      Partial area ratio:    0.00
      Required ratio:    0.00 (Gate area) 
      Partial area ratio:    0.00
      Required ratio: 2773.88 (Side area) 
      Cumulative area ratio:    0.00
      Required ratio:    0.00 (Cumulative area) 
      Cumulative area ratio:    0.00
      Required ratio:    0.00 (Cumulative side area) 

    Layer: li1
      Partial area ratio:    0.00
      Required ratio:    0.00 (Gate area) 
      Partial area ratio:    0.00
      Required ratio:  270.61 (Side area) 
      Cumulative area ratio:    0.00
      Required ratio:    0.00 (Cumulative area) 
      Cumulative area ratio:    0.00
      Required ratio:    0.00 (Cumulative side area) 

    Via: M3M4_PR
      Partial area ratio:    0.02
      Required ratio:    6.00 (Gate area) 
      Cumulative area ratio:    1.45
      Required ratio:    0.00 (Cumulative area) 

    Via: M2M3_PR
      Partial area ratio:    0.05
      Required ratio:    6.00 (Gate area) 
      Cumulative area ratio:    1.14
      Required ratio:    0.00 (Cumulative area) 

    Via: M1M2_PR
      Partial area ratio:    0.05
      Required ratio:    6.00 (Gate area) 
      Cumulative area ratio:    0.12
      Required ratio:    0.00 (Cumulative area) 

    Via: L1M1_PR
      Partial area ratio:    0.07
      Required ratio:    3.00 (Gate area) 
      Cumulative area ratio:    0.07
      Required ratio:    0.00 (Cumulative area) 

  Pin: _21924_/A0 (sky130_fd_sc_hd__mux2_1)
    Layer: met3
      Partial area ratio:   21.65
      Required ratio:    0.00 (Gate area) 
      Partial area ratio:  116.59
      Required ratio: 4012.88 (Side area) 
      Cumulative area ratio:  141.54
      Required ratio:    0.00 (Cumulative area) 
      Cumulative area ratio:  727.21
      Required ratio:    0.00 (Cumulative side area) 

    Layer: met4
      Partial area ratio:   16.76
      Required ratio:    0.00 (Gate area) 
      Partial area ratio:   89.86
      Required ratio: 4534.52 (Side area) 
      Cumulative area ratio:  158.30
      Required ratio:    0.00 (Cumulative area) 
      Cumulative area ratio:  817.07
      Required ratio:    0.00 (Cumulative side area) 

    Layer: met2
      Partial area ratio:    9.56
      Required ratio:    0.00 (Gate area) 
      Partial area ratio:   48.21
      Required ratio: 3121.64 (Side area) 
      Cumulative area ratio:  114.42
      Required ratio:    0.00 (Cumulative area) 
      Cumulative area ratio:  582.35
      Required ratio:    0.00 (Cumulative side area) 

    Layer: met1
      Partial area ratio:   16.36
      Required ratio:    0.00 (Gate area) 
      Partial area ratio:   85.67
      Required ratio:  400.00 (Side area) 
      Cumulative area ratio:   16.36
      Required ratio:    0.00 (Cumulative area) 
      Cumulative area ratio:   85.67
      Required ratio:    0.00 (Cumulative side area) 

    Layer: li1
      Partial area ratio:    0.00
      Required ratio:    0.00 (Gate area) 
      Partial area ratio:    0.00
      Required ratio:   75.00 (Side area) 
      Cumulative area ratio:    0.00
      Required ratio:    0.00 (Cumulative area) 
      Cumulative area ratio:    0.00
      Required ratio:    0.00 (Cumulative side area) 

    Via: M3M4_PR
      Partial area ratio:    0.02
      Required ratio:    6.00 (Gate area) 
      Cumulative area ratio:    1.56
      Required ratio:    0.00 (Cumulative area) 

    Via: M2M3_PR
      Partial area ratio:    0.05
      Required ratio:    6.00 (Gate area) 
      Cumulative area ratio:    1.25
      Required ratio:    0.00 (Cumulative area) 

    Via: M1M2_PR
      Partial area ratio:    0.36
      Required ratio:    6.00 (Gate area) 
      Cumulative area ratio:    0.59
      Required ratio:    0.00 (Cumulative area) 

    Via: L1M1_PR
      Partial area ratio:    0.23
      Required ratio:    3.00 (Gate area) 
      Cumulative area ratio:    0.23
      Required ratio:    0.00 (Cumulative area) 

  Pin: ANTENNA__22728__A0/DIODE (sky130_fd_sc_hd__diode_2)
    Layer: met3
      Partial area ratio:   21.65
      Required ratio:    0.00 (Gate area) 
      Partial area ratio:  116.59
      Required ratio: 4012.88 (Side area) 
      Cumulative area ratio:   27.91
      Required ratio:    0.00 (Cumulative area) 
      Cumulative area ratio:  149.02
      Required ratio:    0.00 (Cumulative side area) 

    Layer: met2
      Partial area ratio:    0.95
      Required ratio:    0.00 (Gate area) 
      Partial area ratio:    5.29
      Required ratio: 2773.88 (Side area) 
      Cumulative area ratio:    1.74
      Required ratio:    0.00 (Cumulative area) 
      Cumulative area ratio:    9.45
      Required ratio:    0.00 (Cumulative side area) 

    Layer: met4
      Partial area ratio:   16.76
      Required ratio:    0.00 (Gate area) 
      Partial area ratio:   89.86
      Required ratio: 4534.52 (Side area) 
      Cumulative area ratio:   44.67
      Required ratio:    0.00 (Cumulative area) 
      Cumulative area ratio:  238.88
      Required ratio:    0.00 (Cumulative side area) 

    Layer: met1
      Partial area ratio:    0.79
      Required ratio:    0.00 (Gate area) 
      Partial area ratio:    4.15
      Required ratio: 2773.88 (Side area) 
      Cumulative area ratio:    0.79
      Required ratio:    0.00 (Cumulative area) 
      Cumulative area ratio:    4.15
      Required ratio:    0.00 (Cumulative side area) 

    Layer: li1
      Partial area ratio:    0.00
      Required ratio:    0.00 (Gate area) 
      Partial area ratio:    0.00
      Required ratio:  270.61 (Side area) 
      Cumulative area ratio:    0.00
      Required ratio:    0.00 (Cumulative area) 
      Cumulative area ratio:    0.00
      Required ratio:    0.00 (Cumulative side area) 

    Via: M3M4_PR
      Partial area ratio:    0.02
      Required ratio:    6.00 (Gate area) 
      Cumulative area ratio:    0.43
      Required ratio:    0.00 (Cumulative area) 

    Via: M2M3_PR
      Partial area ratio:    0.14
      Required ratio:    6.00 (Gate area) 
      Cumulative area ratio:    0.26
      Required ratio:    0.00 (Cumulative area) 

    Via: M1M2_PR
      Partial area ratio:    0.05
      Required ratio:    6.00 (Gate area) 
      Cumulative area ratio:    0.12
      Required ratio:    0.00 (Cumulative area) 

    Via: L1M1_PR
      Partial area ratio:    0.07
      Required ratio:    3.00 (Gate area) 
      Cumulative area ratio:    0.07
      Required ratio:    0.00 (Cumulative area) 

  Pin: _22728_/A0 (sky130_fd_sc_hd__mux2_1)
    Layer: met3
      Partial area ratio:   21.65
      Required ratio:    0.00 (Gate area) 
      Partial area ratio:  116.59
      Required ratio: 4012.88 (Side area) 
      Cumulative area ratio:   27.13
      Required ratio:    0.00 (Cumulative area) 
      Cumulative area ratio:  144.86
      Required ratio:    0.00 (Cumulative side area) 

    Layer: met2
      Partial area ratio:    0.95
      Required ratio:    0.00 (Gate area) 
      Partial area ratio:    5.29
      Required ratio: 2773.88 (Side area) 
      Cumulative area ratio:    0.95
      Required ratio:    0.00 (Cumulative area) 
      Cumulative area ratio:    5.29
      Required ratio:    0.00 (Cumulative side area) 

    Layer: met4
      Partial area ratio:   16.76
      Required ratio:    0.00 (Gate area) 
      Partial area ratio:   89.86
      Required ratio: 4534.52 (Side area) 
      Cumulative area ratio:   43.89
      Required ratio:    0.00 (Cumulative area) 
      Cumulative area ratio:  234.72
      Required ratio:    0.00 (Cumulative side area) 

    Layer: met1
      Partial area ratio:    0.00
      Required ratio:    0.00 (Gate area) 
      Partial area ratio:    0.00
      Required ratio:  400.00 (Side area) 
      Cumulative area ratio:    0.00
      Required ratio:    0.00 (Cumulative area) 
      Cumulative area ratio:    0.00
      Required ratio:    0.00 (Cumulative side area) 

    Layer: li1
      Partial area ratio:    0.00
      Required ratio:    0.00 (Gate area) 
      Partial area ratio:    0.00
      Required ratio:   75.00 (Side area) 
      Cumulative area ratio:    0.00
      Required ratio:    0.00 (Cumulative area) 
      Cumulative area ratio:    0.00
      Required ratio:    0.00 (Cumulative side area) 

    Via: M3M4_PR
      Partial area ratio:    0.02
      Required ratio:    6.00 (Gate area) 
      Cumulative area ratio:    0.72
      Required ratio:    0.00 (Cumulative area) 

    Via: M2M3_PR
      Partial area ratio:    0.14
      Required ratio:    6.00 (Gate area) 
      Cumulative area ratio:    0.55
      Required ratio:    0.00 (Cumulative area) 

    Via: M1M2_PR
      Partial area ratio:    0.18
      Required ratio:    6.00 (Gate area) 
      Cumulative area ratio:    0.41
      Required ratio:    0.00 (Cumulative area) 

    Via: L1M1_PR
      Partial area ratio:    0.23
      Required ratio:    3.00 (Gate area) 
      Cumulative area ratio:    0.23
      Required ratio:    0.00 (Cumulative area) 


Net: _16882_
  Pin: _25001_/A (sky130_fd_sc_hd__clkbuf_4)
    Layer: met2
      Partial area ratio:   12.62
      Required ratio:    0.00 (Gate area) 
      Partial area ratio:   64.04
      Required ratio: 2918.08 (Side area) 
      Cumulative area ratio:   20.61
      Required ratio:    0.00 (Cumulative area) 
      Cumulative area ratio:  105.84
      Required ratio:    0.00 (Cumulative side area) 

    Layer: met1
      Partial area ratio:    7.99
      Required ratio:    0.00 (Gate area) 
      Partial area ratio:   41.80
      Required ratio:  400.00 (Side area) 
      Cumulative area ratio:    7.99
      Required ratio:    0.00 (Cumulative area) 
      Cumulative area ratio:   41.80
      Required ratio:    0.00 (Cumulative side area) 

    Layer: li1
      Partial area ratio:    0.00
      Required ratio:    0.00 (Gate area) 
      Partial area ratio:    0.00
      Required ratio:   75.00 (Side area) 
      Cumulative area ratio:    0.00
      Required ratio:    0.00 (Cumulative area) 
      Cumulative area ratio:    0.00
      Required ratio:    0.00 (Cumulative side area) 

    Via: M1M2_PR
      Partial area ratio:    0.21
      Required ratio:    6.00 (Gate area) 
      Cumulative area ratio:    0.35
      Required ratio:    0.00 (Cumulative area) 

    Via: L1M1_PR
      Partial area ratio:    0.14
      Required ratio:    3.00 (Gate area) 
      Cumulative area ratio:    0.14
      Required ratio:    0.00 (Cumulative area) 

  Pin: _25357_/B_N (sky130_fd_sc_hd__or2b_1)
    Layer: met2
      Partial area ratio:   12.62
      Required ratio:    0.00 (Gate area) 
      Partial area ratio:   64.04
      Required ratio: 2918.08 (Side area) 
      Cumulative area ratio:   28.32
      Required ratio:    0.00 (Cumulative area) 
      Cumulative area ratio:  145.95
      Required ratio:    0.00 (Cumulative side area) 

    Layer: met1
      Partial area ratio:    7.71
      Required ratio:    0.00 (Gate area) 
      Partial area ratio:   40.11
      Required ratio:  400.00 (Side area) 
      Cumulative area ratio:    7.71
      Required ratio:    0.00 (Cumulative area) 
      Cumulative area ratio:   40.11
      Required ratio:    0.00 (Cumulative side area) 

    Layer: li1
      Partial area ratio:    0.00
      Required ratio:    0.00 (Gate area) 
      Partial area ratio:    0.00
      Required ratio:   75.00 (Side area) 
      Cumulative area ratio:    0.00
      Required ratio:    0.00 (Cumulative area) 
      Cumulative area ratio:    0.00
      Required ratio:    0.00 (Cumulative side area) 

    Via: M1M2_PR
      Partial area ratio:    0.18
      Required ratio:    6.00 (Gate area) 
      Cumulative area ratio:    0.41
      Required ratio:    0.00 (Cumulative area) 

    Via: L1M1_PR
      Partial area ratio:    0.23
      Required ratio:    3.00 (Gate area) 
      Cumulative area ratio:    0.23
      Required ratio:    0.00 (Cumulative area) 

  Pin: _25619_/B_N (sky130_fd_sc_hd__or2b_1)
    Layer: met2
      Partial area ratio:   12.62
      Required ratio:    0.00 (Gate area) 
      Partial area ratio:   64.04
      Required ratio: 2918.08 (Side area) 
      Cumulative area ratio:   15.35
      Required ratio:    0.00 (Cumulative area) 
      Cumulative area ratio:   79.26
      Required ratio:    0.00 (Cumulative side area) 

    Layer: met1
      Partial area ratio:    2.73
      Required ratio:    0.00 (Gate area) 
      Partial area ratio:   15.22
      Required ratio:  400.00 (Side area) 
      Cumulative area ratio:    2.73
      Required ratio:    0.00 (Cumulative area) 
      Cumulative area ratio:   15.22
      Required ratio:    0.00 (Cumulative side area) 

    Layer: li1
      Partial area ratio:    0.00
      Required ratio:    0.00 (Gate area) 
      Partial area ratio:    0.00
      Required ratio:   75.00 (Side area) 
      Cumulative area ratio:    0.00
      Required ratio:    0.00 (Cumulative area) 
      Cumulative area ratio:    0.00
      Required ratio:    0.00 (Cumulative side area) 

    Via: M1M2_PR
      Partial area ratio:    0.18
      Required ratio:    6.00 (Gate area) 
      Cumulative area ratio:    0.41
      Required ratio:    0.00 (Cumulative area) 

    Via: L1M1_PR
      Partial area ratio:    0.23
      Required ratio:    3.00 (Gate area) 
      Cumulative area ratio:    0.23
      Required ratio:    0.00 (Cumulative area) 

  Pin: _25512_/B_N (sky130_fd_sc_hd__or2b_1)
    Layer: met1
      Partial area ratio:    6.82
      Required ratio:    0.00 (Gate area) 
      Partial area ratio:   35.67
      Required ratio:  400.00 (Side area) 
      Cumulative area ratio:    6.82
      Required ratio:    0.00 (Cumulative area) 
      Cumulative area ratio:   35.67
      Required ratio:    0.00 (Cumulative side area) 

    Layer: li1
      Partial area ratio:    0.00
      Required ratio:    0.00 (Gate area) 
      Partial area ratio:    0.00
      Required ratio:   75.00 (Side area) 
      Cumulative area ratio:    0.00
      Required ratio:    0.00 (Cumulative area) 
      Cumulative area ratio:    0.00
      Required ratio:    0.00 (Cumulative side area) 

    Via: M1M2_PR
      Partial area ratio:    0.18
      Required ratio:    6.00 (Gate area) 
      Cumulative area ratio:    0.41
      Required ratio:    0.00 (Cumulative area) 

    Via: L1M1_PR
      Partial area ratio:    0.23
      Required ratio:    3.00 (Gate area) 
      Cumulative area ratio:    0.23
      Required ratio:    0.00 (Cumulative area) 

  Pin: _25109_/B_N (sky130_fd_sc_hd__or2b_1)
    Layer: met1
      Partial area ratio:    2.24
      Required ratio:    0.00 (Gate area) 
      Partial area ratio:   15.11
      Required ratio:  400.00 (Side area) 
      Cumulative area ratio:    2.24
      Required ratio:    0.00 (Cumulative area) 
      Cumulative area ratio:   15.11
      Required ratio:    0.00 (Cumulative side area) 

    Layer: li1
      Partial area ratio:    0.00
      Required ratio:    0.00 (Gate area) 
      Partial area ratio:    0.00
      Required ratio:   75.00 (Side area) 
      Cumulative area ratio:    0.00
      Required ratio:    0.00 (Cumulative area) 
      Cumulative area ratio:    0.00
      Required ratio:    0.00 (Cumulative side area) 

    Via: M1M2_PR
      Partial area ratio:    0.18
      Required ratio:    6.00 (Gate area) 
      Cumulative area ratio:    0.41
      Required ratio:    0.00 (Cumulative area) 

    Via: L1M1_PR
      Partial area ratio:    0.23
      Required ratio:    3.00 (Gate area) 
      Cumulative area ratio:    0.23
      Required ratio:    0.00 (Cumulative area) 

  Pin: _25176_/B_N (sky130_fd_sc_hd__or2b_1)
    Layer: met1
      Partial area ratio:  101.44
      Required ratio:    0.00 (Gate area) 
      Partial area ratio:  518.89
      Required ratio:  400.00 (Side area) (VIOLATED)
      Cumulative area ratio:  101.44
      Required ratio:    0.00 (Cumulative area) 
      Cumulative area ratio:  518.89
      Required ratio:    0.00 (Cumulative side area) 

    Layer: li1
      Partial area ratio:    0.00
      Required ratio:    0.00 (Gate area) 
      Partial area ratio:    0.00
      Required ratio:   75.00 (Side area) 
      Cumulative area ratio:    0.00
      Required ratio:    0.00 (Cumulative area) 
      Cumulative area ratio:    0.00
      Required ratio:    0.00 (Cumulative side area) 

    Via: M1M2_PR
      Partial area ratio:    0.71
      Required ratio:    6.00 (Gate area) 
      Cumulative area ratio:    0.94
      Required ratio:    0.00 (Cumulative area) 

    Via: L1M1_PR
      Partial area ratio:    0.23
      Required ratio:    3.00 (Gate area) 
      Cumulative area ratio:    0.23
      Required ratio:    0.00 (Cumulative area) 

  Pin: _24632_/A (sky130_fd_sc_hd__clkbuf_4)
    Layer: met1
      Partial area ratio:    1.06
      Required ratio:    0.00 (Gate area) 
      Partial area ratio:    5.75
      Required ratio:  400.00 (Side area) 
      Cumulative area ratio:    1.06
      Required ratio:    0.00 (Cumulative area) 
      Cumulative area ratio:    5.75
      Required ratio:    0.00 (Cumulative side area) 

    Layer: li1
      Partial area ratio:    0.00
      Required ratio:    0.00 (Gate area) 
      Partial area ratio:    0.00
      Required ratio:   75.00 (Side area) 
      Cumulative area ratio:    0.00
      Required ratio:    0.00 (Cumulative area) 
      Cumulative area ratio:    0.00
      Required ratio:    0.00 (Cumulative side area) 

    Via: M1M2_PR
      Partial area ratio:    0.05
      Required ratio:    6.00 (Gate area) 
      Cumulative area ratio:    0.18
      Required ratio:    0.00 (Cumulative area) 

    Via: L1M1_PR
      Partial area ratio:    0.14
      Required ratio:    3.00 (Gate area) 
      Cumulative area ratio:    0.14
      Required ratio:    0.00 (Cumulative area) 

  Pin: _24853_/A (sky130_fd_sc_hd__buf_4)
    Layer: met1
      Partial area ratio:    1.06
      Required ratio:    0.00 (Gate area) 
      Partial area ratio:    5.75
      Required ratio:  400.00 (Side area) 
      Cumulative area ratio:    1.06
      Required ratio:    0.00 (Cumulative area) 
      Cumulative area ratio:    5.75
      Required ratio:    0.00 (Cumulative side area) 

    Layer: li1
      Partial area ratio:    0.00
      Required ratio:    0.00 (Gate area) 
      Partial area ratio:    0.00
      Required ratio:   75.00 (Side area) 
      Cumulative area ratio:    0.00
      Required ratio:    0.00 (Cumulative area) 
      Cumulative area ratio:    0.00
      Required ratio:    0.00 (Cumulative side area) 

    Via: M1M2_PR
      Partial area ratio:    0.05
      Required ratio:    6.00 (Gate area) 
      Cumulative area ratio:    0.17
      Required ratio:    0.00 (Cumulative area) 

    Via: L1M1_PR
      Partial area ratio:    0.12
      Required ratio:    3.00 (Gate area) 
      Cumulative area ratio:    0.12
      Required ratio:    0.00 (Cumulative area) 

  Pin: _24721_/A (sky130_fd_sc_hd__buf_4)
    Layer: met1
      Partial area ratio:    4.32
      Required ratio:    0.00 (Gate area) 
      Partial area ratio:   22.40
      Required ratio:  400.00 (Side area) 
      Cumulative area ratio:    4.32
      Required ratio:    0.00 (Cumulative area) 
      Cumulative area ratio:   22.40
      Required ratio:    0.00 (Cumulative side area) 

    Layer: li1
      Partial area ratio:    0.00
      Required ratio:    0.00 (Gate area) 
      Partial area ratio:    0.00
      Required ratio:   75.00 (Side area) 
      Cumulative area ratio:    0.00
      Required ratio:    0.00 (Cumulative area) 
      Cumulative area ratio:    0.00
      Required ratio:    0.00 (Cumulative side area) 

    Via: M1M2_PR
      Partial area ratio:    0.18
      Required ratio:    6.00 (Gate area) 
      Cumulative area ratio:    0.30
      Required ratio:    0.00 (Cumulative area) 

    Via: L1M1_PR
      Partial area ratio:    0.12
      Required ratio:    3.00 (Gate area) 
      Cumulative area ratio:    0.12
      Required ratio:    0.00 (Cumulative area) 

  Pin: _24611_/B (sky130_fd_sc_hd__or3_2)
    Layer: met1
      Partial area ratio:    7.84
      Required ratio:    0.00 (Gate area) 
      Partial area ratio:   40.78
      Required ratio:  400.00 (Side area) 
      Cumulative area ratio:    7.84
      Required ratio:    0.00 (Cumulative area) 
      Cumulative area ratio:   40.78
      Required ratio:    0.00 (Cumulative side area) 

    Layer: li1
      Partial area ratio:    0.00
      Required ratio:    0.00 (Gate area) 
      Partial area ratio:    0.00
      Required ratio:   75.00 (Side area) 
      Cumulative area ratio:    0.00
      Required ratio:    0.00 (Cumulative area) 
      Cumulative area ratio:    0.00
      Required ratio:    0.00 (Cumulative side area) 

    Via: M1M2_PR
      Partial area ratio:    0.18
      Required ratio:    6.00 (Gate area) 
      Cumulative area ratio:    0.41
      Required ratio:    0.00 (Cumulative area) 

    Via: L1M1_PR
      Partial area ratio:    0.23
      Required ratio:    3.00 (Gate area) 
      Cumulative area ratio:    0.23
      Required ratio:    0.00 (Cumulative area) 


Net: _16994_
  Pin: _25794_/B_N (sky130_fd_sc_hd__or2b_1)
    Layer: met2
      Partial area ratio:    8.45
      Required ratio:    0.00 (Gate area) 
      Partial area ratio:   42.87
      Required ratio: 3304.16 (Side area) 
      Cumulative area ratio:   16.14
      Required ratio:    0.00 (Cumulative area) 
      Cumulative area ratio:   82.19
      Required ratio:    0.00 (Cumulative side area) 

    Layer: met1
      Partial area ratio:    7.69
      Required ratio:    0.00 (Gate area) 
      Partial area ratio:   39.33
      Required ratio: 2773.88 (Side area) 
      Cumulative area ratio:    7.69
      Required ratio:    0.00 (Cumulative area) 
      Cumulative area ratio:   39.33
      Required ratio:    0.00 (Cumulative side area) 

    Layer: li1
      Partial area ratio:    0.00
      Required ratio:    0.00 (Gate area) 
      Partial area ratio:    0.00
      Required ratio:   75.00 (Side area) 
      Cumulative area ratio:    0.00
      Required ratio:    0.00 (Cumulative area) 
      Cumulative area ratio:    0.00
      Required ratio:    0.00 (Cumulative side area) 

    Layer: met3
      Partial area ratio:    2.41
      Required ratio:    0.00 (Gate area) 
      Partial area ratio:   13.12
      Required ratio: 4695.20 (Side area) 
      Cumulative area ratio:   18.55
      Required ratio:    0.00 (Cumulative area) 
      Cumulative area ratio:   95.31
      Required ratio:    0.00 (Cumulative side area) 

    Via: M2M3_PR
      Partial area ratio:    0.04
      Required ratio:    6.00 (Gate area) 
      Cumulative area ratio:    0.31
      Required ratio:    0.00 (Cumulative area) 

    Via: M1M2_PR
      Partial area ratio:    0.04
      Required ratio:    6.00 (Gate area) 
      Cumulative area ratio:    0.27
      Required ratio:    0.00 (Cumulative area) 

    Via: L1M1_PR
      Partial area ratio:    0.23
      Required ratio:    3.00 (Gate area) 
      Cumulative area ratio:    0.23
      Required ratio:    0.00 (Cumulative area) 

  Pin: ANTENNA__25794__B_N/DIODE (sky130_fd_sc_hd__diode_2)
    Layer: met2
      Partial area ratio:    8.45
      Required ratio:    0.00 (Gate area) 
      Partial area ratio:   42.87
      Required ratio: 3304.16 (Side area) 
      Cumulative area ratio:   16.14
      Required ratio:    0.00 (Cumulative area) 
      Cumulative area ratio:   82.19
      Required ratio:    0.00 (Cumulative side area) 

    Layer: met1
      Partial area ratio:    7.69
      Required ratio:    0.00 (Gate area) 
      Partial area ratio:   39.33
      Required ratio: 2773.88 (Side area) 
      Cumulative area ratio:    7.69
      Required ratio:    0.00 (Cumulative area) 
      Cumulative area ratio:   39.33
      Required ratio:    0.00 (Cumulative side area) 

    Layer: li1
      Partial area ratio:    0.00
      Required ratio:    0.00 (Gate area) 
      Partial area ratio:    0.00
      Required ratio:  270.61 (Side area) 
      Cumulative area ratio:    0.00
      Required ratio:    0.00 (Cumulative area) 
      Cumulative area ratio:    0.00
      Required ratio:    0.00 (Cumulative side area) 

    Layer: met3
      Partial area ratio:    2.41
      Required ratio:    0.00 (Gate area) 
      Partial area ratio:   13.12
      Required ratio: 4695.20 (Side area) 
      Cumulative area ratio:   18.55
      Required ratio:    0.00 (Cumulative area) 
      Cumulative area ratio:   95.31
      Required ratio:    0.00 (Cumulative side area) 

    Via: M2M3_PR
      Partial area ratio:    0.04
      Required ratio:    6.00 (Gate area) 
      Cumulative area ratio:    0.14
      Required ratio:    0.00 (Cumulative area) 

    Via: M1M2_PR
      Partial area ratio:    0.04
      Required ratio:    6.00 (Gate area) 
      Cumulative area ratio:    0.11
      Required ratio:    0.00 (Cumulative area) 

    Via: L1M1_PR
      Partial area ratio:    0.07
      Required ratio:    3.00 (Gate area) 
      Cumulative area ratio:    0.07
      Required ratio:    0.00 (Cumulative area) 

  Pin: ANTENNA__25389__B_N/DIODE (sky130_fd_sc_hd__diode_2)
    Layer: met2
      Partial area ratio:    8.45
      Required ratio:    0.00 (Gate area) 
      Partial area ratio:   42.87
      Required ratio: 3304.16 (Side area) 
      Cumulative area ratio:    8.64
      Required ratio:    0.00 (Cumulative area) 
      Cumulative area ratio:   44.06
      Required ratio:    0.00 (Cumulative side area) 

    Layer: met1
      Partial area ratio:    0.19
      Required ratio:    0.00 (Gate area) 
      Partial area ratio:    1.19
      Required ratio: 2773.88 (Side area) 
      Cumulative area ratio:    0.19
      Required ratio:    0.00 (Cumulative area) 
      Cumulative area ratio:    1.19
      Required ratio:    0.00 (Cumulative side area) 

    Layer: li1
      Partial area ratio:    0.00
      Required ratio:    0.00 (Gate area) 
      Partial area ratio:    0.00
      Required ratio:  270.61 (Side area) 
      Cumulative area ratio:    0.00
      Required ratio:    0.00 (Cumulative area) 
      Cumulative area ratio:    0.00
      Required ratio:    0.00 (Cumulative side area) 

    Layer: met3
      Partial area ratio:    2.41
      Required ratio:    0.00 (Gate area) 
      Partial area ratio:   13.12
      Required ratio: 4695.20 (Side area) 
      Cumulative area ratio:   11.05
      Required ratio:    0.00 (Cumulative area) 
      Cumulative area ratio:   57.17
      Required ratio:    0.00 (Cumulative side area) 

    Via: M2M3_PR
      Partial area ratio:    0.04
      Required ratio:    6.00 (Gate area) 
      Cumulative area ratio:    0.15
      Required ratio:    0.00 (Cumulative area) 

    Via: M1M2_PR
      Partial area ratio:    0.05
      Required ratio:    6.00 (Gate area) 
      Cumulative area ratio:    0.12
      Required ratio:    0.00 (Cumulative area) 

    Via: L1M1_PR
      Partial area ratio:    0.07
      Required ratio:    3.00 (Gate area) 
      Cumulative area ratio:    0.07
      Required ratio:    0.00 (Cumulative area) 

  Pin: _25389_/B_N (sky130_fd_sc_hd__or2b_1)
    Layer: met2
      Partial area ratio:    8.45
      Required ratio:    0.00 (Gate area) 
      Partial area ratio:   42.87
      Required ratio: 3304.16 (Side area) 
      Cumulative area ratio:   11.70
      Required ratio:    0.00 (Cumulative area) 
      Cumulative area ratio:   60.64
      Required ratio:    0.00 (Cumulative side area) 

    Layer: met1
      Partial area ratio:    3.24
      Required ratio:    0.00 (Gate area) 
      Partial area ratio:   17.78
      Required ratio:  400.00 (Side area) 
      Cumulative area ratio:    3.24
      Required ratio:    0.00 (Cumulative area) 
      Cumulative area ratio:   17.78
      Required ratio:    0.00 (Cumulative side area) 

    Layer: li1
      Partial area ratio:    0.00
      Required ratio:    0.00 (Gate area) 
      Partial area ratio:    0.00
      Required ratio:   75.00 (Side area) 
      Cumulative area ratio:    0.00
      Required ratio:    0.00 (Cumulative area) 
      Cumulative area ratio:    0.00
      Required ratio:    0.00 (Cumulative side area) 

    Layer: met3
      Partial area ratio:    2.41
      Required ratio:    0.00 (Gate area) 
      Partial area ratio:   13.12
      Required ratio: 4695.20 (Side area) 
      Cumulative area ratio:   14.11
      Required ratio:    0.00 (Cumulative area) 
      Cumulative area ratio:   73.76
      Required ratio:    0.00 (Cumulative side area) 

    Via: M2M3_PR
      Partial area ratio:    0.04
      Required ratio:    6.00 (Gate area) 
      Cumulative area ratio:    0.44
      Required ratio:    0.00 (Cumulative area) 

    Via: M1M2_PR
      Partial area ratio:    0.18
      Required ratio:    6.00 (Gate area) 
      Cumulative area ratio:    0.41
      Required ratio:    0.00 (Cumulative area) 

    Via: L1M1_PR
      Partial area ratio:    0.23
      Required ratio:    3.00 (Gate area) 
      Cumulative area ratio:    0.23
      Required ratio:    0.00 (Cumulative area) 

  Pin: ANTENNA__24767__B_N/DIODE (sky130_fd_sc_hd__diode_2)
    Layer: met3
      Partial area ratio:    2.41
      Required ratio:    0.00 (Gate area) 
      Partial area ratio:   13.12
      Required ratio: 4695.20 (Side area) 
      Cumulative area ratio:   95.34
      Required ratio:    0.00 (Cumulative area) 
      Cumulative area ratio:  486.00
      Required ratio:    0.00 (Cumulative side area) 

    Layer: met2
      Partial area ratio:    6.66
      Required ratio:    0.00 (Gate area) 
      Partial area ratio:   33.93
      Required ratio: 3295.52 (Side area) 
      Cumulative area ratio:   10.37
      Required ratio:    0.00 (Cumulative area) 
      Cumulative area ratio:   53.49
      Required ratio:    0.00 (Cumulative side area) 

    Layer: met1
      Partial area ratio:    0.49
      Required ratio:    0.00 (Gate area) 
      Partial area ratio:    2.67
      Required ratio: 2773.88 (Side area) 
      Cumulative area ratio:    0.49
      Required ratio:    0.00 (Cumulative area) 
      Cumulative area ratio:    2.67
      Required ratio:    0.00 (Cumulative side area) 

    Layer: li1
      Partial area ratio:    0.00
      Required ratio:    0.00 (Gate area) 
      Partial area ratio:    0.00
      Required ratio:  270.61 (Side area) 
      Cumulative area ratio:    0.00
      Required ratio:    0.00 (Cumulative area) 
      Cumulative area ratio:    0.00
      Required ratio:    0.00 (Cumulative side area) 

    Via: M2M3_PR
      Partial area ratio:    0.04
      Required ratio:    6.00 (Gate area) 
      Cumulative area ratio:    0.51
      Required ratio:    0.00 (Cumulative area) 

    Via: M1M2_PR
      Partial area ratio:    0.05
      Required ratio:    6.00 (Gate area) 
      Cumulative area ratio:    0.12
      Required ratio:    0.00 (Cumulative area) 

    Via: L1M1_PR
      Partial area ratio:    0.07
      Required ratio:    3.00 (Gate area) 
      Cumulative area ratio:    0.07
      Required ratio:    0.00 (Cumulative area) 

  Pin: ANTENNA__25476__B_N/DIODE (sky130_fd_sc_hd__diode_2)
    Layer: met3
      Partial area ratio:    2.41
      Required ratio:    0.00 (Gate area) 
      Partial area ratio:   13.12
      Required ratio: 4695.20 (Side area) 
      Cumulative area ratio:  102.12
      Required ratio:    0.00 (Cumulative area) 
      Cumulative area ratio:  520.47
      Required ratio:    0.00 (Cumulative side area) 

    Layer: met2
      Partial area ratio:    7.07
      Required ratio:    0.00 (Gate area) 
      Partial area ratio:   35.95
      Required ratio: 3121.64 (Side area) 
      Cumulative area ratio:    7.27
      Required ratio:    0.00 (Cumulative area) 
      Cumulative area ratio:   37.14
      Required ratio:    0.00 (Cumulative side area) 

    Layer: met1
      Partial area ratio:    0.19
      Required ratio:    0.00 (Gate area) 
      Partial area ratio:    1.19
      Required ratio: 2773.88 (Side area) 
      Cumulative area ratio:    0.19
      Required ratio:    0.00 (Cumulative area) 
      Cumulative area ratio:    1.19
      Required ratio:    0.00 (Cumulative side area) 

    Layer: li1
      Partial area ratio:    0.00
      Required ratio:    0.00 (Gate area) 
      Partial area ratio:    0.00
      Required ratio:  270.61 (Side area) 
      Cumulative area ratio:    0.00
      Required ratio:    0.00 (Cumulative area) 
      Cumulative area ratio:    0.00
      Required ratio:    0.00 (Cumulative side area) 

    Via: M2M3_PR
      Partial area ratio:    0.02
      Required ratio:    6.00 (Gate area) 
      Cumulative area ratio:    0.14
      Required ratio:    0.00 (Cumulative area) 

    Via: M1M2_PR
      Partial area ratio:    0.05
      Required ratio:    6.00 (Gate area) 
      Cumulative area ratio:    0.12
      Required ratio:    0.00 (Cumulative area) 

    Via: L1M1_PR
      Partial area ratio:    0.07
      Required ratio:    3.00 (Gate area) 
      Cumulative area ratio:    0.07
      Required ratio:    0.00 (Cumulative area) 

  Pin: _25476_/B_N (sky130_fd_sc_hd__or2b_1)
    Layer: met3
      Partial area ratio:    2.41
      Required ratio:    0.00 (Gate area) 
      Partial area ratio:   13.12
      Required ratio: 4695.20 (Side area) 
      Cumulative area ratio:  106.17
      Required ratio:    0.00 (Cumulative area) 
      Cumulative area ratio:  541.28
      Required ratio:    0.00 (Cumulative side area) 

    Layer: met2
      Partial area ratio:    7.07
      Required ratio:    0.00 (Gate area) 
      Partial area ratio:   35.95
      Required ratio: 3121.64 (Side area) 
      Cumulative area ratio:   11.32
      Required ratio:    0.00 (Cumulative area) 
      Cumulative area ratio:   57.95
      Required ratio:    0.00 (Cumulative side area) 

    Layer: met1
      Partial area ratio:    4.24
      Required ratio:    0.00 (Gate area) 
      Partial area ratio:   22.00
      Required ratio:  400.00 (Side area) 
      Cumulative area ratio:    4.24
      Required ratio:    0.00 (Cumulative area) 
      Cumulative area ratio:   22.00
      Required ratio:    0.00 (Cumulative side area) 

    Layer: li1
      Partial area ratio:    0.00
      Required ratio:    0.00 (Gate area) 
      Partial area ratio:    0.00
      Required ratio:   75.00 (Side area) 
      Cumulative area ratio:    0.00
      Required ratio:    0.00 (Cumulative area) 
      Cumulative area ratio:    0.00
      Required ratio:    0.00 (Cumulative side area) 

    Via: M2M3_PR
      Partial area ratio:    0.02
      Required ratio:    6.00 (Gate area) 
      Cumulative area ratio:    0.43
      Required ratio:    0.00 (Cumulative area) 

    Via: M1M2_PR
      Partial area ratio:    0.18
      Required ratio:    6.00 (Gate area) 
      Cumulative area ratio:    0.41
      Required ratio:    0.00 (Cumulative area) 

    Via: L1M1_PR
      Partial area ratio:    0.23
      Required ratio:    3.00 (Gate area) 
      Cumulative area ratio:    0.23
      Required ratio:    0.00 (Cumulative area) 

  Pin: _25310_/B_N (sky130_fd_sc_hd__or2b_1)
    Layer: met3
      Partial area ratio:    2.41
      Required ratio:    0.00 (Gate area) 
      Partial area ratio:   13.12
      Required ratio: 4695.20 (Side area) 
      Cumulative area ratio:  105.66
      Required ratio:    0.00 (Cumulative area) 
      Cumulative area ratio:  538.72
      Required ratio:    0.00 (Cumulative side area) 

    Layer: met2
      Partial area ratio:    7.07
      Required ratio:    0.00 (Gate area) 
      Partial area ratio:   35.95
      Required ratio: 3121.64 (Side area) 
      Cumulative area ratio:   10.81
      Required ratio:    0.00 (Cumulative area) 
      Cumulative area ratio:   55.40
      Required ratio:    0.00 (Cumulative side area) 

    Layer: met1
      Partial area ratio:    3.73
      Required ratio:    0.00 (Gate area) 
      Partial area ratio:   19.44
      Required ratio:  400.00 (Side area) 
      Cumulative area ratio:    3.73
      Required ratio:    0.00 (Cumulative area) 
      Cumulative area ratio:   19.44
      Required ratio:    0.00 (Cumulative side area) 

    Layer: li1
      Partial area ratio:    0.00
      Required ratio:    0.00 (Gate area) 
      Partial area ratio:    0.00
      Required ratio:   75.00 (Side area) 
      Cumulative area ratio:    0.00
      Required ratio:    0.00 (Cumulative area) 
      Cumulative area ratio:    0.00
      Required ratio:    0.00 (Cumulative side area) 

    Via: M2M3_PR
      Partial area ratio:    0.02
      Required ratio:    6.00 (Gate area) 
      Cumulative area ratio:    0.43
      Required ratio:    0.00 (Cumulative area) 

    Via: M1M2_PR
      Partial area ratio:    0.18
      Required ratio:    6.00 (Gate area) 
      Cumulative area ratio:    0.41
      Required ratio:    0.00 (Cumulative area) 

    Via: L1M1_PR
      Partial area ratio:    0.23
      Required ratio:    3.00 (Gate area) 
      Cumulative area ratio:    0.23
      Required ratio:    0.00 (Cumulative area) 

  Pin: ANTENNA__25310__B_N/DIODE (sky130_fd_sc_hd__diode_2)
    Layer: met3
      Partial area ratio:    2.41
      Required ratio:    0.00 (Gate area) 
      Partial area ratio:   13.12
      Required ratio: 4695.20 (Side area) 
      Cumulative area ratio:  102.12
      Required ratio:    0.00 (Cumulative area) 
      Cumulative area ratio:  520.47
      Required ratio:    0.00 (Cumulative side area) 

    Layer: met2
      Partial area ratio:    7.07
      Required ratio:    0.00 (Gate area) 
      Partial area ratio:   35.95
      Required ratio: 3121.64 (Side area) 
      Cumulative area ratio:    7.27
      Required ratio:    0.00 (Cumulative area) 
      Cumulative area ratio:   37.14
      Required ratio:    0.00 (Cumulative side area) 

    Layer: met1
      Partial area ratio:    0.19
      Required ratio:    0.00 (Gate area) 
      Partial area ratio:    1.19
      Required ratio: 2773.88 (Side area) 
      Cumulative area ratio:    0.19
      Required ratio:    0.00 (Cumulative area) 
      Cumulative area ratio:    1.19
      Required ratio:    0.00 (Cumulative side area) 

    Layer: li1
      Partial area ratio:    0.00
      Required ratio:    0.00 (Gate area) 
      Partial area ratio:    0.00
      Required ratio:  270.61 (Side area) 
      Cumulative area ratio:    0.00
      Required ratio:    0.00 (Cumulative area) 
      Cumulative area ratio:    0.00
      Required ratio:    0.00 (Cumulative side area) 

    Via: M2M3_PR
      Partial area ratio:    0.02
      Required ratio:    6.00 (Gate area) 
      Cumulative area ratio:    0.14
      Required ratio:    0.00 (Cumulative area) 

    Via: M1M2_PR
      Partial area ratio:    0.05
      Required ratio:    6.00 (Gate area) 
      Cumulative area ratio:    0.12
      Required ratio:    0.00 (Cumulative area) 

    Via: L1M1_PR
      Partial area ratio:    0.07
      Required ratio:    3.00 (Gate area) 
      Cumulative area ratio:    0.07
      Required ratio:    0.00 (Cumulative area) 

  Pin: _25319_/B_N (sky130_fd_sc_hd__or2b_1)
    Layer: met3
      Partial area ratio:    2.41
      Required ratio:    0.00 (Gate area) 
      Partial area ratio:   13.12
      Required ratio: 4695.20 (Side area) 
      Cumulative area ratio:  105.66
      Required ratio:    0.00 (Cumulative area) 
      Cumulative area ratio:  538.72
      Required ratio:    0.00 (Cumulative side area) 

    Layer: met2
      Partial area ratio:    7.07
      Required ratio:    0.00 (Gate area) 
      Partial area ratio:   35.95
      Required ratio: 3121.64 (Side area) 
      Cumulative area ratio:   10.81
      Required ratio:    0.00 (Cumulative area) 
      Cumulative area ratio:   55.40
      Required ratio:    0.00 (Cumulative side area) 

    Layer: met1
      Partial area ratio:    3.73
      Required ratio:    0.00 (Gate area) 
      Partial area ratio:   19.44
      Required ratio:  400.00 (Side area) 
      Cumulative area ratio:    3.73
      Required ratio:    0.00 (Cumulative area) 
      Cumulative area ratio:   19.44
      Required ratio:    0.00 (Cumulative side area) 

    Layer: li1
      Partial area ratio:    0.00
      Required ratio:    0.00 (Gate area) 
      Partial area ratio:    0.00
      Required ratio:   75.00 (Side area) 
      Cumulative area ratio:    0.00
      Required ratio:    0.00 (Cumulative area) 
      Cumulative area ratio:    0.00
      Required ratio:    0.00 (Cumulative side area) 

    Via: M2M3_PR
      Partial area ratio:    0.02
      Required ratio:    6.00 (Gate area) 
      Cumulative area ratio:    0.43
      Required ratio:    0.00 (Cumulative area) 

    Via: M1M2_PR
      Partial area ratio:    0.18
      Required ratio:    6.00 (Gate area) 
      Cumulative area ratio:    0.41
      Required ratio:    0.00 (Cumulative area) 

    Via: L1M1_PR
      Partial area ratio:    0.23
      Required ratio:    3.00 (Gate area) 
      Cumulative area ratio:    0.23
      Required ratio:    0.00 (Cumulative area) 

  Pin: ANTENNA__25319__B_N/DIODE (sky130_fd_sc_hd__diode_2)
    Layer: met3
      Partial area ratio:    2.41
      Required ratio:    0.00 (Gate area) 
      Partial area ratio:   13.12
      Required ratio: 4695.20 (Side area) 
      Cumulative area ratio:  101.93
      Required ratio:    0.00 (Cumulative area) 
      Cumulative area ratio:  519.28
      Required ratio:    0.00 (Cumulative side area) 

    Layer: met2
      Partial area ratio:    7.07
      Required ratio:    0.00 (Gate area) 
      Partial area ratio:   35.95
      Required ratio: 3121.64 (Side area) 
      Cumulative area ratio:    7.07
      Required ratio:    0.00 (Cumulative area) 
      Cumulative area ratio:   35.95
      Required ratio:    0.00 (Cumulative side area) 

    Layer: met1
      Partial area ratio:    0.00
      Required ratio:    0.00 (Gate area) 
      Partial area ratio:    0.00
      Required ratio: 2773.88 (Side area) 
      Cumulative area ratio:    0.00
      Required ratio:    0.00 (Cumulative area) 
      Cumulative area ratio:    0.00
      Required ratio:    0.00 (Cumulative side area) 

    Layer: li1
      Partial area ratio:    0.00
      Required ratio:    0.00 (Gate area) 
      Partial area ratio:    0.00
      Required ratio:  270.61 (Side area) 
      Cumulative area ratio:    0.00
      Required ratio:    0.00 (Cumulative area) 
      Cumulative area ratio:    0.00
      Required ratio:    0.00 (Cumulative side area) 

    Via: M2M3_PR
      Partial area ratio:    0.02
      Required ratio:    6.00 (Gate area) 
      Cumulative area ratio:    0.14
      Required ratio:    0.00 (Cumulative area) 

    Via: M1M2_PR
      Partial area ratio:    0.05
      Required ratio:    6.00 (Gate area) 
      Cumulative area ratio:    0.12
      Required ratio:    0.00 (Cumulative area) 

    Via: L1M1_PR
      Partial area ratio:    0.07
      Required ratio:    3.00 (Gate area) 
      Cumulative area ratio:    0.07
      Required ratio:    0.00 (Cumulative area) 

  Pin: _24722_/B_N (sky130_fd_sc_hd__or2b_1)
    Layer: met3
      Partial area ratio:    2.41
      Required ratio:    0.00 (Gate area) 
      Partial area ratio:   13.12
      Required ratio: 4695.20 (Side area) 
      Cumulative area ratio:   94.85
      Required ratio:    0.00 (Cumulative area) 
      Cumulative area ratio:  483.32
      Required ratio:    0.00 (Cumulative side area) 

    Layer: met2
      Partial area ratio:    6.66
      Required ratio:    0.00 (Gate area) 
      Partial area ratio:   33.93
      Required ratio: 3295.52 (Side area) 
      Cumulative area ratio:   92.44
      Required ratio:    0.00 (Cumulative area) 
      Cumulative area ratio:  470.21
      Required ratio:    0.00 (Cumulative side area) 

    Layer: met1
      Partial area ratio:    2.25
      Required ratio:    0.00 (Gate area) 
      Partial area ratio:   11.61
      Required ratio: 2773.88 (Side area) 
      Cumulative area ratio:    2.25
      Required ratio:    0.00 (Cumulative area) 
      Cumulative area ratio:   11.61
      Required ratio:    0.00 (Cumulative side area) 

    Layer: li1
      Partial area ratio:    0.00
      Required ratio:    0.00 (Gate area) 
      Partial area ratio:    0.00
      Required ratio:   75.00 (Side area) 
      Cumulative area ratio:    0.00
      Required ratio:    0.00 (Cumulative area) 
      Cumulative area ratio:    0.00
      Required ratio:    0.00 (Cumulative side area) 

    Via: M2M3_PR
      Partial area ratio:    0.04
      Required ratio:    6.00 (Gate area) 
      Cumulative area ratio:    1.06
      Required ratio:    0.00 (Cumulative area) 

    Via: M1M2_PR
      Partial area ratio:    0.08
      Required ratio:    6.00 (Gate area) 
      Cumulative area ratio:    0.31
      Required ratio:    0.00 (Cumulative area) 

    Via: L1M1_PR
      Partial area ratio:    0.23
      Required ratio:    3.00 (Gate area) 
      Cumulative area ratio:    0.23
      Required ratio:    0.00 (Cumulative area) 

  Pin: ANTENNA__24722__B_N/DIODE (sky130_fd_sc_hd__diode_2)
    Layer: met3
      Partial area ratio:    2.41
      Required ratio:    0.00 (Gate area) 
      Partial area ratio:   13.12
      Required ratio: 4695.20 (Side area) 
      Cumulative area ratio:   94.85
      Required ratio:    0.00 (Cumulative area) 
      Cumulative area ratio:  483.32
      Required ratio:    0.00 (Cumulative side area) 

    Layer: met2
      Partial area ratio:    6.66
      Required ratio:    0.00 (Gate area) 
      Partial area ratio:   33.93
      Required ratio: 3295.52 (Side area) 
      Cumulative area ratio:   92.44
      Required ratio:    0.00 (Cumulative area) 
      Cumulative area ratio:  470.21
      Required ratio:    0.00 (Cumulative side area) 

    Layer: met1
      Partial area ratio:    2.25
      Required ratio:    0.00 (Gate area) 
      Partial area ratio:   11.61
      Required ratio: 2773.88 (Side area) 
      Cumulative area ratio:    2.25
      Required ratio:    0.00 (Cumulative area) 
      Cumulative area ratio:   11.61
      Required ratio:    0.00 (Cumulative side area) 

    Layer: li1
      Partial area ratio:    0.00
      Required ratio:    0.00 (Gate area) 
      Partial area ratio:    0.00
      Required ratio:  270.61 (Side area) 
      Cumulative area ratio:    0.00
      Required ratio:    0.00 (Cumulative area) 
      Cumulative area ratio:    0.00
      Required ratio:    0.00 (Cumulative side area) 

    Via: M2M3_PR
      Partial area ratio:    0.04
      Required ratio:    6.00 (Gate area) 
      Cumulative area ratio:    0.90
      Required ratio:    0.00 (Cumulative area) 

    Via: M1M2_PR
      Partial area ratio:    0.08
      Required ratio:    6.00 (Gate area) 
      Cumulative area ratio:    0.15
      Required ratio:    0.00 (Cumulative area) 

    Via: L1M1_PR
      Partial area ratio:    0.07
      Required ratio:    3.00 (Gate area) 
      Cumulative area ratio:    0.07
      Required ratio:    0.00 (Cumulative area) 

  Pin: _24767_/B_N (sky130_fd_sc_hd__or2b_1)
    Layer: met3
      Partial area ratio:    2.41
      Required ratio:    0.00 (Gate area) 
      Partial area ratio:   13.12
      Required ratio: 4695.20 (Side area) 
      Cumulative area ratio:   94.85
      Required ratio:    0.00 (Cumulative area) 
      Cumulative area ratio:  483.32
      Required ratio:    0.00 (Cumulative side area) 

    Layer: met2
      Partial area ratio:    6.66
      Required ratio:    0.00 (Gate area) 
      Partial area ratio:   33.93
      Required ratio: 3295.52 (Side area) 
      Cumulative area ratio:   90.19
      Required ratio:    0.00 (Cumulative area) 
      Cumulative area ratio:  458.60
      Required ratio:    0.00 (Cumulative side area) 

    Layer: met1
      Partial area ratio:   80.31
      Required ratio:    0.00 (Gate area) 
      Partial area ratio:  407.78
      Required ratio:  400.00 (Side area) (VIOLATED)
      Cumulative area ratio:   80.31
      Required ratio:    0.00 (Cumulative area) 
      Cumulative area ratio:  407.78
      Required ratio:    0.00 (Cumulative side area) 

    Layer: li1
      Partial area ratio:    0.00
      Required ratio:    0.00 (Gate area) 
      Partial area ratio:    0.00
      Required ratio:   75.00 (Side area) 
      Cumulative area ratio:    0.00
      Required ratio:    0.00 (Cumulative area) 
      Cumulative area ratio:    0.00
      Required ratio:    0.00 (Cumulative side area) 

    Via: M2M3_PR
      Partial area ratio:    0.04
      Required ratio:    6.00 (Gate area) 
      Cumulative area ratio:    0.98
      Required ratio:    0.00 (Cumulative area) 

    Via: M1M2_PR
      Partial area ratio:    0.36
      Required ratio:    6.00 (Gate area) 
      Cumulative area ratio:    0.59
      Required ratio:    0.00 (Cumulative area) 

    Via: L1M1_PR
      Partial area ratio:    0.23
      Required ratio:    3.00 (Gate area) 
      Cumulative area ratio:    0.23
      Required ratio:    0.00 (Cumulative area) 

  Pin: ANTENNA__25637__B_N/DIODE (sky130_fd_sc_hd__diode_2)
    Layer: met3
      Partial area ratio:    2.41
      Required ratio:    0.00 (Gate area) 
      Partial area ratio:   13.12
      Required ratio: 4695.20 (Side area) 
      Cumulative area ratio:  101.76
      Required ratio:    0.00 (Cumulative area) 
      Cumulative area ratio:  518.30
      Required ratio:    0.00 (Cumulative side area) 

    Layer: met2
      Partial area ratio:    6.66
      Required ratio:    0.00 (Gate area) 
      Partial area ratio:   33.93
      Required ratio: 3295.52 (Side area) 
      Cumulative area ratio:   16.78
      Required ratio:    0.00 (Cumulative area) 
      Cumulative area ratio:   85.80
      Required ratio:    0.00 (Cumulative side area) 

    Layer: met1
      Partial area ratio:    6.90
      Required ratio:    0.00 (Gate area) 
      Partial area ratio:   34.98
      Required ratio: 2773.88 (Side area) 
      Cumulative area ratio:    6.90
      Required ratio:    0.00 (Cumulative area) 
      Cumulative area ratio:   34.98
      Required ratio:    0.00 (Cumulative side area) 

    Layer: li1
      Partial area ratio:    0.00
      Required ratio:    0.00 (Gate area) 
      Partial area ratio:    0.00
      Required ratio:  270.61 (Side area) 
      Cumulative area ratio:    0.00
      Required ratio:    0.00 (Cumulative area) 
      Cumulative area ratio:    0.00
      Required ratio:    0.00 (Cumulative side area) 

    Via: M2M3_PR
      Partial area ratio:    0.04
      Required ratio:    6.00 (Gate area) 
      Cumulative area ratio:    0.56
      Required ratio:    0.00 (Cumulative area) 

    Via: M1M2_PR
      Partial area ratio:    0.10
      Required ratio:    6.00 (Gate area) 
      Cumulative area ratio:    0.17
      Required ratio:    0.00 (Cumulative area) 

    Via: L1M1_PR
      Partial area ratio:    0.07
      Required ratio:    3.00 (Gate area) 
      Cumulative area ratio:    0.07
      Required ratio:    0.00 (Cumulative area) 

  Pin: _25637_/B_N (sky130_fd_sc_hd__or2b_1)
    Layer: met3
      Partial area ratio:    2.41
      Required ratio:    0.00 (Gate area) 
      Partial area ratio:   13.12
      Required ratio: 4695.20 (Side area) 
      Cumulative area ratio:  102.42
      Required ratio:    0.00 (Cumulative area) 
      Cumulative area ratio:  522.41
      Required ratio:    0.00 (Cumulative side area) 

    Layer: met2
      Partial area ratio:    6.66
      Required ratio:    0.00 (Gate area) 
      Partial area ratio:   33.93
      Required ratio: 3295.52 (Side area) 
      Cumulative area ratio:   17.45
      Required ratio:    0.00 (Cumulative area) 
      Cumulative area ratio:   89.91
      Required ratio:    0.00 (Cumulative side area) 

    Layer: met1
      Partial area ratio:    0.67
      Required ratio:    0.00 (Gate area) 
      Partial area ratio:    4.11
      Required ratio:  400.00 (Side area) 
      Cumulative area ratio:    0.67
      Required ratio:    0.00 (Cumulative area) 
      Cumulative area ratio:    4.11
      Required ratio:    0.00 (Cumulative side area) 

    Layer: li1
      Partial area ratio:    0.00
      Required ratio:    0.00 (Gate area) 
      Partial area ratio:    0.00
      Required ratio:   75.00 (Side area) 
      Cumulative area ratio:    0.00
      Required ratio:    0.00 (Cumulative area) 
      Cumulative area ratio:    0.00
      Required ratio:    0.00 (Cumulative side area) 

    Via: M2M3_PR
      Partial area ratio:    0.04
      Required ratio:    6.00 (Gate area) 
      Cumulative area ratio:    0.90
      Required ratio:    0.00 (Cumulative area) 

    Via: M1M2_PR
      Partial area ratio:    0.18
      Required ratio:    6.00 (Gate area) 
      Cumulative area ratio:    0.41
      Required ratio:    0.00 (Cumulative area) 

    Via: L1M1_PR
      Partial area ratio:    0.23
      Required ratio:    3.00 (Gate area) 
      Cumulative area ratio:    0.23
      Required ratio:    0.00 (Cumulative area) 

  Pin: _25430_/B_N (sky130_fd_sc_hd__or2b_1)
    Layer: met3
      Partial area ratio:    2.41
      Required ratio:    0.00 (Gate area) 
      Partial area ratio:   13.12
      Required ratio: 4695.20 (Side area) 
      Cumulative area ratio:   94.85
      Required ratio:    0.00 (Cumulative area) 
      Cumulative area ratio:  483.32
      Required ratio:    0.00 (Cumulative side area) 

    Layer: met2
      Partial area ratio:    6.66
      Required ratio:    0.00 (Gate area) 
      Partial area ratio:   33.93
      Required ratio: 3295.52 (Side area) 
      Cumulative area ratio:    9.88
      Required ratio:    0.00 (Cumulative area) 
      Cumulative area ratio:   50.82
      Required ratio:    0.00 (Cumulative side area) 

    Layer: met1
      Partial area ratio:    3.22
      Required ratio:    0.00 (Gate area) 
      Partial area ratio:   16.89
      Required ratio:  400.00 (Side area) 
      Cumulative area ratio:    3.22
      Required ratio:    0.00 (Cumulative area) 
      Cumulative area ratio:   16.89
      Required ratio:    0.00 (Cumulative side area) 

    Layer: li1
      Partial area ratio:    0.00
      Required ratio:    0.00 (Gate area) 
      Partial area ratio:    0.00
      Required ratio:   75.00 (Side area) 
      Cumulative area ratio:    0.00
      Required ratio:    0.00 (Cumulative area) 
      Cumulative area ratio:    0.00
      Required ratio:    0.00 (Cumulative side area) 

    Via: M2M3_PR
      Partial area ratio:    0.04
      Required ratio:    6.00 (Gate area) 
      Cumulative area ratio:    0.62
      Required ratio:    0.00 (Cumulative area) 

    Via: M1M2_PR
      Partial area ratio:    0.36
      Required ratio:    6.00 (Gate area) 
      Cumulative area ratio:    0.59
      Required ratio:    0.00 (Cumulative area) 

    Via: L1M1_PR
      Partial area ratio:    0.23
      Required ratio:    3.00 (Gate area) 
      Cumulative area ratio:    0.23
      Required ratio:    0.00 (Cumulative area) 

  Pin: ANTENNA__25430__B_N/DIODE (sky130_fd_sc_hd__diode_2)
    Layer: met3
      Partial area ratio:    2.41
      Required ratio:    0.00 (Gate area) 
      Partial area ratio:   13.12
      Required ratio: 4695.20 (Side area) 
      Cumulative area ratio:   95.79
      Required ratio:    0.00 (Cumulative area) 
      Cumulative area ratio:  488.22
      Required ratio:    0.00 (Cumulative side area) 

    Layer: met2
      Partial area ratio:    6.66
      Required ratio:    0.00 (Gate area) 
      Partial area ratio:   33.93
      Required ratio: 3295.52 (Side area) 
      Cumulative area ratio:    7.59
      Required ratio:    0.00 (Cumulative area) 
      Cumulative area ratio:   38.83
      Required ratio:    0.00 (Cumulative side area) 

    Layer: met1
      Partial area ratio:    0.93
      Required ratio:    0.00 (Gate area) 
      Partial area ratio:    4.90
      Required ratio: 2773.88 (Side area) 
      Cumulative area ratio:    0.93
      Required ratio:    0.00 (Cumulative area) 
      Cumulative area ratio:    4.90
      Required ratio:    0.00 (Cumulative side area) 

    Layer: li1
      Partial area ratio:    0.00
      Required ratio:    0.00 (Gate area) 
      Partial area ratio:    0.00
      Required ratio:  270.61 (Side area) 
      Cumulative area ratio:    0.00
      Required ratio:    0.00 (Cumulative area) 
      Cumulative area ratio:    0.00
      Required ratio:    0.00 (Cumulative side area) 

    Via: M2M3_PR
      Partial area ratio:    0.04
      Required ratio:    6.00 (Gate area) 
      Cumulative area ratio:    0.15
      Required ratio:    0.00 (Cumulative area) 

    Via: M1M2_PR
      Partial area ratio:    0.05
      Required ratio:    6.00 (Gate area) 
      Cumulative area ratio:    0.12
      Required ratio:    0.00 (Cumulative area) 

    Via: L1M1_PR
      Partial area ratio:    0.07
      Required ratio:    3.00 (Gate area) 
      Cumulative area ratio:    0.07
      Required ratio:    0.00 (Cumulative area) 

  Pin: ANTENNA__25902__B_N/DIODE (sky130_fd_sc_hd__diode_2)
    Layer: met3
      Partial area ratio:    2.41
      Required ratio:    0.00 (Gate area) 
      Partial area ratio:   13.12
      Required ratio: 4695.20 (Side area) 
      Cumulative area ratio:    3.29
      Required ratio:    0.00 (Cumulative area) 
      Cumulative area ratio:   17.85
      Required ratio:    0.00 (Cumulative side area) 

    Layer: met2
      Partial area ratio:    0.88
      Required ratio:    0.00 (Gate area) 
      Partial area ratio:    4.73
      Required ratio: 2773.88 (Side area) 
      Cumulative area ratio:    0.88
      Required ratio:    0.00 (Cumulative area) 
      Cumulative area ratio:    4.73
      Required ratio:    0.00 (Cumulative side area) 

    Layer: met1
      Partial area ratio:    0.00
      Required ratio:    0.00 (Gate area) 
      Partial area ratio:    0.00
      Required ratio: 2773.88 (Side area) 
      Cumulative area ratio:    0.00
      Required ratio:    0.00 (Cumulative area) 
      Cumulative area ratio:    0.00
      Required ratio:    0.00 (Cumulative side area) 

    Layer: li1
      Partial area ratio:    0.00
      Required ratio:    0.00 (Gate area) 
      Partial area ratio:    0.00
      Required ratio:  270.61 (Side area) 
      Cumulative area ratio:    0.00
      Required ratio:    0.00 (Cumulative area) 
      Cumulative area ratio:    0.00
      Required ratio:    0.00 (Cumulative side area) 

    Via: M2M3_PR
      Partial area ratio:    0.07
      Required ratio:    6.00 (Gate area) 
      Cumulative area ratio:    0.19
      Required ratio:    0.00 (Cumulative area) 

    Via: M1M2_PR
      Partial area ratio:    0.05
      Required ratio:    6.00 (Gate area) 
      Cumulative area ratio:    0.12
      Required ratio:    0.00 (Cumulative area) 

    Via: L1M1_PR
      Partial area ratio:    0.07
      Required ratio:    3.00 (Gate area) 
      Cumulative area ratio:    0.07
      Required ratio:    0.00 (Cumulative area) 

  Pin: _25902_/B_N (sky130_fd_sc_hd__or2b_1)
    Layer: met3
      Partial area ratio:    2.41
      Required ratio:    0.00 (Gate area) 
      Partial area ratio:   13.12
      Required ratio: 4695.20 (Side area) 
      Cumulative area ratio:    5.00
      Required ratio:    0.00 (Cumulative area) 
      Cumulative area ratio:   27.96
      Required ratio:    0.00 (Cumulative side area) 

    Layer: met2
      Partial area ratio:    0.88
      Required ratio:    0.00 (Gate area) 
      Partial area ratio:    4.73
      Required ratio: 2773.88 (Side area) 
      Cumulative area ratio:    2.59
      Required ratio:    0.00 (Cumulative area) 
      Cumulative area ratio:   14.84
      Required ratio:    0.00 (Cumulative side area) 

    Layer: met1
      Partial area ratio:    1.71
      Required ratio:    0.00 (Gate area) 
      Partial area ratio:   10.11
      Required ratio:  400.00 (Side area) 
      Cumulative area ratio:    1.71
      Required ratio:    0.00 (Cumulative area) 
      Cumulative area ratio:   10.11
      Required ratio:    0.00 (Cumulative side area) 

    Layer: li1
      Partial area ratio:    0.00
      Required ratio:    0.00 (Gate area) 
      Partial area ratio:    0.00
      Required ratio:   75.00 (Side area) 
      Cumulative area ratio:    0.00
      Required ratio:    0.00 (Cumulative area) 
      Cumulative area ratio:    0.00
      Required ratio:    0.00 (Cumulative side area) 

    Via: M2M3_PR
      Partial area ratio:    0.07
      Required ratio:    6.00 (Gate area) 
      Cumulative area ratio:    0.48
      Required ratio:    0.00 (Cumulative area) 

    Via: M1M2_PR
      Partial area ratio:    0.18
      Required ratio:    6.00 (Gate area) 
      Cumulative area ratio:    0.41
      Required ratio:    0.00 (Cumulative area) 

    Via: L1M1_PR
      Partial area ratio:    0.23
      Required ratio:    3.00 (Gate area) 
      Cumulative area ratio:    0.23
      Required ratio:    0.00 (Cumulative area) 


Net: _17035_
  Pin: ANTENNA__25942__B/DIODE (sky130_fd_sc_hd__diode_2)
    Layer: met2
      Partial area ratio:   11.13
      Required ratio:    0.00 (Gate area) 
      Partial area ratio:   56.41
      Required ratio: 3999.68 (Side area) 
      Cumulative area ratio:   11.77
      Required ratio:    0.00 (Cumulative area) 
      Cumulative area ratio:   59.82
      Required ratio:    0.00 (Cumulative side area) 

    Layer: met1
      Partial area ratio:    0.64
      Required ratio:    0.00 (Gate area) 
      Partial area ratio:    3.41
      Required ratio: 2773.88 (Side area) 
      Cumulative area ratio:    0.64
      Required ratio:    0.00 (Cumulative area) 
      Cumulative area ratio:    3.41
      Required ratio:    0.00 (Cumulative side area) 

    Layer: li1
      Partial area ratio:    0.00
      Required ratio:    0.00 (Gate area) 
      Partial area ratio:    0.00
      Required ratio:  270.61 (Side area) 
      Cumulative area ratio:    0.00
      Required ratio:    0.00 (Cumulative area) 
      Cumulative area ratio:    0.00
      Required ratio:    0.00 (Cumulative side area) 

    Layer: met3
      Partial area ratio:    0.05
      Required ratio:    0.00 (Gate area) 
      Partial area ratio:    0.39
      Required ratio: 3999.68 (Side area) 
      Cumulative area ratio:   11.82
      Required ratio:    0.00 (Cumulative area) 
      Cumulative area ratio:   60.22
      Required ratio:    0.00 (Cumulative side area) 

    Layer: met4
      Partial area ratio:    4.85
      Required ratio:    0.00 (Gate area) 
      Partial area ratio:   26.13
      Required ratio: 4695.20 (Side area) 
      Cumulative area ratio:   16.67
      Required ratio:    0.00 (Cumulative area) 
      Cumulative area ratio:   86.35
      Required ratio:    0.00 (Cumulative side area) 

    Via: M2M3_PR
      Partial area ratio:    0.01
      Required ratio:    6.00 (Gate area) 
      Cumulative area ratio:    0.13
      Required ratio:    0.00 (Cumulative area) 

    Via: M1M2_PR
      Partial area ratio:    0.05
      Required ratio:    6.00 (Gate area) 
      Cumulative area ratio:    0.12
      Required ratio:    0.00 (Cumulative area) 

    Via: L1M1_PR
      Partial area ratio:    0.07
      Required ratio:    3.00 (Gate area) 
      Cumulative area ratio:    0.07
      Required ratio:    0.00 (Cumulative area) 

    Via: M3M4_PR
      Partial area ratio:    0.01
      Required ratio:    6.00 (Gate area) 
      Cumulative area ratio:    0.14
      Required ratio:    0.00 (Cumulative area) 

  Pin: ANTENNA__25473__B/DIODE (sky130_fd_sc_hd__diode_2)
    Layer: met2
      Partial area ratio:   11.13
      Required ratio:    0.00 (Gate area) 
      Partial area ratio:   56.41
      Required ratio: 3999.68 (Side area) 
      Cumulative area ratio:   14.33
      Required ratio:    0.00 (Cumulative area) 
      Cumulative area ratio:   73.42
      Required ratio:    0.00 (Cumulative side area) 

    Layer: met1
      Partial area ratio:    0.49
      Required ratio:    0.00 (Gate area) 
      Partial area ratio:    2.67
      Required ratio: 2773.88 (Side area) 
      Cumulative area ratio:    0.49
      Required ratio:    0.00 (Cumulative area) 
      Cumulative area ratio:    2.67
      Required ratio:    0.00 (Cumulative side area) 

    Layer: li1
      Partial area ratio:    0.00
      Required ratio:    0.00 (Gate area) 
      Partial area ratio:    0.00
      Required ratio:  270.61 (Side area) 
      Cumulative area ratio:    0.00
      Required ratio:    0.00 (Cumulative area) 
      Cumulative area ratio:    0.00
      Required ratio:    0.00 (Cumulative side area) 

    Layer: met3
      Partial area ratio:    0.05
      Required ratio:    0.00 (Gate area) 
      Partial area ratio:    0.39
      Required ratio: 3999.68 (Side area) 
      Cumulative area ratio:   14.38
      Required ratio:    0.00 (Cumulative area) 
      Cumulative area ratio:   73.81
      Required ratio:    0.00 (Cumulative side area) 

    Layer: met4
      Partial area ratio:    4.85
      Required ratio:    0.00 (Gate area) 
      Partial area ratio:   26.13
      Required ratio: 4695.20 (Side area) 
      Cumulative area ratio:   19.23
      Required ratio:    0.00 (Cumulative area) 
      Cumulative area ratio:   99.94
      Required ratio:    0.00 (Cumulative side area) 

    Via: M2M3_PR
      Partial area ratio:    0.01
      Required ratio:    6.00 (Gate area) 
      Cumulative area ratio:    0.49
      Required ratio:    0.00 (Cumulative area) 

    Via: M1M2_PR
      Partial area ratio:    0.05
      Required ratio:    6.00 (Gate area) 
      Cumulative area ratio:    0.12
      Required ratio:    0.00 (Cumulative area) 

    Via: L1M1_PR
      Partial area ratio:    0.07
      Required ratio:    3.00 (Gate area) 
      Cumulative area ratio:    0.07
      Required ratio:    0.00 (Cumulative area) 

    Via: M3M4_PR
      Partial area ratio:    0.01
      Required ratio:    6.00 (Gate area) 
      Cumulative area ratio:    0.50
      Required ratio:    0.00 (Cumulative area) 

  Pin: _25473_/B (sky130_fd_sc_hd__and2_1)
    Layer: met2
      Partial area ratio:   11.13
      Required ratio:    0.00 (Gate area) 
      Partial area ratio:   56.41
      Required ratio: 3999.68 (Side area) 
      Cumulative area ratio:   13.84
      Required ratio:    0.00 (Cumulative area) 
      Cumulative area ratio:   70.74
      Required ratio:    0.00 (Cumulative side area) 

    Layer: met1
      Partial area ratio:    0.00
      Required ratio:    0.00 (Gate area) 
      Partial area ratio:    0.00
      Required ratio:  400.00 (Side area) 
      Cumulative area ratio:    0.00
      Required ratio:    0.00 (Cumulative area) 
      Cumulative area ratio:    0.00
      Required ratio:    0.00 (Cumulative side area) 

    Layer: li1
      Partial area ratio:    0.00
      Required ratio:    0.00 (Gate area) 
      Partial area ratio:    0.00
      Required ratio:   75.00 (Side area) 
      Cumulative area ratio:    0.00
      Required ratio:    0.00 (Cumulative area) 
      Cumulative area ratio:    0.00
      Required ratio:    0.00 (Cumulative side area) 

    Layer: met3
      Partial area ratio:    0.05
      Required ratio:    0.00 (Gate area) 
      Partial area ratio:    0.39
      Required ratio: 3999.68 (Side area) 
      Cumulative area ratio:   13.89
      Required ratio:    0.00 (Cumulative area) 
      Cumulative area ratio:   71.14
      Required ratio:    0.00 (Cumulative side area) 

    Layer: met4
      Partial area ratio:    4.85
      Required ratio:    0.00 (Gate area) 
      Partial area ratio:   26.13
      Required ratio: 4695.20 (Side area) 
      Cumulative area ratio:   18.74
      Required ratio:    0.00 (Cumulative area) 
      Cumulative area ratio:   97.27
      Required ratio:    0.00 (Cumulative side area) 

    Via: M2M3_PR
      Partial area ratio:    0.01
      Required ratio:    6.00 (Gate area) 
      Cumulative area ratio:    0.78
      Required ratio:    0.00 (Cumulative area) 

    Via: M1M2_PR
      Partial area ratio:    0.18
      Required ratio:    6.00 (Gate area) 
      Cumulative area ratio:    0.41
      Required ratio:    0.00 (Cumulative area) 

    Via: L1M1_PR
      Partial area ratio:    0.23
      Required ratio:    3.00 (Gate area) 
      Cumulative area ratio:    0.23
      Required ratio:    0.00 (Cumulative area) 

    Via: M3M4_PR
      Partial area ratio:    0.01
      Required ratio:    6.00 (Gate area) 
      Cumulative area ratio:    0.79
      Required ratio:    0.00 (Cumulative area) 

  Pin: _25307_/B (sky130_fd_sc_hd__and2_1)
    Layer: met2
      Partial area ratio:   11.13
      Required ratio:    0.00 (Gate area) 
      Partial area ratio:   56.41
      Required ratio: 3999.68 (Side area) 
      Cumulative area ratio:   16.07
      Required ratio:    0.00 (Cumulative area) 
      Cumulative area ratio:   82.40
      Required ratio:    0.00 (Cumulative side area) 

    Layer: met1
      Partial area ratio:    2.23
      Required ratio:    0.00 (Gate area) 
      Partial area ratio:   11.66
      Required ratio: 2773.88 (Side area) 
      Cumulative area ratio:    2.23
      Required ratio:    0.00 (Cumulative area) 
      Cumulative area ratio:   11.66
      Required ratio:    0.00 (Cumulative side area) 

    Layer: li1
      Partial area ratio:    0.00
      Required ratio:    0.00 (Gate area) 
      Partial area ratio:    0.00
      Required ratio:   75.00 (Side area) 
      Cumulative area ratio:    0.00
      Required ratio:    0.00 (Cumulative area) 
      Cumulative area ratio:    0.00
      Required ratio:    0.00 (Cumulative side area) 

    Layer: met3
      Partial area ratio:    0.05
      Required ratio:    0.00 (Gate area) 
      Partial area ratio:    0.39
      Required ratio: 3999.68 (Side area) 
      Cumulative area ratio:   16.12
      Required ratio:    0.00 (Cumulative area) 
      Cumulative area ratio:   82.80
      Required ratio:    0.00 (Cumulative side area) 

    Layer: met4
      Partial area ratio:    4.85
      Required ratio:    0.00 (Gate area) 
      Partial area ratio:   26.13
      Required ratio: 4695.20 (Side area) 
      Cumulative area ratio:   20.97
      Required ratio:    0.00 (Cumulative area) 
      Cumulative area ratio:  108.93
      Required ratio:    0.00 (Cumulative side area) 

    Via: M2M3_PR
      Partial area ratio:    0.01
      Required ratio:    6.00 (Gate area) 
      Cumulative area ratio:    0.68
      Required ratio:    0.00 (Cumulative area) 

    Via: M1M2_PR
      Partial area ratio:    0.08
      Required ratio:    6.00 (Gate area) 
      Cumulative area ratio:    0.31
      Required ratio:    0.00 (Cumulative area) 

    Via: L1M1_PR
      Partial area ratio:    0.23
      Required ratio:    3.00 (Gate area) 
      Cumulative area ratio:    0.23
      Required ratio:    0.00 (Cumulative area) 

    Via: M3M4_PR
      Partial area ratio:    0.01
      Required ratio:    6.00 (Gate area) 
      Cumulative area ratio:    0.69
      Required ratio:    0.00 (Cumulative area) 

  Pin: ANTENNA__25307__B/DIODE (sky130_fd_sc_hd__diode_2)
    Layer: met2
      Partial area ratio:   11.13
      Required ratio:    0.00 (Gate area) 
      Partial area ratio:   56.41
      Required ratio: 3999.68 (Side area) 
      Cumulative area ratio:   16.07
      Required ratio:    0.00 (Cumulative area) 
      Cumulative area ratio:   82.40
      Required ratio:    0.00 (Cumulative side area) 

    Layer: met1
      Partial area ratio:    2.23
      Required ratio:    0.00 (Gate area) 
      Partial area ratio:   11.66
      Required ratio: 2773.88 (Side area) 
      Cumulative area ratio:    2.23
      Required ratio:    0.00 (Cumulative area) 
      Cumulative area ratio:   11.66
      Required ratio:    0.00 (Cumulative side area) 

    Layer: li1
      Partial area ratio:    0.00
      Required ratio:    0.00 (Gate area) 
      Partial area ratio:    0.00
      Required ratio:  270.61 (Side area) 
      Cumulative area ratio:    0.00
      Required ratio:    0.00 (Cumulative area) 
      Cumulative area ratio:    0.00
      Required ratio:    0.00 (Cumulative side area) 

    Layer: met3
      Partial area ratio:    0.05
      Required ratio:    0.00 (Gate area) 
      Partial area ratio:    0.39
      Required ratio: 3999.68 (Side area) 
      Cumulative area ratio:   16.12
      Required ratio:    0.00 (Cumulative area) 
      Cumulative area ratio:   82.80
      Required ratio:    0.00 (Cumulative side area) 

    Layer: met4
      Partial area ratio:    4.85
      Required ratio:    0.00 (Gate area) 
      Partial area ratio:   26.13
      Required ratio: 4695.20 (Side area) 
      Cumulative area ratio:   20.97
      Required ratio:    0.00 (Cumulative area) 
      Cumulative area ratio:  108.93
      Required ratio:    0.00 (Cumulative side area) 

    Via: M2M3_PR
      Partial area ratio:    0.01
      Required ratio:    6.00 (Gate area) 
      Cumulative area ratio:    0.52
      Required ratio:    0.00 (Cumulative area) 

    Via: M1M2_PR
      Partial area ratio:    0.08
      Required ratio:    6.00 (Gate area) 
      Cumulative area ratio:    0.15
      Required ratio:    0.00 (Cumulative area) 

    Via: L1M1_PR
      Partial area ratio:    0.07
      Required ratio:    3.00 (Gate area) 
      Cumulative area ratio:    0.07
      Required ratio:    0.00 (Cumulative area) 

    Via: M3M4_PR
      Partial area ratio:    0.01
      Required ratio:    6.00 (Gate area) 
      Cumulative area ratio:    0.53
      Required ratio:    0.00 (Cumulative area) 

  Pin: _25316_/B (sky130_fd_sc_hd__and2_1)
    Layer: met2
      Partial area ratio:   11.13
      Required ratio:    0.00 (Gate area) 
      Partial area ratio:   56.41
      Required ratio: 3999.68 (Side area) 
      Cumulative area ratio:   17.76
      Required ratio:    0.00 (Cumulative area) 
      Cumulative area ratio:   91.63
      Required ratio:    0.00 (Cumulative side area) 

    Layer: met1
      Partial area ratio:    1.69
      Required ratio:    0.00 (Gate area) 
      Partial area ratio:    9.22
      Required ratio:  400.00 (Side area) 
      Cumulative area ratio:    1.69
      Required ratio:    0.00 (Cumulative area) 
      Cumulative area ratio:    9.22
      Required ratio:    0.00 (Cumulative side area) 

    Layer: li1
      Partial area ratio:    0.00
      Required ratio:    0.00 (Gate area) 
      Partial area ratio:    0.00
      Required ratio:   75.00 (Side area) 
      Cumulative area ratio:    0.00
      Required ratio:    0.00 (Cumulative area) 
      Cumulative area ratio:    0.00
      Required ratio:    0.00 (Cumulative side area) 

    Layer: met3
      Partial area ratio:    0.05
      Required ratio:    0.00 (Gate area) 
      Partial area ratio:    0.39
      Required ratio: 3999.68 (Side area) 
      Cumulative area ratio:   17.81
      Required ratio:    0.00 (Cumulative area) 
      Cumulative area ratio:   92.02
      Required ratio:    0.00 (Cumulative side area) 

    Layer: met4
      Partial area ratio:    4.85
      Required ratio:    0.00 (Gate area) 
      Partial area ratio:   26.13
      Required ratio: 4695.20 (Side area) 
      Cumulative area ratio:   22.66
      Required ratio:    0.00 (Cumulative area) 
      Cumulative area ratio:  118.15
      Required ratio:    0.00 (Cumulative side area) 

    Via: M2M3_PR
      Partial area ratio:    0.01
      Required ratio:    6.00 (Gate area) 
      Cumulative area ratio:    0.86
      Required ratio:    0.00 (Cumulative area) 

    Via: M1M2_PR
      Partial area ratio:    0.18
      Required ratio:    6.00 (Gate area) 
      Cumulative area ratio:    0.41
      Required ratio:    0.00 (Cumulative area) 

    Via: L1M1_PR
      Partial area ratio:    0.23
      Required ratio:    3.00 (Gate area) 
      Cumulative area ratio:    0.23
      Required ratio:    0.00 (Cumulative area) 

    Via: M3M4_PR
      Partial area ratio:    0.01
      Required ratio:    6.00 (Gate area) 
      Cumulative area ratio:    0.87
      Required ratio:    0.00 (Cumulative area) 

  Pin: ANTENNA__25316__B/DIODE (sky130_fd_sc_hd__diode_2)
    Layer: met2
      Partial area ratio:   11.13
      Required ratio:    0.00 (Gate area) 
      Partial area ratio:   56.41
      Required ratio: 3999.68 (Side area) 
      Cumulative area ratio:   17.00
      Required ratio:    0.00 (Cumulative area) 
      Cumulative area ratio:   87.30
      Required ratio:    0.00 (Cumulative side area) 

    Layer: met1
      Partial area ratio:    0.93
      Required ratio:    0.00 (Gate area) 
      Partial area ratio:    4.90
      Required ratio: 2773.88 (Side area) 
      Cumulative area ratio:    0.93
      Required ratio:    0.00 (Cumulative area) 
      Cumulative area ratio:    4.90
      Required ratio:    0.00 (Cumulative side area) 

    Layer: li1
      Partial area ratio:    0.00
      Required ratio:    0.00 (Gate area) 
      Partial area ratio:    0.00
      Required ratio:  270.61 (Side area) 
      Cumulative area ratio:    0.00
      Required ratio:    0.00 (Cumulative area) 
      Cumulative area ratio:    0.00
      Required ratio:    0.00 (Cumulative side area) 

    Layer: met3
      Partial area ratio:    0.05
      Required ratio:    0.00 (Gate area) 
      Partial area ratio:    0.39
      Required ratio: 3999.68 (Side area) 
      Cumulative area ratio:   17.05
      Required ratio:    0.00 (Cumulative area) 
      Cumulative area ratio:   87.69
      Required ratio:    0.00 (Cumulative side area) 

    Layer: met4
      Partial area ratio:    4.85
      Required ratio:    0.00 (Gate area) 
      Partial area ratio:   26.13
      Required ratio: 4695.20 (Side area) 
      Cumulative area ratio:   21.90
      Required ratio:    0.00 (Cumulative area) 
      Cumulative area ratio:  113.82
      Required ratio:    0.00 (Cumulative side area) 

    Via: M2M3_PR
      Partial area ratio:    0.01
      Required ratio:    6.00 (Gate area) 
      Cumulative area ratio:    0.57
      Required ratio:    0.00 (Cumulative area) 

    Via: M1M2_PR
      Partial area ratio:    0.05
      Required ratio:    6.00 (Gate area) 
      Cumulative area ratio:    0.12
      Required ratio:    0.00 (Cumulative area) 

    Via: L1M1_PR
      Partial area ratio:    0.07
      Required ratio:    3.00 (Gate area) 
      Cumulative area ratio:    0.07
      Required ratio:    0.00 (Cumulative area) 

    Via: M3M4_PR
      Partial area ratio:    0.01
      Required ratio:    6.00 (Gate area) 
      Cumulative area ratio:    0.58
      Required ratio:    0.00 (Cumulative area) 

  Pin: _25942_/B (sky130_fd_sc_hd__and2_1)
    Layer: met2
      Partial area ratio:   11.13
      Required ratio:    0.00 (Gate area) 
      Partial area ratio:   56.41
      Required ratio: 3999.68 (Side area) 
      Cumulative area ratio:   13.84
      Required ratio:    0.00 (Cumulative area) 
      Cumulative area ratio:   70.74
      Required ratio:    0.00 (Cumulative side area) 

    Layer: met1
      Partial area ratio:    2.71
      Required ratio:    0.00 (Gate area) 
      Partial area ratio:   14.33
      Required ratio:  400.00 (Side area) 
      Cumulative area ratio:    2.71
      Required ratio:    0.00 (Cumulative area) 
      Cumulative area ratio:   14.33
      Required ratio:    0.00 (Cumulative side area) 

    Layer: li1
      Partial area ratio:    0.00
      Required ratio:    0.00 (Gate area) 
      Partial area ratio:    0.00
      Required ratio:   75.00 (Side area) 
      Cumulative area ratio:    0.00
      Required ratio:    0.00 (Cumulative area) 
      Cumulative area ratio:    0.00
      Required ratio:    0.00 (Cumulative side area) 

    Layer: met3
      Partial area ratio:    0.05
      Required ratio:    0.00 (Gate area) 
      Partial area ratio:    0.39
      Required ratio: 3999.68 (Side area) 
      Cumulative area ratio:   13.89
      Required ratio:    0.00 (Cumulative area) 
      Cumulative area ratio:   71.14
      Required ratio:    0.00 (Cumulative side area) 

    Layer: met4
      Partial area ratio:    4.85
      Required ratio:    0.00 (Gate area) 
      Partial area ratio:   26.13
      Required ratio: 4695.20 (Side area) 
      Cumulative area ratio:   18.74
      Required ratio:    0.00 (Cumulative area) 
      Cumulative area ratio:   97.27
      Required ratio:    0.00 (Cumulative side area) 

    Via: M2M3_PR
      Partial area ratio:    0.01
      Required ratio:    6.00 (Gate area) 
      Cumulative area ratio:    0.60
      Required ratio:    0.00 (Cumulative area) 

    Via: M1M2_PR
      Partial area ratio:    0.36
      Required ratio:    6.00 (Gate area) 
      Cumulative area ratio:    0.59
      Required ratio:    0.00 (Cumulative area) 

    Via: L1M1_PR
      Partial area ratio:    0.23
      Required ratio:    3.00 (Gate area) 
      Cumulative area ratio:    0.23
      Required ratio:    0.00 (Cumulative area) 

    Via: M3M4_PR
      Partial area ratio:    0.01
      Required ratio:    6.00 (Gate area) 
      Cumulative area ratio:    0.61
      Required ratio:    0.00 (Cumulative area) 

  Pin: ANTENNA__25791__B/DIODE (sky130_fd_sc_hd__diode_2)
    Layer: met2
      Partial area ratio:   11.13
      Required ratio:    0.00 (Gate area) 
      Partial area ratio:   56.41
      Required ratio: 3999.68 (Side area) 
      Cumulative area ratio:  115.98
      Required ratio:    0.00 (Cumulative area) 
      Cumulative area ratio:  595.41
      Required ratio:    0.00 (Cumulative side area) 

    Layer: met1
      Partial area ratio:    0.00
      Required ratio:    0.00 (Gate area) 
      Partial area ratio:    0.00
      Required ratio: 2773.88 (Side area) 
      Cumulative area ratio:    0.00
      Required ratio:    0.00 (Cumulative area) 
      Cumulative area ratio:    0.00
      Required ratio:    0.00 (Cumulative side area) 

    Layer: li1
      Partial area ratio:    0.00
      Required ratio:    0.00 (Gate area) 
      Partial area ratio:    0.00
      Required ratio:  270.61 (Side area) 
      Cumulative area ratio:    0.00
      Required ratio:    0.00 (Cumulative area) 
      Cumulative area ratio:    0.00
      Required ratio:    0.00 (Cumulative side area) 

    Layer: met3
      Partial area ratio:    0.05
      Required ratio:    0.00 (Gate area) 
      Partial area ratio:    0.39
      Required ratio: 3999.68 (Side area) 
      Cumulative area ratio:  116.02
      Required ratio:    0.00 (Cumulative area) 
      Cumulative area ratio:  595.81
      Required ratio:    0.00 (Cumulative side area) 

    Layer: met4
      Partial area ratio:    4.85
      Required ratio:    0.00 (Gate area) 
      Partial area ratio:   26.13
      Required ratio: 4695.20 (Side area) 
      Cumulative area ratio:  120.87
      Required ratio:    0.00 (Cumulative area) 
      Cumulative area ratio:  621.93
      Required ratio:    0.00 (Cumulative side area) 

    Via: M2M3_PR
      Partial area ratio:    0.01
      Required ratio:    6.00 (Gate area) 
      Cumulative area ratio:    0.67
      Required ratio:    0.00 (Cumulative area) 

    Via: M1M2_PR
      Partial area ratio:    0.05
      Required ratio:    6.00 (Gate area) 
      Cumulative area ratio:    0.12
      Required ratio:    0.00 (Cumulative area) 

    Via: L1M1_PR
      Partial area ratio:    0.07
      Required ratio:    3.00 (Gate area) 
      Cumulative area ratio:    0.07
      Required ratio:    0.00 (Cumulative area) 

    Via: M3M4_PR
      Partial area ratio:    0.01
      Required ratio:    6.00 (Gate area) 
      Cumulative area ratio:    0.68
      Required ratio:    0.00 (Cumulative area) 

  Pin: _25791_/B (sky130_fd_sc_hd__and2_1)
    Layer: met2
      Partial area ratio:   11.13
      Required ratio:    0.00 (Gate area) 
      Partial area ratio:   56.41
      Required ratio: 3999.68 (Side area) 
      Cumulative area ratio:  115.98
      Required ratio:    0.00 (Cumulative area) 
      Cumulative area ratio:  595.41
      Required ratio:    0.00 (Cumulative side area) 

    Layer: met1
      Partial area ratio:  104.84
      Required ratio:    0.00 (Gate area) 
      Partial area ratio:  539.00
      Required ratio:  400.00 (Side area) (VIOLATED)
      Cumulative area ratio:  104.84
      Required ratio:    0.00 (Cumulative area) 
      Cumulative area ratio:  539.00
      Required ratio:    0.00 (Cumulative side area) 

    Layer: li1
      Partial area ratio:    0.00
      Required ratio:    0.00 (Gate area) 
      Partial area ratio:    0.00
      Required ratio:   75.00 (Side area) 
      Cumulative area ratio:    0.00
      Required ratio:    0.00 (Cumulative area) 
      Cumulative area ratio:    0.00
      Required ratio:    0.00 (Cumulative side area) 

    Layer: met3
      Partial area ratio:    0.05
      Required ratio:    0.00 (Gate area) 
      Partial area ratio:    0.39
      Required ratio: 3999.68 (Side area) 
      Cumulative area ratio:  116.02
      Required ratio:    0.00 (Cumulative area) 
      Cumulative area ratio:  595.81
      Required ratio:    0.00 (Cumulative side area) 

    Layer: met4
      Partial area ratio:    4.85
      Required ratio:    0.00 (Gate area) 
      Partial area ratio:   26.13
      Required ratio: 4695.20 (Side area) 
      Cumulative area ratio:  120.87
      Required ratio:    0.00 (Cumulative area) 
      Cumulative area ratio:  621.93
      Required ratio:    0.00 (Cumulative side area) 

    Via: M2M3_PR
      Partial area ratio:    0.01
      Required ratio:    6.00 (Gate area) 
      Cumulative area ratio:    0.78
      Required ratio:    0.00 (Cumulative area) 

    Via: M1M2_PR
      Partial area ratio:    0.54
      Required ratio:    6.00 (Gate area) 
      Cumulative area ratio:    0.77
      Required ratio:    0.00 (Cumulative area) 

    Via: L1M1_PR
      Partial area ratio:    0.23
      Required ratio:    3.00 (Gate area) 
      Cumulative area ratio:    0.23
      Required ratio:    0.00 (Cumulative area) 

    Via: M3M4_PR
      Partial area ratio:    0.01
      Required ratio:    6.00 (Gate area) 
      Cumulative area ratio:    0.79
      Required ratio:    0.00 (Cumulative area) 

  Pin: _25386_/B (sky130_fd_sc_hd__and2_1)
    Layer: met2
      Partial area ratio:   11.13
      Required ratio:    0.00 (Gate area) 
      Partial area ratio:   56.41
      Required ratio: 3999.68 (Side area) 
      Cumulative area ratio:  117.66
      Required ratio:    0.00 (Cumulative area) 
      Cumulative area ratio:  604.55
      Required ratio:    0.00 (Cumulative side area) 

    Layer: met1
      Partial area ratio:    1.69
      Required ratio:    0.00 (Gate area) 
      Partial area ratio:    9.14
      Required ratio: 2773.88 (Side area) 
      Cumulative area ratio:    1.69
      Required ratio:    0.00 (Cumulative area) 
      Cumulative area ratio:    9.14
      Required ratio:    0.00 (Cumulative side area) 

    Layer: li1
      Partial area ratio:    0.00
      Required ratio:    0.00 (Gate area) 
      Partial area ratio:    0.00
      Required ratio:   75.00 (Side area) 
      Cumulative area ratio:    0.00
      Required ratio:    0.00 (Cumulative area) 
      Cumulative area ratio:    0.00
      Required ratio:    0.00 (Cumulative side area) 

    Layer: met3
      Partial area ratio:    0.05
      Required ratio:    0.00 (Gate area) 
      Partial area ratio:    0.39
      Required ratio: 3999.68 (Side area) 
      Cumulative area ratio:  117.71
      Required ratio:    0.00 (Cumulative area) 
      Cumulative area ratio:  604.94
      Required ratio:    0.00 (Cumulative side area) 

    Layer: met4
      Partial area ratio:    4.85
      Required ratio:    0.00 (Gate area) 
      Partial area ratio:   26.13
      Required ratio: 4695.20 (Side area) 
      Cumulative area ratio:  122.56
      Required ratio:    0.00 (Cumulative area) 
      Cumulative area ratio:  631.07
      Required ratio:    0.00 (Cumulative side area) 

    Via: M2M3_PR
      Partial area ratio:    0.01
      Required ratio:    6.00 (Gate area) 
      Cumulative area ratio:    0.86
      Required ratio:    0.00 (Cumulative area) 

    Via: M1M2_PR
      Partial area ratio:    0.08
      Required ratio:    6.00 (Gate area) 
      Cumulative area ratio:    0.31
      Required ratio:    0.00 (Cumulative area) 

    Via: L1M1_PR
      Partial area ratio:    0.23
      Required ratio:    3.00 (Gate area) 
      Cumulative area ratio:    0.23
      Required ratio:    0.00 (Cumulative area) 

    Via: M3M4_PR
      Partial area ratio:    0.01
      Required ratio:    6.00 (Gate area) 
      Cumulative area ratio:    0.87
      Required ratio:    0.00 (Cumulative area) 

  Pin: ANTENNA__25427__B/DIODE (sky130_fd_sc_hd__diode_2)
    Layer: met4
      Partial area ratio:    4.85
      Required ratio:    0.00 (Gate area) 
      Partial area ratio:   26.13
      Required ratio: 4695.20 (Side area) 
      Cumulative area ratio:   19.28
      Required ratio:    0.00 (Cumulative area) 
      Cumulative area ratio:  105.68
      Required ratio:    0.00 (Cumulative side area) 

    Layer: met3
      Partial area ratio:    1.02
      Required ratio:    0.00 (Gate area) 
      Partial area ratio:    6.31
      Required ratio: 2947.76 (Side area) 
      Cumulative area ratio:    9.56
      Required ratio:    0.00 (Cumulative area) 
      Cumulative area ratio:   51.84
      Required ratio:    0.00 (Cumulative side area) 

    Layer: met2
      Partial area ratio:    3.09
      Required ratio:    0.00 (Gate area) 
      Partial area ratio:   15.98
      Required ratio: 2947.76 (Side area) 
      Cumulative area ratio:    3.09
      Required ratio:    0.00 (Cumulative area) 
      Cumulative area ratio:   15.98
      Required ratio:    0.00 (Cumulative side area) 

    Layer: met1
      Partial area ratio:    0.00
      Required ratio:    0.00 (Gate area) 
      Partial area ratio:    0.00
      Required ratio: 2773.88 (Side area) 
      Cumulative area ratio:    0.00
      Required ratio:    0.00 (Cumulative area) 
      Cumulative area ratio:    0.00
      Required ratio:    0.00 (Cumulative side area) 

    Layer: li1
      Partial area ratio:    0.00
      Required ratio:    0.00 (Gate area) 
      Partial area ratio:    0.00
      Required ratio:  270.61 (Side area) 
      Cumulative area ratio:    0.00
      Required ratio:    0.00 (Cumulative area) 
      Cumulative area ratio:    0.00
      Required ratio:    0.00 (Cumulative side area) 

    Via: M3M4_PR
      Partial area ratio:    0.07
      Required ratio:    6.00 (Gate area) 
      Cumulative area ratio:    0.62
      Required ratio:    0.00 (Cumulative area) 

    Via: M2M3_PR
      Partial area ratio:    0.07
      Required ratio:    6.00 (Gate area) 
      Cumulative area ratio:    0.19
      Required ratio:    0.00 (Cumulative area) 

    Via: M1M2_PR
      Partial area ratio:    0.05
      Required ratio:    6.00 (Gate area) 
      Cumulative area ratio:    0.12
      Required ratio:    0.00 (Cumulative area) 

    Via: L1M1_PR
      Partial area ratio:    0.07
      Required ratio:    3.00 (Gate area) 
      Cumulative area ratio:    0.07
      Required ratio:    0.00 (Cumulative area) 

  Pin: _25132_/B (sky130_fd_sc_hd__and2_1)
    Layer: met4
      Partial area ratio:    4.85
      Required ratio:    0.00 (Gate area) 
      Partial area ratio:   26.13
      Required ratio: 4695.20 (Side area) 
      Cumulative area ratio:   26.73
      Required ratio:    0.00 (Cumulative area) 
      Cumulative area ratio:  145.20
      Required ratio:    0.00 (Cumulative side area) 

    Layer: met3
      Partial area ratio:    1.02
      Required ratio:    0.00 (Gate area) 
      Partial area ratio:    6.31
      Required ratio: 2947.76 (Side area) 
      Cumulative area ratio:   17.01
      Required ratio:    0.00 (Cumulative area) 
      Cumulative area ratio:   91.37
      Required ratio:    0.00 (Cumulative side area) 

    Layer: met2
      Partial area ratio:    3.09
      Required ratio:    0.00 (Gate area) 
      Partial area ratio:   15.98
      Required ratio: 2947.76 (Side area) 
      Cumulative area ratio:   15.99
      Required ratio:    0.00 (Cumulative area) 
      Cumulative area ratio:   85.06
      Required ratio:    0.00 (Cumulative side area) 

    Layer: met1
      Partial area ratio:    7.45
      Required ratio:    0.00 (Gate area) 
      Partial area ratio:   39.53
      Required ratio: 2773.88 (Side area) 
      Cumulative area ratio:    7.45
      Required ratio:    0.00 (Cumulative area) 
      Cumulative area ratio:   39.53
      Required ratio:    0.00 (Cumulative side area) 

    Layer: li1
      Partial area ratio:    0.00
      Required ratio:    0.00 (Gate area) 
      Partial area ratio:    0.00
      Required ratio:   75.00 (Side area) 
      Cumulative area ratio:    0.00
      Required ratio:    0.00 (Cumulative area) 
      Cumulative area ratio:    0.00
      Required ratio:    0.00 (Cumulative side area) 

    Via: M3M4_PR
      Partial area ratio:    0.07
      Required ratio:    6.00 (Gate area) 
      Cumulative area ratio:    0.77
      Required ratio:    0.00 (Cumulative area) 

    Via: M2M3_PR
      Partial area ratio:    0.07
      Required ratio:    6.00 (Gate area) 
      Cumulative area ratio:    0.70
      Required ratio:    0.00 (Cumulative area) 

    Via: M1M2_PR
      Partial area ratio:    0.04
      Required ratio:    6.00 (Gate area) 
      Cumulative area ratio:    0.27
      Required ratio:    0.00 (Cumulative area) 

    Via: L1M1_PR
      Partial area ratio:    0.23
      Required ratio:    3.00 (Gate area) 
      Cumulative area ratio:    0.23
      Required ratio:    0.00 (Cumulative area) 

  Pin: ANTENNA__25132__B/DIODE (sky130_fd_sc_hd__diode_2)
    Layer: met4
      Partial area ratio:    4.85
      Required ratio:    0.00 (Gate area) 
      Partial area ratio:   26.13
      Required ratio: 4695.20 (Side area) 
      Cumulative area ratio:   26.73
      Required ratio:    0.00 (Cumulative area) 
      Cumulative area ratio:  145.20
      Required ratio:    0.00 (Cumulative side area) 

    Layer: met3
      Partial area ratio:    1.02
      Required ratio:    0.00 (Gate area) 
      Partial area ratio:    6.31
      Required ratio: 2947.76 (Side area) 
      Cumulative area ratio:   17.01
      Required ratio:    0.00 (Cumulative area) 
      Cumulative area ratio:   91.37
      Required ratio:    0.00 (Cumulative side area) 

    Layer: met2
      Partial area ratio:    3.09
      Required ratio:    0.00 (Gate area) 
      Partial area ratio:   15.98
      Required ratio: 2947.76 (Side area) 
      Cumulative area ratio:   15.99
      Required ratio:    0.00 (Cumulative area) 
      Cumulative area ratio:   85.06
      Required ratio:    0.00 (Cumulative side area) 

    Layer: met1
      Partial area ratio:    7.45
      Required ratio:    0.00 (Gate area) 
      Partial area ratio:   39.53
      Required ratio: 2773.88 (Side area) 
      Cumulative area ratio:    7.45
      Required ratio:    0.00 (Cumulative area) 
      Cumulative area ratio:   39.53
      Required ratio:    0.00 (Cumulative side area) 

    Layer: li1
      Partial area ratio:    0.00
      Required ratio:    0.00 (Gate area) 
      Partial area ratio:    0.00
      Required ratio:  270.61 (Side area) 
      Cumulative area ratio:    0.00
      Required ratio:    0.00 (Cumulative area) 
      Cumulative area ratio:    0.00
      Required ratio:    0.00 (Cumulative side area) 

    Via: M3M4_PR
      Partial area ratio:    0.07
      Required ratio:    6.00 (Gate area) 
      Cumulative area ratio:    0.61
      Required ratio:    0.00 (Cumulative area) 

    Via: M2M3_PR
      Partial area ratio:    0.07
      Required ratio:    6.00 (Gate area) 
      Cumulative area ratio:    0.54
      Required ratio:    0.00 (Cumulative area) 

    Via: M1M2_PR
      Partial area ratio:    0.04
      Required ratio:    6.00 (Gate area) 
      Cumulative area ratio:    0.11
      Required ratio:    0.00 (Cumulative area) 

    Via: L1M1_PR
      Partial area ratio:    0.07
      Required ratio:    3.00 (Gate area) 
      Cumulative area ratio:    0.07
      Required ratio:    0.00 (Cumulative area) 

  Pin: ANTENNA__24763__B/DIODE (sky130_fd_sc_hd__diode_2)
    Layer: met4
      Partial area ratio:    4.85
      Required ratio:    0.00 (Gate area) 
      Partial area ratio:   26.13
      Required ratio: 4695.20 (Side area) 
      Cumulative area ratio:   20.64
      Required ratio:    0.00 (Cumulative area) 
      Cumulative area ratio:  114.10
      Required ratio:    0.00 (Cumulative side area) 

    Layer: met3
      Partial area ratio:    0.28
      Required ratio:    0.00 (Gate area) 
      Partial area ratio:    2.37
      Required ratio: 2773.88 (Side area) 
      Cumulative area ratio:    1.35
      Required ratio:    0.00 (Cumulative area) 
      Cumulative area ratio:    8.42
      Required ratio:    0.00 (Cumulative side area) 

    Layer: met2
      Partial area ratio:    0.08
      Required ratio:    0.00 (Gate area) 
      Partial area ratio:    0.56
      Required ratio: 2773.88 (Side area) 
      Cumulative area ratio:    1.07
      Required ratio:    0.00 (Cumulative area) 
      Cumulative area ratio:    6.05
      Required ratio:    0.00 (Cumulative side area) 

    Layer: met1
      Partial area ratio:    0.99
      Required ratio:    0.00 (Gate area) 
      Partial area ratio:    5.49
      Required ratio: 2773.88 (Side area) 
      Cumulative area ratio:    0.99
      Required ratio:    0.00 (Cumulative area) 
      Cumulative area ratio:    5.49
      Required ratio:    0.00 (Cumulative side area) 

    Layer: li1
      Partial area ratio:    0.00
      Required ratio:    0.00 (Gate area) 
      Partial area ratio:    0.00
      Required ratio:  270.61 (Side area) 
      Cumulative area ratio:    0.00
      Required ratio:    0.00 (Cumulative area) 
      Cumulative area ratio:    0.00
      Required ratio:    0.00 (Cumulative side area) 

    Via: M3M4_PR
      Partial area ratio:    0.07
      Required ratio:    6.00 (Gate area) 
      Cumulative area ratio:    0.25
      Required ratio:    0.00 (Cumulative area) 

    Via: M2M3_PR
      Partial area ratio:    0.07
      Required ratio:    6.00 (Gate area) 
      Cumulative area ratio:    0.18
      Required ratio:    0.00 (Cumulative area) 

    Via: M1M2_PR
      Partial area ratio:    0.04
      Required ratio:    6.00 (Gate area) 
      Cumulative area ratio:    0.11
      Required ratio:    0.00 (Cumulative area) 

    Via: L1M1_PR
      Partial area ratio:    0.07
      Required ratio:    3.00 (Gate area) 
      Cumulative area ratio:    0.07
      Required ratio:    0.00 (Cumulative area) 

  Pin: _24763_/B (sky130_fd_sc_hd__and2_1)
    Layer: met4
      Partial area ratio:    4.85
      Required ratio:    0.00 (Gate area) 
      Partial area ratio:   26.13
      Required ratio: 4695.20 (Side area) 
      Cumulative area ratio:   20.64
      Required ratio:    0.00 (Cumulative area) 
      Cumulative area ratio:  114.10
      Required ratio:    0.00 (Cumulative side area) 

    Layer: met3
      Partial area ratio:    0.28
      Required ratio:    0.00 (Gate area) 
      Partial area ratio:    2.37
      Required ratio: 2773.88 (Side area) 
      Cumulative area ratio:    1.35
      Required ratio:    0.00 (Cumulative area) 
      Cumulative area ratio:    8.42
      Required ratio:    0.00 (Cumulative side area) 

    Layer: met2
      Partial area ratio:    0.08
      Required ratio:    0.00 (Gate area) 
      Partial area ratio:    0.56
      Required ratio: 2773.88 (Side area) 
      Cumulative area ratio:    1.07
      Required ratio:    0.00 (Cumulative area) 
      Cumulative area ratio:    6.05
      Required ratio:    0.00 (Cumulative side area) 

    Layer: met1
      Partial area ratio:    0.99
      Required ratio:    0.00 (Gate area) 
      Partial area ratio:    5.49
      Required ratio: 2773.88 (Side area) 
      Cumulative area ratio:    0.99
      Required ratio:    0.00 (Cumulative area) 
      Cumulative area ratio:    5.49
      Required ratio:    0.00 (Cumulative side area) 

    Layer: li1
      Partial area ratio:    0.00
      Required ratio:    0.00 (Gate area) 
      Partial area ratio:    0.00
      Required ratio:   75.00 (Side area) 
      Cumulative area ratio:    0.00
      Required ratio:    0.00 (Cumulative area) 
      Cumulative area ratio:    0.00
      Required ratio:    0.00 (Cumulative side area) 

    Via: M3M4_PR
      Partial area ratio:    0.07
      Required ratio:    6.00 (Gate area) 
      Cumulative area ratio:    0.41
      Required ratio:    0.00 (Cumulative area) 

    Via: M2M3_PR
      Partial area ratio:    0.07
      Required ratio:    6.00 (Gate area) 
      Cumulative area ratio:    0.34
      Required ratio:    0.00 (Cumulative area) 

    Via: M1M2_PR
      Partial area ratio:    0.04
      Required ratio:    6.00 (Gate area) 
      Cumulative area ratio:    0.27
      Required ratio:    0.00 (Cumulative area) 

    Via: L1M1_PR
      Partial area ratio:    0.23
      Required ratio:    3.00 (Gate area) 
      Cumulative area ratio:    0.23
      Required ratio:    0.00 (Cumulative area) 

  Pin: _25427_/B (sky130_fd_sc_hd__and2_1)
    Layer: met4
      Partial area ratio:    4.85
      Required ratio:    0.00 (Gate area) 
      Partial area ratio:   26.13
      Required ratio: 4695.20 (Side area) 
      Cumulative area ratio:   19.28
      Required ratio:    0.00 (Cumulative area) 
      Cumulative area ratio:  105.68
      Required ratio:    0.00 (Cumulative side area) 

    Layer: met3
      Partial area ratio:    1.02
      Required ratio:    0.00 (Gate area) 
      Partial area ratio:    6.31
      Required ratio: 2947.76 (Side area) 
      Cumulative area ratio:    9.56
      Required ratio:    0.00 (Cumulative area) 
      Cumulative area ratio:   51.84
      Required ratio:    0.00 (Cumulative side area) 

    Layer: met2
      Partial area ratio:    3.09
      Required ratio:    0.00 (Gate area) 
      Partial area ratio:   15.98
      Required ratio: 2947.76 (Side area) 
      Cumulative area ratio:    8.54
      Required ratio:    0.00 (Cumulative area) 
      Cumulative area ratio:   45.54
      Required ratio:    0.00 (Cumulative side area) 

    Layer: met1
      Partial area ratio:    5.44
      Required ratio:    0.00 (Gate area) 
      Partial area ratio:   29.56
      Required ratio:  400.00 (Side area) 
      Cumulative area ratio:    5.44
      Required ratio:    0.00 (Cumulative area) 
      Cumulative area ratio:   29.56
      Required ratio:    0.00 (Cumulative side area) 

    Layer: li1
      Partial area ratio:    0.00
      Required ratio:    0.00 (Gate area) 
      Partial area ratio:    0.00
      Required ratio:   75.00 (Side area) 
      Cumulative area ratio:    0.00
      Required ratio:    0.00 (Cumulative area) 
      Cumulative area ratio:    0.00
      Required ratio:    0.00 (Cumulative side area) 

    Via: M3M4_PR
      Partial area ratio:    0.07
      Required ratio:    6.00 (Gate area) 
      Cumulative area ratio:    0.73
      Required ratio:    0.00 (Cumulative area) 

    Via: M2M3_PR
      Partial area ratio:    0.07
      Required ratio:    6.00 (Gate area) 
      Cumulative area ratio:    0.66
      Required ratio:    0.00 (Cumulative area) 

    Via: M1M2_PR
      Partial area ratio:    0.36
      Required ratio:    6.00 (Gate area) 
      Cumulative area ratio:    0.59
      Required ratio:    0.00 (Cumulative area) 

    Via: L1M1_PR
      Partial area ratio:    0.23
      Required ratio:    3.00 (Gate area) 
      Cumulative area ratio:    0.23
      Required ratio:    0.00 (Cumulative area) 

  Pin: ANTENNA__25899__B/DIODE (sky130_fd_sc_hd__diode_2)
    Layer: met4
      Partial area ratio:    4.85
      Required ratio:    0.00 (Gate area) 
      Partial area ratio:   26.13
      Required ratio: 4695.20 (Side area) 
      Cumulative area ratio:   10.40
      Required ratio:    0.00 (Cumulative area) 
      Cumulative area ratio:   57.73
      Required ratio:    0.00 (Cumulative side area) 

    Layer: met3
      Partial area ratio:    4.87
      Required ratio:    0.00 (Gate area) 
      Partial area ratio:   27.71
      Required ratio: 2773.88 (Side area) 
      Cumulative area ratio:    5.55
      Required ratio:    0.00 (Cumulative area) 
      Cumulative area ratio:   31.60
      Required ratio:    0.00 (Cumulative side area) 

    Layer: met2
      Partial area ratio:    0.67
      Required ratio:    0.00 (Gate area) 
      Partial area ratio:    3.90
      Required ratio: 2773.88 (Side area) 
      Cumulative area ratio:    0.67
      Required ratio:    0.00 (Cumulative area) 
      Cumulative area ratio:    3.90
      Required ratio:    0.00 (Cumulative side area) 

    Layer: met1
      Partial area ratio:    0.00
      Required ratio:    0.00 (Gate area) 
      Partial area ratio:    0.00
      Required ratio: 2773.88 (Side area) 
      Cumulative area ratio:    0.00
      Required ratio:    0.00 (Cumulative area) 
      Cumulative area ratio:    0.00
      Required ratio:    0.00 (Cumulative side area) 

    Layer: li1
      Partial area ratio:    0.00
      Required ratio:    0.00 (Gate area) 
      Partial area ratio:    0.00
      Required ratio:  270.61 (Side area) 
      Cumulative area ratio:    0.00
      Required ratio:    0.00 (Cumulative area) 
      Cumulative area ratio:    0.00
      Required ratio:    0.00 (Cumulative side area) 

    Via: M3M4_PR
      Partial area ratio:    0.14
      Required ratio:    6.00 (Gate area) 
      Cumulative area ratio:    0.33
      Required ratio:    0.00 (Cumulative area) 

    Via: M2M3_PR
      Partial area ratio:    0.07
      Required ratio:    6.00 (Gate area) 
      Cumulative area ratio:    0.19
      Required ratio:    0.00 (Cumulative area) 

    Via: M1M2_PR
      Partial area ratio:    0.05
      Required ratio:    6.00 (Gate area) 
      Cumulative area ratio:    0.12
      Required ratio:    0.00 (Cumulative area) 

    Via: L1M1_PR
      Partial area ratio:    0.07
      Required ratio:    3.00 (Gate area) 
      Cumulative area ratio:    0.07
      Required ratio:    0.00 (Cumulative area) 

  Pin: _25899_/B (sky130_fd_sc_hd__and2_1)
    Layer: met4
      Partial area ratio:    4.85
      Required ratio:    0.00 (Gate area) 
      Partial area ratio:   26.13
      Required ratio: 4695.20 (Side area) 
      Cumulative area ratio:   12.11
      Required ratio:    0.00 (Cumulative area) 
      Cumulative area ratio:   67.84
      Required ratio:    0.00 (Cumulative side area) 

    Layer: met3
      Partial area ratio:    4.87
      Required ratio:    0.00 (Gate area) 
      Partial area ratio:   27.71
      Required ratio: 2773.88 (Side area) 
      Cumulative area ratio:    7.26
      Required ratio:    0.00 (Cumulative area) 
      Cumulative area ratio:   41.71
      Required ratio:    0.00 (Cumulative side area) 

    Layer: met2
      Partial area ratio:    0.67
      Required ratio:    0.00 (Gate area) 
      Partial area ratio:    3.90
      Required ratio: 2773.88 (Side area) 
      Cumulative area ratio:    2.39
      Required ratio:    0.00 (Cumulative area) 
      Cumulative area ratio:   14.01
      Required ratio:    0.00 (Cumulative side area) 

    Layer: met1
      Partial area ratio:    1.71
      Required ratio:    0.00 (Gate area) 
      Partial area ratio:   10.11
      Required ratio:  400.00 (Side area) 
      Cumulative area ratio:    1.71
      Required ratio:    0.00 (Cumulative area) 
      Cumulative area ratio:   10.11
      Required ratio:    0.00 (Cumulative side area) 

    Layer: li1
      Partial area ratio:    0.00
      Required ratio:    0.00 (Gate area) 
      Partial area ratio:    0.00
      Required ratio:   75.00 (Side area) 
      Cumulative area ratio:    0.00
      Required ratio:    0.00 (Cumulative area) 
      Cumulative area ratio:    0.00
      Required ratio:    0.00 (Cumulative side area) 

    Via: M3M4_PR
      Partial area ratio:    0.14
      Required ratio:    6.00 (Gate area) 
      Cumulative area ratio:    0.62
      Required ratio:    0.00 (Cumulative area) 

    Via: M2M3_PR
      Partial area ratio:    0.07
      Required ratio:    6.00 (Gate area) 
      Cumulative area ratio:    0.48
      Required ratio:    0.00 (Cumulative area) 

    Via: M1M2_PR
      Partial area ratio:    0.18
      Required ratio:    6.00 (Gate area) 
      Cumulative area ratio:    0.41
      Required ratio:    0.00 (Cumulative area) 

    Via: L1M1_PR
      Partial area ratio:    0.23
      Required ratio:    3.00 (Gate area) 
      Cumulative area ratio:    0.23
      Required ratio:    0.00 (Cumulative area) 

  Pin: ANTENNA__25386__B/DIODE (sky130_fd_sc_hd__diode_2)
    Layer: met2
      Partial area ratio:   11.13
      Required ratio:    0.00 (Gate area) 
      Partial area ratio:   56.41
      Required ratio: 3999.68 (Side area) 
      Cumulative area ratio:  117.66
      Required ratio:    0.00 (Cumulative area) 
      Cumulative area ratio:  604.55
      Required ratio:    0.00 (Cumulative side area) 

    Layer: met1
      Partial area ratio:    1.69
      Required ratio:    0.00 (Gate area) 
      Partial area ratio:    9.14
      Required ratio: 2773.88 (Side area) 
      Cumulative area ratio:    1.69
      Required ratio:    0.00 (Cumulative area) 
      Cumulative area ratio:    9.14
      Required ratio:    0.00 (Cumulative side area) 

    Layer: met3
      Partial area ratio:    0.05
      Required ratio:    0.00 (Gate area) 
      Partial area ratio:    0.39
      Required ratio: 3999.68 (Side area) 
      Cumulative area ratio:  117.71
      Required ratio:    0.00 (Cumulative area) 
      Cumulative area ratio:  604.94
      Required ratio:    0.00 (Cumulative side area) 

    Layer: met4
      Partial area ratio:    4.85
      Required ratio:    0.00 (Gate area) 
      Partial area ratio:   26.13
      Required ratio: 4695.20 (Side area) 
      Cumulative area ratio:  122.56
      Required ratio:    0.00 (Cumulative area) 
      Cumulative area ratio:  631.07
      Required ratio:    0.00 (Cumulative side area) 

    Layer: li1
      Partial area ratio:    0.00
      Required ratio:    0.00 (Gate area) 
      Partial area ratio:    0.00
      Required ratio:  270.61 (Side area) 
      Cumulative area ratio:    0.00
      Required ratio:    0.00 (Cumulative area) 
      Cumulative area ratio:    0.00
      Required ratio:    0.00 (Cumulative side area) 

    Via: M2M3_PR
      Partial area ratio:    0.01
      Required ratio:    6.00 (Gate area) 
      Cumulative area ratio:    0.69
      Required ratio:    0.00 (Cumulative area) 

    Via: M1M2_PR
      Partial area ratio:    0.08
      Required ratio:    6.00 (Gate area) 
      Cumulative area ratio:    0.15
      Required ratio:    0.00 (Cumulative area) 

    Via: M3M4_PR
      Partial area ratio:    0.01
      Required ratio:    6.00 (Gate area) 
      Cumulative area ratio:    0.71
      Required ratio:    0.00 (Cumulative area) 

    Via: L1M1_PR
      Partial area ratio:    0.07
      Required ratio:    3.00 (Gate area) 
      Cumulative area ratio:    0.07
      Required ratio:    0.00 (Cumulative area) 


Net: _17212_
  Pin: ANTENNA__21218__A1/DIODE (sky130_fd_sc_hd__diode_2)
    Layer: met3
      Partial area ratio:    3.44
      Required ratio:    0.00 (Gate area) 
      Partial area ratio:   18.62
      Required ratio: 4873.40 (Side area) 
      Cumulative area ratio:  127.08
      Required ratio:    0.00 (Cumulative area) 
      Cumulative area ratio:  651.94
      Required ratio:    0.00 (Cumulative side area) 

    Layer: met2
      Partial area ratio:    9.63
      Required ratio:    0.00 (Gate area) 
      Partial area ratio:   49.09
      Required ratio: 3643.28 (Side area) 
      Cumulative area ratio:   21.94
      Required ratio:    0.00 (Cumulative area) 
      Cumulative area ratio:  112.14
      Required ratio:    0.00 (Cumulative side area) 

    Layer: met1
      Partial area ratio:    8.83
      Required ratio:    0.00 (Gate area) 
      Partial area ratio:   44.61
      Required ratio: 2773.88 (Side area) 
      Cumulative area ratio:    8.83
      Required ratio:    0.00 (Cumulative area) 
      Cumulative area ratio:   44.61
      Required ratio:    0.00 (Cumulative side area) 

    Layer: li1
      Partial area ratio:    0.00
      Required ratio:    0.00 (Gate area) 
      Partial area ratio:    0.00
      Required ratio:  270.61 (Side area) 
      Cumulative area ratio:    0.00
      Required ratio:    0.00 (Cumulative area) 
      Cumulative area ratio:    0.00
      Required ratio:    0.00 (Cumulative side area) 

    Via: M2M3_PR
      Partial area ratio:    0.04
      Required ratio:    6.00 (Gate area) 
      Cumulative area ratio:    0.33
      Required ratio:    0.00 (Cumulative area) 

    Via: M1M2_PR
      Partial area ratio:    0.10
      Required ratio:    6.00 (Gate area) 
      Cumulative area ratio:    0.17
      Required ratio:    0.00 (Cumulative area) 

    Via: L1M1_PR
      Partial area ratio:    0.07
      Required ratio:    3.00 (Gate area) 
      Cumulative area ratio:    0.07
      Required ratio:    0.00 (Cumulative area) 

  Pin: _22083_/A0 (sky130_fd_sc_hd__mux2_1)
    Layer: met3
      Partial area ratio:    3.44
      Required ratio:    0.00 (Gate area) 
      Partial area ratio:   18.62
      Required ratio: 4873.40 (Side area) 
      Cumulative area ratio:  127.08
      Required ratio:    0.00 (Cumulative area) 
      Cumulative area ratio:  651.94
      Required ratio:    0.00 (Cumulative side area) 

    Layer: met2
      Partial area ratio:    9.63
      Required ratio:    0.00 (Gate area) 
      Partial area ratio:   49.09
      Required ratio: 3643.28 (Side area) 
      Cumulative area ratio:  119.64
      Required ratio:    0.00 (Cumulative area) 
      Cumulative area ratio:  612.45
      Required ratio:    0.00 (Cumulative side area) 

    Layer: met1
      Partial area ratio:   89.16
      Required ratio:    0.00 (Gate area) 
      Partial area ratio:  456.67
      Required ratio:  400.00 (Side area) (VIOLATED)
      Cumulative area ratio:   89.16
      Required ratio:    0.00 (Cumulative area) 
      Cumulative area ratio:  456.67
      Required ratio:    0.00 (Cumulative side area) 

    Layer: li1
      Partial area ratio:    0.00
      Required ratio:    0.00 (Gate area) 
      Partial area ratio:    0.00
      Required ratio:   75.00 (Side area) 
      Cumulative area ratio:    0.00
      Required ratio:    0.00 (Cumulative area) 
      Cumulative area ratio:    0.00
      Required ratio:    0.00 (Cumulative side area) 

    Via: M2M3_PR
      Partial area ratio:    0.04
      Required ratio:    6.00 (Gate area) 
      Cumulative area ratio:    0.95
      Required ratio:    0.00 (Cumulative area) 

    Via: M1M2_PR
      Partial area ratio:    0.36
      Required ratio:    6.00 (Gate area) 
      Cumulative area ratio:    0.59
      Required ratio:    0.00 (Cumulative area) 

    Via: L1M1_PR
      Partial area ratio:    0.23
      Required ratio:    3.00 (Gate area) 
      Cumulative area ratio:    0.23
      Required ratio:    0.00 (Cumulative area) 

  Pin: ANTENNA__23438__A0/DIODE (sky130_fd_sc_hd__diode_2)
    Layer: met3
      Partial area ratio:    3.44
      Required ratio:    0.00 (Gate area) 
      Partial area ratio:   18.62
      Required ratio: 4873.40 (Side area) 
      Cumulative area ratio:  127.08
      Required ratio:    0.00 (Cumulative area) 
      Cumulative area ratio:  651.94
      Required ratio:    0.00 (Cumulative side area) 

    Layer: met2
      Partial area ratio:    9.63
      Required ratio:    0.00 (Gate area) 
      Partial area ratio:   49.09
      Required ratio: 3643.28 (Side area) 
      Cumulative area ratio:  123.63
      Required ratio:    0.00 (Cumulative area) 
      Cumulative area ratio:  633.32
      Required ratio:    0.00 (Cumulative side area) 

    Layer: met1
      Partial area ratio:    3.99
      Required ratio:    0.00 (Gate area) 
      Partial area ratio:   20.87
      Required ratio: 2773.88 (Side area) 
      Cumulative area ratio:    3.99
      Required ratio:    0.00 (Cumulative area) 
      Cumulative area ratio:   20.87
      Required ratio:    0.00 (Cumulative side area) 

    Layer: li1
      Partial area ratio:    0.00
      Required ratio:    0.00 (Gate area) 
      Partial area ratio:    0.00
      Required ratio:  270.61 (Side area) 
      Cumulative area ratio:    0.00
      Required ratio:    0.00 (Cumulative area) 
      Cumulative area ratio:    0.00
      Required ratio:    0.00 (Cumulative side area) 

    Via: M2M3_PR
      Partial area ratio:    0.04
      Required ratio:    6.00 (Gate area) 
      Cumulative area ratio:    0.89
      Required ratio:    0.00 (Cumulative area) 

    Via: M1M2_PR
      Partial area ratio:    0.10
      Required ratio:    6.00 (Gate area) 
      Cumulative area ratio:    0.17
      Required ratio:    0.00 (Cumulative area) 

    Via: L1M1_PR
      Partial area ratio:    0.07
      Required ratio:    3.00 (Gate area) 
      Cumulative area ratio:    0.07
      Required ratio:    0.00 (Cumulative area) 

  Pin: _23438_/A0 (sky130_fd_sc_hd__mux2_1)
    Layer: met3
      Partial area ratio:    3.44
      Required ratio:    0.00 (Gate area) 
      Partial area ratio:   18.62
      Required ratio: 4873.40 (Side area) 
      Cumulative area ratio:  127.08
      Required ratio:    0.00 (Cumulative area) 
      Cumulative area ratio:  651.94
      Required ratio:    0.00 (Cumulative side area) 

    Layer: met2
      Partial area ratio:    9.63
      Required ratio:    0.00 (Gate area) 
      Partial area ratio:   49.09
      Required ratio: 3643.28 (Side area) 
      Cumulative area ratio:  123.63
      Required ratio:    0.00 (Cumulative area) 
      Cumulative area ratio:  633.32
      Required ratio:    0.00 (Cumulative side area) 

    Layer: met1
      Partial area ratio:    0.00
      Required ratio:    0.00 (Gate area) 
      Partial area ratio:    0.00
      Required ratio:  400.00 (Side area) 
      Cumulative area ratio:    0.00
      Required ratio:    0.00 (Cumulative area) 
      Cumulative area ratio:    0.00
      Required ratio:    0.00 (Cumulative side area) 

    Layer: li1
      Partial area ratio:    0.00
      Required ratio:    0.00 (Gate area) 
      Partial area ratio:    0.00
      Required ratio:   75.00 (Side area) 
      Cumulative area ratio:    0.00
      Required ratio:    0.00 (Cumulative area) 
      Cumulative area ratio:    0.00
      Required ratio:    0.00 (Cumulative side area) 

    Via: M2M3_PR
      Partial area ratio:    0.04
      Required ratio:    6.00 (Gate area) 
      Cumulative area ratio:    1.23
      Required ratio:    0.00 (Cumulative area) 

    Via: M1M2_PR
      Partial area ratio:    0.18
      Required ratio:    6.00 (Gate area) 
      Cumulative area ratio:    0.41
      Required ratio:    0.00 (Cumulative area) 

    Via: L1M1_PR
      Partial area ratio:    0.23
      Required ratio:    3.00 (Gate area) 
      Cumulative area ratio:    0.23
      Required ratio:    0.00 (Cumulative area) 

  Pin: ANTENNA__23156__A0/DIODE (sky130_fd_sc_hd__diode_2)
    Layer: met3
      Partial area ratio:    3.44
      Required ratio:    0.00 (Gate area) 
      Partial area ratio:   18.62
      Required ratio: 4873.40 (Side area) 
      Cumulative area ratio:  129.04
      Required ratio:    0.00 (Cumulative area) 
      Cumulative area ratio:  662.09
      Required ratio:    0.00 (Cumulative side area) 

    Layer: met2
      Partial area ratio:    1.35
      Required ratio:    0.00 (Gate area) 
      Partial area ratio:    6.93
      Required ratio: 2773.88 (Side area) 
      Cumulative area ratio:    1.96
      Required ratio:    0.00 (Cumulative area) 
      Cumulative area ratio:   10.15
      Required ratio:    0.00 (Cumulative side area) 

    Layer: met1
      Partial area ratio:    0.61
      Required ratio:    0.00 (Gate area) 
      Partial area ratio:    3.22
      Required ratio: 2773.88 (Side area) 
      Cumulative area ratio:    0.61
      Required ratio:    0.00 (Cumulative area) 
      Cumulative area ratio:    3.22
      Required ratio:    0.00 (Cumulative side area) 

    Layer: li1
      Partial area ratio:    0.00
      Required ratio:    0.00 (Gate area) 
      Partial area ratio:    0.00
      Required ratio:  270.61 (Side area) 
      Cumulative area ratio:    0.00
      Required ratio:    0.00 (Cumulative area) 
      Cumulative area ratio:    0.00
      Required ratio:    0.00 (Cumulative side area) 

    Via: M2M3_PR
      Partial area ratio:    0.07
      Required ratio:    6.00 (Gate area) 
      Cumulative area ratio:    0.18
      Required ratio:    0.00 (Cumulative area) 

    Via: M1M2_PR
      Partial area ratio:    0.04
      Required ratio:    6.00 (Gate area) 
      Cumulative area ratio:    0.11
      Required ratio:    0.00 (Cumulative area) 

    Via: L1M1_PR
      Partial area ratio:    0.07
      Required ratio:    3.00 (Gate area) 
      Cumulative area ratio:    0.07
      Required ratio:    0.00 (Cumulative area) 

  Pin: _23156_/A0 (sky130_fd_sc_hd__mux2_1)
    Layer: met3
      Partial area ratio:    3.44
      Required ratio:    0.00 (Gate area) 
      Partial area ratio:   18.62
      Required ratio: 4873.40 (Side area) 
      Cumulative area ratio:  129.04
      Required ratio:    0.00 (Cumulative area) 
      Cumulative area ratio:  662.09
      Required ratio:    0.00 (Cumulative side area) 

    Layer: met2
      Partial area ratio:    1.35
      Required ratio:    0.00 (Gate area) 
      Partial area ratio:    6.93
      Required ratio: 2773.88 (Side area) 
      Cumulative area ratio:    1.96
      Required ratio:    0.00 (Cumulative area) 
      Cumulative area ratio:   10.15
      Required ratio:    0.00 (Cumulative side area) 

    Layer: met1
      Partial area ratio:    0.61
      Required ratio:    0.00 (Gate area) 
      Partial area ratio:    3.22
      Required ratio: 2773.88 (Side area) 
      Cumulative area ratio:    0.61
      Required ratio:    0.00 (Cumulative area) 
      Cumulative area ratio:    3.22
      Required ratio:    0.00 (Cumulative side area) 

    Layer: li1
      Partial area ratio:    0.00
      Required ratio:    0.00 (Gate area) 
      Partial area ratio:    0.00
      Required ratio:   75.00 (Side area) 
      Cumulative area ratio:    0.00
      Required ratio:    0.00 (Cumulative area) 
      Cumulative area ratio:    0.00
      Required ratio:    0.00 (Cumulative side area) 

    Via: M2M3_PR
      Partial area ratio:    0.07
      Required ratio:    6.00 (Gate area) 
      Cumulative area ratio:    0.34
      Required ratio:    0.00 (Cumulative area) 

    Via: M1M2_PR
      Partial area ratio:    0.04
      Required ratio:    6.00 (Gate area) 
      Cumulative area ratio:    0.27
      Required ratio:    0.00 (Cumulative area) 

    Via: L1M1_PR
      Partial area ratio:    0.23
      Required ratio:    3.00 (Gate area) 
      Cumulative area ratio:    0.23
      Required ratio:    0.00 (Cumulative area) 

  Pin: ANTENNA__22083__A0/DIODE (sky130_fd_sc_hd__diode_2)
    Layer: met3
      Partial area ratio:    3.44
      Required ratio:    0.00 (Gate area) 
      Partial area ratio:   18.62
      Required ratio: 4873.40 (Side area) 
      Cumulative area ratio:  127.08
      Required ratio:    0.00 (Cumulative area) 
      Cumulative area ratio:  651.94
      Required ratio:    0.00 (Cumulative side area) 

    Layer: met2
      Partial area ratio:    9.63
      Required ratio:    0.00 (Gate area) 
      Partial area ratio:   49.09
      Required ratio: 3643.28 (Side area) 
      Cumulative area ratio:   30.48
      Required ratio:    0.00 (Cumulative area) 
      Cumulative area ratio:  155.78
      Required ratio:    0.00 (Cumulative side area) 

    Layer: met1
      Partial area ratio:    8.55
      Required ratio:    0.00 (Gate area) 
      Partial area ratio:   43.64
      Required ratio: 2773.88 (Side area) 
      Cumulative area ratio:    8.55
      Required ratio:    0.00 (Cumulative area) 
      Cumulative area ratio:   43.64
      Required ratio:    0.00 (Cumulative side area) 

    Layer: li1
      Partial area ratio:    0.00
      Required ratio:    0.00 (Gate area) 
      Partial area ratio:    0.00
      Required ratio:  270.61 (Side area) 
      Cumulative area ratio:    0.00
      Required ratio:    0.00 (Cumulative area) 
      Cumulative area ratio:    0.00
      Required ratio:    0.00 (Cumulative side area) 

    Via: M2M3_PR
      Partial area ratio:    0.04
      Required ratio:    6.00 (Gate area) 
      Cumulative area ratio:    0.43
      Required ratio:    0.00 (Cumulative area) 

    Via: M1M2_PR
      Partial area ratio:    0.10
      Required ratio:    6.00 (Gate area) 
      Cumulative area ratio:    0.17
      Required ratio:    0.00 (Cumulative area) 

    Via: L1M1_PR
      Partial area ratio:    0.07
      Required ratio:    3.00 (Gate area) 
      Cumulative area ratio:    0.07
      Required ratio:    0.00 (Cumulative area) 

  Pin: _21546_/A0 (sky130_fd_sc_hd__mux2_1)
    Layer: met3
      Partial area ratio:    3.44
      Required ratio:    0.00 (Gate area) 
      Partial area ratio:   18.62
      Required ratio: 4873.40 (Side area) 
      Cumulative area ratio:  134.04
      Required ratio:    0.00 (Cumulative area) 
      Cumulative area ratio:  687.98
      Required ratio:    0.00 (Cumulative side area) 

    Layer: met2
      Partial area ratio:    9.63
      Required ratio:    0.00 (Gate area) 
      Partial area ratio:   49.09
      Required ratio: 3643.28 (Side area) 
      Cumulative area ratio:   28.90
      Required ratio:    0.00 (Cumulative area) 
      Cumulative area ratio:  148.19
      Required ratio:    0.00 (Cumulative side area) 

    Layer: met1
      Partial area ratio:    4.24
      Required ratio:    0.00 (Gate area) 
      Partial area ratio:   22.00
      Required ratio:  400.00 (Side area) 
      Cumulative area ratio:    4.24
      Required ratio:    0.00 (Cumulative area) 
      Cumulative area ratio:   22.00
      Required ratio:    0.00 (Cumulative side area) 

    Layer: li1
      Partial area ratio:    0.00
      Required ratio:    0.00 (Gate area) 
      Partial area ratio:    0.00
      Required ratio:   75.00 (Side area) 
      Cumulative area ratio:    0.00
      Required ratio:    0.00 (Cumulative area) 
      Cumulative area ratio:    0.00
      Required ratio:    0.00 (Cumulative side area) 

    Via: M2M3_PR
      Partial area ratio:    0.04
      Required ratio:    6.00 (Gate area) 
      Cumulative area ratio:    0.77
      Required ratio:    0.00 (Cumulative area) 

    Via: M1M2_PR
      Partial area ratio:    0.18
      Required ratio:    6.00 (Gate area) 
      Cumulative area ratio:    0.41
      Required ratio:    0.00 (Cumulative area) 

    Via: L1M1_PR
      Partial area ratio:    0.23
      Required ratio:    3.00 (Gate area) 
      Cumulative area ratio:    0.23
      Required ratio:    0.00 (Cumulative area) 

  Pin: ANTENNA__21546__A0/DIODE (sky130_fd_sc_hd__diode_2)
    Layer: met3
      Partial area ratio:    3.44
      Required ratio:    0.00 (Gate area) 
      Partial area ratio:   18.62
      Required ratio: 4873.40 (Side area) 
      Cumulative area ratio:  129.80
      Required ratio:    0.00 (Cumulative area) 
      Cumulative area ratio:  665.98
      Required ratio:    0.00 (Cumulative side area) 

    Layer: met2
      Partial area ratio:    9.63
      Required ratio:    0.00 (Gate area) 
      Partial area ratio:   49.09
      Required ratio: 3643.28 (Side area) 
      Cumulative area ratio:   24.65
      Required ratio:    0.00 (Cumulative area) 
      Cumulative area ratio:  126.19
      Required ratio:    0.00 (Cumulative side area) 

    Layer: met1
      Partial area ratio:    2.72
      Required ratio:    0.00 (Gate area) 
      Partial area ratio:   14.04
      Required ratio: 2773.88 (Side area) 
      Cumulative area ratio:    2.72
      Required ratio:    0.00 (Cumulative area) 
      Cumulative area ratio:   14.04
      Required ratio:    0.00 (Cumulative side area) 

    Layer: li1
      Partial area ratio:    0.00
      Required ratio:    0.00 (Gate area) 
      Partial area ratio:    0.00
      Required ratio:  270.61 (Side area) 
      Cumulative area ratio:    0.00
      Required ratio:    0.00 (Cumulative area) 
      Cumulative area ratio:    0.00
      Required ratio:    0.00 (Cumulative side area) 

    Via: M2M3_PR
      Partial area ratio:    0.04
      Required ratio:    6.00 (Gate area) 
      Cumulative area ratio:    0.43
      Required ratio:    0.00 (Cumulative area) 

    Via: M1M2_PR
      Partial area ratio:    0.10
      Required ratio:    6.00 (Gate area) 
      Cumulative area ratio:    0.17
      Required ratio:    0.00 (Cumulative area) 

    Via: L1M1_PR
      Partial area ratio:    0.07
      Required ratio:    3.00 (Gate area) 
      Cumulative area ratio:    0.07
      Required ratio:    0.00 (Cumulative area) 

  Pin: _21218_/A1 (sky130_fd_sc_hd__mux2_1)
    Layer: met3
      Partial area ratio:    3.44
      Required ratio:    0.00 (Gate area) 
      Partial area ratio:   18.62
      Required ratio: 4873.40 (Side area) 
      Cumulative area ratio:  127.08
      Required ratio:    0.00 (Cumulative area) 
      Cumulative area ratio:  651.94
      Required ratio:    0.00 (Cumulative side area) 

    Layer: met2
      Partial area ratio:    9.63
      Required ratio:    0.00 (Gate area) 
      Partial area ratio:   49.09
      Required ratio: 3643.28 (Side area) 
      Cumulative area ratio:   21.94
      Required ratio:    0.00 (Cumulative area) 
      Cumulative area ratio:  112.14
      Required ratio:    0.00 (Cumulative side area) 

    Layer: met1
      Partial area ratio:    0.00
      Required ratio:    0.00 (Gate area) 
      Partial area ratio:    0.00
      Required ratio:  400.00 (Side area) 
      Cumulative area ratio:    0.00
      Required ratio:    0.00 (Cumulative area) 
      Cumulative area ratio:    0.00
      Required ratio:    0.00 (Cumulative side area) 

    Layer: li1
      Partial area ratio:    0.00
      Required ratio:    0.00 (Gate area) 
      Partial area ratio:    0.00
      Required ratio:   75.00 (Side area) 
      Cumulative area ratio:    0.00
      Required ratio:    0.00 (Cumulative area) 
      Cumulative area ratio:    0.00
      Required ratio:    0.00 (Cumulative side area) 

    Via: M2M3_PR
      Partial area ratio:    0.04
      Required ratio:    6.00 (Gate area) 
      Cumulative area ratio:    0.67
      Required ratio:    0.00 (Cumulative area) 

    Via: M1M2_PR
      Partial area ratio:    0.18
      Required ratio:    6.00 (Gate area) 
      Cumulative area ratio:    0.41
      Required ratio:    0.00 (Cumulative area) 

    Via: L1M1_PR
      Partial area ratio:    0.23
      Required ratio:    3.00 (Gate area) 
      Cumulative area ratio:    0.23
      Required ratio:    0.00 (Cumulative area) 

  Pin: _22350_/A1 (sky130_fd_sc_hd__mux2_1)
    Layer: met3
      Partial area ratio:    3.44
      Required ratio:    0.00 (Gate area) 
      Partial area ratio:   18.62
      Required ratio: 4873.40 (Side area) 
      Cumulative area ratio:  128.77
      Required ratio:    0.00 (Cumulative area) 
      Cumulative area ratio:  661.16
      Required ratio:    0.00 (Cumulative side area) 

    Layer: met2
      Partial area ratio:    9.63
      Required ratio:    0.00 (Gate area) 
      Partial area ratio:   49.09
      Required ratio: 3643.28 (Side area) 
      Cumulative area ratio:   14.79
      Required ratio:    0.00 (Cumulative area) 
      Cumulative area ratio:   76.76
      Required ratio:    0.00 (Cumulative side area) 

    Layer: met1
      Partial area ratio:    1.69
      Required ratio:    0.00 (Gate area) 
      Partial area ratio:    9.22
      Required ratio:  400.00 (Side area) 
      Cumulative area ratio:    1.69
      Required ratio:    0.00 (Cumulative area) 
      Cumulative area ratio:    9.22
      Required ratio:    0.00 (Cumulative side area) 

    Layer: li1
      Partial area ratio:    0.00
      Required ratio:    0.00 (Gate area) 
      Partial area ratio:    0.00
      Required ratio:   75.00 (Side area) 
      Cumulative area ratio:    0.00
      Required ratio:    0.00 (Cumulative area) 
      Cumulative area ratio:    0.00
      Required ratio:    0.00 (Cumulative side area) 

    Via: M2M3_PR
      Partial area ratio:    0.04
      Required ratio:    6.00 (Gate area) 
      Cumulative area ratio:    0.56
      Required ratio:    0.00 (Cumulative area) 

    Via: M1M2_PR
      Partial area ratio:    0.18
      Required ratio:    6.00 (Gate area) 
      Cumulative area ratio:    0.41
      Required ratio:    0.00 (Cumulative area) 

    Via: L1M1_PR
      Partial area ratio:    0.23
      Required ratio:    3.00 (Gate area) 
      Cumulative area ratio:    0.23
      Required ratio:    0.00 (Cumulative area) 

  Pin: ANTENNA__21815__A0/DIODE (sky130_fd_sc_hd__diode_2)
    Layer: met3
      Partial area ratio:    3.44
      Required ratio:    0.00 (Gate area) 
      Partial area ratio:   18.62
      Required ratio: 4873.40 (Side area) 
      Cumulative area ratio:   26.47
      Required ratio:    0.00 (Cumulative area) 
      Cumulative area ratio:  136.73
      Required ratio:    0.00 (Cumulative side area) 

    Layer: met2
      Partial area ratio:    9.08
      Required ratio:    0.00 (Gate area) 
      Partial area ratio:   46.20
      Required ratio: 3121.64 (Side area) 
      Cumulative area ratio:    9.92
      Required ratio:    0.00 (Cumulative area) 
      Cumulative area ratio:   50.57
      Required ratio:    0.00 (Cumulative side area) 

    Layer: met1
      Partial area ratio:    0.84
      Required ratio:    0.00 (Gate area) 
      Partial area ratio:    4.37
      Required ratio: 2773.88 (Side area) 
      Cumulative area ratio:    0.84
      Required ratio:    0.00 (Cumulative area) 
      Cumulative area ratio:    4.37
      Required ratio:    0.00 (Cumulative side area) 

    Layer: li1
      Partial area ratio:    0.00
      Required ratio:    0.00 (Gate area) 
      Partial area ratio:    0.00
      Required ratio:  270.61 (Side area) 
      Cumulative area ratio:    0.00
      Required ratio:    0.00 (Cumulative area) 
      Cumulative area ratio:    0.00
      Required ratio:    0.00 (Cumulative side area) 

    Via: M2M3_PR
      Partial area ratio:    0.02
      Required ratio:    6.00 (Gate area) 
      Cumulative area ratio:    0.13
      Required ratio:    0.00 (Cumulative area) 

    Via: M1M2_PR
      Partial area ratio:    0.04
      Required ratio:    6.00 (Gate area) 
      Cumulative area ratio:    0.11
      Required ratio:    0.00 (Cumulative area) 

    Via: L1M1_PR
      Partial area ratio:    0.07
      Required ratio:    3.00 (Gate area) 
      Cumulative area ratio:    0.07
      Required ratio:    0.00 (Cumulative area) 

  Pin: _21815_/A0 (sky130_fd_sc_hd__mux2_1)
    Layer: met3
      Partial area ratio:    3.44
      Required ratio:    0.00 (Gate area) 
      Partial area ratio:   18.62
      Required ratio: 4873.40 (Side area) 
      Cumulative area ratio:   26.47
      Required ratio:    0.00 (Cumulative area) 
      Cumulative area ratio:  136.73
      Required ratio:    0.00 (Cumulative side area) 

    Layer: met2
      Partial area ratio:    9.08
      Required ratio:    0.00 (Gate area) 
      Partial area ratio:   46.20
      Required ratio: 3121.64 (Side area) 
      Cumulative area ratio:    9.92
      Required ratio:    0.00 (Cumulative area) 
      Cumulative area ratio:   50.57
      Required ratio:    0.00 (Cumulative side area) 

    Layer: met1
      Partial area ratio:    0.84
      Required ratio:    0.00 (Gate area) 
      Partial area ratio:    4.37
      Required ratio: 2773.88 (Side area) 
      Cumulative area ratio:    0.84
      Required ratio:    0.00 (Cumulative area) 
      Cumulative area ratio:    4.37
      Required ratio:    0.00 (Cumulative side area) 

    Layer: li1
      Partial area ratio:    0.00
      Required ratio:    0.00 (Gate area) 
      Partial area ratio:    0.00
      Required ratio:   75.00 (Side area) 
      Cumulative area ratio:    0.00
      Required ratio:    0.00 (Cumulative area) 
      Cumulative area ratio:    0.00
      Required ratio:    0.00 (Cumulative side area) 

    Via: M2M3_PR
      Partial area ratio:    0.02
      Required ratio:    6.00 (Gate area) 
      Cumulative area ratio:    0.29
      Required ratio:    0.00 (Cumulative area) 

    Via: M1M2_PR
      Partial area ratio:    0.04
      Required ratio:    6.00 (Gate area) 
      Cumulative area ratio:    0.27
      Required ratio:    0.00 (Cumulative area) 

    Via: L1M1_PR
      Partial area ratio:    0.23
      Required ratio:    3.00 (Gate area) 
      Cumulative area ratio:    0.23
      Required ratio:    0.00 (Cumulative area) 

  Pin: _24959_/B1 (sky130_fd_sc_hd__o221a_1)
    Layer: met3
      Partial area ratio:    3.44
      Required ratio:    0.00 (Gate area) 
      Partial area ratio:   18.62
      Required ratio: 4873.40 (Side area) 
      Cumulative area ratio:   27.54
      Required ratio:    0.00 (Cumulative area) 
      Cumulative area ratio:  142.71
      Required ratio:    0.00 (Cumulative side area) 

    Layer: met2
      Partial area ratio:    9.08
      Required ratio:    0.00 (Gate area) 
      Partial area ratio:   46.20
      Required ratio: 3121.64 (Side area) 
      Cumulative area ratio:   10.99
      Required ratio:    0.00 (Cumulative area) 
      Cumulative area ratio:   56.55
      Required ratio:    0.00 (Cumulative side area) 

    Layer: met1
      Partial area ratio:    1.91
      Required ratio:    0.00 (Gate area) 
      Partial area ratio:   10.35
      Required ratio:  400.00 (Side area) 
      Cumulative area ratio:    1.91
      Required ratio:    0.00 (Cumulative area) 
      Cumulative area ratio:   10.35
      Required ratio:    0.00 (Cumulative side area) 

    Layer: li1
      Partial area ratio:    0.00
      Required ratio:    0.00 (Gate area) 
      Partial area ratio:    0.00
      Required ratio:   75.00 (Side area) 
      Cumulative area ratio:    0.00
      Required ratio:    0.00 (Cumulative area) 
      Cumulative area ratio:    0.00
      Required ratio:    0.00 (Cumulative side area) 

    Via: M2M3_PR
      Partial area ratio:    0.02
      Required ratio:    6.00 (Gate area) 
      Cumulative area ratio:    0.23
      Required ratio:    0.00 (Cumulative area) 

    Via: M1M2_PR
      Partial area ratio:    0.09
      Required ratio:    6.00 (Gate area) 
      Cumulative area ratio:    0.21
      Required ratio:    0.00 (Cumulative area) 

    Via: L1M1_PR
      Partial area ratio:    0.12
      Required ratio:    3.00 (Gate area) 
      Cumulative area ratio:    0.12
      Required ratio:    0.00 (Cumulative area) 

  Pin: ANTENNA__24959__B1/DIODE (sky130_fd_sc_hd__diode_2)
    Layer: met3
      Partial area ratio:    3.44
      Required ratio:    0.00 (Gate area) 
      Partial area ratio:   18.62
      Required ratio: 4873.40 (Side area) 
      Cumulative area ratio:   25.63
      Required ratio:    0.00 (Cumulative area) 
      Cumulative area ratio:  132.36
      Required ratio:    0.00 (Cumulative side area) 

    Layer: met2
      Partial area ratio:    9.08
      Required ratio:    0.00 (Gate area) 
      Partial area ratio:   46.20
      Required ratio: 3121.64 (Side area) 
      Cumulative area ratio:    9.08
      Required ratio:    0.00 (Cumulative area) 
      Cumulative area ratio:   46.20
      Required ratio:    0.00 (Cumulative side area) 

    Layer: met1
      Partial area ratio:    0.00
      Required ratio:    0.00 (Gate area) 
      Partial area ratio:    0.00
      Required ratio: 2773.88 (Side area) 
      Cumulative area ratio:    0.00
      Required ratio:    0.00 (Cumulative area) 
      Cumulative area ratio:    0.00
      Required ratio:    0.00 (Cumulative side area) 

    Layer: li1
      Partial area ratio:    0.00
      Required ratio:    0.00 (Gate area) 
      Partial area ratio:    0.00
      Required ratio:  270.61 (Side area) 
      Cumulative area ratio:    0.00
      Required ratio:    0.00 (Cumulative area) 
      Cumulative area ratio:    0.00
      Required ratio:    0.00 (Cumulative side area) 

    Via: M2M3_PR
      Partial area ratio:    0.02
      Required ratio:    6.00 (Gate area) 
      Cumulative area ratio:    0.14
      Required ratio:    0.00 (Cumulative area) 

    Via: M1M2_PR
      Partial area ratio:    0.05
      Required ratio:    6.00 (Gate area) 
      Cumulative area ratio:    0.12
      Required ratio:    0.00 (Cumulative area) 

    Via: L1M1_PR
      Partial area ratio:    0.07
      Required ratio:    3.00 (Gate area) 
      Cumulative area ratio:    0.07
      Required ratio:    0.00 (Cumulative area) 

  Pin: ANTENNA__22887__A0/DIODE (sky130_fd_sc_hd__diode_2)
    Layer: met3
      Partial area ratio:    3.44
      Required ratio:    0.00 (Gate area) 
      Partial area ratio:   18.62
      Required ratio: 4873.40 (Side area) 
      Cumulative area ratio:   26.27
      Required ratio:    0.00 (Cumulative area) 
      Cumulative area ratio:  135.93
      Required ratio:    0.00 (Cumulative side area) 

    Layer: met2
      Partial area ratio:    9.08
      Required ratio:    0.00 (Gate area) 
      Partial area ratio:   46.20
      Required ratio: 3121.64 (Side area) 
      Cumulative area ratio:    9.72
      Required ratio:    0.00 (Cumulative area) 
      Cumulative area ratio:   49.77
      Required ratio:    0.00 (Cumulative side area) 

    Layer: met1
      Partial area ratio:    0.64
      Required ratio:    0.00 (Gate area) 
      Partial area ratio:    3.57
      Required ratio: 2773.88 (Side area) 
      Cumulative area ratio:    0.64
      Required ratio:    0.00 (Cumulative area) 
      Cumulative area ratio:    3.57
      Required ratio:    0.00 (Cumulative side area) 

    Layer: li1
      Partial area ratio:    0.00
      Required ratio:    0.00 (Gate area) 
      Partial area ratio:    0.00
      Required ratio:  270.61 (Side area) 
      Cumulative area ratio:    0.00
      Required ratio:    0.00 (Cumulative area) 
      Cumulative area ratio:    0.00
      Required ratio:    0.00 (Cumulative side area) 

    Via: M2M3_PR
      Partial area ratio:    0.02
      Required ratio:    6.00 (Gate area) 
      Cumulative area ratio:    0.13
      Required ratio:    0.00 (Cumulative area) 

    Via: M1M2_PR
      Partial area ratio:    0.04
      Required ratio:    6.00 (Gate area) 
      Cumulative area ratio:    0.11
      Required ratio:    0.00 (Cumulative area) 

    Via: L1M1_PR
      Partial area ratio:    0.07
      Required ratio:    3.00 (Gate area) 
      Cumulative area ratio:    0.07
      Required ratio:    0.00 (Cumulative area) 

  Pin: _22887_/A0 (sky130_fd_sc_hd__mux2_1)
    Layer: met3
      Partial area ratio:    3.44
      Required ratio:    0.00 (Gate area) 
      Partial area ratio:   18.62
      Required ratio: 4873.40 (Side area) 
      Cumulative area ratio:   26.27
      Required ratio:    0.00 (Cumulative area) 
      Cumulative area ratio:  135.93
      Required ratio:    0.00 (Cumulative side area) 

    Layer: met2
      Partial area ratio:    9.08
      Required ratio:    0.00 (Gate area) 
      Partial area ratio:   46.20
      Required ratio: 3121.64 (Side area) 
      Cumulative area ratio:    9.72
      Required ratio:    0.00 (Cumulative area) 
      Cumulative area ratio:   49.77
      Required ratio:    0.00 (Cumulative side area) 

    Layer: met1
      Partial area ratio:    0.64
      Required ratio:    0.00 (Gate area) 
      Partial area ratio:    3.57
      Required ratio: 2773.88 (Side area) 
      Cumulative area ratio:    0.64
      Required ratio:    0.00 (Cumulative area) 
      Cumulative area ratio:    3.57
      Required ratio:    0.00 (Cumulative side area) 

    Layer: li1
      Partial area ratio:    0.00
      Required ratio:    0.00 (Gate area) 
      Partial area ratio:    0.00
      Required ratio:   75.00 (Side area) 
      Cumulative area ratio:    0.00
      Required ratio:    0.00 (Cumulative area) 
      Cumulative area ratio:    0.00
      Required ratio:    0.00 (Cumulative side area) 

    Via: M2M3_PR
      Partial area ratio:    0.02
      Required ratio:    6.00 (Gate area) 
      Cumulative area ratio:    0.29
      Required ratio:    0.00 (Cumulative area) 

    Via: M1M2_PR
      Partial area ratio:    0.04
      Required ratio:    6.00 (Gate area) 
      Cumulative area ratio:    0.27
      Required ratio:    0.00 (Cumulative area) 

    Via: L1M1_PR
      Partial area ratio:    0.23
      Required ratio:    3.00 (Gate area) 
      Cumulative area ratio:    0.23
      Required ratio:    0.00 (Cumulative area) 

  Pin: ANTENNA__22350__A1/DIODE (sky130_fd_sc_hd__diode_2)
    Layer: met3
      Partial area ratio:    3.44
      Required ratio:    0.00 (Gate area) 
      Partial area ratio:   18.62
      Required ratio: 4873.40 (Side area) 
      Cumulative area ratio:  127.71
      Required ratio:    0.00 (Cumulative area) 
      Cumulative area ratio:  655.35
      Required ratio:    0.00 (Cumulative side area) 

    Layer: met2
      Partial area ratio:    9.63
      Required ratio:    0.00 (Gate area) 
      Partial area ratio:   49.09
      Required ratio: 3643.28 (Side area) 
      Cumulative area ratio:   13.74
      Required ratio:    0.00 (Cumulative area) 
      Cumulative area ratio:   70.95
      Required ratio:    0.00 (Cumulative side area) 

    Layer: met1
      Partial area ratio:    0.64
      Required ratio:    0.00 (Gate area) 
      Partial area ratio:    3.41
      Required ratio: 2773.88 (Side area) 
      Cumulative area ratio:    0.64
      Required ratio:    0.00 (Cumulative area) 
      Cumulative area ratio:    3.41
      Required ratio:    0.00 (Cumulative side area) 

    Layer: li1
      Partial area ratio:    0.00
      Required ratio:    0.00 (Gate area) 
      Partial area ratio:    0.00
      Required ratio:  270.61 (Side area) 
      Cumulative area ratio:    0.00
      Required ratio:    0.00 (Cumulative area) 
      Cumulative area ratio:    0.00
      Required ratio:    0.00 (Cumulative side area) 

    Via: M2M3_PR
      Partial area ratio:    0.04
      Required ratio:    6.00 (Gate area) 
      Cumulative area ratio:    0.27
      Required ratio:    0.00 (Cumulative area) 

    Via: M1M2_PR
      Partial area ratio:    0.05
      Required ratio:    6.00 (Gate area) 
      Cumulative area ratio:    0.12
      Required ratio:    0.00 (Cumulative area) 

    Via: L1M1_PR
      Partial area ratio:    0.07
      Required ratio:    3.00 (Gate area) 
      Cumulative area ratio:    0.07
      Required ratio:    0.00 (Cumulative area) 

  Pin: _22619_/A0 (sky130_fd_sc_hd__mux2_1)
    Layer: met3
      Partial area ratio:    3.44
      Required ratio:    0.00 (Gate area) 
      Partial area ratio:   18.62
      Required ratio: 4873.40 (Side area) 
      Cumulative area ratio:  127.08
      Required ratio:    0.00 (Cumulative area) 
      Cumulative area ratio:  651.94
      Required ratio:    0.00 (Cumulative side area) 

    Layer: met2
      Partial area ratio:    9.63
      Required ratio:    0.00 (Gate area) 
      Partial area ratio:   49.09
      Required ratio: 3643.28 (Side area) 
      Cumulative area ratio:   13.11
      Required ratio:    0.00 (Cumulative area) 
      Cumulative area ratio:   67.54
      Required ratio:    0.00 (Cumulative side area) 

    Layer: met1
      Partial area ratio:    3.48
      Required ratio:    0.00 (Gate area) 
      Partial area ratio:   18.45
      Required ratio: 2773.88 (Side area) 
      Cumulative area ratio:    3.48
      Required ratio:    0.00 (Cumulative area) 
      Cumulative area ratio:   18.45
      Required ratio:    0.00 (Cumulative side area) 

    Layer: li1
      Partial area ratio:    0.00
      Required ratio:    0.00 (Gate area) 
      Partial area ratio:    0.00
      Required ratio:   75.00 (Side area) 
      Cumulative area ratio:    0.00
      Required ratio:    0.00 (Cumulative area) 
      Cumulative area ratio:    0.00
      Required ratio:    0.00 (Cumulative side area) 

    Via: M2M3_PR
      Partial area ratio:    0.04
      Required ratio:    6.00 (Gate area) 
      Cumulative area ratio:    0.39
      Required ratio:    0.00 (Cumulative area) 

    Via: M1M2_PR
      Partial area ratio:    0.12
      Required ratio:    6.00 (Gate area) 
      Cumulative area ratio:    0.35
      Required ratio:    0.00 (Cumulative area) 

    Via: L1M1_PR
      Partial area ratio:    0.23
      Required ratio:    3.00 (Gate area) 
      Cumulative area ratio:    0.23
      Required ratio:    0.00 (Cumulative area) 

  Pin: ANTENNA__22619__A0/DIODE (sky130_fd_sc_hd__diode_2)
    Layer: met3
      Partial area ratio:    3.44
      Required ratio:    0.00 (Gate area) 
      Partial area ratio:   18.62
      Required ratio: 4873.40 (Side area) 
      Cumulative area ratio:  127.08
      Required ratio:    0.00 (Cumulative area) 
      Cumulative area ratio:  651.94
      Required ratio:    0.00 (Cumulative side area) 

    Layer: met2
      Partial area ratio:    9.63
      Required ratio:    0.00 (Gate area) 
      Partial area ratio:   49.09
      Required ratio: 3643.28 (Side area) 
      Cumulative area ratio:   13.11
      Required ratio:    0.00 (Cumulative area) 
      Cumulative area ratio:   67.54
      Required ratio:    0.00 (Cumulative side area) 

    Layer: met1
      Partial area ratio:    3.48
      Required ratio:    0.00 (Gate area) 
      Partial area ratio:   18.45
      Required ratio: 2773.88 (Side area) 
      Cumulative area ratio:    3.48
      Required ratio:    0.00 (Cumulative area) 
      Cumulative area ratio:   18.45
      Required ratio:    0.00 (Cumulative side area) 

    Layer: li1
      Partial area ratio:    0.00
      Required ratio:    0.00 (Gate area) 
      Partial area ratio:    0.00
      Required ratio:  270.61 (Side area) 
      Cumulative area ratio:    0.00
      Required ratio:    0.00 (Cumulative area) 
      Cumulative area ratio:    0.00
      Required ratio:    0.00 (Cumulative side area) 

    Via: M2M3_PR
      Partial area ratio:    0.04
      Required ratio:    6.00 (Gate area) 
      Cumulative area ratio:    0.22
      Required ratio:    0.00 (Cumulative area) 

    Via: M1M2_PR
      Partial area ratio:    0.12
      Required ratio:    6.00 (Gate area) 
      Cumulative area ratio:    0.19
      Required ratio:    0.00 (Cumulative area) 

    Via: L1M1_PR
      Partial area ratio:    0.07
      Required ratio:    3.00 (Gate area) 
      Cumulative area ratio:    0.07
      Required ratio:    0.00 (Cumulative area) 


Net: _17274_
  Pin: _25011_/B_N (sky130_fd_sc_hd__or2b_1)
    Layer: met2
      Partial area ratio:   22.61
      Required ratio:    0.00 (Gate area) 
      Partial area ratio:  114.46
      Required ratio: 2918.08 (Side area) 
      Cumulative area ratio:  147.08
      Required ratio:    0.00 (Cumulative area) 
      Cumulative area ratio:  753.12
      Required ratio:    0.00 (Cumulative side area) 

    Layer: met1
      Partial area ratio:    9.24
      Required ratio:    0.00 (Gate area) 
      Partial area ratio:   51.67
      Required ratio:  400.00 (Side area) 
      Cumulative area ratio:    9.24
      Required ratio:    0.00 (Cumulative area) 
      Cumulative area ratio:   51.67
      Required ratio:    0.00 (Cumulative side area) 

    Layer: li1
      Partial area ratio:    0.00
      Required ratio:    0.00 (Gate area) 
      Partial area ratio:    0.00
      Required ratio:   75.00 (Side area) 
      Cumulative area ratio:    0.00
      Required ratio:    0.00 (Cumulative area) 
      Cumulative area ratio:    0.00
      Required ratio:    0.00 (Cumulative side area) 

    Via: M1M2_PR
      Partial area ratio:    0.36
      Required ratio:    6.00 (Gate area) 
      Cumulative area ratio:    0.59
      Required ratio:    0.00 (Cumulative area) 

    Via: L1M1_PR
      Partial area ratio:    0.23
      Required ratio:    3.00 (Gate area) 
      Cumulative area ratio:    0.23
      Required ratio:    0.00 (Cumulative area) 

  Pin: _25611_/B_N (sky130_fd_sc_hd__or2b_1)
    Layer: met2
      Partial area ratio:   22.61
      Required ratio:    0.00 (Gate area) 
      Partial area ratio:  114.46
      Required ratio: 2918.08 (Side area) 
      Cumulative area ratio:  155.63
      Required ratio:    0.00 (Cumulative area) 
      Cumulative area ratio:  799.79
      Required ratio:    0.00 (Cumulative side area) 

    Layer: met1
      Partial area ratio:    4.64
      Required ratio:    0.00 (Gate area) 
      Partial area ratio:   24.78
      Required ratio:  400.00 (Side area) 
      Cumulative area ratio:    4.64
      Required ratio:    0.00 (Cumulative area) 
      Cumulative area ratio:   24.78
      Required ratio:    0.00 (Cumulative side area) 

    Layer: li1
      Partial area ratio:    0.00
      Required ratio:    0.00 (Gate area) 
      Partial area ratio:    0.00
      Required ratio:   75.00 (Side area) 
      Cumulative area ratio:    0.00
      Required ratio:    0.00 (Cumulative area) 
      Cumulative area ratio:    0.00
      Required ratio:    0.00 (Cumulative side area) 

    Via: M1M2_PR
      Partial area ratio:    0.18
      Required ratio:    6.00 (Gate area) 
      Cumulative area ratio:    0.41
      Required ratio:    0.00 (Cumulative area) 

    Via: L1M1_PR
      Partial area ratio:    0.23
      Required ratio:    3.00 (Gate area) 
      Cumulative area ratio:    0.23
      Required ratio:    0.00 (Cumulative area) 

  Pin: _25664_/B_N (sky130_fd_sc_hd__or2b_1)
    Layer: met2
      Partial area ratio:   22.61
      Required ratio:    0.00 (Gate area) 
      Partial area ratio:  114.46
      Required ratio: 2918.08 (Side area) 
      Cumulative area ratio:  158.86
      Required ratio:    0.00 (Cumulative area) 
      Cumulative area ratio:  816.68
      Required ratio:    0.00 (Cumulative side area) 

    Layer: met1
      Partial area ratio:    7.87
      Required ratio:    0.00 (Gate area) 
      Partial area ratio:   41.67
      Required ratio:  400.00 (Side area) 
      Cumulative area ratio:    7.87
      Required ratio:    0.00 (Cumulative area) 
      Cumulative area ratio:   41.67
      Required ratio:    0.00 (Cumulative side area) 

    Layer: li1
      Partial area ratio:    0.00
      Required ratio:    0.00 (Gate area) 
      Partial area ratio:    0.00
      Required ratio:   75.00 (Side area) 
      Cumulative area ratio:    0.00
      Required ratio:    0.00 (Cumulative area) 
      Cumulative area ratio:    0.00
      Required ratio:    0.00 (Cumulative side area) 

    Via: M1M2_PR
      Partial area ratio:    0.18
      Required ratio:    6.00 (Gate area) 
      Cumulative area ratio:    0.41
      Required ratio:    0.00 (Cumulative area) 

    Via: L1M1_PR
      Partial area ratio:    0.23
      Required ratio:    3.00 (Gate area) 
      Cumulative area ratio:    0.23
      Required ratio:    0.00 (Cumulative area) 

  Pin: _25275_/B_N (sky130_fd_sc_hd__or2b_1)
    Layer: met2
      Partial area ratio:   22.61
      Required ratio:    0.00 (Gate area) 
      Partial area ratio:  114.46
      Required ratio: 2918.08 (Side area) 
      Cumulative area ratio:  150.99
      Required ratio:    0.00 (Cumulative area) 
      Cumulative area ratio:  775.01
      Required ratio:    0.00 (Cumulative side area) 

    Layer: met1
      Partial area ratio:    3.91
      Required ratio:    0.00 (Gate area) 
      Partial area ratio:   21.89
      Required ratio:  400.00 (Side area) 
      Cumulative area ratio:    3.91
      Required ratio:    0.00 (Cumulative area) 
      Cumulative area ratio:   21.89
      Required ratio:    0.00 (Cumulative side area) 

    Layer: li1
      Partial area ratio:    0.00
      Required ratio:    0.00 (Gate area) 
      Partial area ratio:    0.00
      Required ratio:   75.00 (Side area) 
      Cumulative area ratio:    0.00
      Required ratio:    0.00 (Cumulative area) 
      Cumulative area ratio:    0.00
      Required ratio:    0.00 (Cumulative side area) 

    Via: M1M2_PR
      Partial area ratio:    0.36
      Required ratio:    6.00 (Gate area) 
      Cumulative area ratio:    0.59
      Required ratio:    0.00 (Cumulative area) 

    Via: L1M1_PR
      Partial area ratio:    0.23
      Required ratio:    3.00 (Gate area) 
      Cumulative area ratio:    0.23
      Required ratio:    0.00 (Cumulative area) 

  Pin: _25002_/B_N (sky130_fd_sc_hd__or2b_1)
    Layer: met2
      Partial area ratio:   22.61
      Required ratio:    0.00 (Gate area) 
      Partial area ratio:  114.46
      Required ratio: 2918.08 (Side area) 
      Cumulative area ratio:  143.61
      Required ratio:    0.00 (Cumulative area) 
      Cumulative area ratio:  731.12
      Required ratio:    0.00 (Cumulative side area) 

    Layer: met1
      Partial area ratio:    5.78
      Required ratio:    0.00 (Gate area) 
      Partial area ratio:   29.67
      Required ratio:  400.00 (Side area) 
      Cumulative area ratio:    5.78
      Required ratio:    0.00 (Cumulative area) 
      Cumulative area ratio:   29.67
      Required ratio:    0.00 (Cumulative side area) 

    Layer: li1
      Partial area ratio:    0.00
      Required ratio:    0.00 (Gate area) 
      Partial area ratio:    0.00
      Required ratio:   75.00 (Side area) 
      Cumulative area ratio:    0.00
      Required ratio:    0.00 (Cumulative area) 
      Cumulative area ratio:    0.00
      Required ratio:    0.00 (Cumulative side area) 

    Via: M1M2_PR
      Partial area ratio:    0.18
      Required ratio:    6.00 (Gate area) 
      Cumulative area ratio:    0.41
      Required ratio:    0.00 (Cumulative area) 

    Via: L1M1_PR
      Partial area ratio:    0.23
      Required ratio:    3.00 (Gate area) 
      Cumulative area ratio:    0.23
      Required ratio:    0.00 (Cumulative area) 

  Pin: _25282_/B_N (sky130_fd_sc_hd__or2b_1)
    Layer: met2
      Partial area ratio:   22.61
      Required ratio:    0.00 (Gate area) 
      Partial area ratio:  114.46
      Required ratio: 2918.08 (Side area) 
      Cumulative area ratio:  137.83
      Required ratio:    0.00 (Cumulative area) 
      Cumulative area ratio:  701.46
      Required ratio:    0.00 (Cumulative side area) 

    Layer: met1
      Partial area ratio:  115.22
      Required ratio:    0.00 (Gate area) 
      Partial area ratio:  587.00
      Required ratio:  400.00 (Side area) (VIOLATED)
      Cumulative area ratio:  115.22
      Required ratio:    0.00 (Cumulative area) 
      Cumulative area ratio:  587.00
      Required ratio:    0.00 (Cumulative side area) 

    Layer: li1
      Partial area ratio:    0.00
      Required ratio:    0.00 (Gate area) 
      Partial area ratio:    0.00
      Required ratio:   75.00 (Side area) 
      Cumulative area ratio:    0.00
      Required ratio:    0.00 (Cumulative area) 
      Cumulative area ratio:    0.00
      Required ratio:    0.00 (Cumulative side area) 

    Via: M1M2_PR
      Partial area ratio:    0.54
      Required ratio:    6.00 (Gate area) 
      Cumulative area ratio:    0.77
      Required ratio:    0.00 (Cumulative area) 

    Via: L1M1_PR
      Partial area ratio:    0.23
      Required ratio:    3.00 (Gate area) 
      Cumulative area ratio:    0.23
      Required ratio:    0.00 (Cumulative area) 

  Pin: _25714_/B_N (sky130_fd_sc_hd__or2b_1)
    Layer: met1
      Partial area ratio:    0.00
      Required ratio:    0.00 (Gate area) 
      Partial area ratio:    0.00
      Required ratio:  400.00 (Side area) 
      Cumulative area ratio:    0.00
      Required ratio:    0.00 (Cumulative area) 
      Cumulative area ratio:    0.00
      Required ratio:    0.00 (Cumulative side area) 

    Layer: li1
      Partial area ratio:    0.00
      Required ratio:    0.00 (Gate area) 
      Partial area ratio:    0.00
      Required ratio:   75.00 (Side area) 
      Cumulative area ratio:    0.00
      Required ratio:    0.00 (Cumulative area) 
      Cumulative area ratio:    0.00
      Required ratio:    0.00 (Cumulative side area) 

    Via: M1M2_PR
      Partial area ratio:    0.18
      Required ratio:    6.00 (Gate area) 
      Cumulative area ratio:    0.41
      Required ratio:    0.00 (Cumulative area) 

    Via: L1M1_PR
      Partial area ratio:    0.23
      Required ratio:    3.00 (Gate area) 
      Cumulative area ratio:    0.23
      Required ratio:    0.00 (Cumulative area) 

  Pin: _25533_/B_N (sky130_fd_sc_hd__or2b_1)
    Layer: met1
      Partial area ratio:    1.71
      Required ratio:    0.00 (Gate area) 
      Partial area ratio:   10.11
      Required ratio:  400.00 (Side area) 
      Cumulative area ratio:    1.71
      Required ratio:    0.00 (Cumulative area) 
      Cumulative area ratio:   10.11
      Required ratio:    0.00 (Cumulative side area) 

    Layer: li1
      Partial area ratio:    0.00
      Required ratio:    0.00 (Gate area) 
      Partial area ratio:    0.00
      Required ratio:   75.00 (Side area) 
      Cumulative area ratio:    0.00
      Required ratio:    0.00 (Cumulative area) 
      Cumulative area ratio:    0.00
      Required ratio:    0.00 (Cumulative side area) 

    Via: M1M2_PR
      Partial area ratio:    0.18
      Required ratio:    6.00 (Gate area) 
      Cumulative area ratio:    0.41
      Required ratio:    0.00 (Cumulative area) 

    Via: L1M1_PR
      Partial area ratio:    0.23
      Required ratio:    3.00 (Gate area) 
      Cumulative area ratio:    0.23
      Required ratio:    0.00 (Cumulative area) 

  Pin: _25135_/B_N (sky130_fd_sc_hd__or2b_1)
    Layer: met1
      Partial area ratio:    2.36
      Required ratio:    0.00 (Gate area) 
      Partial area ratio:   13.33
      Required ratio:  400.00 (Side area) 
      Cumulative area ratio:    2.36
      Required ratio:    0.00 (Cumulative area) 
      Cumulative area ratio:   13.33
      Required ratio:    0.00 (Cumulative side area) 

    Layer: li1
      Partial area ratio:    0.00
      Required ratio:    0.00 (Gate area) 
      Partial area ratio:    0.00
      Required ratio:   75.00 (Side area) 
      Cumulative area ratio:    0.00
      Required ratio:    0.00 (Cumulative area) 
      Cumulative area ratio:    0.00
      Required ratio:    0.00 (Cumulative side area) 

    Via: M1M2_PR
      Partial area ratio:    0.36
      Required ratio:    6.00 (Gate area) 
      Cumulative area ratio:    0.59
      Required ratio:    0.00 (Cumulative area) 

    Via: L1M1_PR
      Partial area ratio:    0.23
      Required ratio:    3.00 (Gate area) 
      Cumulative area ratio:    0.23
      Required ratio:    0.00 (Cumulative area) 

  Pin: _25117_/B_N (sky130_fd_sc_hd__or2b_1)
    Layer: met1
      Partial area ratio:    6.84
      Required ratio:    0.00 (Gate area) 
      Partial area ratio:   36.56
      Required ratio:  400.00 (Side area) 
      Cumulative area ratio:    6.84
      Required ratio:    0.00 (Cumulative area) 
      Cumulative area ratio:   36.56
      Required ratio:    0.00 (Cumulative side area) 

    Layer: li1
      Partial area ratio:    0.00
      Required ratio:    0.00 (Gate area) 
      Partial area ratio:    0.00
      Required ratio:   75.00 (Side area) 
      Cumulative area ratio:    0.00
      Required ratio:    0.00 (Cumulative area) 
      Cumulative area ratio:    0.00
      Required ratio:    0.00 (Cumulative side area) 

    Via: M1M2_PR
      Partial area ratio:    0.36
      Required ratio:    6.00 (Gate area) 
      Cumulative area ratio:    0.59
      Required ratio:    0.00 (Cumulative area) 

    Via: L1M1_PR
      Partial area ratio:    0.23
      Required ratio:    3.00 (Gate area) 
      Cumulative area ratio:    0.23
      Required ratio:    0.00 (Cumulative area) 


Net: _17395_
  Pin: _21214_/A (sky130_fd_sc_hd__and2_4)
    Layer: met3
      Partial area ratio:    5.62
      Required ratio:    0.00 (Gate area) 
      Partial area ratio:   30.41
      Required ratio: 2956.40 (Side area) 
      Cumulative area ratio:   15.23
      Required ratio:    0.00 (Cumulative area) 
      Cumulative area ratio:   79.61
      Required ratio:    0.00 (Cumulative side area) 

    Layer: met2
      Partial area ratio:    9.26
      Required ratio:    0.00 (Gate area) 
      Partial area ratio:   47.10
      Required ratio:  400.00 (Side area) 
      Cumulative area ratio:    9.60
      Required ratio:    0.00 (Cumulative area) 
      Cumulative area ratio:   49.20
      Required ratio:    0.00 (Cumulative side area) 

    Layer: met1
      Partial area ratio:    0.34
      Required ratio:    0.00 (Gate area) 
      Partial area ratio:    2.09
      Required ratio:  400.00 (Side area) 
      Cumulative area ratio:    0.34
      Required ratio:    0.00 (Cumulative area) 
      Cumulative area ratio:    2.09
      Required ratio:    0.00 (Cumulative side area) 

    Layer: li1
      Partial area ratio:    0.00
      Required ratio:    0.00 (Gate area) 
      Partial area ratio:    0.00
      Required ratio:   75.00 (Side area) 
      Cumulative area ratio:    0.00
      Required ratio:    0.00 (Cumulative area) 
      Cumulative area ratio:    0.00
      Required ratio:    0.00 (Cumulative side area) 

    Via: M2M3_PR
      Partial area ratio:    0.04
      Required ratio:    6.00 (Gate area) 
      Cumulative area ratio:    0.24
      Required ratio:    0.00 (Cumulative area) 

    Via: M1M2_PR
      Partial area ratio:    0.09
      Required ratio:    6.00 (Gate area) 
      Cumulative area ratio:    0.21
      Required ratio:    0.00 (Cumulative area) 

    Via: L1M1_PR
      Partial area ratio:    0.12
      Required ratio:    3.00 (Gate area) 
      Cumulative area ratio:    0.12
      Required ratio:    0.00 (Cumulative area) 

  Pin: _26773_/B (sky130_fd_sc_hd__and3b_1)
    Layer: met3
      Partial area ratio:    5.62
      Required ratio:    0.00 (Gate area) 
      Partial area ratio:   30.41
      Required ratio: 2956.40 (Side area) 
      Cumulative area ratio:  103.62
      Required ratio:    0.00 (Cumulative area) 
      Cumulative area ratio:  522.74
      Required ratio:    0.00 (Cumulative side area) 

    Layer: met2
      Partial area ratio:    9.26
      Required ratio:    0.00 (Gate area) 
      Partial area ratio:   47.10
      Required ratio:  400.00 (Side area) 
      Cumulative area ratio:   98.00
      Required ratio:    0.00 (Cumulative area) 
      Cumulative area ratio:  492.33
      Required ratio:    0.00 (Cumulative side area) 

    Layer: met1
      Partial area ratio:   88.73
      Required ratio:    0.00 (Gate area) 
      Partial area ratio:  445.22
      Required ratio:  400.00 (Side area) (VIOLATED)
      Cumulative area ratio:   88.73
      Required ratio:    0.00 (Cumulative area) 
      Cumulative area ratio:  445.22
      Required ratio:    0.00 (Cumulative side area) 

    Layer: li1
      Partial area ratio:    0.00
      Required ratio:    0.00 (Gate area) 
      Partial area ratio:    0.00
      Required ratio:   75.00 (Side area) 
      Cumulative area ratio:    0.00
      Required ratio:    0.00 (Cumulative area) 
      Cumulative area ratio:    0.00
      Required ratio:    0.00 (Cumulative side area) 

    Via: M2M3_PR
      Partial area ratio:    0.04
      Required ratio:    6.00 (Gate area) 
      Cumulative area ratio:    0.62
      Required ratio:    0.00 (Cumulative area) 

    Via: M1M2_PR
      Partial area ratio:    0.36
      Required ratio:    6.00 (Gate area) 
      Cumulative area ratio:    0.59
      Required ratio:    0.00 (Cumulative area) 

    Via: L1M1_PR
      Partial area ratio:    0.23
      Required ratio:    3.00 (Gate area) 
      Cumulative area ratio:    0.23
      Required ratio:    0.00 (Cumulative area) 

  Pin: _25129_/A (sky130_fd_sc_hd__nand2_2)
    Layer: met3
      Partial area ratio:    5.62
      Required ratio:    0.00 (Gate area) 
      Partial area ratio:   30.41
      Required ratio: 2956.40 (Side area) 
      Cumulative area ratio:  117.59
      Required ratio:    0.00 (Cumulative area) 
      Cumulative area ratio:  594.53
      Required ratio:    0.00 (Cumulative side area) 

    Layer: met2
      Partial area ratio:    9.26
      Required ratio:    0.00 (Gate area) 
      Partial area ratio:   47.10
      Required ratio:  400.00 (Side area) 
      Cumulative area ratio:  111.96
      Required ratio:    0.00 (Cumulative area) 
      Cumulative area ratio:  564.12
      Required ratio:    0.00 (Cumulative side area) 

    Layer: met1
      Partial area ratio:    7.52
      Required ratio:    0.00 (Gate area) 
      Partial area ratio:   38.01
      Required ratio:  400.00 (Side area) 
      Cumulative area ratio:    7.52
      Required ratio:    0.00 (Cumulative area) 
      Cumulative area ratio:   38.01
      Required ratio:    0.00 (Cumulative side area) 

    Layer: li1
      Partial area ratio:    0.00
      Required ratio:    0.00 (Gate area) 
      Partial area ratio:    0.00
      Required ratio:   75.00 (Side area) 
      Cumulative area ratio:    0.00
      Required ratio:    0.00 (Cumulative area) 
      Cumulative area ratio:    0.00
      Required ratio:    0.00 (Cumulative side area) 

    Via: M2M3_PR
      Partial area ratio:    0.04
      Required ratio:    6.00 (Gate area) 
      Cumulative area ratio:    0.85
      Required ratio:    0.00 (Cumulative area) 

    Via: M1M2_PR
      Partial area ratio:    0.05
      Required ratio:    6.00 (Gate area) 
      Cumulative area ratio:    0.10
      Required ratio:    0.00 (Cumulative area) 

    Via: L1M1_PR
      Partial area ratio:    0.06
      Required ratio:    3.00 (Gate area) 
      Cumulative area ratio:    0.06
      Required ratio:    0.00 (Cumulative area) 

  Pin: _26016_/B (sky130_fd_sc_hd__and3b_1)
    Layer: met3
      Partial area ratio:    5.62
      Required ratio:    0.00 (Gate area) 
      Partial area ratio:   30.41
      Required ratio: 2956.40 (Side area) 
      Cumulative area ratio:  111.24
      Required ratio:    0.00 (Cumulative area) 
      Cumulative area ratio:  563.19
      Required ratio:    0.00 (Cumulative side area) 

    Layer: met2
      Partial area ratio:    9.26
      Required ratio:    0.00 (Gate area) 
      Partial area ratio:   47.10
      Required ratio:  400.00 (Side area) 
      Cumulative area ratio:  105.62
      Required ratio:    0.00 (Cumulative area) 
      Cumulative area ratio:  532.77
      Required ratio:    0.00 (Cumulative side area) 

    Layer: met1
      Partial area ratio:    1.18
      Required ratio:    0.00 (Gate area) 
      Partial area ratio:    6.67
      Required ratio:  400.00 (Side area) 
      Cumulative area ratio:    1.18
      Required ratio:    0.00 (Cumulative area) 
      Cumulative area ratio:    6.67
      Required ratio:    0.00 (Cumulative side area) 

    Layer: li1
      Partial area ratio:    0.00
      Required ratio:    0.00 (Gate area) 
      Partial area ratio:    0.00
      Required ratio:   75.00 (Side area) 
      Cumulative area ratio:    0.00
      Required ratio:    0.00 (Cumulative area) 
      Cumulative area ratio:    0.00
      Required ratio:    0.00 (Cumulative side area) 

    Via: M2M3_PR
      Partial area ratio:    0.04
      Required ratio:    6.00 (Gate area) 
      Cumulative area ratio:    1.16
      Required ratio:    0.00 (Cumulative area) 

    Via: M1M2_PR
      Partial area ratio:    0.18
      Required ratio:    6.00 (Gate area) 
      Cumulative area ratio:    0.41
      Required ratio:    0.00 (Cumulative area) 

    Via: L1M1_PR
      Partial area ratio:    0.23
      Required ratio:    3.00 (Gate area) 
      Cumulative area ratio:    0.23
      Required ratio:    0.00 (Cumulative area) 

  Pin: _26390_/B (sky130_fd_sc_hd__and3b_1)
    Layer: met3
      Partial area ratio:    5.62
      Required ratio:    0.00 (Gate area) 
      Partial area ratio:   30.41
      Required ratio: 2956.40 (Side area) 
      Cumulative area ratio:  110.06
      Required ratio:    0.00 (Cumulative area) 
      Cumulative area ratio:  556.52
      Required ratio:    0.00 (Cumulative side area) 

    Layer: met2
      Partial area ratio:    9.26
      Required ratio:    0.00 (Gate area) 
      Partial area ratio:   47.10
      Required ratio:  400.00 (Side area) 
      Cumulative area ratio:  104.44
      Required ratio:    0.00 (Cumulative area) 
      Cumulative area ratio:  526.10
      Required ratio:    0.00 (Cumulative side area) 

    Layer: met1
      Partial area ratio:    6.44
      Required ratio:    0.00 (Gate area) 
      Partial area ratio:   33.78
      Required ratio:  400.00 (Side area) 
      Cumulative area ratio:    6.44
      Required ratio:    0.00 (Cumulative area) 
      Cumulative area ratio:   33.78
      Required ratio:    0.00 (Cumulative side area) 

    Layer: li1
      Partial area ratio:    0.00
      Required ratio:    0.00 (Gate area) 
      Partial area ratio:    0.00
      Required ratio:   75.00 (Side area) 
      Cumulative area ratio:    0.00
      Required ratio:    0.00 (Cumulative area) 
      Cumulative area ratio:    0.00
      Required ratio:    0.00 (Cumulative side area) 

    Via: M2M3_PR
      Partial area ratio:    0.04
      Required ratio:    6.00 (Gate area) 
      Cumulative area ratio:    0.98
      Required ratio:    0.00 (Cumulative area) 

    Via: M1M2_PR
      Partial area ratio:    0.36
      Required ratio:    6.00 (Gate area) 
      Cumulative area ratio:    0.59
      Required ratio:    0.00 (Cumulative area) 

    Via: L1M1_PR
      Partial area ratio:    0.23
      Required ratio:    3.00 (Gate area) 
      Cumulative area ratio:    0.23
      Required ratio:    0.00 (Cumulative area) 


Net: _18396_
  Pin: _21606_/A0 (sky130_fd_sc_hd__mux2_1)
    Layer: met4
      Partial area ratio:   28.11
      Required ratio:    0.00 (Gate area) 
      Partial area ratio:  151.01
      Required ratio: 5051.60 (Side area) 
      Cumulative area ratio:   31.55
      Required ratio:    0.00 (Cumulative area) 
      Cumulative area ratio:  169.59
      Required ratio:    0.00 (Cumulative side area) 

    Layer: met3
      Partial area ratio:    1.00
      Required ratio:    0.00 (Gate area) 
      Partial area ratio:    5.78
      Required ratio: 2947.76 (Side area) 
      Cumulative area ratio:    3.44
      Required ratio:    0.00 (Cumulative area) 
      Cumulative area ratio:   18.58
      Required ratio:    0.00 (Cumulative side area) 

    Layer: met2
      Partial area ratio:    1.22
      Required ratio:    0.00 (Gate area) 
      Partial area ratio:    6.36
      Required ratio: 2947.76 (Side area) 
      Cumulative area ratio:    2.44
      Required ratio:    0.00 (Cumulative area) 
      Cumulative area ratio:   12.80
      Required ratio:    0.00 (Cumulative side area) 

    Layer: met1
      Partial area ratio:    1.22
      Required ratio:    0.00 (Gate area) 
      Partial area ratio:    6.44
      Required ratio: 2773.88 (Side area) 
      Cumulative area ratio:    1.22
      Required ratio:    0.00 (Cumulative area) 
      Cumulative area ratio:    6.44
      Required ratio:    0.00 (Cumulative side area) 

    Layer: li1
      Partial area ratio:    0.00
      Required ratio:    0.00 (Gate area) 
      Partial area ratio:    0.00
      Required ratio:   75.00 (Side area) 
      Cumulative area ratio:    0.00
      Required ratio:    0.00 (Cumulative area) 
      Cumulative area ratio:    0.00
      Required ratio:    0.00 (Cumulative side area) 

    Via: M3M4_PR
      Partial area ratio:    0.04
      Required ratio:    6.00 (Gate area) 
      Cumulative area ratio:    0.34
      Required ratio:    0.00 (Cumulative area) 

    Via: M2M3_PR
      Partial area ratio:    0.04
      Required ratio:    6.00 (Gate area) 
      Cumulative area ratio:    0.31
      Required ratio:    0.00 (Cumulative area) 

    Via: M1M2_PR
      Partial area ratio:    0.04
      Required ratio:    6.00 (Gate area) 
      Cumulative area ratio:    0.27
      Required ratio:    0.00 (Cumulative area) 

    Via: L1M1_PR
      Partial area ratio:    0.23
      Required ratio:    3.00 (Gate area) 
      Cumulative area ratio:    0.23
      Required ratio:    0.00 (Cumulative area) 

  Pin: ANTENNA__21606__A0/DIODE (sky130_fd_sc_hd__diode_2)
    Layer: met4
      Partial area ratio:   28.11
      Required ratio:    0.00 (Gate area) 
      Partial area ratio:  151.01
      Required ratio: 5051.60 (Side area) 
      Cumulative area ratio:   31.55
      Required ratio:    0.00 (Cumulative area) 
      Cumulative area ratio:  169.59
      Required ratio:    0.00 (Cumulative side area) 

    Layer: met3
      Partial area ratio:    1.00
      Required ratio:    0.00 (Gate area) 
      Partial area ratio:    5.78
      Required ratio: 2947.76 (Side area) 
      Cumulative area ratio:    3.44
      Required ratio:    0.00 (Cumulative area) 
      Cumulative area ratio:   18.58
      Required ratio:    0.00 (Cumulative side area) 

    Layer: met2
      Partial area ratio:    1.22
      Required ratio:    0.00 (Gate area) 
      Partial area ratio:    6.36
      Required ratio: 2947.76 (Side area) 
      Cumulative area ratio:    2.44
      Required ratio:    0.00 (Cumulative area) 
      Cumulative area ratio:   12.80
      Required ratio:    0.00 (Cumulative side area) 

    Layer: met1
      Partial area ratio:    1.22
      Required ratio:    0.00 (Gate area) 
      Partial area ratio:    6.44
      Required ratio: 2773.88 (Side area) 
      Cumulative area ratio:    1.22
      Required ratio:    0.00 (Cumulative area) 
      Cumulative area ratio:    6.44
      Required ratio:    0.00 (Cumulative side area) 

    Layer: li1
      Partial area ratio:    0.00
      Required ratio:    0.00 (Gate area) 
      Partial area ratio:    0.00
      Required ratio:  270.61 (Side area) 
      Cumulative area ratio:    0.00
      Required ratio:    0.00 (Cumulative area) 
      Cumulative area ratio:    0.00
      Required ratio:    0.00 (Cumulative side area) 

    Via: M3M4_PR
      Partial area ratio:    0.04
      Required ratio:    6.00 (Gate area) 
      Cumulative area ratio:    0.18
      Required ratio:    0.00 (Cumulative area) 

    Via: M2M3_PR
      Partial area ratio:    0.04
      Required ratio:    6.00 (Gate area) 
      Cumulative area ratio:    0.14
      Required ratio:    0.00 (Cumulative area) 

    Via: M1M2_PR
      Partial area ratio:    0.04
      Required ratio:    6.00 (Gate area) 
      Cumulative area ratio:    0.11
      Required ratio:    0.00 (Cumulative area) 

    Via: L1M1_PR
      Partial area ratio:    0.07
      Required ratio:    3.00 (Gate area) 
      Cumulative area ratio:    0.07
      Required ratio:    0.00 (Cumulative area) 

  Pin: _21295_/A1 (sky130_fd_sc_hd__mux2_1)
    Layer: met4
      Partial area ratio:   28.11
      Required ratio:    0.00 (Gate area) 
      Partial area ratio:  151.01
      Required ratio: 5051.60 (Side area) 
      Cumulative area ratio:   35.17
      Required ratio:    0.00 (Cumulative area) 
      Cumulative area ratio:  188.27
      Required ratio:    0.00 (Cumulative side area) 

    Layer: met3
      Partial area ratio:    1.00
      Required ratio:    0.00 (Gate area) 
      Partial area ratio:    5.78
      Required ratio: 2947.76 (Side area) 
      Cumulative area ratio:    7.07
      Required ratio:    0.00 (Cumulative area) 
      Cumulative area ratio:   37.26
      Required ratio:    0.00 (Cumulative side area) 

    Layer: met2
      Partial area ratio:    1.22
      Required ratio:    0.00 (Gate area) 
      Partial area ratio:    6.36
      Required ratio: 2947.76 (Side area) 
      Cumulative area ratio:    6.06
      Required ratio:    0.00 (Cumulative area) 
      Cumulative area ratio:   31.48
      Required ratio:    0.00 (Cumulative side area) 

    Layer: met1
      Partial area ratio:    0.00
      Required ratio:    0.00 (Gate area) 
      Partial area ratio:    0.00
      Required ratio:  400.00 (Side area) 
      Cumulative area ratio:    0.00
      Required ratio:    0.00 (Cumulative area) 
      Cumulative area ratio:    0.00
      Required ratio:    0.00 (Cumulative side area) 

    Layer: li1
      Partial area ratio:    0.00
      Required ratio:    0.00 (Gate area) 
      Partial area ratio:    0.00
      Required ratio:   75.00 (Side area) 
      Cumulative area ratio:    0.00
      Required ratio:    0.00 (Cumulative area) 
      Cumulative area ratio:    0.00
      Required ratio:    0.00 (Cumulative side area) 

    Via: M3M4_PR
      Partial area ratio:    0.04
      Required ratio:    6.00 (Gate area) 
      Cumulative area ratio:    0.58
      Required ratio:    0.00 (Cumulative area) 

    Via: M2M3_PR
      Partial area ratio:    0.04
      Required ratio:    6.00 (Gate area) 
      Cumulative area ratio:    0.55
      Required ratio:    0.00 (Cumulative area) 

    Via: M1M2_PR
      Partial area ratio:    0.18
      Required ratio:    6.00 (Gate area) 
      Cumulative area ratio:    0.41
      Required ratio:    0.00 (Cumulative area) 

    Via: L1M1_PR
      Partial area ratio:    0.23
      Required ratio:    3.00 (Gate area) 
      Cumulative area ratio:    0.23
      Required ratio:    0.00 (Cumulative area) 

  Pin: ANTENNA__21295__A1/DIODE (sky130_fd_sc_hd__diode_2)
    Layer: met4
      Partial area ratio:   28.11
      Required ratio:    0.00 (Gate area) 
      Partial area ratio:  151.01
      Required ratio: 5051.60 (Side area) 
      Cumulative area ratio:   35.17
      Required ratio:    0.00 (Cumulative area) 
      Cumulative area ratio:  188.27
      Required ratio:    0.00 (Cumulative side area) 

    Layer: met3
      Partial area ratio:    1.00
      Required ratio:    0.00 (Gate area) 
      Partial area ratio:    5.78
      Required ratio: 2947.76 (Side area) 
      Cumulative area ratio:    7.07
      Required ratio:    0.00 (Cumulative area) 
      Cumulative area ratio:   37.26
      Required ratio:    0.00 (Cumulative side area) 

    Layer: met2
      Partial area ratio:    1.22
      Required ratio:    0.00 (Gate area) 
      Partial area ratio:    6.36
      Required ratio: 2947.76 (Side area) 
      Cumulative area ratio:    6.06
      Required ratio:    0.00 (Cumulative area) 
      Cumulative area ratio:   31.48
      Required ratio:    0.00 (Cumulative side area) 

    Layer: met1
      Partial area ratio:    4.84
      Required ratio:    0.00 (Gate area) 
      Partial area ratio:   25.12
      Required ratio: 2773.88 (Side area) 
      Cumulative area ratio:    4.84
      Required ratio:    0.00 (Cumulative area) 
      Cumulative area ratio:   25.12
      Required ratio:    0.00 (Cumulative side area) 

    Layer: li1
      Partial area ratio:    0.00
      Required ratio:    0.00 (Gate area) 
      Partial area ratio:    0.00
      Required ratio:  270.61 (Side area) 
      Cumulative area ratio:    0.00
      Required ratio:    0.00 (Cumulative area) 
      Cumulative area ratio:    0.00
      Required ratio:    0.00 (Cumulative side area) 

    Via: M3M4_PR
      Partial area ratio:    0.04
      Required ratio:    6.00 (Gate area) 
      Cumulative area ratio:    0.24
      Required ratio:    0.00 (Cumulative area) 

    Via: M2M3_PR
      Partial area ratio:    0.04
      Required ratio:    6.00 (Gate area) 
      Cumulative area ratio:    0.21
      Required ratio:    0.00 (Cumulative area) 

    Via: M1M2_PR
      Partial area ratio:    0.10
      Required ratio:    6.00 (Gate area) 
      Cumulative area ratio:    0.17
      Required ratio:    0.00 (Cumulative area) 

    Via: L1M1_PR
      Partial area ratio:    0.07
      Required ratio:    3.00 (Gate area) 
      Cumulative area ratio:    0.07
      Required ratio:    0.00 (Cumulative area) 

  Pin: ANTENNA__22143__A0/DIODE (sky130_fd_sc_hd__diode_2)
    Layer: met3
      Partial area ratio:    0.53
      Required ratio:    0.00 (Gate area) 
      Partial area ratio:    3.68
      Required ratio: 2773.88 (Side area) 
      Cumulative area ratio:    1.91
      Required ratio:    0.00 (Cumulative area) 
      Cumulative area ratio:   11.11
      Required ratio:    0.00 (Cumulative side area) 

    Layer: met2
      Partial area ratio:    0.08
      Required ratio:    0.00 (Gate area) 
      Partial area ratio:    0.56
      Required ratio: 2773.88 (Side area) 
      Cumulative area ratio:    1.38
      Required ratio:    0.00 (Cumulative area) 
      Cumulative area ratio:    7.43
      Required ratio:    0.00 (Cumulative side area) 

    Layer: met1
      Partial area ratio:    1.30
      Required ratio:    0.00 (Gate area) 
      Partial area ratio:    6.87
      Required ratio: 2773.88 (Side area) 
      Cumulative area ratio:    1.30
      Required ratio:    0.00 (Cumulative area) 
      Cumulative area ratio:    6.87
      Required ratio:    0.00 (Cumulative side area) 

    Layer: li1
      Partial area ratio:    0.00
      Required ratio:    0.00 (Gate area) 
      Partial area ratio:    0.00
      Required ratio:  270.61 (Side area) 
      Cumulative area ratio:    0.00
      Required ratio:    0.00 (Cumulative area) 
      Cumulative area ratio:    0.00
      Required ratio:    0.00 (Cumulative side area) 

    Via: M3M4_PR
      Partial area ratio:    0.07
      Required ratio:    6.00 (Gate area) 
      Cumulative area ratio:    0.25
      Required ratio:    0.00 (Cumulative area) 

    Via: M2M3_PR
      Partial area ratio:    0.07
      Required ratio:    6.00 (Gate area) 
      Cumulative area ratio:    0.18
      Required ratio:    0.00 (Cumulative area) 

    Via: M1M2_PR
      Partial area ratio:    0.04
      Required ratio:    6.00 (Gate area) 
      Cumulative area ratio:    0.11
      Required ratio:    0.00 (Cumulative area) 

    Via: L1M1_PR
      Partial area ratio:    0.07
      Required ratio:    3.00 (Gate area) 
      Cumulative area ratio:    0.07
      Required ratio:    0.00 (Cumulative area) 

  Pin: _22143_/A0 (sky130_fd_sc_hd__mux2_1)
    Layer: met3
      Partial area ratio:    0.53
      Required ratio:    0.00 (Gate area) 
      Partial area ratio:    3.68
      Required ratio: 2773.88 (Side area) 
      Cumulative area ratio:    1.91
      Required ratio:    0.00 (Cumulative area) 
      Cumulative area ratio:   11.11
      Required ratio:    0.00 (Cumulative side area) 

    Layer: met2
      Partial area ratio:    0.08
      Required ratio:    0.00 (Gate area) 
      Partial area ratio:    0.56
      Required ratio: 2773.88 (Side area) 
      Cumulative area ratio:    1.38
      Required ratio:    0.00 (Cumulative area) 
      Cumulative area ratio:    7.43
      Required ratio:    0.00 (Cumulative side area) 

    Layer: met1
      Partial area ratio:    1.30
      Required ratio:    0.00 (Gate area) 
      Partial area ratio:    6.87
      Required ratio: 2773.88 (Side area) 
      Cumulative area ratio:    1.30
      Required ratio:    0.00 (Cumulative area) 
      Cumulative area ratio:    6.87
      Required ratio:    0.00 (Cumulative side area) 

    Layer: li1
      Partial area ratio:    0.00
      Required ratio:    0.00 (Gate area) 
      Partial area ratio:    0.00
      Required ratio:   75.00 (Side area) 
      Cumulative area ratio:    0.00
      Required ratio:    0.00 (Cumulative area) 
      Cumulative area ratio:    0.00
      Required ratio:    0.00 (Cumulative side area) 

    Via: M3M4_PR
      Partial area ratio:    0.07
      Required ratio:    6.00 (Gate area) 
      Cumulative area ratio:    0.41
      Required ratio:    0.00 (Cumulative area) 

    Via: M2M3_PR
      Partial area ratio:    0.07
      Required ratio:    6.00 (Gate area) 
      Cumulative area ratio:    0.34
      Required ratio:    0.00 (Cumulative area) 

    Via: M1M2_PR
      Partial area ratio:    0.04
      Required ratio:    6.00 (Gate area) 
      Cumulative area ratio:    0.27
      Required ratio:    0.00 (Cumulative area) 

    Via: L1M1_PR
      Partial area ratio:    0.23
      Required ratio:    3.00 (Gate area) 
      Cumulative area ratio:    0.23
      Required ratio:    0.00 (Cumulative area) 

  Pin: ANTENNA__23216__A0/DIODE (sky130_fd_sc_hd__diode_2)
    Layer: met3
      Partial area ratio:    0.14
      Required ratio:    0.00 (Gate area) 
      Partial area ratio:    1.18
      Required ratio: 2947.76 (Side area) 
      Cumulative area ratio:    4.46
      Required ratio:    0.00 (Cumulative area) 
      Cumulative area ratio:   23.57
      Required ratio:    0.00 (Cumulative side area) 

    Layer: met2
      Partial area ratio:    2.53
      Required ratio:    0.00 (Gate area) 
      Partial area ratio:   13.08
      Required ratio: 2947.76 (Side area) 
      Cumulative area ratio:    4.32
      Required ratio:    0.00 (Cumulative area) 
      Cumulative area ratio:   22.39
      Required ratio:    0.00 (Cumulative side area) 

    Layer: met1
      Partial area ratio:    1.79
      Required ratio:    0.00 (Gate area) 
      Partial area ratio:    9.31
      Required ratio: 2773.88 (Side area) 
      Cumulative area ratio:    1.79
      Required ratio:    0.00 (Cumulative area) 
      Cumulative area ratio:    9.31
      Required ratio:    0.00 (Cumulative side area) 

    Layer: li1
      Partial area ratio:    0.00
      Required ratio:    0.00 (Gate area) 
      Partial area ratio:    0.00
      Required ratio:  270.61 (Side area) 
      Cumulative area ratio:    0.00
      Required ratio:    0.00 (Cumulative area) 
      Cumulative area ratio:    0.00
      Required ratio:    0.00 (Cumulative side area) 

    Via: M3M4_PR
      Partial area ratio:    0.04
      Required ratio:    6.00 (Gate area) 
      Cumulative area ratio:    0.22
      Required ratio:    0.00 (Cumulative area) 

    Via: M2M3_PR
      Partial area ratio:    0.04
      Required ratio:    6.00 (Gate area) 
      Cumulative area ratio:    0.18
      Required ratio:    0.00 (Cumulative area) 

    Via: M1M2_PR
      Partial area ratio:    0.08
      Required ratio:    6.00 (Gate area) 
      Cumulative area ratio:    0.15
      Required ratio:    0.00 (Cumulative area) 

    Via: L1M1_PR
      Partial area ratio:    0.07
      Required ratio:    3.00 (Gate area) 
      Cumulative area ratio:    0.07
      Required ratio:    0.00 (Cumulative area) 

  Pin: _23216_/A0 (sky130_fd_sc_hd__mux2_1)
    Layer: met3
      Partial area ratio:    0.14
      Required ratio:    0.00 (Gate area) 
      Partial area ratio:    1.18
      Required ratio: 2947.76 (Side area) 
      Cumulative area ratio:    4.46
      Required ratio:    0.00 (Cumulative area) 
      Cumulative area ratio:   23.57
      Required ratio:    0.00 (Cumulative side area) 

    Layer: met2
      Partial area ratio:    2.53
      Required ratio:    0.00 (Gate area) 
      Partial area ratio:   13.08
      Required ratio: 2947.76 (Side area) 
      Cumulative area ratio:    4.32
      Required ratio:    0.00 (Cumulative area) 
      Cumulative area ratio:   22.39
      Required ratio:    0.00 (Cumulative side area) 

    Layer: met1
      Partial area ratio:    1.79
      Required ratio:    0.00 (Gate area) 
      Partial area ratio:    9.31
      Required ratio: 2773.88 (Side area) 
      Cumulative area ratio:    1.79
      Required ratio:    0.00 (Cumulative area) 
      Cumulative area ratio:    9.31
      Required ratio:    0.00 (Cumulative side area) 

    Layer: li1
      Partial area ratio:    0.00
      Required ratio:    0.00 (Gate area) 
      Partial area ratio:    0.00
      Required ratio:   75.00 (Side area) 
      Cumulative area ratio:    0.00
      Required ratio:    0.00 (Cumulative area) 
      Cumulative area ratio:    0.00
      Required ratio:    0.00 (Cumulative side area) 

    Via: M3M4_PR
      Partial area ratio:    0.04
      Required ratio:    6.00 (Gate area) 
      Cumulative area ratio:    0.38
      Required ratio:    0.00 (Cumulative area) 

    Via: M2M3_PR
      Partial area ratio:    0.04
      Required ratio:    6.00 (Gate area) 
      Cumulative area ratio:    0.35
      Required ratio:    0.00 (Cumulative area) 

    Via: M1M2_PR
      Partial area ratio:    0.08
      Required ratio:    6.00 (Gate area) 
      Cumulative area ratio:    0.31
      Required ratio:    0.00 (Cumulative area) 

    Via: L1M1_PR
      Partial area ratio:    0.23
      Required ratio:    3.00 (Gate area) 
      Cumulative area ratio:    0.23
      Required ratio:    0.00 (Cumulative area) 

  Pin: _23499_/A0 (sky130_fd_sc_hd__mux2_1)
    Layer: met3
      Partial area ratio:    0.14
      Required ratio:    0.00 (Gate area) 
      Partial area ratio:    1.18
      Required ratio: 2947.76 (Side area) 
      Cumulative area ratio:  100.08
      Required ratio:    0.00 (Cumulative area) 
      Cumulative area ratio:  507.13
      Required ratio:    0.00 (Cumulative side area) 

    Layer: met2
      Partial area ratio:    2.53
      Required ratio:    0.00 (Gate area) 
      Partial area ratio:   13.08
      Required ratio: 2947.76 (Side area) 
      Cumulative area ratio:   99.94
      Required ratio:    0.00 (Cumulative area) 
      Cumulative area ratio:  505.95
      Required ratio:    0.00 (Cumulative side area) 

    Layer: met1
      Partial area ratio:   95.62
      Required ratio:    0.00 (Gate area) 
      Partial area ratio:  483.56
      Required ratio:  400.00 (Side area) (VIOLATED)
      Cumulative area ratio:   95.62
      Required ratio:    0.00 (Cumulative area) 
      Cumulative area ratio:  483.56
      Required ratio:    0.00 (Cumulative side area) 

    Layer: li1
      Partial area ratio:    0.00
      Required ratio:    0.00 (Gate area) 
      Partial area ratio:    0.00
      Required ratio:   75.00 (Side area) 
      Cumulative area ratio:    0.00
      Required ratio:    0.00 (Cumulative area) 
      Cumulative area ratio:    0.00
      Required ratio:    0.00 (Cumulative side area) 

    Via: M3M4_PR
      Partial area ratio:    0.04
      Required ratio:    6.00 (Gate area) 
      Cumulative area ratio:    0.74
      Required ratio:    0.00 (Cumulative area) 

    Via: M2M3_PR
      Partial area ratio:    0.04
      Required ratio:    6.00 (Gate area) 
      Cumulative area ratio:    0.70
      Required ratio:    0.00 (Cumulative area) 

    Via: M1M2_PR
      Partial area ratio:    0.36
      Required ratio:    6.00 (Gate area) 
      Cumulative area ratio:    0.59
      Required ratio:    0.00 (Cumulative area) 

    Via: L1M1_PR
      Partial area ratio:    0.23
      Required ratio:    3.00 (Gate area) 
      Cumulative area ratio:    0.23
      Required ratio:    0.00 (Cumulative area) 

  Pin: ANTENNA__23499__A0/DIODE (sky130_fd_sc_hd__diode_2)
    Layer: met3
      Partial area ratio:    0.14
      Required ratio:    0.00 (Gate area) 
      Partial area ratio:    1.18
      Required ratio: 2947.76 (Side area) 
      Cumulative area ratio:  100.08
      Required ratio:    0.00 (Cumulative area) 
      Cumulative area ratio:  507.13
      Required ratio:    0.00 (Cumulative side area) 

    Layer: met2
      Partial area ratio:    2.53
      Required ratio:    0.00 (Gate area) 
      Partial area ratio:   13.08
      Required ratio: 2947.76 (Side area) 
      Cumulative area ratio:   99.94
      Required ratio:    0.00 (Cumulative area) 
      Cumulative area ratio:  505.95
      Required ratio:    0.00 (Cumulative side area) 

    Layer: met1
      Partial area ratio:    0.00
      Required ratio:    0.00 (Gate area) 
      Partial area ratio:    0.00
      Required ratio: 2773.88 (Side area) 
      Cumulative area ratio:    0.00
      Required ratio:    0.00 (Cumulative area) 
      Cumulative area ratio:    0.00
      Required ratio:    0.00 (Cumulative side area) 

    Layer: li1
      Partial area ratio:    0.00
      Required ratio:    0.00 (Gate area) 
      Partial area ratio:    0.00
      Required ratio:  270.61 (Side area) 
      Cumulative area ratio:    0.00
      Required ratio:    0.00 (Cumulative area) 
      Cumulative area ratio:    0.00
      Required ratio:    0.00 (Cumulative side area) 

    Via: M3M4_PR
      Partial area ratio:    0.04
      Required ratio:    6.00 (Gate area) 
      Cumulative area ratio:    0.63
      Required ratio:    0.00 (Cumulative area) 

    Via: M2M3_PR
      Partial area ratio:    0.04
      Required ratio:    6.00 (Gate area) 
      Cumulative area ratio:    0.59
      Required ratio:    0.00 (Cumulative area) 

    Via: M1M2_PR
      Partial area ratio:    0.05
      Required ratio:    6.00 (Gate area) 
      Cumulative area ratio:    0.12
      Required ratio:    0.00 (Cumulative area) 

    Via: L1M1_PR
      Partial area ratio:    0.07
      Required ratio:    3.00 (Gate area) 
      Cumulative area ratio:    0.07
      Required ratio:    0.00 (Cumulative area) 

  Pin: _26125_/B1 (sky130_fd_sc_hd__a2bb2o_1)
    Layer: met3
      Partial area ratio:   37.23
      Required ratio:    0.00 (Gate area) 
      Partial area ratio:  201.53
      Required ratio: 2947.76 (Side area) 
      Cumulative area ratio:   37.97
      Required ratio:    0.00 (Cumulative area) 
      Cumulative area ratio:  205.63
      Required ratio:    0.00 (Cumulative side area) 

    Layer: met2
      Partial area ratio:    0.75
      Required ratio:    0.00 (Gate area) 
      Partial area ratio:    4.09
      Required ratio: 2773.88 (Side area) 
      Cumulative area ratio:    0.75
      Required ratio:    0.00 (Cumulative area) 
      Cumulative area ratio:    4.09
      Required ratio:    0.00 (Cumulative side area) 

    Layer: met1
      Partial area ratio:    0.00
      Required ratio:    0.00 (Gate area) 
      Partial area ratio:    0.00
      Required ratio:  400.00 (Side area) 
      Cumulative area ratio:    0.00
      Required ratio:    0.00 (Cumulative area) 
      Cumulative area ratio:    0.00
      Required ratio:    0.00 (Cumulative side area) 

    Layer: li1
      Partial area ratio:    0.00
      Required ratio:    0.00 (Gate area) 
      Partial area ratio:    0.00
      Required ratio:   75.00 (Side area) 
      Cumulative area ratio:    0.00
      Required ratio:    0.00 (Cumulative area) 
      Cumulative area ratio:    0.00
      Required ratio:    0.00 (Cumulative side area) 

    Via: M3M4_PR
      Partial area ratio:    0.07
      Required ratio:    6.00 (Gate area) 
      Cumulative area ratio:    0.55
      Required ratio:    0.00 (Cumulative area) 

    Via: M2M3_PR
      Partial area ratio:    0.07
      Required ratio:    6.00 (Gate area) 
      Cumulative area ratio:    0.48
      Required ratio:    0.00 (Cumulative area) 

    Via: M1M2_PR
      Partial area ratio:    0.18
      Required ratio:    6.00 (Gate area) 
      Cumulative area ratio:    0.41
      Required ratio:    0.00 (Cumulative area) 

    Via: L1M1_PR
      Partial area ratio:    0.23
      Required ratio:    3.00 (Gate area) 
      Cumulative area ratio:    0.23
      Required ratio:    0.00 (Cumulative area) 

  Pin: ANTENNA__26125__B1/DIODE (sky130_fd_sc_hd__diode_2)
    Layer: met3
      Partial area ratio:   37.23
      Required ratio:    0.00 (Gate area) 
      Partial area ratio:  201.53
      Required ratio: 2947.76 (Side area) 
      Cumulative area ratio:   38.91
      Required ratio:    0.00 (Cumulative area) 
      Cumulative area ratio:  210.52
      Required ratio:    0.00 (Cumulative side area) 

    Layer: met2
      Partial area ratio:    0.75
      Required ratio:    0.00 (Gate area) 
      Partial area ratio:    4.09
      Required ratio: 2773.88 (Side area) 
      Cumulative area ratio:    1.68
      Required ratio:    0.00 (Cumulative area) 
      Cumulative area ratio:    8.99
      Required ratio:    0.00 (Cumulative side area) 

    Layer: met1
      Partial area ratio:    0.93
      Required ratio:    0.00 (Gate area) 
      Partial area ratio:    4.90
      Required ratio: 2773.88 (Side area) 
      Cumulative area ratio:    0.93
      Required ratio:    0.00 (Cumulative area) 
      Cumulative area ratio:    4.90
      Required ratio:    0.00 (Cumulative side area) 

    Layer: li1
      Partial area ratio:    0.00
      Required ratio:    0.00 (Gate area) 
      Partial area ratio:    0.00
      Required ratio:  270.61 (Side area) 
      Cumulative area ratio:    0.00
      Required ratio:    0.00 (Cumulative area) 
      Cumulative area ratio:    0.00
      Required ratio:    0.00 (Cumulative side area) 

    Via: M3M4_PR
      Partial area ratio:    0.07
      Required ratio:    6.00 (Gate area) 
      Cumulative area ratio:    0.26
      Required ratio:    0.00 (Cumulative area) 

    Via: M2M3_PR
      Partial area ratio:    0.07
      Required ratio:    6.00 (Gate area) 
      Cumulative area ratio:    0.19
      Required ratio:    0.00 (Cumulative area) 

    Via: M1M2_PR
      Partial area ratio:    0.05
      Required ratio:    6.00 (Gate area) 
      Cumulative area ratio:    0.12
      Required ratio:    0.00 (Cumulative area) 

    Via: L1M1_PR
      Partial area ratio:    0.07
      Required ratio:    3.00 (Gate area) 
      Cumulative area ratio:    0.07
      Required ratio:    0.00 (Cumulative area) 

  Pin: ANTENNA__22411__A1/DIODE (sky130_fd_sc_hd__diode_2)
    Layer: met3
      Partial area ratio:   21.02
      Required ratio:    0.00 (Gate area) 
      Partial area ratio:  112.96
      Required ratio: 2947.76 (Side area) 
      Cumulative area ratio:   26.71
      Required ratio:    0.00 (Cumulative area) 
      Cumulative area ratio:  143.51
      Required ratio:    0.00 (Cumulative side area) 

    Layer: met2
      Partial area ratio:    1.29
      Required ratio:    0.00 (Gate area) 
      Partial area ratio:    6.99
      Required ratio: 2773.88 (Side area) 
      Cumulative area ratio:    1.29
      Required ratio:    0.00 (Cumulative area) 
      Cumulative area ratio:    6.99
      Required ratio:    0.00 (Cumulative side area) 

    Layer: met1
      Partial area ratio:    0.00
      Required ratio:    0.00 (Gate area) 
      Partial area ratio:    0.00
      Required ratio: 2773.88 (Side area) 
      Cumulative area ratio:    0.00
      Required ratio:    0.00 (Cumulative area) 
      Cumulative area ratio:    0.00
      Required ratio:    0.00 (Cumulative side area) 

    Layer: li1
      Partial area ratio:    0.00
      Required ratio:    0.00 (Gate area) 
      Partial area ratio:    0.00
      Required ratio:  270.61 (Side area) 
      Cumulative area ratio:    0.00
      Required ratio:    0.00 (Cumulative area) 
      Cumulative area ratio:    0.00
      Required ratio:    0.00 (Cumulative side area) 

    Via: M3M4_PR
      Partial area ratio:    0.04
      Required ratio:    6.00 (Gate area) 
      Cumulative area ratio:    0.65
      Required ratio:    0.00 (Cumulative area) 

    Via: M2M3_PR
      Partial area ratio:    0.14
      Required ratio:    6.00 (Gate area) 
      Cumulative area ratio:    0.26
      Required ratio:    0.00 (Cumulative area) 

    Via: M1M2_PR
      Partial area ratio:    0.05
      Required ratio:    6.00 (Gate area) 
      Cumulative area ratio:    0.12
      Required ratio:    0.00 (Cumulative area) 

    Via: L1M1_PR
      Partial area ratio:    0.07
      Required ratio:    3.00 (Gate area) 
      Cumulative area ratio:    0.07
      Required ratio:    0.00 (Cumulative area) 

  Pin: _22411_/A1 (sky130_fd_sc_hd__mux2_1)
    Layer: met3
      Partial area ratio:   21.02
      Required ratio:    0.00 (Gate area) 
      Partial area ratio:  112.96
      Required ratio: 2947.76 (Side area) 
      Cumulative area ratio:   26.71
      Required ratio:    0.00 (Cumulative area) 
      Cumulative area ratio:  143.51
      Required ratio:    0.00 (Cumulative side area) 

    Layer: met2
      Partial area ratio:    1.29
      Required ratio:    0.00 (Gate area) 
      Partial area ratio:    6.99
      Required ratio: 2773.88 (Side area) 
      Cumulative area ratio:    5.69
      Required ratio:    0.00 (Cumulative area) 
      Cumulative area ratio:   30.55
      Required ratio:    0.00 (Cumulative side area) 

    Layer: met1
      Partial area ratio:    4.40
      Required ratio:    0.00 (Gate area) 
      Partial area ratio:   23.56
      Required ratio:  400.00 (Side area) 
      Cumulative area ratio:    4.40
      Required ratio:    0.00 (Cumulative area) 
      Cumulative area ratio:   23.56
      Required ratio:    0.00 (Cumulative side area) 

    Layer: li1
      Partial area ratio:    0.00
      Required ratio:    0.00 (Gate area) 
      Partial area ratio:    0.00
      Required ratio:   75.00 (Side area) 
      Cumulative area ratio:    0.00
      Required ratio:    0.00 (Cumulative area) 
      Cumulative area ratio:    0.00
      Required ratio:    0.00 (Cumulative side area) 

    Via: M3M4_PR
      Partial area ratio:    0.04
      Required ratio:    6.00 (Gate area) 
      Cumulative area ratio:    0.76
      Required ratio:    0.00 (Cumulative area) 

    Via: M2M3_PR
      Partial area ratio:    0.14
      Required ratio:    6.00 (Gate area) 
      Cumulative area ratio:    0.73
      Required ratio:    0.00 (Cumulative area) 

    Via: M1M2_PR
      Partial area ratio:    0.36
      Required ratio:    6.00 (Gate area) 
      Cumulative area ratio:    0.59
      Required ratio:    0.00 (Cumulative area) 

    Via: L1M1_PR
      Partial area ratio:    0.23
      Required ratio:    3.00 (Gate area) 
      Cumulative area ratio:    0.23
      Required ratio:    0.00 (Cumulative area) 

  Pin: ANTENNA__22679__A0/DIODE (sky130_fd_sc_hd__diode_2)
    Layer: met3
      Partial area ratio:   21.02
      Required ratio:    0.00 (Gate area) 
      Partial area ratio:  112.96
      Required ratio: 2947.76 (Side area) 
      Cumulative area ratio:   34.79
      Required ratio:    0.00 (Cumulative area) 
      Cumulative area ratio:  184.24
      Required ratio:    0.00 (Cumulative side area) 

    Layer: met2
      Partial area ratio:    7.12
      Required ratio:    0.00 (Gate area) 
      Partial area ratio:   35.79
      Required ratio: 2773.88 (Side area) 
      Cumulative area ratio:    8.08
      Required ratio:    0.00 (Cumulative area) 
      Cumulative area ratio:   40.74
      Required ratio:    0.00 (Cumulative side area) 

    Layer: met1
      Partial area ratio:    0.95
      Required ratio:    0.00 (Gate area) 
      Partial area ratio:    4.94
      Required ratio: 2773.88 (Side area) 
      Cumulative area ratio:    0.95
      Required ratio:    0.00 (Cumulative area) 
      Cumulative area ratio:    4.94
      Required ratio:    0.00 (Cumulative side area) 

    Layer: li1
      Partial area ratio:    0.00
      Required ratio:    0.00 (Gate area) 
      Partial area ratio:    0.00
      Required ratio:  270.61 (Side area) 
      Cumulative area ratio:    0.00
      Required ratio:    0.00 (Cumulative area) 
      Cumulative area ratio:    0.00
      Required ratio:    0.00 (Cumulative side area) 

    Via: M3M4_PR
      Partial area ratio:    0.04
      Required ratio:    6.00 (Gate area) 
      Cumulative area ratio:    0.71
      Required ratio:    0.00 (Cumulative area) 

    Via: M2M3_PR
      Partial area ratio:    0.07
      Required ratio:    6.00 (Gate area) 
      Cumulative area ratio:    0.18
      Required ratio:    0.00 (Cumulative area) 

    Via: M1M2_PR
      Partial area ratio:    0.04
      Required ratio:    6.00 (Gate area) 
      Cumulative area ratio:    0.11
      Required ratio:    0.00 (Cumulative area) 

    Via: L1M1_PR
      Partial area ratio:    0.07
      Required ratio:    3.00 (Gate area) 
      Cumulative area ratio:    0.07
      Required ratio:    0.00 (Cumulative area) 

  Pin: _22679_/A0 (sky130_fd_sc_hd__mux2_1)
    Layer: met3
      Partial area ratio:   21.02
      Required ratio:    0.00 (Gate area) 
      Partial area ratio:  112.96
      Required ratio: 2947.76 (Side area) 
      Cumulative area ratio:   34.79
      Required ratio:    0.00 (Cumulative area) 
      Cumulative area ratio:  184.24
      Required ratio:    0.00 (Cumulative side area) 

    Layer: met2
      Partial area ratio:    7.12
      Required ratio:    0.00 (Gate area) 
      Partial area ratio:   35.79
      Required ratio: 2773.88 (Side area) 
      Cumulative area ratio:    8.08
      Required ratio:    0.00 (Cumulative area) 
      Cumulative area ratio:   40.74
      Required ratio:    0.00 (Cumulative side area) 

    Layer: met1
      Partial area ratio:    0.95
      Required ratio:    0.00 (Gate area) 
      Partial area ratio:    4.94
      Required ratio: 2773.88 (Side area) 
      Cumulative area ratio:    0.95
      Required ratio:    0.00 (Cumulative area) 
      Cumulative area ratio:    4.94
      Required ratio:    0.00 (Cumulative side area) 

    Layer: li1
      Partial area ratio:    0.00
      Required ratio:    0.00 (Gate area) 
      Partial area ratio:    0.00
      Required ratio:   75.00 (Side area) 
      Cumulative area ratio:    0.00
      Required ratio:    0.00 (Cumulative area) 
      Cumulative area ratio:    0.00
      Required ratio:    0.00 (Cumulative side area) 

    Via: M3M4_PR
      Partial area ratio:    0.04
      Required ratio:    6.00 (Gate area) 
      Cumulative area ratio:    0.88
      Required ratio:    0.00 (Cumulative area) 

    Via: M2M3_PR
      Partial area ratio:    0.07
      Required ratio:    6.00 (Gate area) 
      Cumulative area ratio:    0.34
      Required ratio:    0.00 (Cumulative area) 

    Via: M1M2_PR
      Partial area ratio:    0.04
      Required ratio:    6.00 (Gate area) 
      Cumulative area ratio:    0.27
      Required ratio:    0.00 (Cumulative area) 

    Via: L1M1_PR
      Partial area ratio:    0.23
      Required ratio:    3.00 (Gate area) 
      Cumulative area ratio:    0.23
      Required ratio:    0.00 (Cumulative area) 

  Pin: _22947_/A0 (sky130_fd_sc_hd__mux2_1)
    Layer: met3
      Partial area ratio:   37.23
      Required ratio:    0.00 (Gate area) 
      Partial area ratio:  201.53
      Required ratio: 2947.76 (Side area) 
      Cumulative area ratio:   43.11
      Required ratio:    0.00 (Cumulative area) 
      Cumulative area ratio:  232.10
      Required ratio:    0.00 (Cumulative side area) 

    Layer: met2
      Partial area ratio:    0.62
      Required ratio:    0.00 (Gate area) 
      Partial area ratio:    3.46
      Required ratio: 2773.88 (Side area) 
      Cumulative area ratio:    5.89
      Required ratio:    0.00 (Cumulative area) 
      Cumulative area ratio:   30.57
      Required ratio:    0.00 (Cumulative side area) 

    Layer: met1
      Partial area ratio:    5.27
      Required ratio:    0.00 (Gate area) 
      Partial area ratio:   27.11
      Required ratio:  400.00 (Side area) 
      Cumulative area ratio:    5.27
      Required ratio:    0.00 (Cumulative area) 
      Cumulative area ratio:   27.11
      Required ratio:    0.00 (Cumulative side area) 

    Layer: li1
      Partial area ratio:    0.00
      Required ratio:    0.00 (Gate area) 
      Partial area ratio:    0.00
      Required ratio:   75.00 (Side area) 
      Cumulative area ratio:    0.00
      Required ratio:    0.00 (Cumulative area) 
      Cumulative area ratio:    0.00
      Required ratio:    0.00 (Cumulative side area) 

    Via: M3M4_PR
      Partial area ratio:    0.07
      Required ratio:    6.00 (Gate area) 
      Cumulative area ratio:    0.55
      Required ratio:    0.00 (Cumulative area) 

    Via: M2M3_PR
      Partial area ratio:    0.07
      Required ratio:    6.00 (Gate area) 
      Cumulative area ratio:    0.48
      Required ratio:    0.00 (Cumulative area) 

    Via: M1M2_PR
      Partial area ratio:    0.18
      Required ratio:    6.00 (Gate area) 
      Cumulative area ratio:    0.41
      Required ratio:    0.00 (Cumulative area) 

    Via: L1M1_PR
      Partial area ratio:    0.23
      Required ratio:    3.00 (Gate area) 
      Cumulative area ratio:    0.23
      Required ratio:    0.00 (Cumulative area) 

  Pin: ANTENNA__22947__A0/DIODE (sky130_fd_sc_hd__diode_2)
    Layer: met3
      Partial area ratio:   37.23
      Required ratio:    0.00 (Gate area) 
      Partial area ratio:  201.53
      Required ratio: 2947.76 (Side area) 
      Cumulative area ratio:   37.85
      Required ratio:    0.00 (Cumulative area) 
      Cumulative area ratio:  204.99
      Required ratio:    0.00 (Cumulative side area) 

    Layer: met2
      Partial area ratio:    0.62
      Required ratio:    0.00 (Gate area) 
      Partial area ratio:    3.46
      Required ratio: 2773.88 (Side area) 
      Cumulative area ratio:    0.62
      Required ratio:    0.00 (Cumulative area) 
      Cumulative area ratio:    3.46
      Required ratio:    0.00 (Cumulative side area) 

    Layer: met1
      Partial area ratio:    0.00
      Required ratio:    0.00 (Gate area) 
      Partial area ratio:    0.00
      Required ratio: 2773.88 (Side area) 
      Cumulative area ratio:    0.00
      Required ratio:    0.00 (Cumulative area) 
      Cumulative area ratio:    0.00
      Required ratio:    0.00 (Cumulative side area) 

    Layer: li1
      Partial area ratio:    0.00
      Required ratio:    0.00 (Gate area) 
      Partial area ratio:    0.00
      Required ratio:  270.61 (Side area) 
      Cumulative area ratio:    0.00
      Required ratio:    0.00 (Cumulative area) 
      Cumulative area ratio:    0.00
      Required ratio:    0.00 (Cumulative side area) 

    Via: M3M4_PR
      Partial area ratio:    0.07
      Required ratio:    6.00 (Gate area) 
      Cumulative area ratio:    0.26
      Required ratio:    0.00 (Cumulative area) 

    Via: M2M3_PR
      Partial area ratio:    0.07
      Required ratio:    6.00 (Gate area) 
      Cumulative area ratio:    0.19
      Required ratio:    0.00 (Cumulative area) 

    Via: M1M2_PR
      Partial area ratio:    0.05
      Required ratio:    6.00 (Gate area) 
      Cumulative area ratio:    0.12
      Required ratio:    0.00 (Cumulative area) 

    Via: L1M1_PR
      Partial area ratio:    0.07
      Required ratio:    3.00 (Gate area) 
      Cumulative area ratio:    0.07
      Required ratio:    0.00 (Cumulative area) 

  Pin: _21875_/A0 (sky130_fd_sc_hd__mux2_1)
    Layer: met3
      Partial area ratio:   80.79
      Required ratio:    0.00 (Gate area) 
      Partial area ratio:  438.57
      Required ratio: 3486.68 (Side area) 
      Cumulative area ratio:   88.49
      Required ratio:    0.00 (Cumulative area) 
      Cumulative area ratio:  479.63
      Required ratio:    0.00 (Cumulative side area) 

    Layer: met4
      Partial area ratio:   28.11
      Required ratio:    0.00 (Gate area) 
      Partial area ratio:  151.01
      Required ratio: 5051.60 (Side area) 
      Cumulative area ratio:  116.60
      Required ratio:    0.00 (Cumulative area) 
      Cumulative area ratio:  630.64
      Required ratio:    0.00 (Cumulative side area) 

    Layer: met2
      Partial area ratio:    1.21
      Required ratio:    0.00 (Gate area) 
      Partial area ratio:    6.57
      Required ratio: 2773.88 (Side area) 
      Cumulative area ratio:    7.71
      Required ratio:    0.00 (Cumulative area) 
      Cumulative area ratio:   41.06
      Required ratio:    0.00 (Cumulative side area) 

    Layer: met1
      Partial area ratio:    4.78
      Required ratio:    0.00 (Gate area) 
      Partial area ratio:   25.44
      Required ratio:  400.00 (Side area) 
      Cumulative area ratio:    4.78
      Required ratio:    0.00 (Cumulative area) 
      Cumulative area ratio:   25.44
      Required ratio:    0.00 (Cumulative side area) 

    Layer: li1
      Partial area ratio:    0.00
      Required ratio:    0.00 (Gate area) 
      Partial area ratio:    0.00
      Required ratio:   75.00 (Side area) 
      Cumulative area ratio:    0.00
      Required ratio:    0.00 (Cumulative area) 
      Cumulative area ratio:    0.00
      Required ratio:    0.00 (Cumulative side area) 

    Via: M3M4_PR
      Partial area ratio:    0.29
      Required ratio:    6.00 (Gate area) 
      Cumulative area ratio:    1.12
      Required ratio:    0.00 (Cumulative area) 

    Via: M2M3_PR
      Partial area ratio:    0.14
      Required ratio:    6.00 (Gate area) 
      Cumulative area ratio:    0.83
      Required ratio:    0.00 (Cumulative area) 

    Via: M1M2_PR
      Partial area ratio:    0.36
      Required ratio:    6.00 (Gate area) 
      Cumulative area ratio:    0.59
      Required ratio:    0.00 (Cumulative area) 

    Via: L1M1_PR
      Partial area ratio:    0.23
      Required ratio:    3.00 (Gate area) 
      Cumulative area ratio:    0.23
      Required ratio:    0.00 (Cumulative area) 

  Pin: ANTENNA__21875__A0/DIODE (sky130_fd_sc_hd__diode_2)
    Layer: met3
      Partial area ratio:   80.79
      Required ratio:    0.00 (Gate area) 
      Partial area ratio:  438.57
      Required ratio: 3486.68 (Side area) 
      Cumulative area ratio:   88.49
      Required ratio:    0.00 (Cumulative area) 
      Cumulative area ratio:  479.63
      Required ratio:    0.00 (Cumulative side area) 

    Layer: met4
      Partial area ratio:   28.11
      Required ratio:    0.00 (Gate area) 
      Partial area ratio:  151.01
      Required ratio: 5051.60 (Side area) 
      Cumulative area ratio:  116.60
      Required ratio:    0.00 (Cumulative area) 
      Cumulative area ratio:  630.64
      Required ratio:    0.00 (Cumulative side area) 

    Layer: met2
      Partial area ratio:    1.21
      Required ratio:    0.00 (Gate area) 
      Partial area ratio:    6.57
      Required ratio: 2773.88 (Side area) 
      Cumulative area ratio:    2.93
      Required ratio:    0.00 (Cumulative area) 
      Cumulative area ratio:   15.62
      Required ratio:    0.00 (Cumulative side area) 

    Layer: met1
      Partial area ratio:    1.72
      Required ratio:    0.00 (Gate area) 
      Partial area ratio:    9.05
      Required ratio: 2773.88 (Side area) 
      Cumulative area ratio:    1.72
      Required ratio:    0.00 (Cumulative area) 
      Cumulative area ratio:    9.05
      Required ratio:    0.00 (Cumulative side area) 

    Layer: li1
      Partial area ratio:    0.00
      Required ratio:    0.00 (Gate area) 
      Partial area ratio:    0.00
      Required ratio:  270.61 (Side area) 
      Cumulative area ratio:    0.00
      Required ratio:    0.00 (Cumulative area) 
      Cumulative area ratio:    0.00
      Required ratio:    0.00 (Cumulative side area) 

    Via: M3M4_PR
      Partial area ratio:    0.29
      Required ratio:    6.00 (Gate area) 
      Cumulative area ratio:    0.96
      Required ratio:    0.00 (Cumulative area) 

    Via: M2M3_PR
      Partial area ratio:    0.14
      Required ratio:    6.00 (Gate area) 
      Cumulative area ratio:    0.31
      Required ratio:    0.00 (Cumulative area) 

    Via: M1M2_PR
      Partial area ratio:    0.10
      Required ratio:    6.00 (Gate area) 
      Cumulative area ratio:    0.17
      Required ratio:    0.00 (Cumulative area) 

    Via: L1M1_PR
      Partial area ratio:    0.07
      Required ratio:    3.00 (Gate area) 
      Cumulative area ratio:    0.07
      Required ratio:    0.00 (Cumulative area) 


Net: _18448_
  Pin: _21276_/A1 (sky130_fd_sc_hd__mux2_1)
    Layer: met2
      Partial area ratio:    9.23
      Required ratio:    0.00 (Gate area) 
      Partial area ratio:   47.15
      Required ratio: 3656.24 (Side area) 
      Cumulative area ratio:    9.23
      Required ratio:    0.00 (Cumulative area) 
      Cumulative area ratio:   47.15
      Required ratio:    0.00 (Cumulative side area) 

    Layer: met1
      Partial area ratio:    0.00
      Required ratio:    0.00 (Gate area) 
      Partial area ratio:    0.00
      Required ratio:  400.00 (Side area) 
      Cumulative area ratio:    0.00
      Required ratio:    0.00 (Cumulative area) 
      Cumulative area ratio:    0.00
      Required ratio:    0.00 (Cumulative side area) 

    Layer: li1
      Partial area ratio:    0.00
      Required ratio:    0.00 (Gate area) 
      Partial area ratio:    0.00
      Required ratio:   75.00 (Side area) 
      Cumulative area ratio:    0.00
      Required ratio:    0.00 (Cumulative area) 
      Cumulative area ratio:    0.00
      Required ratio:    0.00 (Cumulative side area) 

    Via: M1M2_PR
      Partial area ratio:    0.18
      Required ratio:    6.00 (Gate area) 
      Cumulative area ratio:    0.41
      Required ratio:    0.00 (Cumulative area) 

    Via: L1M1_PR
      Partial area ratio:    0.23
      Required ratio:    3.00 (Gate area) 
      Cumulative area ratio:    0.23
      Required ratio:    0.00 (Cumulative area) 

  Pin: ANTENNA__21592__A0/DIODE (sky130_fd_sc_hd__diode_2)
    Layer: met2
      Partial area ratio:    9.23
      Required ratio:    0.00 (Gate area) 
      Partial area ratio:   47.15
      Required ratio: 3656.24 (Side area) 
      Cumulative area ratio:   12.10
      Required ratio:    0.00 (Cumulative area) 
      Cumulative area ratio:   62.45
      Required ratio:    0.00 (Cumulative side area) 

    Layer: met1
      Partial area ratio:    1.74
      Required ratio:    0.00 (Gate area) 
      Partial area ratio:    9.21
      Required ratio: 2773.88 (Side area) 
      Cumulative area ratio:    1.74
      Required ratio:    0.00 (Cumulative area) 
      Cumulative area ratio:    9.21
      Required ratio:    0.00 (Cumulative side area) 

    Layer: li1
      Partial area ratio:    0.00
      Required ratio:    0.00 (Gate area) 
      Partial area ratio:    0.00
      Required ratio:  270.61 (Side area) 
      Cumulative area ratio:    0.00
      Required ratio:    0.00 (Cumulative area) 
      Cumulative area ratio:    0.00
      Required ratio:    0.00 (Cumulative side area) 

    Via: M1M2_PR
      Partial area ratio:    0.04
      Required ratio:    6.00 (Gate area) 
      Cumulative area ratio:    0.11
      Required ratio:    0.00 (Cumulative area) 

    Via: L1M1_PR
      Partial area ratio:    0.07
      Required ratio:    3.00 (Gate area) 
      Cumulative area ratio:    0.07
      Required ratio:    0.00 (Cumulative area) 

  Pin: _21592_/A0 (sky130_fd_sc_hd__mux2_1)
    Layer: met2
      Partial area ratio:    9.23
      Required ratio:    0.00 (Gate area) 
      Partial area ratio:   47.15
      Required ratio: 3656.24 (Side area) 
      Cumulative area ratio:   12.10
      Required ratio:    0.00 (Cumulative area) 
      Cumulative area ratio:   62.45
      Required ratio:    0.00 (Cumulative side area) 

    Layer: met1
      Partial area ratio:    1.74
      Required ratio:    0.00 (Gate area) 
      Partial area ratio:    9.21
      Required ratio: 2773.88 (Side area) 
      Cumulative area ratio:    1.74
      Required ratio:    0.00 (Cumulative area) 
      Cumulative area ratio:    9.21
      Required ratio:    0.00 (Cumulative side area) 

    Layer: li1
      Partial area ratio:    0.00
      Required ratio:    0.00 (Gate area) 
      Partial area ratio:    0.00
      Required ratio:   75.00 (Side area) 
      Cumulative area ratio:    0.00
      Required ratio:    0.00 (Cumulative area) 
      Cumulative area ratio:    0.00
      Required ratio:    0.00 (Cumulative side area) 

    Via: M1M2_PR
      Partial area ratio:    0.04
      Required ratio:    6.00 (Gate area) 
      Cumulative area ratio:    0.27
      Required ratio:    0.00 (Cumulative area) 

    Via: L1M1_PR
      Partial area ratio:    0.23
      Required ratio:    3.00 (Gate area) 
      Cumulative area ratio:    0.23
      Required ratio:    0.00 (Cumulative area) 

  Pin: ANTENNA__21276__A1/DIODE (sky130_fd_sc_hd__diode_2)
    Layer: met2
      Partial area ratio:    9.23
      Required ratio:    0.00 (Gate area) 
      Partial area ratio:   47.15
      Required ratio: 3656.24 (Side area) 
      Cumulative area ratio:   10.36
      Required ratio:    0.00 (Cumulative area) 
      Cumulative area ratio:   53.24
      Required ratio:    0.00 (Cumulative side area) 

    Layer: met1
      Partial area ratio:    1.13
      Required ratio:    0.00 (Gate area) 
      Partial area ratio:    6.09
      Required ratio: 2773.88 (Side area) 
      Cumulative area ratio:    1.13
      Required ratio:    0.00 (Cumulative area) 
      Cumulative area ratio:    6.09
      Required ratio:    0.00 (Cumulative side area) 

    Layer: li1
      Partial area ratio:    0.00
      Required ratio:    0.00 (Gate area) 
      Partial area ratio:    0.00
      Required ratio:  270.61 (Side area) 
      Cumulative area ratio:    0.00
      Required ratio:    0.00 (Cumulative area) 
      Cumulative area ratio:    0.00
      Required ratio:    0.00 (Cumulative side area) 

    Via: M1M2_PR
      Partial area ratio:    0.10
      Required ratio:    6.00 (Gate area) 
      Cumulative area ratio:    0.17
      Required ratio:    0.00 (Cumulative area) 

    Via: L1M1_PR
      Partial area ratio:    0.07
      Required ratio:    3.00 (Gate area) 
      Cumulative area ratio:    0.07
      Required ratio:    0.00 (Cumulative area) 

  Pin: _22129_/A0 (sky130_fd_sc_hd__mux2_1)
    Layer: met1
      Partial area ratio:    6.44
      Required ratio:    0.00 (Gate area) 
      Partial area ratio:   33.78
      Required ratio:  400.00 (Side area) 
      Cumulative area ratio:    6.44
      Required ratio:    0.00 (Cumulative area) 
      Cumulative area ratio:   33.78
      Required ratio:    0.00 (Cumulative side area) 

    Layer: li1
      Partial area ratio:    0.00
      Required ratio:    0.00 (Gate area) 
      Partial area ratio:    0.00
      Required ratio:   75.00 (Side area) 
      Cumulative area ratio:    0.00
      Required ratio:    0.00 (Cumulative area) 
      Cumulative area ratio:    0.00
      Required ratio:    0.00 (Cumulative side area) 

    Layer: met3
      Partial area ratio:   13.48
      Required ratio:    0.00 (Gate area) 
      Partial area ratio:   72.62
      Required ratio: 4525.64 (Side area) 
      Cumulative area ratio:   19.92
      Required ratio:    0.00 (Cumulative area) 
      Cumulative area ratio:  106.40
      Required ratio:    0.00 (Cumulative side area) 

    Layer: met4
      Partial area ratio:    0.37
      Required ratio:    0.00 (Gate area) 
      Partial area ratio:    2.07
      Required ratio: 4873.40 (Side area) 
      Cumulative area ratio:    6.82
      Required ratio:    0.00 (Cumulative area) 
      Cumulative area ratio:   35.84
      Required ratio:    0.00 (Cumulative side area) 

    Via: M2M3_PR
      Partial area ratio:    0.05
      Required ratio:    6.00 (Gate area) 
      Cumulative area ratio:    0.63
      Required ratio:    0.00 (Cumulative area) 

    Via: M1M2_PR
      Partial area ratio:    0.36
      Required ratio:    6.00 (Gate area) 
      Cumulative area ratio:    0.59
      Required ratio:    0.00 (Cumulative area) 

    Via: L1M1_PR
      Partial area ratio:    0.23
      Required ratio:    3.00 (Gate area) 
      Cumulative area ratio:    0.23
      Required ratio:    0.00 (Cumulative area) 

    Via: M3M4_PR
      Partial area ratio:    0.01
      Required ratio:    6.00 (Gate area) 
      Cumulative area ratio:    0.64
      Required ratio:    0.00 (Cumulative area) 

  Pin: ANTENNA__22129__A0/DIODE (sky130_fd_sc_hd__diode_2)
    Layer: met1
      Partial area ratio:    0.53
      Required ratio:    0.00 (Gate area) 
      Partial area ratio:    3.12
      Required ratio: 2773.88 (Side area) 
      Cumulative area ratio:    0.53
      Required ratio:    0.00 (Cumulative area) 
      Cumulative area ratio:    3.12
      Required ratio:    0.00 (Cumulative side area) 

    Layer: li1
      Partial area ratio:    0.00
      Required ratio:    0.00 (Gate area) 
      Partial area ratio:    0.00
      Required ratio:  270.61 (Side area) 
      Cumulative area ratio:    0.00
      Required ratio:    0.00 (Cumulative area) 
      Cumulative area ratio:    0.00
      Required ratio:    0.00 (Cumulative side area) 

    Layer: met3
      Partial area ratio:   13.48
      Required ratio:    0.00 (Gate area) 
      Partial area ratio:   72.62
      Required ratio: 4525.64 (Side area) 
      Cumulative area ratio:   20.46
      Required ratio:    0.00 (Cumulative area) 
      Cumulative area ratio:  109.52
      Required ratio:    0.00 (Cumulative side area) 

    Layer: met4
      Partial area ratio:    0.37
      Required ratio:    0.00 (Gate area) 
      Partial area ratio:    2.07
      Required ratio: 4873.40 (Side area) 
      Cumulative area ratio:    7.35
      Required ratio:    0.00 (Cumulative area) 
      Cumulative area ratio:   38.97
      Required ratio:    0.00 (Cumulative side area) 

    Via: M2M3_PR
      Partial area ratio:    0.05
      Required ratio:    6.00 (Gate area) 
      Cumulative area ratio:    0.57
      Required ratio:    0.00 (Cumulative area) 

    Via: M1M2_PR
      Partial area ratio:    0.10
      Required ratio:    6.00 (Gate area) 
      Cumulative area ratio:    0.17
      Required ratio:    0.00 (Cumulative area) 

    Via: L1M1_PR
      Partial area ratio:    0.07
      Required ratio:    3.00 (Gate area) 
      Cumulative area ratio:    0.07
      Required ratio:    0.00 (Cumulative area) 

    Via: M3M4_PR
      Partial area ratio:    0.01
      Required ratio:    6.00 (Gate area) 
      Cumulative area ratio:    0.58
      Required ratio:    0.00 (Cumulative area) 

  Pin: ANTENNA__23202__A0/DIODE (sky130_fd_sc_hd__diode_2)
    Layer: met3
      Partial area ratio:   13.48
      Required ratio:    0.00 (Gate area) 
      Partial area ratio:   72.62
      Required ratio: 4525.64 (Side area) 
      Cumulative area ratio:   22.26
      Required ratio:    0.00 (Cumulative area) 
      Cumulative area ratio:  117.66
      Required ratio:    0.00 (Cumulative side area) 

    Layer: met2
      Partial area ratio:    0.54
      Required ratio:    0.00 (Gate area) 
      Partial area ratio:    2.97
      Required ratio: 2947.76 (Side area) 
      Cumulative area ratio:    8.78
      Required ratio:    0.00 (Cumulative area) 
      Cumulative area ratio:   45.04
      Required ratio:    0.00 (Cumulative side area) 

    Layer: met1
      Partial area ratio:    8.24
      Required ratio:    0.00 (Gate area) 
      Partial area ratio:   42.07
      Required ratio: 2773.88 (Side area) 
      Cumulative area ratio:    8.24
      Required ratio:    0.00 (Cumulative area) 
      Cumulative area ratio:   42.07
      Required ratio:    0.00 (Cumulative side area) 

    Layer: li1
      Partial area ratio:    0.00
      Required ratio:    0.00 (Gate area) 
      Partial area ratio:    0.00
      Required ratio:  270.61 (Side area) 
      Cumulative area ratio:    0.00
      Required ratio:    0.00 (Cumulative area) 
      Cumulative area ratio:    0.00
      Required ratio:    0.00 (Cumulative side area) 

    Via: M2M3_PR
      Partial area ratio:    0.04
      Required ratio:    6.00 (Gate area) 
      Cumulative area ratio:    0.18
      Required ratio:    0.00 (Cumulative area) 

    Via: M1M2_PR
      Partial area ratio:    0.08
      Required ratio:    6.00 (Gate area) 
      Cumulative area ratio:    0.15
      Required ratio:    0.00 (Cumulative area) 

    Via: L1M1_PR
      Partial area ratio:    0.07
      Required ratio:    3.00 (Gate area) 
      Cumulative area ratio:    0.07
      Required ratio:    0.00 (Cumulative area) 

  Pin: _23202_/A0 (sky130_fd_sc_hd__mux2_1)
    Layer: met3
      Partial area ratio:   13.48
      Required ratio:    0.00 (Gate area) 
      Partial area ratio:   72.62
      Required ratio: 4525.64 (Side area) 
      Cumulative area ratio:   22.26
      Required ratio:    0.00 (Cumulative area) 
      Cumulative area ratio:  117.66
      Required ratio:    0.00 (Cumulative side area) 

    Layer: met2
      Partial area ratio:    0.54
      Required ratio:    0.00 (Gate area) 
      Partial area ratio:    2.97
      Required ratio: 2947.76 (Side area) 
      Cumulative area ratio:    8.78
      Required ratio:    0.00 (Cumulative area) 
      Cumulative area ratio:   45.04
      Required ratio:    0.00 (Cumulative side area) 

    Layer: met1
      Partial area ratio:    8.24
      Required ratio:    0.00 (Gate area) 
      Partial area ratio:   42.07
      Required ratio: 2773.88 (Side area) 
      Cumulative area ratio:    8.24
      Required ratio:    0.00 (Cumulative area) 
      Cumulative area ratio:   42.07
      Required ratio:    0.00 (Cumulative side area) 

    Layer: li1
      Partial area ratio:    0.00
      Required ratio:    0.00 (Gate area) 
      Partial area ratio:    0.00
      Required ratio:   75.00 (Side area) 
      Cumulative area ratio:    0.00
      Required ratio:    0.00 (Cumulative area) 
      Cumulative area ratio:    0.00
      Required ratio:    0.00 (Cumulative side area) 

    Via: M2M3_PR
      Partial area ratio:    0.04
      Required ratio:    6.00 (Gate area) 
      Cumulative area ratio:    0.35
      Required ratio:    0.00 (Cumulative area) 

    Via: M1M2_PR
      Partial area ratio:    0.08
      Required ratio:    6.00 (Gate area) 
      Cumulative area ratio:    0.31
      Required ratio:    0.00 (Cumulative area) 

    Via: L1M1_PR
      Partial area ratio:    0.23
      Required ratio:    3.00 (Gate area) 
      Cumulative area ratio:    0.23
      Required ratio:    0.00 (Cumulative area) 

  Pin: _23484_/A0 (sky130_fd_sc_hd__mux2_1)
    Layer: met3
      Partial area ratio:   13.48
      Required ratio:    0.00 (Gate area) 
      Partial area ratio:   72.62
      Required ratio: 4525.64 (Side area) 
      Cumulative area ratio:  147.68
      Required ratio:    0.00 (Cumulative area) 
      Cumulative area ratio:  751.77
      Required ratio:    0.00 (Cumulative side area) 

    Layer: met2
      Partial area ratio:    0.54
      Required ratio:    0.00 (Gate area) 
      Partial area ratio:    2.97
      Required ratio: 2947.76 (Side area) 
      Cumulative area ratio:  134.20
      Required ratio:    0.00 (Cumulative area) 
      Cumulative area ratio:  679.15
      Required ratio:    0.00 (Cumulative side area) 

    Layer: met1
      Partial area ratio:  125.42
      Required ratio:    0.00 (Gate area) 
      Partial area ratio:  634.11
      Required ratio:  400.00 (Side area) (VIOLATED)
      Cumulative area ratio:  125.42
      Required ratio:    0.00 (Cumulative area) 
      Cumulative area ratio:  634.11
      Required ratio:    0.00 (Cumulative side area) 

    Layer: li1
      Partial area ratio:    0.00
      Required ratio:    0.00 (Gate area) 
      Partial area ratio:    0.00
      Required ratio:   75.00 (Side area) 
      Cumulative area ratio:    0.00
      Required ratio:    0.00 (Cumulative area) 
      Cumulative area ratio:    0.00
      Required ratio:    0.00 (Cumulative side area) 

    Via: M2M3_PR
      Partial area ratio:    0.04
      Required ratio:    6.00 (Gate area) 
      Cumulative area ratio:    0.70
      Required ratio:    0.00 (Cumulative area) 

    Via: M1M2_PR
      Partial area ratio:    0.36
      Required ratio:    6.00 (Gate area) 
      Cumulative area ratio:    0.59
      Required ratio:    0.00 (Cumulative area) 

    Via: L1M1_PR
      Partial area ratio:    0.23
      Required ratio:    3.00 (Gate area) 
      Cumulative area ratio:    0.23
      Required ratio:    0.00 (Cumulative area) 

  Pin: ANTENNA__23484__A0/DIODE (sky130_fd_sc_hd__diode_2)
    Layer: met3
      Partial area ratio:   13.48
      Required ratio:    0.00 (Gate area) 
      Partial area ratio:   72.62
      Required ratio: 4525.64 (Side area) 
      Cumulative area ratio:  147.68
      Required ratio:    0.00 (Cumulative area) 
      Cumulative area ratio:  751.77
      Required ratio:    0.00 (Cumulative side area) 

    Layer: met2
      Partial area ratio:    0.54
      Required ratio:    0.00 (Gate area) 
      Partial area ratio:    2.97
      Required ratio: 2947.76 (Side area) 
      Cumulative area ratio:  134.20
      Required ratio:    0.00 (Cumulative area) 
      Cumulative area ratio:  679.15
      Required ratio:    0.00 (Cumulative side area) 

    Layer: met1
      Partial area ratio:    0.00
      Required ratio:    0.00 (Gate area) 
      Partial area ratio:    0.00
      Required ratio: 2773.88 (Side area) 
      Cumulative area ratio:    0.00
      Required ratio:    0.00 (Cumulative area) 
      Cumulative area ratio:    0.00
      Required ratio:    0.00 (Cumulative side area) 

    Layer: li1
      Partial area ratio:    0.00
      Required ratio:    0.00 (Gate area) 
      Partial area ratio:    0.00
      Required ratio:  270.61 (Side area) 
      Cumulative area ratio:    0.00
      Required ratio:    0.00 (Cumulative area) 
      Cumulative area ratio:    0.00
      Required ratio:    0.00 (Cumulative side area) 

    Via: M2M3_PR
      Partial area ratio:    0.04
      Required ratio:    6.00 (Gate area) 
      Cumulative area ratio:    0.59
      Required ratio:    0.00 (Cumulative area) 

    Via: M1M2_PR
      Partial area ratio:    0.05
      Required ratio:    6.00 (Gate area) 
      Cumulative area ratio:    0.12
      Required ratio:    0.00 (Cumulative area) 

    Via: L1M1_PR
      Partial area ratio:    0.07
      Required ratio:    3.00 (Gate area) 
      Cumulative area ratio:    0.07
      Required ratio:    0.00 (Cumulative area) 

  Pin: ANTENNA__22665__A0/DIODE (sky130_fd_sc_hd__diode_2)
    Layer: met2
      Partial area ratio:    1.88
      Required ratio:    0.00 (Gate area) 
      Partial area ratio:    9.65
      Required ratio: 3121.64 (Side area) 
      Cumulative area ratio:    7.00
      Required ratio:    0.00 (Cumulative area) 
      Cumulative area ratio:   36.13
      Required ratio:    0.00 (Cumulative side area) 

    Layer: met1
      Partial area ratio:    5.13
      Required ratio:    0.00 (Gate area) 
      Partial area ratio:   26.49
      Required ratio: 2773.88 (Side area) 
      Cumulative area ratio:    5.13
      Required ratio:    0.00 (Cumulative area) 
      Cumulative area ratio:   26.49
      Required ratio:    0.00 (Cumulative side area) 

    Layer: li1
      Partial area ratio:    0.00
      Required ratio:    0.00 (Gate area) 
      Partial area ratio:    0.00
      Required ratio:  270.61 (Side area) 
      Cumulative area ratio:    0.00
      Required ratio:    0.00 (Cumulative area) 
      Cumulative area ratio:    0.00
      Required ratio:    0.00 (Cumulative side area) 

    Layer: met4
      Partial area ratio:    0.37
      Required ratio:    0.00 (Gate area) 
      Partial area ratio:    2.07
      Required ratio: 4873.40 (Side area) 
      Cumulative area ratio:   10.14
      Required ratio:    0.00 (Cumulative area) 
      Cumulative area ratio:   53.06
      Required ratio:    0.00 (Cumulative side area) 

    Via: M3M4_PR
      Partial area ratio:    0.01
      Required ratio:    6.00 (Gate area) 
      Cumulative area ratio:    0.26
      Required ratio:    0.00 (Cumulative area) 

    Via: M2M3_PR
      Partial area ratio:    0.04
      Required ratio:    6.00 (Gate area) 
      Cumulative area ratio:    0.17
      Required ratio:    0.00 (Cumulative area) 

    Via: M1M2_PR
      Partial area ratio:    0.06
      Required ratio:    6.00 (Gate area) 
      Cumulative area ratio:    0.12
      Required ratio:    0.00 (Cumulative area) 

    Via: L1M1_PR
      Partial area ratio:    0.07
      Required ratio:    3.00 (Gate area) 
      Cumulative area ratio:    0.07
      Required ratio:    0.00 (Cumulative area) 

  Pin: _22665_/A0 (sky130_fd_sc_hd__mux2_1)
    Layer: met2
      Partial area ratio:    1.88
      Required ratio:    0.00 (Gate area) 
      Partial area ratio:    9.65
      Required ratio: 3121.64 (Side area) 
      Cumulative area ratio:    7.00
      Required ratio:    0.00 (Cumulative area) 
      Cumulative area ratio:   36.13
      Required ratio:    0.00 (Cumulative side area) 

    Layer: met1
      Partial area ratio:    5.13
      Required ratio:    0.00 (Gate area) 
      Partial area ratio:   26.49
      Required ratio: 2773.88 (Side area) 
      Cumulative area ratio:    5.13
      Required ratio:    0.00 (Cumulative area) 
      Cumulative area ratio:   26.49
      Required ratio:    0.00 (Cumulative side area) 

    Layer: li1
      Partial area ratio:    0.00
      Required ratio:    0.00 (Gate area) 
      Partial area ratio:    0.00
      Required ratio:   75.00 (Side area) 
      Cumulative area ratio:    0.00
      Required ratio:    0.00 (Cumulative area) 
      Cumulative area ratio:    0.00
      Required ratio:    0.00 (Cumulative side area) 

    Layer: met4
      Partial area ratio:    0.37
      Required ratio:    0.00 (Gate area) 
      Partial area ratio:    2.07
      Required ratio: 4873.40 (Side area) 
      Cumulative area ratio:   10.14
      Required ratio:    0.00 (Cumulative area) 
      Cumulative area ratio:   53.06
      Required ratio:    0.00 (Cumulative side area) 

    Via: M3M4_PR
      Partial area ratio:    0.01
      Required ratio:    6.00 (Gate area) 
      Cumulative area ratio:    0.42
      Required ratio:    0.00 (Cumulative area) 

    Via: M2M3_PR
      Partial area ratio:    0.04
      Required ratio:    6.00 (Gate area) 
      Cumulative area ratio:    0.33
      Required ratio:    0.00 (Cumulative area) 

    Via: M1M2_PR
      Partial area ratio:    0.06
      Required ratio:    6.00 (Gate area) 
      Cumulative area ratio:    0.29
      Required ratio:    0.00 (Cumulative area) 

    Via: L1M1_PR
      Partial area ratio:    0.23
      Required ratio:    3.00 (Gate area) 
      Cumulative area ratio:    0.23
      Required ratio:    0.00 (Cumulative area) 

  Pin: ANTENNA__26176__B/DIODE (sky130_fd_sc_hd__diode_2)
    Layer: met2
      Partial area ratio:    1.88
      Required ratio:    0.00 (Gate area) 
      Partial area ratio:    9.65
      Required ratio: 3121.64 (Side area) 
      Cumulative area ratio:    8.38
      Required ratio:    0.00 (Cumulative area) 
      Cumulative area ratio:   43.25
      Required ratio:    0.00 (Cumulative side area) 

    Layer: met1
      Partial area ratio:    1.38
      Required ratio:    0.00 (Gate area) 
      Partial area ratio:    7.12
      Required ratio: 2773.88 (Side area) 
      Cumulative area ratio:    1.38
      Required ratio:    0.00 (Cumulative area) 
      Cumulative area ratio:    7.12
      Required ratio:    0.00 (Cumulative side area) 

    Layer: li1
      Partial area ratio:    0.00
      Required ratio:    0.00 (Gate area) 
      Partial area ratio:    0.00
      Required ratio:  270.61 (Side area) 
      Cumulative area ratio:    0.00
      Required ratio:    0.00 (Cumulative area) 
      Cumulative area ratio:    0.00
      Required ratio:    0.00 (Cumulative side area) 

    Layer: met4
      Partial area ratio:    0.37
      Required ratio:    0.00 (Gate area) 
      Partial area ratio:    2.07
      Required ratio: 4873.40 (Side area) 
      Cumulative area ratio:   11.51
      Required ratio:    0.00 (Cumulative area) 
      Cumulative area ratio:   60.18
      Required ratio:    0.00 (Cumulative side area) 

    Via: M3M4_PR
      Partial area ratio:    0.01
      Required ratio:    6.00 (Gate area) 
      Cumulative area ratio:    0.31
      Required ratio:    0.00 (Cumulative area) 

    Via: M2M3_PR
      Partial area ratio:    0.04
      Required ratio:    6.00 (Gate area) 
      Cumulative area ratio:    0.22
      Required ratio:    0.00 (Cumulative area) 

    Via: M1M2_PR
      Partial area ratio:    0.05
      Required ratio:    6.00 (Gate area) 
      Cumulative area ratio:    0.12
      Required ratio:    0.00 (Cumulative area) 

    Via: L1M1_PR
      Partial area ratio:    0.07
      Required ratio:    3.00 (Gate area) 
      Cumulative area ratio:    0.07
      Required ratio:    0.00 (Cumulative area) 

  Pin: ANTENNA__22396__A1/DIODE (sky130_fd_sc_hd__diode_2)
    Layer: met2
      Partial area ratio:    1.88
      Required ratio:    0.00 (Gate area) 
      Partial area ratio:    9.65
      Required ratio: 3121.64 (Side area) 
      Cumulative area ratio:    9.76
      Required ratio:    0.00 (Cumulative area) 
      Cumulative area ratio:   50.99
      Required ratio:    0.00 (Cumulative side area) 

    Layer: met1
      Partial area ratio:    2.76
      Required ratio:    0.00 (Gate area) 
      Partial area ratio:   14.86
      Required ratio: 2773.88 (Side area) 
      Cumulative area ratio:    2.76
      Required ratio:    0.00 (Cumulative area) 
      Cumulative area ratio:   14.86
      Required ratio:    0.00 (Cumulative side area) 

    Layer: li1
      Partial area ratio:    0.00
      Required ratio:    0.00 (Gate area) 
      Partial area ratio:    0.00
      Required ratio:  270.61 (Side area) 
      Cumulative area ratio:    0.00
      Required ratio:    0.00 (Cumulative area) 
      Cumulative area ratio:    0.00
      Required ratio:    0.00 (Cumulative side area) 

    Layer: met4
      Partial area ratio:    0.37
      Required ratio:    0.00 (Gate area) 
      Partial area ratio:    2.07
      Required ratio: 4873.40 (Side area) 
      Cumulative area ratio:   10.14
      Required ratio:    0.00 (Cumulative area) 
      Cumulative area ratio:   53.06
      Required ratio:    0.00 (Cumulative side area) 

    Via: M3M4_PR
      Partial area ratio:    0.01
      Required ratio:    6.00 (Gate area) 
      Cumulative area ratio:    0.26
      Required ratio:    0.00 (Cumulative area) 

    Via: M2M3_PR
      Partial area ratio:    0.04
      Required ratio:    6.00 (Gate area) 
      Cumulative area ratio:    0.25
      Required ratio:    0.00 (Cumulative area) 

    Via: M1M2_PR
      Partial area ratio:    0.08
      Required ratio:    6.00 (Gate area) 
      Cumulative area ratio:    0.15
      Required ratio:    0.00 (Cumulative area) 

    Via: L1M1_PR
      Partial area ratio:    0.07
      Required ratio:    3.00 (Gate area) 
      Cumulative area ratio:    0.07
      Required ratio:    0.00 (Cumulative area) 

  Pin: _22396_/A1 (sky130_fd_sc_hd__mux2_1)
    Layer: met2
      Partial area ratio:    1.88
      Required ratio:    0.00 (Gate area) 
      Partial area ratio:    9.65
      Required ratio: 3121.64 (Side area) 
      Cumulative area ratio:    9.76
      Required ratio:    0.00 (Cumulative area) 
      Cumulative area ratio:   50.99
      Required ratio:    0.00 (Cumulative side area) 

    Layer: met1
      Partial area ratio:    2.76
      Required ratio:    0.00 (Gate area) 
      Partial area ratio:   14.86
      Required ratio: 2773.88 (Side area) 
      Cumulative area ratio:    2.76
      Required ratio:    0.00 (Cumulative area) 
      Cumulative area ratio:   14.86
      Required ratio:    0.00 (Cumulative side area) 

    Layer: li1
      Partial area ratio:    0.00
      Required ratio:    0.00 (Gate area) 
      Partial area ratio:    0.00
      Required ratio:   75.00 (Side area) 
      Cumulative area ratio:    0.00
      Required ratio:    0.00 (Cumulative area) 
      Cumulative area ratio:    0.00
      Required ratio:    0.00 (Cumulative side area) 

    Layer: met4
      Partial area ratio:    0.37
      Required ratio:    0.00 (Gate area) 
      Partial area ratio:    2.07
      Required ratio: 4873.40 (Side area) 
      Cumulative area ratio:   10.14
      Required ratio:    0.00 (Cumulative area) 
      Cumulative area ratio:   53.06
      Required ratio:    0.00 (Cumulative side area) 

    Via: M3M4_PR
      Partial area ratio:    0.01
      Required ratio:    6.00 (Gate area) 
      Cumulative area ratio:    0.42
      Required ratio:    0.00 (Cumulative area) 

    Via: M2M3_PR
      Partial area ratio:    0.04
      Required ratio:    6.00 (Gate area) 
      Cumulative area ratio:    0.41
      Required ratio:    0.00 (Cumulative area) 

    Via: M1M2_PR
      Partial area ratio:    0.08
      Required ratio:    6.00 (Gate area) 
      Cumulative area ratio:    0.31
      Required ratio:    0.00 (Cumulative area) 

    Via: L1M1_PR
      Partial area ratio:    0.23
      Required ratio:    3.00 (Gate area) 
      Cumulative area ratio:    0.23
      Required ratio:    0.00 (Cumulative area) 

  Pin: ANTENNA__21861__A0/DIODE (sky130_fd_sc_hd__diode_2)
    Layer: met4
      Partial area ratio:    0.37
      Required ratio:    0.00 (Gate area) 
      Partial area ratio:    2.07
      Required ratio: 4873.40 (Side area) 
      Cumulative area ratio:   17.65
      Required ratio:    0.00 (Cumulative area) 
      Cumulative area ratio:   93.61
      Required ratio:    0.00 (Cumulative side area) 

    Layer: met3
      Partial area ratio:   12.94
      Required ratio:    0.00 (Gate area) 
      Partial area ratio:   69.44
      Required ratio: 2947.76 (Side area) 
      Cumulative area ratio:   17.27
      Required ratio:    0.00 (Cumulative area) 
      Cumulative area ratio:   91.55
      Required ratio:    0.00 (Cumulative side area) 

    Layer: met2
      Partial area ratio:    3.72
      Required ratio:    0.00 (Gate area) 
      Partial area ratio:   18.88
      Required ratio: 2947.76 (Side area) 
      Cumulative area ratio:    4.33
      Required ratio:    0.00 (Cumulative area) 
      Cumulative area ratio:   22.10
      Required ratio:    0.00 (Cumulative side area) 

    Layer: met1
      Partial area ratio:    0.61
      Required ratio:    0.00 (Gate area) 
      Partial area ratio:    3.22
      Required ratio: 2773.88 (Side area) 
      Cumulative area ratio:    0.61
      Required ratio:    0.00 (Cumulative area) 
      Cumulative area ratio:    3.22
      Required ratio:    0.00 (Cumulative side area) 

    Layer: li1
      Partial area ratio:    0.00
      Required ratio:    0.00 (Gate area) 
      Partial area ratio:    0.00
      Required ratio:  270.61 (Side area) 
      Cumulative area ratio:    0.00
      Required ratio:    0.00 (Cumulative area) 
      Cumulative area ratio:    0.00
      Required ratio:    0.00 (Cumulative side area) 

    Via: M3M4_PR
      Partial area ratio:    0.04
      Required ratio:    6.00 (Gate area) 
      Cumulative area ratio:    0.22
      Required ratio:    0.00 (Cumulative area) 

    Via: M2M3_PR
      Partial area ratio:    0.04
      Required ratio:    6.00 (Gate area) 
      Cumulative area ratio:    0.18
      Required ratio:    0.00 (Cumulative area) 

    Via: M1M2_PR
      Partial area ratio:    0.08
      Required ratio:    6.00 (Gate area) 
      Cumulative area ratio:    0.15
      Required ratio:    0.00 (Cumulative area) 

    Via: L1M1_PR
      Partial area ratio:    0.07
      Required ratio:    3.00 (Gate area) 
      Cumulative area ratio:    0.07
      Required ratio:    0.00 (Cumulative area) 

  Pin: ANTENNA__22933__A0/DIODE (sky130_fd_sc_hd__diode_2)
    Layer: met4
      Partial area ratio:    0.37
      Required ratio:    0.00 (Gate area) 
      Partial area ratio:    2.07
      Required ratio: 4873.40 (Side area) 
      Cumulative area ratio:   18.66
      Required ratio:    0.00 (Cumulative area) 
      Cumulative area ratio:   99.03
      Required ratio:    0.00 (Cumulative side area) 

    Layer: met3
      Partial area ratio:   12.94
      Required ratio:    0.00 (Gate area) 
      Partial area ratio:   69.44
      Required ratio: 2947.76 (Side area) 
      Cumulative area ratio:   18.29
      Required ratio:    0.00 (Cumulative area) 
      Cumulative area ratio:   96.96
      Required ratio:    0.00 (Cumulative side area) 

    Layer: met2
      Partial area ratio:    3.72
      Required ratio:    0.00 (Gate area) 
      Partial area ratio:   18.88
      Required ratio: 2947.76 (Side area) 
      Cumulative area ratio:    5.35
      Required ratio:    0.00 (Cumulative area) 
      Cumulative area ratio:   27.52
      Required ratio:    0.00 (Cumulative side area) 

    Layer: met1
      Partial area ratio:    1.01
      Required ratio:    0.00 (Gate area) 
      Partial area ratio:    5.42
      Required ratio: 2773.88 (Side area) 
      Cumulative area ratio:    1.01
      Required ratio:    0.00 (Cumulative area) 
      Cumulative area ratio:    5.42
      Required ratio:    0.00 (Cumulative side area) 

    Layer: li1
      Partial area ratio:    0.00
      Required ratio:    0.00 (Gate area) 
      Partial area ratio:    0.00
      Required ratio:  270.61 (Side area) 
      Cumulative area ratio:    0.00
      Required ratio:    0.00 (Cumulative area) 
      Cumulative area ratio:    0.00
      Required ratio:    0.00 (Cumulative side area) 

    Via: M3M4_PR
      Partial area ratio:    0.04
      Required ratio:    6.00 (Gate area) 
      Cumulative area ratio:    0.26
      Required ratio:    0.00 (Cumulative area) 

    Via: M2M3_PR
      Partial area ratio:    0.04
      Required ratio:    6.00 (Gate area) 
      Cumulative area ratio:    0.22
      Required ratio:    0.00 (Cumulative area) 

    Via: M1M2_PR
      Partial area ratio:    0.04
      Required ratio:    6.00 (Gate area) 
      Cumulative area ratio:    0.11
      Required ratio:    0.00 (Cumulative area) 

    Via: L1M1_PR
      Partial area ratio:    0.07
      Required ratio:    3.00 (Gate area) 
      Cumulative area ratio:    0.07
      Required ratio:    0.00 (Cumulative area) 

  Pin: _22933_/A0 (sky130_fd_sc_hd__mux2_1)
    Layer: met4
      Partial area ratio:    0.37
      Required ratio:    0.00 (Gate area) 
      Partial area ratio:    2.07
      Required ratio: 4873.40 (Side area) 
      Cumulative area ratio:   18.66
      Required ratio:    0.00 (Cumulative area) 
      Cumulative area ratio:   99.03
      Required ratio:    0.00 (Cumulative side area) 

    Layer: met3
      Partial area ratio:   12.94
      Required ratio:    0.00 (Gate area) 
      Partial area ratio:   69.44
      Required ratio: 2947.76 (Side area) 
      Cumulative area ratio:   18.29
      Required ratio:    0.00 (Cumulative area) 
      Cumulative area ratio:   96.96
      Required ratio:    0.00 (Cumulative side area) 

    Layer: met2
      Partial area ratio:    3.72
      Required ratio:    0.00 (Gate area) 
      Partial area ratio:   18.88
      Required ratio: 2947.76 (Side area) 
      Cumulative area ratio:    5.35
      Required ratio:    0.00 (Cumulative area) 
      Cumulative area ratio:   27.52
      Required ratio:    0.00 (Cumulative side area) 

    Layer: met1
      Partial area ratio:    1.01
      Required ratio:    0.00 (Gate area) 
      Partial area ratio:    5.42
      Required ratio: 2773.88 (Side area) 
      Cumulative area ratio:    1.01
      Required ratio:    0.00 (Cumulative area) 
      Cumulative area ratio:    5.42
      Required ratio:    0.00 (Cumulative side area) 

    Layer: li1
      Partial area ratio:    0.00
      Required ratio:    0.00 (Gate area) 
      Partial area ratio:    0.00
      Required ratio:   75.00 (Side area) 
      Cumulative area ratio:    0.00
      Required ratio:    0.00 (Cumulative area) 
      Cumulative area ratio:    0.00
      Required ratio:    0.00 (Cumulative side area) 

    Via: M3M4_PR
      Partial area ratio:    0.04
      Required ratio:    6.00 (Gate area) 
      Cumulative area ratio:    0.42
      Required ratio:    0.00 (Cumulative area) 

    Via: M2M3_PR
      Partial area ratio:    0.04
      Required ratio:    6.00 (Gate area) 
      Cumulative area ratio:    0.39
      Required ratio:    0.00 (Cumulative area) 

    Via: M1M2_PR
      Partial area ratio:    0.04
      Required ratio:    6.00 (Gate area) 
      Cumulative area ratio:    0.27
      Required ratio:    0.00 (Cumulative area) 

    Via: L1M1_PR
      Partial area ratio:    0.23
      Required ratio:    3.00 (Gate area) 
      Cumulative area ratio:    0.23
      Required ratio:    0.00 (Cumulative area) 

  Pin: _21861_/A0 (sky130_fd_sc_hd__mux2_1)
    Layer: met4
      Partial area ratio:    0.37
      Required ratio:    0.00 (Gate area) 
      Partial area ratio:    2.07
      Required ratio: 4873.40 (Side area) 
      Cumulative area ratio:   17.65
      Required ratio:    0.00 (Cumulative area) 
      Cumulative area ratio:   93.61
      Required ratio:    0.00 (Cumulative side area) 

    Layer: met3
      Partial area ratio:   12.94
      Required ratio:    0.00 (Gate area) 
      Partial area ratio:   69.44
      Required ratio: 2947.76 (Side area) 
      Cumulative area ratio:   17.27
      Required ratio:    0.00 (Cumulative area) 
      Cumulative area ratio:   91.55
      Required ratio:    0.00 (Cumulative side area) 

    Layer: met2
      Partial area ratio:    3.72
      Required ratio:    0.00 (Gate area) 
      Partial area ratio:   18.88
      Required ratio: 2947.76 (Side area) 
      Cumulative area ratio:    4.33
      Required ratio:    0.00 (Cumulative area) 
      Cumulative area ratio:   22.10
      Required ratio:    0.00 (Cumulative side area) 

    Layer: met1
      Partial area ratio:    0.61
      Required ratio:    0.00 (Gate area) 
      Partial area ratio:    3.22
      Required ratio: 2773.88 (Side area) 
      Cumulative area ratio:    0.61
      Required ratio:    0.00 (Cumulative area) 
      Cumulative area ratio:    3.22
      Required ratio:    0.00 (Cumulative side area) 

    Layer: li1
      Partial area ratio:    0.00
      Required ratio:    0.00 (Gate area) 
      Partial area ratio:    0.00
      Required ratio:   75.00 (Side area) 
      Cumulative area ratio:    0.00
      Required ratio:    0.00 (Cumulative area) 
      Cumulative area ratio:    0.00
      Required ratio:    0.00 (Cumulative side area) 

    Via: M3M4_PR
      Partial area ratio:    0.04
      Required ratio:    6.00 (Gate area) 
      Cumulative area ratio:    0.38
      Required ratio:    0.00 (Cumulative area) 

    Via: M2M3_PR
      Partial area ratio:    0.04
      Required ratio:    6.00 (Gate area) 
      Cumulative area ratio:    0.35
      Required ratio:    0.00 (Cumulative area) 

    Via: M1M2_PR
      Partial area ratio:    0.08
      Required ratio:    6.00 (Gate area) 
      Cumulative area ratio:    0.31
      Required ratio:    0.00 (Cumulative area) 

    Via: L1M1_PR
      Partial area ratio:    0.23
      Required ratio:    3.00 (Gate area) 
      Cumulative area ratio:    0.23
      Required ratio:    0.00 (Cumulative area) 

  Pin: _26176_/B (sky130_fd_sc_hd__nand2_1)
    Layer: met2
      Partial area ratio:    1.88
      Required ratio:    0.00 (Gate area) 
      Partial area ratio:    9.65
      Required ratio: 3121.64 (Side area) 
      Cumulative area ratio:    7.00
      Required ratio:    0.00 (Cumulative area) 
      Cumulative area ratio:   36.13
      Required ratio:    0.00 (Cumulative side area) 

    Layer: met1
      Partial area ratio:    5.13
      Required ratio:    0.00 (Gate area) 
      Partial area ratio:   26.49
      Required ratio: 2773.88 (Side area) 
      Cumulative area ratio:    5.13
      Required ratio:    0.00 (Cumulative area) 
      Cumulative area ratio:   26.49
      Required ratio:    0.00 (Cumulative side area) 

    Layer: met4
      Partial area ratio:    0.37
      Required ratio:    0.00 (Gate area) 
      Partial area ratio:    2.07
      Required ratio: 4873.40 (Side area) 
      Cumulative area ratio:   10.14
      Required ratio:    0.00 (Cumulative area) 
      Cumulative area ratio:   53.06
      Required ratio:    0.00 (Cumulative side area) 

    Layer: li1
      Partial area ratio:    0.00
      Required ratio:    0.00 (Gate area) 
      Partial area ratio:    0.00
      Required ratio:   75.00 (Side area) 
      Cumulative area ratio:    0.00
      Required ratio:    0.00 (Cumulative area) 
      Cumulative area ratio:    0.00
      Required ratio:    0.00 (Cumulative side area) 

    Via: M3M4_PR
      Partial area ratio:    0.01
      Required ratio:    6.00 (Gate area) 
      Cumulative area ratio:    0.31
      Required ratio:    0.00 (Cumulative area) 

    Via: M2M3_PR
      Partial area ratio:    0.04
      Required ratio:    6.00 (Gate area) 
      Cumulative area ratio:    0.22
      Required ratio:    0.00 (Cumulative area) 

    Via: M1M2_PR
      Partial area ratio:    0.06
      Required ratio:    6.00 (Gate area) 
      Cumulative area ratio:    0.17
      Required ratio:    0.00 (Cumulative area) 

    Via: L1M1_PR
      Partial area ratio:    0.12
      Required ratio:    3.00 (Gate area) 
      Cumulative area ratio:    0.12
      Required ratio:    0.00 (Cumulative area) 


Net: _19330_
  Pin: _21695_/A0 (sky130_fd_sc_hd__mux2_1)
    Layer: met4
      Partial area ratio:   17.16
      Required ratio:    0.00 (Gate area) 
      Partial area ratio:   92.05
      Required ratio: 5051.60 (Side area) 
      Cumulative area ratio:   73.12
      Required ratio:    0.00 (Cumulative area) 
      Cumulative area ratio:  391.11
      Required ratio:    0.00 (Cumulative side area) 

    Layer: met3
      Partial area ratio:   49.55
      Required ratio:    0.00 (Gate area) 
      Partial area ratio:  265.95
      Required ratio: 2773.88 (Side area) 
      Cumulative area ratio:   55.96
      Required ratio:    0.00 (Cumulative area) 
      Cumulative area ratio:  299.06
      Required ratio:    0.00 (Cumulative side area) 

    Layer: met2
      Partial area ratio:    3.89
      Required ratio:    0.00 (Gate area) 
      Partial area ratio:   19.80
      Required ratio: 2773.88 (Side area) 
      Cumulative area ratio:    6.41
      Required ratio:    0.00 (Cumulative area) 
      Cumulative area ratio:   33.11
      Required ratio:    0.00 (Cumulative side area) 

    Layer: met1
      Partial area ratio:    2.52
      Required ratio:    0.00 (Gate area) 
      Partial area ratio:   13.31
      Required ratio: 2773.88 (Side area) 
      Cumulative area ratio:    2.52
      Required ratio:    0.00 (Cumulative area) 
      Cumulative area ratio:   13.31
      Required ratio:    0.00 (Cumulative side area) 

    Layer: li1
      Partial area ratio:    0.00
      Required ratio:    0.00 (Gate area) 
      Partial area ratio:    0.00
      Required ratio:   75.00 (Side area) 
      Cumulative area ratio:    0.00
      Required ratio:    0.00 (Cumulative area) 
      Cumulative area ratio:    0.00
      Required ratio:    0.00 (Cumulative side area) 

    Via: M3M4_PR
      Partial area ratio:    0.14
      Required ratio:    6.00 (Gate area) 
      Cumulative area ratio:    0.59
      Required ratio:    0.00 (Cumulative area) 

    Via: M2M3_PR
      Partial area ratio:    0.14
      Required ratio:    6.00 (Gate area) 
      Cumulative area ratio:    0.45
      Required ratio:    0.00 (Cumulative area) 

    Via: M1M2_PR
      Partial area ratio:    0.08
      Required ratio:    6.00 (Gate area) 
      Cumulative area ratio:    0.31
      Required ratio:    0.00 (Cumulative area) 

    Via: L1M1_PR
      Partial area ratio:    0.23
      Required ratio:    3.00 (Gate area) 
      Cumulative area ratio:    0.23
      Required ratio:    0.00 (Cumulative area) 

  Pin: ANTENNA__21695__A0/DIODE (sky130_fd_sc_hd__diode_2)
    Layer: met4
      Partial area ratio:   17.16
      Required ratio:    0.00 (Gate area) 
      Partial area ratio:   92.05
      Required ratio: 5051.60 (Side area) 
      Cumulative area ratio:   73.12
      Required ratio:    0.00 (Cumulative area) 
      Cumulative area ratio:  391.11
      Required ratio:    0.00 (Cumulative side area) 

    Layer: met3
      Partial area ratio:   49.55
      Required ratio:    0.00 (Gate area) 
      Partial area ratio:  265.95
      Required ratio: 2773.88 (Side area) 
      Cumulative area ratio:   55.96
      Required ratio:    0.00 (Cumulative area) 
      Cumulative area ratio:  299.06
      Required ratio:    0.00 (Cumulative side area) 

    Layer: met2
      Partial area ratio:    3.89
      Required ratio:    0.00 (Gate area) 
      Partial area ratio:   19.80
      Required ratio: 2773.88 (Side area) 
      Cumulative area ratio:    6.41
      Required ratio:    0.00 (Cumulative area) 
      Cumulative area ratio:   33.11
      Required ratio:    0.00 (Cumulative side area) 

    Layer: met1
      Partial area ratio:    2.52
      Required ratio:    0.00 (Gate area) 
      Partial area ratio:   13.31
      Required ratio: 2773.88 (Side area) 
      Cumulative area ratio:    2.52
      Required ratio:    0.00 (Cumulative area) 
      Cumulative area ratio:   13.31
      Required ratio:    0.00 (Cumulative side area) 

    Layer: li1
      Partial area ratio:    0.00
      Required ratio:    0.00 (Gate area) 
      Partial area ratio:    0.00
      Required ratio:  270.61 (Side area) 
      Cumulative area ratio:    0.00
      Required ratio:    0.00 (Cumulative area) 
      Cumulative area ratio:    0.00
      Required ratio:    0.00 (Cumulative side area) 

    Via: M3M4_PR
      Partial area ratio:    0.14
      Required ratio:    6.00 (Gate area) 
      Cumulative area ratio:    0.43
      Required ratio:    0.00 (Cumulative area) 

    Via: M2M3_PR
      Partial area ratio:    0.14
      Required ratio:    6.00 (Gate area) 
      Cumulative area ratio:    0.29
      Required ratio:    0.00 (Cumulative area) 

    Via: M1M2_PR
      Partial area ratio:    0.08
      Required ratio:    6.00 (Gate area) 
      Cumulative area ratio:    0.15
      Required ratio:    0.00 (Cumulative area) 

    Via: L1M1_PR
      Partial area ratio:    0.07
      Required ratio:    3.00 (Gate area) 
      Cumulative area ratio:    0.07
      Required ratio:    0.00 (Cumulative area) 

  Pin: _23587_/A0 (sky130_fd_sc_hd__mux2_1)
    Layer: met4
      Partial area ratio:   17.16
      Required ratio:    0.00 (Gate area) 
      Partial area ratio:   92.05
      Required ratio: 5051.60 (Side area) 
      Cumulative area ratio:   86.01
      Required ratio:    0.00 (Cumulative area) 
      Cumulative area ratio:  457.66
      Required ratio:    0.00 (Cumulative side area) 

    Layer: met3
      Partial area ratio:    0.63
      Required ratio:    0.00 (Gate area) 
      Partial area ratio:    3.81
      Required ratio: 2947.76 (Side area) 
      Cumulative area ratio:   12.89
      Required ratio:    0.00 (Cumulative area) 
      Cumulative area ratio:   66.55
      Required ratio:    0.00 (Cumulative side area) 

    Layer: met2
      Partial area ratio:   10.56
      Required ratio:    0.00 (Gate area) 
      Partial area ratio:   53.51
      Required ratio: 2947.76 (Side area) 
      Cumulative area ratio:   12.25
      Required ratio:    0.00 (Cumulative area) 
      Cumulative area ratio:   62.74
      Required ratio:    0.00 (Cumulative side area) 

    Layer: met1
      Partial area ratio:    1.69
      Required ratio:    0.00 (Gate area) 
      Partial area ratio:    9.22
      Required ratio:  400.00 (Side area) 
      Cumulative area ratio:    1.69
      Required ratio:    0.00 (Cumulative area) 
      Cumulative area ratio:    9.22
      Required ratio:    0.00 (Cumulative side area) 

    Layer: li1
      Partial area ratio:    0.00
      Required ratio:    0.00 (Gate area) 
      Partial area ratio:    0.00
      Required ratio:   75.00 (Side area) 
      Cumulative area ratio:    0.00
      Required ratio:    0.00 (Cumulative area) 
      Cumulative area ratio:    0.00
      Required ratio:    0.00 (Cumulative side area) 

    Via: M3M4_PR
      Partial area ratio:    0.04
      Required ratio:    6.00 (Gate area) 
      Cumulative area ratio:    0.48
      Required ratio:    0.00 (Cumulative area) 

    Via: M2M3_PR
      Partial area ratio:    0.04
      Required ratio:    6.00 (Gate area) 
      Cumulative area ratio:    0.44
      Required ratio:    0.00 (Cumulative area) 

    Via: M1M2_PR
      Partial area ratio:    0.18
      Required ratio:    6.00 (Gate area) 
      Cumulative area ratio:    0.41
      Required ratio:    0.00 (Cumulative area) 

    Via: L1M1_PR
      Partial area ratio:    0.23
      Required ratio:    3.00 (Gate area) 
      Cumulative area ratio:    0.23
      Required ratio:    0.00 (Cumulative area) 

  Pin: ANTENNA__22232__A0/DIODE (sky130_fd_sc_hd__diode_2)
    Layer: met4
      Partial area ratio:   17.16
      Required ratio:    0.00 (Gate area) 
      Partial area ratio:   92.05
      Required ratio: 5051.60 (Side area) 
      Cumulative area ratio:   90.21
      Required ratio:    0.00 (Cumulative area) 
      Cumulative area ratio:  479.20
      Required ratio:    0.00 (Cumulative side area) 

    Layer: met3
      Partial area ratio:    0.63
      Required ratio:    0.00 (Gate area) 
      Partial area ratio:    3.81
      Required ratio: 2947.76 (Side area) 
      Cumulative area ratio:   17.09
      Required ratio:    0.00 (Cumulative area) 
      Cumulative area ratio:   88.09
      Required ratio:    0.00 (Cumulative side area) 

    Layer: met2
      Partial area ratio:   10.56
      Required ratio:    0.00 (Gate area) 
      Partial area ratio:   53.51
      Required ratio: 2947.76 (Side area) 
      Cumulative area ratio:   16.45
      Required ratio:    0.00 (Cumulative area) 
      Cumulative area ratio:   84.28
      Required ratio:    0.00 (Cumulative side area) 

    Layer: met1
      Partial area ratio:    4.02
      Required ratio:    0.00 (Gate area) 
      Partial area ratio:   20.97
      Required ratio: 2773.88 (Side area) 
      Cumulative area ratio:    4.02
      Required ratio:    0.00 (Cumulative area) 
      Cumulative area ratio:   20.97
      Required ratio:    0.00 (Cumulative side area) 

    Layer: li1
      Partial area ratio:    0.00
      Required ratio:    0.00 (Gate area) 
      Partial area ratio:    0.00
      Required ratio:  270.61 (Side area) 
      Cumulative area ratio:    0.00
      Required ratio:    0.00 (Cumulative area) 
      Cumulative area ratio:    0.00
      Required ratio:    0.00 (Cumulative side area) 

    Via: M3M4_PR
      Partial area ratio:    0.04
      Required ratio:    6.00 (Gate area) 
      Cumulative area ratio:    0.28
      Required ratio:    0.00 (Cumulative area) 

    Via: M2M3_PR
      Partial area ratio:    0.04
      Required ratio:    6.00 (Gate area) 
      Cumulative area ratio:    0.25
      Required ratio:    0.00 (Cumulative area) 

    Via: M1M2_PR
      Partial area ratio:    0.04
      Required ratio:    6.00 (Gate area) 
      Cumulative area ratio:    0.11
      Required ratio:    0.00 (Cumulative area) 

    Via: L1M1_PR
      Partial area ratio:    0.07
      Required ratio:    3.00 (Gate area) 
      Cumulative area ratio:    0.07
      Required ratio:    0.00 (Cumulative area) 

  Pin: _22232_/A0 (sky130_fd_sc_hd__mux2_1)
    Layer: met4
      Partial area ratio:   17.16
      Required ratio:    0.00 (Gate area) 
      Partial area ratio:   92.05
      Required ratio: 5051.60 (Side area) 
      Cumulative area ratio:   90.21
      Required ratio:    0.00 (Cumulative area) 
      Cumulative area ratio:  479.20
      Required ratio:    0.00 (Cumulative side area) 

    Layer: met3
      Partial area ratio:    0.63
      Required ratio:    0.00 (Gate area) 
      Partial area ratio:    3.81
      Required ratio: 2947.76 (Side area) 
      Cumulative area ratio:   17.09
      Required ratio:    0.00 (Cumulative area) 
      Cumulative area ratio:   88.09
      Required ratio:    0.00 (Cumulative side area) 

    Layer: met2
      Partial area ratio:   10.56
      Required ratio:    0.00 (Gate area) 
      Partial area ratio:   53.51
      Required ratio: 2947.76 (Side area) 
      Cumulative area ratio:   16.45
      Required ratio:    0.00 (Cumulative area) 
      Cumulative area ratio:   84.28
      Required ratio:    0.00 (Cumulative side area) 

    Layer: met1
      Partial area ratio:    4.02
      Required ratio:    0.00 (Gate area) 
      Partial area ratio:   20.97
      Required ratio: 2773.88 (Side area) 
      Cumulative area ratio:    4.02
      Required ratio:    0.00 (Cumulative area) 
      Cumulative area ratio:   20.97
      Required ratio:    0.00 (Cumulative side area) 

    Layer: li1
      Partial area ratio:    0.00
      Required ratio:    0.00 (Gate area) 
      Partial area ratio:    0.00
      Required ratio:   75.00 (Side area) 
      Cumulative area ratio:    0.00
      Required ratio:    0.00 (Cumulative area) 
      Cumulative area ratio:    0.00
      Required ratio:    0.00 (Cumulative side area) 

    Via: M3M4_PR
      Partial area ratio:    0.04
      Required ratio:    6.00 (Gate area) 
      Cumulative area ratio:    0.44
      Required ratio:    0.00 (Cumulative area) 

    Via: M2M3_PR
      Partial area ratio:    0.04
      Required ratio:    6.00 (Gate area) 
      Cumulative area ratio:    0.41
      Required ratio:    0.00 (Cumulative area) 

    Via: M1M2_PR
      Partial area ratio:    0.04
      Required ratio:    6.00 (Gate area) 
      Cumulative area ratio:    0.27
      Required ratio:    0.00 (Cumulative area) 

    Via: L1M1_PR
      Partial area ratio:    0.23
      Required ratio:    3.00 (Gate area) 
      Cumulative area ratio:    0.23
      Required ratio:    0.00 (Cumulative area) 

  Pin: ANTENNA__23587__A0/DIODE (sky130_fd_sc_hd__diode_2)
    Layer: met4
      Partial area ratio:   17.16
      Required ratio:    0.00 (Gate area) 
      Partial area ratio:   92.05
      Required ratio: 5051.60 (Side area) 
      Cumulative area ratio:   86.19
      Required ratio:    0.00 (Cumulative area) 
      Cumulative area ratio:  458.22
      Required ratio:    0.00 (Cumulative side area) 

    Layer: met3
      Partial area ratio:    0.63
      Required ratio:    0.00 (Gate area) 
      Partial area ratio:    3.81
      Required ratio: 2947.76 (Side area) 
      Cumulative area ratio:   13.07
      Required ratio:    0.00 (Cumulative area) 
      Cumulative area ratio:   67.11
      Required ratio:    0.00 (Cumulative side area) 

    Layer: met2
      Partial area ratio:   10.56
      Required ratio:    0.00 (Gate area) 
      Partial area ratio:   53.51
      Required ratio: 2947.76 (Side area) 
      Cumulative area ratio:   12.43
      Required ratio:    0.00 (Cumulative area) 
      Cumulative area ratio:   63.31
      Required ratio:    0.00 (Cumulative side area) 

    Layer: met1
      Partial area ratio:    1.87
      Required ratio:    0.00 (Gate area) 
      Partial area ratio:    9.79
      Required ratio: 2773.88 (Side area) 
      Cumulative area ratio:    1.87
      Required ratio:    0.00 (Cumulative area) 
      Cumulative area ratio:    9.79
      Required ratio:    0.00 (Cumulative side area) 

    Layer: li1
      Partial area ratio:    0.00
      Required ratio:    0.00 (Gate area) 
      Partial area ratio:    0.00
      Required ratio:  270.61 (Side area) 
      Cumulative area ratio:    0.00
      Required ratio:    0.00 (Cumulative area) 
      Cumulative area ratio:    0.00
      Required ratio:    0.00 (Cumulative side area) 

    Via: M3M4_PR
      Partial area ratio:    0.04
      Required ratio:    6.00 (Gate area) 
      Cumulative area ratio:    0.24
      Required ratio:    0.00 (Cumulative area) 

    Via: M2M3_PR
      Partial area ratio:    0.04
      Required ratio:    6.00 (Gate area) 
      Cumulative area ratio:    0.21
      Required ratio:    0.00 (Cumulative area) 

    Via: M1M2_PR
      Partial area ratio:    0.10
      Required ratio:    6.00 (Gate area) 
      Cumulative area ratio:    0.17
      Required ratio:    0.00 (Cumulative area) 

    Via: L1M1_PR
      Partial area ratio:    0.07
      Required ratio:    3.00 (Gate area) 
      Cumulative area ratio:    0.07
      Required ratio:    0.00 (Cumulative area) 

  Pin: ANTENNA__27058__A2/DIODE (sky130_fd_sc_hd__diode_2)
    Layer: met3
      Partial area ratio:   17.35
      Required ratio:    0.00 (Gate area) 
      Partial area ratio:   96.04
      Required ratio: 3486.68 (Side area) 
      Cumulative area ratio:   19.06
      Required ratio:    0.00 (Cumulative area) 
      Cumulative area ratio:  105.31
      Required ratio:    0.00 (Cumulative side area) 

    Layer: met4
      Partial area ratio:   17.16
      Required ratio:    0.00 (Gate area) 
      Partial area ratio:   92.05
      Required ratio: 5051.60 (Side area) 
      Cumulative area ratio:   36.22
      Required ratio:    0.00 (Cumulative area) 
      Cumulative area ratio:  197.36
      Required ratio:    0.00 (Cumulative side area) 

    Layer: met2
      Partial area ratio:    0.20
      Required ratio:    0.00 (Gate area) 
      Partial area ratio:    1.16
      Required ratio: 2773.88 (Side area) 
      Cumulative area ratio:    1.71
      Required ratio:    0.00 (Cumulative area) 
      Cumulative area ratio:    9.27
      Required ratio:    0.00 (Cumulative side area) 

    Layer: met1
      Partial area ratio:    1.51
      Required ratio:    0.00 (Gate area) 
      Partial area ratio:    8.11
      Required ratio: 2773.88 (Side area) 
      Cumulative area ratio:    1.51
      Required ratio:    0.00 (Cumulative area) 
      Cumulative area ratio:    8.11
      Required ratio:    0.00 (Cumulative side area) 

    Layer: li1
      Partial area ratio:    0.00
      Required ratio:    0.00 (Gate area) 
      Partial area ratio:    0.00
      Required ratio:  270.61 (Side area) 
      Cumulative area ratio:    0.00
      Required ratio:    0.00 (Cumulative area) 
      Cumulative area ratio:    0.00
      Required ratio:    0.00 (Cumulative side area) 

    Via: M3M4_PR
      Partial area ratio:    0.12
      Required ratio:    6.00 (Gate area) 
      Cumulative area ratio:    0.28
      Required ratio:    0.00 (Cumulative area) 

    Via: M2M3_PR
      Partial area ratio:    0.06
      Required ratio:    6.00 (Gate area) 
      Cumulative area ratio:    0.16
      Required ratio:    0.00 (Cumulative area) 

    Via: M1M2_PR
      Partial area ratio:    0.03
      Required ratio:    6.00 (Gate area) 
      Cumulative area ratio:    0.10
      Required ratio:    0.00 (Cumulative area) 

    Via: L1M1_PR
      Partial area ratio:    0.07
      Required ratio:    3.00 (Gate area) 
      Cumulative area ratio:    0.07
      Required ratio:    0.00 (Cumulative area) 

  Pin: _27058_/A2 (sky130_fd_sc_hd__o22a_1)
    Layer: met3
      Partial area ratio:   17.35
      Required ratio:    0.00 (Gate area) 
      Partial area ratio:   96.04
      Required ratio: 3486.68 (Side area) 
      Cumulative area ratio:   19.06
      Required ratio:    0.00 (Cumulative area) 
      Cumulative area ratio:  105.31
      Required ratio:    0.00 (Cumulative side area) 

    Layer: met4
      Partial area ratio:   17.16
      Required ratio:    0.00 (Gate area) 
      Partial area ratio:   92.05
      Required ratio: 5051.60 (Side area) 
      Cumulative area ratio:   36.22
      Required ratio:    0.00 (Cumulative area) 
      Cumulative area ratio:  197.36
      Required ratio:    0.00 (Cumulative side area) 

    Layer: met2
      Partial area ratio:    0.20
      Required ratio:    0.00 (Gate area) 
      Partial area ratio:    1.16
      Required ratio: 2773.88 (Side area) 
      Cumulative area ratio:    1.71
      Required ratio:    0.00 (Cumulative area) 
      Cumulative area ratio:    9.27
      Required ratio:    0.00 (Cumulative side area) 

    Layer: met1
      Partial area ratio:    1.51
      Required ratio:    0.00 (Gate area) 
      Partial area ratio:    8.11
      Required ratio: 2773.88 (Side area) 
      Cumulative area ratio:    1.51
      Required ratio:    0.00 (Cumulative area) 
      Cumulative area ratio:    8.11
      Required ratio:    0.00 (Cumulative side area) 

    Layer: li1
      Partial area ratio:    0.00
      Required ratio:    0.00 (Gate area) 
      Partial area ratio:    0.00
      Required ratio:   75.00 (Side area) 
      Cumulative area ratio:    0.00
      Required ratio:    0.00 (Cumulative area) 
      Cumulative area ratio:    0.00
      Required ratio:    0.00 (Cumulative side area) 

    Via: M3M4_PR
      Partial area ratio:    0.12
      Required ratio:    6.00 (Gate area) 
      Cumulative area ratio:    0.33
      Required ratio:    0.00 (Cumulative area) 

    Via: M2M3_PR
      Partial area ratio:    0.06
      Required ratio:    6.00 (Gate area) 
      Cumulative area ratio:    0.21
      Required ratio:    0.00 (Cumulative area) 

    Via: M1M2_PR
      Partial area ratio:    0.03
      Required ratio:    6.00 (Gate area) 
      Cumulative area ratio:    0.15
      Required ratio:    0.00 (Cumulative area) 

    Via: L1M1_PR
      Partial area ratio:    0.12
      Required ratio:    3.00 (Gate area) 
      Cumulative area ratio:    0.12
      Required ratio:    0.00 (Cumulative area) 

  Pin: _21416_/A1 (sky130_fd_sc_hd__mux2_1)
    Layer: met3
      Partial area ratio:   15.67
      Required ratio:    0.00 (Gate area) 
      Partial area ratio:   84.41
      Required ratio: 3121.64 (Side area) 
      Cumulative area ratio:  155.14
      Required ratio:    0.00 (Cumulative area) 
      Cumulative area ratio:  792.83
      Required ratio:    0.00 (Cumulative side area) 

    Layer: met2
      Partial area ratio:    1.15
      Required ratio:    0.00 (Gate area) 
      Partial area ratio:    6.18
      Required ratio: 2947.76 (Side area) 
      Cumulative area ratio:  137.53
      Required ratio:    0.00 (Cumulative area) 
      Cumulative area ratio:  698.18
      Required ratio:    0.00 (Cumulative side area) 

    Layer: met1
      Partial area ratio:  136.38
      Required ratio:    0.00 (Gate area) 
      Partial area ratio:  692.00
      Required ratio:  400.00 (Side area) (VIOLATED)
      Cumulative area ratio:  136.38
      Required ratio:    0.00 (Cumulative area) 
      Cumulative area ratio:  692.00
      Required ratio:    0.00 (Cumulative side area) 

    Layer: li1
      Partial area ratio:    0.00
      Required ratio:    0.00 (Gate area) 
      Partial area ratio:    0.00
      Required ratio:   75.00 (Side area) 
      Cumulative area ratio:    0.00
      Required ratio:    0.00 (Cumulative area) 
      Cumulative area ratio:    0.00
      Required ratio:    0.00 (Cumulative side area) 

    Via: M3M4_PR
      Partial area ratio:    0.05
      Required ratio:    6.00 (Gate area) 
      Cumulative area ratio:    0.79
      Required ratio:    0.00 (Cumulative area) 

    Via: M2M3_PR
      Partial area ratio:    0.07
      Required ratio:    6.00 (Gate area) 
      Cumulative area ratio:    0.66
      Required ratio:    0.00 (Cumulative area) 

    Via: M1M2_PR
      Partial area ratio:    0.36
      Required ratio:    6.00 (Gate area) 
      Cumulative area ratio:    0.59
      Required ratio:    0.00 (Cumulative area) 

    Via: L1M1_PR
      Partial area ratio:    0.23
      Required ratio:    3.00 (Gate area) 
      Cumulative area ratio:    0.23
      Required ratio:    0.00 (Cumulative area) 

  Pin: ANTENNA__22768__A0/DIODE (sky130_fd_sc_hd__diode_2)
    Layer: met3
      Partial area ratio:   15.67
      Required ratio:    0.00 (Gate area) 
      Partial area ratio:   84.41
      Required ratio: 3121.64 (Side area) 
      Cumulative area ratio:  155.14
      Required ratio:    0.00 (Cumulative area) 
      Cumulative area ratio:  792.83
      Required ratio:    0.00 (Cumulative side area) 

    Layer: met2
      Partial area ratio:    1.15
      Required ratio:    0.00 (Gate area) 
      Partial area ratio:    6.18
      Required ratio: 2947.76 (Side area) 
      Cumulative area ratio:  139.47
      Required ratio:    0.00 (Cumulative area) 
      Cumulative area ratio:  708.42
      Required ratio:    0.00 (Cumulative side area) 

    Layer: met1
      Partial area ratio:    1.94
      Required ratio:    0.00 (Gate area) 
      Partial area ratio:   10.24
      Required ratio: 2773.88 (Side area) 
      Cumulative area ratio:    1.94
      Required ratio:    0.00 (Cumulative area) 
      Cumulative area ratio:   10.24
      Required ratio:    0.00 (Cumulative side area) 

    Layer: li1
      Partial area ratio:    0.00
      Required ratio:    0.00 (Gate area) 
      Partial area ratio:    0.00
      Required ratio:  270.61 (Side area) 
      Cumulative area ratio:    0.00
      Required ratio:    0.00 (Cumulative area) 
      Cumulative area ratio:    0.00
      Required ratio:    0.00 (Cumulative side area) 

    Via: M3M4_PR
      Partial area ratio:    0.05
      Required ratio:    6.00 (Gate area) 
      Cumulative area ratio:    0.62
      Required ratio:    0.00 (Cumulative area) 

    Via: M2M3_PR
      Partial area ratio:    0.07
      Required ratio:    6.00 (Gate area) 
      Cumulative area ratio:    0.58
      Required ratio:    0.00 (Cumulative area) 

    Via: M1M2_PR
      Partial area ratio:    0.08
      Required ratio:    6.00 (Gate area) 
      Cumulative area ratio:    0.15
      Required ratio:    0.00 (Cumulative area) 

    Via: L1M1_PR
      Partial area ratio:    0.07
      Required ratio:    3.00 (Gate area) 
      Cumulative area ratio:    0.07
      Required ratio:    0.00 (Cumulative area) 

  Pin: _22768_/A0 (sky130_fd_sc_hd__mux2_1)
    Layer: met3
      Partial area ratio:   15.67
      Required ratio:    0.00 (Gate area) 
      Partial area ratio:   84.41
      Required ratio: 3121.64 (Side area) 
      Cumulative area ratio:  155.14
      Required ratio:    0.00 (Cumulative area) 
      Cumulative area ratio:  792.83
      Required ratio:    0.00 (Cumulative side area) 

    Layer: met2
      Partial area ratio:    1.15
      Required ratio:    0.00 (Gate area) 
      Partial area ratio:    6.18
      Required ratio: 2947.76 (Side area) 
      Cumulative area ratio:  139.47
      Required ratio:    0.00 (Cumulative area) 
      Cumulative area ratio:  708.42
      Required ratio:    0.00 (Cumulative side area) 

    Layer: met1
      Partial area ratio:    1.94
      Required ratio:    0.00 (Gate area) 
      Partial area ratio:   10.24
      Required ratio: 2773.88 (Side area) 
      Cumulative area ratio:    1.94
      Required ratio:    0.00 (Cumulative area) 
      Cumulative area ratio:   10.24
      Required ratio:    0.00 (Cumulative side area) 

    Layer: li1
      Partial area ratio:    0.00
      Required ratio:    0.00 (Gate area) 
      Partial area ratio:    0.00
      Required ratio:   75.00 (Side area) 
      Cumulative area ratio:    0.00
      Required ratio:    0.00 (Cumulative area) 
      Cumulative area ratio:    0.00
      Required ratio:    0.00 (Cumulative side area) 

    Via: M3M4_PR
      Partial area ratio:    0.05
      Required ratio:    6.00 (Gate area) 
      Cumulative area ratio:    0.79
      Required ratio:    0.00 (Cumulative area) 

    Via: M2M3_PR
      Partial area ratio:    0.07
      Required ratio:    6.00 (Gate area) 
      Cumulative area ratio:    0.74
      Required ratio:    0.00 (Cumulative area) 

    Via: M1M2_PR
      Partial area ratio:    0.08
      Required ratio:    6.00 (Gate area) 
      Cumulative area ratio:    0.31
      Required ratio:    0.00 (Cumulative area) 

    Via: L1M1_PR
      Partial area ratio:    0.23
      Required ratio:    3.00 (Gate area) 
      Cumulative area ratio:    0.23
      Required ratio:    0.00 (Cumulative area) 

  Pin: ANTENNA__22499__A1/DIODE (sky130_fd_sc_hd__diode_2)
    Layer: met3
      Partial area ratio:   15.67
      Required ratio:    0.00 (Gate area) 
      Partial area ratio:   84.41
      Required ratio: 3121.64 (Side area) 
      Cumulative area ratio:  160.97
      Required ratio:    0.00 (Cumulative area) 
      Cumulative area ratio:  823.31
      Required ratio:    0.00 (Cumulative side area) 

    Layer: met2
      Partial area ratio:    1.08
      Required ratio:    0.00 (Gate area) 
      Partial area ratio:    5.93
      Required ratio: 2773.88 (Side area) 
      Cumulative area ratio:    1.08
      Required ratio:    0.00 (Cumulative area) 
      Cumulative area ratio:    5.93
      Required ratio:    0.00 (Cumulative side area) 

    Layer: met1
      Partial area ratio:    0.00
      Required ratio:    0.00 (Gate area) 
      Partial area ratio:    0.00
      Required ratio: 2773.88 (Side area) 
      Cumulative area ratio:    0.00
      Required ratio:    0.00 (Cumulative area) 
      Cumulative area ratio:    0.00
      Required ratio:    0.00 (Cumulative side area) 

    Layer: li1
      Partial area ratio:    0.00
      Required ratio:    0.00 (Gate area) 
      Partial area ratio:    0.00
      Required ratio:  270.61 (Side area) 
      Cumulative area ratio:    0.00
      Required ratio:    0.00 (Cumulative area) 
      Cumulative area ratio:    0.00
      Required ratio:    0.00 (Cumulative side area) 

    Via: M3M4_PR
      Partial area ratio:    0.05
      Required ratio:    6.00 (Gate area) 
      Cumulative area ratio:    1.17
      Required ratio:    0.00 (Cumulative area) 

    Via: M2M3_PR
      Partial area ratio:    0.14
      Required ratio:    6.00 (Gate area) 
      Cumulative area ratio:    0.26
      Required ratio:    0.00 (Cumulative area) 

    Via: M1M2_PR
      Partial area ratio:    0.05
      Required ratio:    6.00 (Gate area) 
      Cumulative area ratio:    0.12
      Required ratio:    0.00 (Cumulative area) 

    Via: L1M1_PR
      Partial area ratio:    0.07
      Required ratio:    3.00 (Gate area) 
      Cumulative area ratio:    0.07
      Required ratio:    0.00 (Cumulative area) 

  Pin: ANTENNA__21964__A0/DIODE (sky130_fd_sc_hd__diode_2)
    Layer: met3
      Partial area ratio:   15.41
      Required ratio:    0.00 (Gate area) 
      Partial area ratio:   82.74
      Required ratio: 3121.64 (Side area) 
      Cumulative area ratio:   28.70
      Required ratio:    0.00 (Cumulative area) 
      Cumulative area ratio:  150.36
      Required ratio:    0.00 (Cumulative side area) 

    Layer: met2
      Partial area ratio:   11.85
      Required ratio:    0.00 (Gate area) 
      Partial area ratio:   60.02
      Required ratio: 2947.76 (Side area) 
      Cumulative area ratio:   13.30
      Required ratio:    0.00 (Cumulative area) 
      Cumulative area ratio:   67.62
      Required ratio:    0.00 (Cumulative side area) 

    Layer: met1
      Partial area ratio:    1.45
      Required ratio:    0.00 (Gate area) 
      Partial area ratio:    7.59
      Required ratio: 2773.88 (Side area) 
      Cumulative area ratio:    1.45
      Required ratio:    0.00 (Cumulative area) 
      Cumulative area ratio:    7.59
      Required ratio:    0.00 (Cumulative side area) 

    Layer: li1
      Partial area ratio:    0.00
      Required ratio:    0.00 (Gate area) 
      Partial area ratio:    0.00
      Required ratio:  270.61 (Side area) 
      Cumulative area ratio:    0.00
      Required ratio:    0.00 (Cumulative area) 
      Cumulative area ratio:    0.00
      Required ratio:    0.00 (Cumulative side area) 

    Via: M3M4_PR
      Partial area ratio:    0.02
      Required ratio:    6.00 (Gate area) 
      Cumulative area ratio:    0.24
      Required ratio:    0.00 (Cumulative area) 

    Via: M2M3_PR
      Partial area ratio:    0.07
      Required ratio:    6.00 (Gate area) 
      Cumulative area ratio:    0.22
      Required ratio:    0.00 (Cumulative area) 

    Via: M1M2_PR
      Partial area ratio:    0.08
      Required ratio:    6.00 (Gate area) 
      Cumulative area ratio:    0.15
      Required ratio:    0.00 (Cumulative area) 

    Via: L1M1_PR
      Partial area ratio:    0.07
      Required ratio:    3.00 (Gate area) 
      Cumulative area ratio:    0.07
      Required ratio:    0.00 (Cumulative area) 

  Pin: _23305_/A0 (sky130_fd_sc_hd__mux2_1)
    Layer: met3
      Partial area ratio:   15.41
      Required ratio:    0.00 (Gate area) 
      Partial area ratio:   82.74
      Required ratio: 3121.64 (Side area) 
      Cumulative area ratio:   89.79
      Required ratio:    0.00 (Cumulative area) 
      Cumulative area ratio:  458.59
      Required ratio:    0.00 (Cumulative side area) 

    Layer: met2
      Partial area ratio:   40.08
      Required ratio:    0.00 (Gate area) 
      Partial area ratio:  201.64
      Required ratio: 2773.88 (Side area) 
      Cumulative area ratio:   61.09
      Required ratio:    0.00 (Cumulative area) 
      Cumulative area ratio:  308.23
      Required ratio:    0.00 (Cumulative side area) 

    Layer: met1
      Partial area ratio:   21.00
      Required ratio:    0.00 (Gate area) 
      Partial area ratio:  106.59
      Required ratio: 2773.88 (Side area) 
      Cumulative area ratio:   21.00
      Required ratio:    0.00 (Cumulative area) 
      Cumulative area ratio:  106.59
      Required ratio:    0.00 (Cumulative side area) 

    Layer: li1
      Partial area ratio:    0.00
      Required ratio:    0.00 (Gate area) 
      Partial area ratio:    0.00
      Required ratio:   75.00 (Side area) 
      Cumulative area ratio:    0.00
      Required ratio:    0.00 (Cumulative area) 
      Cumulative area ratio:    0.00
      Required ratio:    0.00 (Cumulative side area) 

    Via: M3M4_PR
      Partial area ratio:    0.02
      Required ratio:    6.00 (Gate area) 
      Cumulative area ratio:    0.52
      Required ratio:    0.00 (Cumulative area) 

    Via: M2M3_PR
      Partial area ratio:    0.07
      Required ratio:    6.00 (Gate area) 
      Cumulative area ratio:    0.34
      Required ratio:    0.00 (Cumulative area) 

    Via: M1M2_PR
      Partial area ratio:    0.04
      Required ratio:    6.00 (Gate area) 
      Cumulative area ratio:    0.27
      Required ratio:    0.00 (Cumulative area) 

    Via: L1M1_PR
      Partial area ratio:    0.23
      Required ratio:    3.00 (Gate area) 
      Cumulative area ratio:    0.23
      Required ratio:    0.00 (Cumulative area) 

  Pin: ANTENNA__23305__A0/DIODE (sky130_fd_sc_hd__diode_2)
    Layer: met3
      Partial area ratio:   15.41
      Required ratio:    0.00 (Gate area) 
      Partial area ratio:   82.74
      Required ratio: 3121.64 (Side area) 
      Cumulative area ratio:   89.79
      Required ratio:    0.00 (Cumulative area) 
      Cumulative area ratio:  458.59
      Required ratio:    0.00 (Cumulative side area) 

    Layer: met2
      Partial area ratio:   40.08
      Required ratio:    0.00 (Gate area) 
      Partial area ratio:  201.64
      Required ratio: 2773.88 (Side area) 
      Cumulative area ratio:   61.09
      Required ratio:    0.00 (Cumulative area) 
      Cumulative area ratio:  308.23
      Required ratio:    0.00 (Cumulative side area) 

    Layer: met1
      Partial area ratio:   21.00
      Required ratio:    0.00 (Gate area) 
      Partial area ratio:  106.59
      Required ratio: 2773.88 (Side area) 
      Cumulative area ratio:   21.00
      Required ratio:    0.00 (Cumulative area) 
      Cumulative area ratio:  106.59
      Required ratio:    0.00 (Cumulative side area) 

    Layer: li1
      Partial area ratio:    0.00
      Required ratio:    0.00 (Gate area) 
      Partial area ratio:    0.00
      Required ratio:  270.61 (Side area) 
      Cumulative area ratio:    0.00
      Required ratio:    0.00 (Cumulative area) 
      Cumulative area ratio:    0.00
      Required ratio:    0.00 (Cumulative side area) 

    Via: M3M4_PR
      Partial area ratio:    0.02
      Required ratio:    6.00 (Gate area) 
      Cumulative area ratio:    0.35
      Required ratio:    0.00 (Cumulative area) 

    Via: M2M3_PR
      Partial area ratio:    0.07
      Required ratio:    6.00 (Gate area) 
      Cumulative area ratio:    0.18
      Required ratio:    0.00 (Cumulative area) 

    Via: M1M2_PR
      Partial area ratio:    0.04
      Required ratio:    6.00 (Gate area) 
      Cumulative area ratio:    0.11
      Required ratio:    0.00 (Cumulative area) 

    Via: L1M1_PR
      Partial area ratio:    0.07
      Required ratio:    3.00 (Gate area) 
      Cumulative area ratio:    0.07
      Required ratio:    0.00 (Cumulative area) 

  Pin: _21964_/A0 (sky130_fd_sc_hd__mux2_1)
    Layer: met3
      Partial area ratio:   15.41
      Required ratio:    0.00 (Gate area) 
      Partial area ratio:   82.74
      Required ratio: 3121.64 (Side area) 
      Cumulative area ratio:   28.70
      Required ratio:    0.00 (Cumulative area) 
      Cumulative area ratio:  150.36
      Required ratio:    0.00 (Cumulative side area) 

    Layer: met2
      Partial area ratio:   11.85
      Required ratio:    0.00 (Gate area) 
      Partial area ratio:   60.02
      Required ratio: 2947.76 (Side area) 
      Cumulative area ratio:   13.30
      Required ratio:    0.00 (Cumulative area) 
      Cumulative area ratio:   67.62
      Required ratio:    0.00 (Cumulative side area) 

    Layer: met1
      Partial area ratio:    1.45
      Required ratio:    0.00 (Gate area) 
      Partial area ratio:    7.59
      Required ratio: 2773.88 (Side area) 
      Cumulative area ratio:    1.45
      Required ratio:    0.00 (Cumulative area) 
      Cumulative area ratio:    7.59
      Required ratio:    0.00 (Cumulative side area) 

    Layer: li1
      Partial area ratio:    0.00
      Required ratio:    0.00 (Gate area) 
      Partial area ratio:    0.00
      Required ratio:   75.00 (Side area) 
      Cumulative area ratio:    0.00
      Required ratio:    0.00 (Cumulative area) 
      Cumulative area ratio:    0.00
      Required ratio:    0.00 (Cumulative side area) 

    Via: M3M4_PR
      Partial area ratio:    0.02
      Required ratio:    6.00 (Gate area) 
      Cumulative area ratio:    0.40
      Required ratio:    0.00 (Cumulative area) 

    Via: M2M3_PR
      Partial area ratio:    0.07
      Required ratio:    6.00 (Gate area) 
      Cumulative area ratio:    0.38
      Required ratio:    0.00 (Cumulative area) 

    Via: M1M2_PR
      Partial area ratio:    0.08
      Required ratio:    6.00 (Gate area) 
      Cumulative area ratio:    0.31
      Required ratio:    0.00 (Cumulative area) 

    Via: L1M1_PR
      Partial area ratio:    0.23
      Required ratio:    3.00 (Gate area) 
      Cumulative area ratio:    0.23
      Required ratio:    0.00 (Cumulative area) 

  Pin: ANTENNA__23036__A0/DIODE (sky130_fd_sc_hd__diode_2)
    Layer: met3
      Partial area ratio:   15.41
      Required ratio:    0.00 (Gate area) 
      Partial area ratio:   82.74
      Required ratio: 3121.64 (Side area) 
      Cumulative area ratio:   29.47
      Required ratio:    0.00 (Cumulative area) 
      Cumulative area ratio:  154.70
      Required ratio:    0.00 (Cumulative side area) 

    Layer: met2
      Partial area ratio:   11.85
      Required ratio:    0.00 (Gate area) 
      Partial area ratio:   60.02
      Required ratio: 2947.76 (Side area) 
      Cumulative area ratio:   12.61
      Required ratio:    0.00 (Cumulative area) 
      Cumulative area ratio:   64.37
      Required ratio:    0.00 (Cumulative side area) 

    Layer: met1
      Partial area ratio:    0.76
      Required ratio:    0.00 (Gate area) 
      Partial area ratio:    4.34
      Required ratio: 2773.88 (Side area) 
      Cumulative area ratio:    0.76
      Required ratio:    0.00 (Cumulative area) 
      Cumulative area ratio:    4.34
      Required ratio:    0.00 (Cumulative side area) 

    Layer: li1
      Partial area ratio:    0.00
      Required ratio:    0.00 (Gate area) 
      Partial area ratio:    0.00
      Required ratio:  270.61 (Side area) 
      Cumulative area ratio:    0.00
      Required ratio:    0.00 (Cumulative area) 
      Cumulative area ratio:    0.00
      Required ratio:    0.00 (Cumulative side area) 

    Via: M3M4_PR
      Partial area ratio:    0.02
      Required ratio:    6.00 (Gate area) 
      Cumulative area ratio:    0.28
      Required ratio:    0.00 (Cumulative area) 

    Via: M2M3_PR
      Partial area ratio:    0.07
      Required ratio:    6.00 (Gate area) 
      Cumulative area ratio:    0.18
      Required ratio:    0.00 (Cumulative area) 

    Via: M1M2_PR
      Partial area ratio:    0.04
      Required ratio:    6.00 (Gate area) 
      Cumulative area ratio:    0.11
      Required ratio:    0.00 (Cumulative area) 

    Via: L1M1_PR
      Partial area ratio:    0.07
      Required ratio:    3.00 (Gate area) 
      Cumulative area ratio:    0.07
      Required ratio:    0.00 (Cumulative area) 

  Pin: _23036_/A0 (sky130_fd_sc_hd__mux2_1)
    Layer: met3
      Partial area ratio:   15.41
      Required ratio:    0.00 (Gate area) 
      Partial area ratio:   82.74
      Required ratio: 3121.64 (Side area) 
      Cumulative area ratio:   29.47
      Required ratio:    0.00 (Cumulative area) 
      Cumulative area ratio:  154.70
      Required ratio:    0.00 (Cumulative side area) 

    Layer: met2
      Partial area ratio:   11.85
      Required ratio:    0.00 (Gate area) 
      Partial area ratio:   60.02
      Required ratio: 2947.76 (Side area) 
      Cumulative area ratio:   12.61
      Required ratio:    0.00 (Cumulative area) 
      Cumulative area ratio:   64.37
      Required ratio:    0.00 (Cumulative side area) 

    Layer: met1
      Partial area ratio:    0.76
      Required ratio:    0.00 (Gate area) 
      Partial area ratio:    4.34
      Required ratio: 2773.88 (Side area) 
      Cumulative area ratio:    0.76
      Required ratio:    0.00 (Cumulative area) 
      Cumulative area ratio:    4.34
      Required ratio:    0.00 (Cumulative side area) 

    Layer: li1
      Partial area ratio:    0.00
      Required ratio:    0.00 (Gate area) 
      Partial area ratio:    0.00
      Required ratio:   75.00 (Side area) 
      Cumulative area ratio:    0.00
      Required ratio:    0.00 (Cumulative area) 
      Cumulative area ratio:    0.00
      Required ratio:    0.00 (Cumulative side area) 

    Via: M3M4_PR
      Partial area ratio:    0.02
      Required ratio:    6.00 (Gate area) 
      Cumulative area ratio:    0.44
      Required ratio:    0.00 (Cumulative area) 

    Via: M2M3_PR
      Partial area ratio:    0.07
      Required ratio:    6.00 (Gate area) 
      Cumulative area ratio:    0.34
      Required ratio:    0.00 (Cumulative area) 

    Via: M1M2_PR
      Partial area ratio:    0.04
      Required ratio:    6.00 (Gate area) 
      Cumulative area ratio:    0.27
      Required ratio:    0.00 (Cumulative area) 

    Via: L1M1_PR
      Partial area ratio:    0.23
      Required ratio:    3.00 (Gate area) 
      Cumulative area ratio:    0.23
      Required ratio:    0.00 (Cumulative area) 

  Pin: _22499_/A1 (sky130_fd_sc_hd__mux2_1)
    Layer: met3
      Partial area ratio:   15.67
      Required ratio:    0.00 (Gate area) 
      Partial area ratio:   84.41
      Required ratio: 3121.64 (Side area) 
      Cumulative area ratio:  160.97
      Required ratio:    0.00 (Cumulative area) 
      Cumulative area ratio:  823.31
      Required ratio:    0.00 (Cumulative side area) 

    Layer: met2
      Partial area ratio:    1.08
      Required ratio:    0.00 (Gate area) 
      Partial area ratio:    5.93
      Required ratio: 2773.88 (Side area) 
      Cumulative area ratio:    5.84
      Required ratio:    0.00 (Cumulative area) 
      Cumulative area ratio:   30.49
      Required ratio:    0.00 (Cumulative side area) 

    Layer: met1
      Partial area ratio:    4.76
      Required ratio:    0.00 (Gate area) 
      Partial area ratio:   24.56
      Required ratio:  400.00 (Side area) 
      Cumulative area ratio:    4.76
      Required ratio:    0.00 (Cumulative area) 
      Cumulative area ratio:   24.56
      Required ratio:    0.00 (Cumulative side area) 

    Layer: li1
      Partial area ratio:    0.00
      Required ratio:    0.00 (Gate area) 
      Partial area ratio:    0.00
      Required ratio:   75.00 (Side area) 
      Cumulative area ratio:    0.00
      Required ratio:    0.00 (Cumulative area) 
      Cumulative area ratio:    0.00
      Required ratio:    0.00 (Cumulative side area) 

    Via: M3M4_PR
      Partial area ratio:    0.05
      Required ratio:    6.00 (Gate area) 
      Cumulative area ratio:    1.29
      Required ratio:    0.00 (Cumulative area) 

    Via: M2M3_PR
      Partial area ratio:    0.14
      Required ratio:    6.00 (Gate area) 
      Cumulative area ratio:    0.73
      Required ratio:    0.00 (Cumulative area) 

    Via: M1M2_PR
      Partial area ratio:    0.36
      Required ratio:    6.00 (Gate area) 
      Cumulative area ratio:    0.59
      Required ratio:    0.00 (Cumulative area) 

    Via: L1M1_PR
      Partial area ratio:    0.23
      Required ratio:    3.00 (Gate area) 
      Cumulative area ratio:    0.23
      Required ratio:    0.00 (Cumulative area) 

  Pin: ANTENNA__21416__A1/DIODE (sky130_fd_sc_hd__diode_2)
    Layer: met3
      Partial area ratio:   15.67
      Required ratio:    0.00 (Gate area) 
      Partial area ratio:   84.41
      Required ratio: 3121.64 (Side area) 
      Cumulative area ratio:  155.14
      Required ratio:    0.00 (Cumulative area) 
      Cumulative area ratio:  792.83
      Required ratio:    0.00 (Cumulative side area) 

    Layer: met2
      Partial area ratio:    1.15
      Required ratio:    0.00 (Gate area) 
      Partial area ratio:    6.18
      Required ratio: 2947.76 (Side area) 
      Cumulative area ratio:    1.15
      Required ratio:    0.00 (Cumulative area) 
      Cumulative area ratio:    6.18
      Required ratio:    0.00 (Cumulative side area) 

    Layer: met1
      Partial area ratio:    0.00
      Required ratio:    0.00 (Gate area) 
      Partial area ratio:    0.00
      Required ratio: 2773.88 (Side area) 
      Cumulative area ratio:    0.00
      Required ratio:    0.00 (Cumulative area) 
      Cumulative area ratio:    0.00
      Required ratio:    0.00 (Cumulative side area) 

    Layer: li1
      Partial area ratio:    0.00
      Required ratio:    0.00 (Gate area) 
      Partial area ratio:    0.00
      Required ratio:  270.61 (Side area) 
      Cumulative area ratio:    0.00
      Required ratio:    0.00 (Cumulative area) 
      Cumulative area ratio:    0.00
      Required ratio:    0.00 (Cumulative side area) 

    Via: M3M4_PR
      Partial area ratio:    0.05
      Required ratio:    6.00 (Gate area) 
      Cumulative area ratio:    0.67
      Required ratio:    0.00 (Cumulative area) 

    Via: M2M3_PR
      Partial area ratio:    0.07
      Required ratio:    6.00 (Gate area) 
      Cumulative area ratio:    0.19
      Required ratio:    0.00 (Cumulative area) 

    Via: M1M2_PR
      Partial area ratio:    0.05
      Required ratio:    6.00 (Gate area) 
      Cumulative area ratio:    0.12
      Required ratio:    0.00 (Cumulative area) 

    Via: L1M1_PR
      Partial area ratio:    0.07
      Required ratio:    3.00 (Gate area) 
      Cumulative area ratio:    0.07
      Required ratio:    0.00 (Cumulative area) 


Net: _19628_
  Pin: _27382_/B1 (sky130_fd_sc_hd__o21ai_1)
    Layer: met2
      Partial area ratio:    6.13
      Required ratio:    0.00 (Gate area) 
      Partial area ratio:   31.87
      Required ratio: 2956.40 (Side area) 
      Cumulative area ratio:  102.22
      Required ratio:    0.00 (Cumulative area) 
      Cumulative area ratio:  518.43
      Required ratio:    0.00 (Cumulative side area) 

    Layer: met1
      Partial area ratio:    4.58
      Required ratio:    0.00 (Gate area) 
      Partial area ratio:   24.34
      Required ratio:  400.00 (Side area) 
      Cumulative area ratio:    4.58
      Required ratio:    0.00 (Cumulative area) 
      Cumulative area ratio:   24.34
      Required ratio:    0.00 (Cumulative side area) 

    Layer: li1
      Partial area ratio:    0.00
      Required ratio:    0.00 (Gate area) 
      Partial area ratio:    0.00
      Required ratio:   75.00 (Side area) 
      Cumulative area ratio:    0.00
      Required ratio:    0.00 (Cumulative area) 
      Cumulative area ratio:    0.00
      Required ratio:    0.00 (Cumulative side area) 

    Via: M1M2_PR
      Partial area ratio:    0.22
      Required ratio:    6.00 (Gate area) 
      Cumulative area ratio:    0.36
      Required ratio:    0.00 (Cumulative area) 

    Via: L1M1_PR
      Partial area ratio:    0.14
      Required ratio:    3.00 (Gate area) 
      Cumulative area ratio:    0.14
      Required ratio:    0.00 (Cumulative area) 

  Pin: _27380_/C (sky130_fd_sc_hd__and3b_1)
    Layer: met2
      Partial area ratio:    6.13
      Required ratio:    0.00 (Gate area) 
      Partial area ratio:   31.87
      Required ratio: 2956.40 (Side area) 
      Cumulative area ratio:  102.89
      Required ratio:    0.00 (Cumulative area) 
      Cumulative area ratio:  522.54
      Required ratio:    0.00 (Cumulative side area) 

    Layer: met1
      Partial area ratio:    0.67
      Required ratio:    0.00 (Gate area) 
      Partial area ratio:    4.11
      Required ratio:  400.00 (Side area) 
      Cumulative area ratio:    0.67
      Required ratio:    0.00 (Cumulative area) 
      Cumulative area ratio:    4.11
      Required ratio:    0.00 (Cumulative side area) 

    Layer: li1
      Partial area ratio:    0.00
      Required ratio:    0.00 (Gate area) 
      Partial area ratio:    0.00
      Required ratio:   75.00 (Side area) 
      Cumulative area ratio:    0.00
      Required ratio:    0.00 (Cumulative area) 
      Cumulative area ratio:    0.00
      Required ratio:    0.00 (Cumulative side area) 

    Via: M1M2_PR
      Partial area ratio:    0.18
      Required ratio:    6.00 (Gate area) 
      Cumulative area ratio:    0.41
      Required ratio:    0.00 (Cumulative area) 

    Via: L1M1_PR
      Partial area ratio:    0.23
      Required ratio:    3.00 (Gate area) 
      Cumulative area ratio:    0.23
      Required ratio:    0.00 (Cumulative area) 

  Pin: _27372_/B (sky130_fd_sc_hd__and3_1)
    Layer: met2
      Partial area ratio:    6.13
      Required ratio:    0.00 (Gate area) 
      Partial area ratio:   31.87
      Required ratio: 2956.40 (Side area) 
      Cumulative area ratio:  101.38
      Required ratio:    0.00 (Cumulative area) 
      Cumulative area ratio:  513.54
      Required ratio:    0.00 (Cumulative side area) 

    Layer: met1
      Partial area ratio:    3.73
      Required ratio:    0.00 (Gate area) 
      Partial area ratio:   19.44
      Required ratio:  400.00 (Side area) 
      Cumulative area ratio:    3.73
      Required ratio:    0.00 (Cumulative area) 
      Cumulative area ratio:   19.44
      Required ratio:    0.00 (Cumulative side area) 

    Layer: li1
      Partial area ratio:    0.00
      Required ratio:    0.00 (Gate area) 
      Partial area ratio:    0.00
      Required ratio:   75.00 (Side area) 
      Cumulative area ratio:    0.00
      Required ratio:    0.00 (Cumulative area) 
      Cumulative area ratio:    0.00
      Required ratio:    0.00 (Cumulative side area) 

    Via: M1M2_PR
      Partial area ratio:    0.18
      Required ratio:    6.00 (Gate area) 
      Cumulative area ratio:    0.41
      Required ratio:    0.00 (Cumulative area) 

    Via: L1M1_PR
      Partial area ratio:    0.23
      Required ratio:    3.00 (Gate area) 
      Cumulative area ratio:    0.23
      Required ratio:    0.00 (Cumulative area) 

  Pin: _27369_/B (sky130_fd_sc_hd__and2b_1)
    Layer: met2
      Partial area ratio:    6.13
      Required ratio:    0.00 (Gate area) 
      Partial area ratio:   31.87
      Required ratio: 2956.40 (Side area) 
      Cumulative area ratio:  103.62
      Required ratio:    0.00 (Cumulative area) 
      Cumulative area ratio:  527.10
      Required ratio:    0.00 (Cumulative side area) 

    Layer: met1
      Partial area ratio:    2.73
      Required ratio:    0.00 (Gate area) 
      Partial area ratio:   15.22
      Required ratio:  400.00 (Side area) 
      Cumulative area ratio:    2.73
      Required ratio:    0.00 (Cumulative area) 
      Cumulative area ratio:   15.22
      Required ratio:    0.00 (Cumulative side area) 

    Layer: li1
      Partial area ratio:    0.00
      Required ratio:    0.00 (Gate area) 
      Partial area ratio:    0.00
      Required ratio:   75.00 (Side area) 
      Cumulative area ratio:    0.00
      Required ratio:    0.00 (Cumulative area) 
      Cumulative area ratio:    0.00
      Required ratio:    0.00 (Cumulative side area) 

    Via: M1M2_PR
      Partial area ratio:    0.18
      Required ratio:    6.00 (Gate area) 
      Cumulative area ratio:    0.41
      Required ratio:    0.00 (Cumulative area) 

    Via: L1M1_PR
      Partial area ratio:    0.23
      Required ratio:    3.00 (Gate area) 
      Cumulative area ratio:    0.23
      Required ratio:    0.00 (Cumulative area) 

  Pin: _27376_/A (sky130_fd_sc_hd__and3_1)
    Layer: met2
      Partial area ratio:    6.13
      Required ratio:    0.00 (Gate area) 
      Partial area ratio:   31.87
      Required ratio: 2956.40 (Side area) 
      Cumulative area ratio:  100.89
      Required ratio:    0.00 (Cumulative area) 
      Cumulative area ratio:  511.87
      Required ratio:    0.00 (Cumulative side area) 

    Layer: met1
      Partial area ratio:    3.24
      Required ratio:    0.00 (Gate area) 
      Partial area ratio:   17.78
      Required ratio:  400.00 (Side area) 
      Cumulative area ratio:    3.24
      Required ratio:    0.00 (Cumulative area) 
      Cumulative area ratio:   17.78
      Required ratio:    0.00 (Cumulative side area) 

    Layer: li1
      Partial area ratio:    0.00
      Required ratio:    0.00 (Gate area) 
      Partial area ratio:    0.00
      Required ratio:   75.00 (Side area) 
      Cumulative area ratio:    0.00
      Required ratio:    0.00 (Cumulative area) 
      Cumulative area ratio:    0.00
      Required ratio:    0.00 (Cumulative side area) 

    Via: M1M2_PR
      Partial area ratio:    0.36
      Required ratio:    6.00 (Gate area) 
      Cumulative area ratio:    0.59
      Required ratio:    0.00 (Cumulative area) 

    Via: L1M1_PR
      Partial area ratio:    0.23
      Required ratio:    3.00 (Gate area) 
      Cumulative area ratio:    0.23
      Required ratio:    0.00 (Cumulative area) 

  Pin: _27386_/C (sky130_fd_sc_hd__and3b_1)
    Layer: met2
      Partial area ratio:    6.13
      Required ratio:    0.00 (Gate area) 
      Partial area ratio:   31.87
      Required ratio: 2956.40 (Side area) 
      Cumulative area ratio:   97.64
      Required ratio:    0.00 (Cumulative area) 
      Cumulative area ratio:  494.10
      Required ratio:    0.00 (Cumulative side area) 

    Layer: met1
      Partial area ratio:    9.87
      Required ratio:    0.00 (Gate area) 
      Partial area ratio:   50.11
      Required ratio:  400.00 (Side area) 
      Cumulative area ratio:    9.87
      Required ratio:    0.00 (Cumulative area) 
      Cumulative area ratio:   50.11
      Required ratio:    0.00 (Cumulative side area) 

    Layer: li1
      Partial area ratio:    0.00
      Required ratio:    0.00 (Gate area) 
      Partial area ratio:    0.00
      Required ratio:   75.00 (Side area) 
      Cumulative area ratio:    0.00
      Required ratio:    0.00 (Cumulative area) 
      Cumulative area ratio:    0.00
      Required ratio:    0.00 (Cumulative side area) 

    Via: M1M2_PR
      Partial area ratio:    0.36
      Required ratio:    6.00 (Gate area) 
      Cumulative area ratio:    0.59
      Required ratio:    0.00 (Cumulative area) 

    Via: L1M1_PR
      Partial area ratio:    0.23
      Required ratio:    3.00 (Gate area) 
      Cumulative area ratio:    0.23
      Required ratio:    0.00 (Cumulative area) 

  Pin: _27390_/A (sky130_fd_sc_hd__and3_1)
    Layer: met2
      Partial area ratio:    6.13
      Required ratio:    0.00 (Gate area) 
      Partial area ratio:   31.87
      Required ratio: 2956.40 (Side area) 
      Cumulative area ratio:   87.78
      Required ratio:    0.00 (Cumulative area) 
      Cumulative area ratio:  443.99
      Required ratio:    0.00 (Cumulative side area) 

    Layer: met1
      Partial area ratio:    0.00
      Required ratio:    0.00 (Gate area) 
      Partial area ratio:    0.00
      Required ratio:  400.00 (Side area) 
      Cumulative area ratio:    0.00
      Required ratio:    0.00 (Cumulative area) 
      Cumulative area ratio:    0.00
      Required ratio:    0.00 (Cumulative side area) 

    Layer: li1
      Partial area ratio:    0.00
      Required ratio:    0.00 (Gate area) 
      Partial area ratio:    0.00
      Required ratio:   75.00 (Side area) 
      Cumulative area ratio:    0.00
      Required ratio:    0.00 (Cumulative area) 
      Cumulative area ratio:    0.00
      Required ratio:    0.00 (Cumulative side area) 

    Via: M1M2_PR
      Partial area ratio:    0.18
      Required ratio:    6.00 (Gate area) 
      Cumulative area ratio:    0.41
      Required ratio:    0.00 (Cumulative area) 

    Via: L1M1_PR
      Partial area ratio:    0.23
      Required ratio:    3.00 (Gate area) 
      Cumulative area ratio:    0.23
      Required ratio:    0.00 (Cumulative area) 

  Pin: _27394_/A (sky130_fd_sc_hd__and3_1)
    Layer: met2
      Partial area ratio:    6.13
      Required ratio:    0.00 (Gate area) 
      Partial area ratio:   31.87
      Required ratio: 2956.40 (Side area) 
      Cumulative area ratio:   87.78
      Required ratio:    0.00 (Cumulative area) 
      Cumulative area ratio:  443.99
      Required ratio:    0.00 (Cumulative side area) 

    Layer: met1
      Partial area ratio:   81.64
      Required ratio:    0.00 (Gate area) 
      Partial area ratio:  412.11
      Required ratio:  400.00 (Side area) (VIOLATED)
      Cumulative area ratio:   81.64
      Required ratio:    0.00 (Cumulative area) 
      Cumulative area ratio:  412.11
      Required ratio:    0.00 (Cumulative side area) 

    Layer: li1
      Partial area ratio:    0.00
      Required ratio:    0.00 (Gate area) 
      Partial area ratio:    0.00
      Required ratio:   75.00 (Side area) 
      Cumulative area ratio:    0.00
      Required ratio:    0.00 (Cumulative area) 
      Cumulative area ratio:    0.00
      Required ratio:    0.00 (Cumulative side area) 

    Via: M1M2_PR
      Partial area ratio:    0.54
      Required ratio:    6.00 (Gate area) 
      Cumulative area ratio:    0.77
      Required ratio:    0.00 (Cumulative area) 

    Via: L1M1_PR
      Partial area ratio:    0.23
      Required ratio:    3.00 (Gate area) 
      Cumulative area ratio:    0.23
      Required ratio:    0.00 (Cumulative area) 

  Pin: _27397_/B1_N (sky130_fd_sc_hd__a21boi_1)
    Layer: met2
      Partial area ratio:    6.13
      Required ratio:    0.00 (Gate area) 
      Partial area ratio:   31.87
      Required ratio: 2956.40 (Side area) 
      Cumulative area ratio:   88.44
      Required ratio:    0.00 (Cumulative area) 
      Cumulative area ratio:  448.10
      Required ratio:    0.00 (Cumulative side area) 

    Layer: met1
      Partial area ratio:    0.67
      Required ratio:    0.00 (Gate area) 
      Partial area ratio:    4.11
      Required ratio:  400.00 (Side area) 
      Cumulative area ratio:    0.67
      Required ratio:    0.00 (Cumulative area) 
      Cumulative area ratio:    4.11
      Required ratio:    0.00 (Cumulative side area) 

    Layer: li1
      Partial area ratio:    0.00
      Required ratio:    0.00 (Gate area) 
      Partial area ratio:    0.00
      Required ratio:   75.00 (Side area) 
      Cumulative area ratio:    0.00
      Required ratio:    0.00 (Cumulative area) 
      Cumulative area ratio:    0.00
      Required ratio:    0.00 (Cumulative side area) 

    Via: M1M2_PR
      Partial area ratio:    0.18
      Required ratio:    6.00 (Gate area) 
      Cumulative area ratio:    0.41
      Required ratio:    0.00 (Cumulative area) 

    Via: L1M1_PR
      Partial area ratio:    0.23
      Required ratio:    3.00 (Gate area) 
      Cumulative area ratio:    0.23
      Required ratio:    0.00 (Cumulative area) 


Net: u_aes128.ciphertext\[60\]
  Pin: hold24/A (sky130_fd_sc_hd__dlygate4sd3_1)
    Layer: met2
      Partial area ratio:    2.93
      Required ratio:    0.00 (Gate area) 
      Partial area ratio:   15.41
      Required ratio: 2771.60 (Side area) 
      Cumulative area ratio:   89.39
      Required ratio:    0.00 (Cumulative area) 
      Cumulative area ratio:  454.74
      Required ratio:    0.00 (Cumulative side area) 

    Layer: met1
      Partial area ratio:    0.00
      Required ratio:    0.00 (Gate area) 
      Partial area ratio:    0.00
      Required ratio:  400.00 (Side area) 
      Cumulative area ratio:    0.00
      Required ratio:    0.00 (Cumulative area) 
      Cumulative area ratio:    0.00
      Required ratio:    0.00 (Cumulative side area) 

    Layer: li1
      Partial area ratio:    0.00
      Required ratio:    0.00 (Gate area) 
      Partial area ratio:    0.00
      Required ratio:   75.00 (Side area) 
      Cumulative area ratio:    0.00
      Required ratio:    0.00 (Cumulative area) 
      Cumulative area ratio:    0.00
      Required ratio:    0.00 (Cumulative side area) 

    Via: M1M2_PR
      Partial area ratio:    0.18
      Required ratio:    6.00 (Gate area) 
      Cumulative area ratio:    0.41
      Required ratio:    0.00 (Cumulative area) 

    Via: L1M1_PR
      Partial area ratio:    0.23
      Required ratio:    3.00 (Gate area) 
      Cumulative area ratio:    0.23
      Required ratio:    0.00 (Cumulative area) 

  Pin: _36107_/A0 (sky130_fd_sc_hd__mux2_1)
    Layer: met2
      Partial area ratio:    2.93
      Required ratio:    0.00 (Gate area) 
      Partial area ratio:   15.41
      Required ratio: 2771.60 (Side area) 
      Cumulative area ratio:   89.39
      Required ratio:    0.00 (Cumulative area) 
      Cumulative area ratio:  454.74
      Required ratio:    0.00 (Cumulative side area) 

    Layer: met1
      Partial area ratio:   86.47
      Required ratio:    0.00 (Gate area) 
      Partial area ratio:  439.33
      Required ratio:  400.00 (Side area) (VIOLATED)
      Cumulative area ratio:   86.47
      Required ratio:    0.00 (Cumulative area) 
      Cumulative area ratio:  439.33
      Required ratio:    0.00 (Cumulative side area) 

    Layer: li1
      Partial area ratio:    0.00
      Required ratio:    0.00 (Gate area) 
      Partial area ratio:    0.00
      Required ratio:   75.00 (Side area) 
      Cumulative area ratio:    0.00
      Required ratio:    0.00 (Cumulative area) 
      Cumulative area ratio:    0.00
      Required ratio:    0.00 (Cumulative side area) 

    Via: M1M2_PR
      Partial area ratio:    0.36
      Required ratio:    6.00 (Gate area) 
      Cumulative area ratio:    0.59
      Required ratio:    0.00 (Cumulative area) 

    Via: L1M1_PR
      Partial area ratio:    0.23
      Required ratio:    3.00 (Gate area) 
      Cumulative area ratio:    0.23
      Required ratio:    0.00 (Cumulative area) 

  Pin: _27765_/A1 (sky130_fd_sc_hd__mux2_1)
    Layer: met1
      Partial area ratio:    0.67
      Required ratio:    0.00 (Gate area) 
      Partial area ratio:    4.11
      Required ratio:  400.00 (Side area) 
      Cumulative area ratio:    0.67
      Required ratio:    0.00 (Cumulative area) 
      Cumulative area ratio:    4.11
      Required ratio:    0.00 (Cumulative side area) 

    Layer: li1
      Partial area ratio:    0.00
      Required ratio:    0.00 (Gate area) 
      Partial area ratio:    0.00
      Required ratio:   75.00 (Side area) 
      Cumulative area ratio:    0.00
      Required ratio:    0.00 (Cumulative area) 
      Cumulative area ratio:    0.00
      Required ratio:    0.00 (Cumulative side area) 

    Via: M1M2_PR
      Partial area ratio:    0.18
      Required ratio:    6.00 (Gate area) 
      Cumulative area ratio:    0.41
      Required ratio:    0.00 (Cumulative area) 

    Via: L1M1_PR
      Partial area ratio:    0.23
      Required ratio:    3.00 (Gate area) 
      Cumulative area ratio:    0.23
      Required ratio:    0.00 (Cumulative area) 


Net: u_auth_fsm.nonce_hist\[1\]\[67\]
  Pin: _26002_/A1 (sky130_fd_sc_hd__a221oi_2)
    Layer: met2
      Partial area ratio:    4.08
      Required ratio:    0.00 (Gate area) 
      Partial area ratio:   20.92
      Required ratio: 2778.20 (Side area) 
      Cumulative area ratio:   90.70
      Required ratio:    0.00 (Cumulative area) 
      Cumulative area ratio:  462.57
      Required ratio:    0.00 (Cumulative side area) 

    Layer: met1
      Partial area ratio:    1.26
      Required ratio:    0.00 (Gate area) 
      Partial area ratio:    7.10
      Required ratio:  400.00 (Side area) 
      Cumulative area ratio:    1.26
      Required ratio:    0.00 (Cumulative area) 
      Cumulative area ratio:    7.10
      Required ratio:    0.00 (Cumulative side area) 

    Layer: li1
      Partial area ratio:    0.00
      Required ratio:    0.00 (Gate area) 
      Partial area ratio:    0.00
      Required ratio:   75.00 (Side area) 
      Cumulative area ratio:    0.00
      Required ratio:    0.00 (Cumulative area) 
      Cumulative area ratio:    0.00
      Required ratio:    0.00 (Cumulative side area) 

    Via: M1M2_PR
      Partial area ratio:    0.05
      Required ratio:    6.00 (Gate area) 
      Cumulative area ratio:    0.10
      Required ratio:    0.00 (Cumulative area) 

    Via: L1M1_PR
      Partial area ratio:    0.06
      Required ratio:    3.00 (Gate area) 
      Cumulative area ratio:    0.06
      Required ratio:    0.00 (Cumulative area) 

  Pin: _26058_/A1_N (sky130_fd_sc_hd__a2bb2o_1)
    Layer: met2
      Partial area ratio:    4.08
      Required ratio:    0.00 (Gate area) 
      Partial area ratio:   20.92
      Required ratio: 2778.20 (Side area) 
      Cumulative area ratio:   89.43
      Required ratio:    0.00 (Cumulative area) 
      Cumulative area ratio:  455.47
      Required ratio:    0.00 (Cumulative side area) 

    Layer: met1
      Partial area ratio:    1.69
      Required ratio:    0.00 (Gate area) 
      Partial area ratio:    9.22
      Required ratio:  400.00 (Side area) 
      Cumulative area ratio:    1.69
      Required ratio:    0.00 (Cumulative area) 
      Cumulative area ratio:    9.22
      Required ratio:    0.00 (Cumulative side area) 

    Layer: li1
      Partial area ratio:    0.00
      Required ratio:    0.00 (Gate area) 
      Partial area ratio:    0.00
      Required ratio:   75.00 (Side area) 
      Cumulative area ratio:    0.00
      Required ratio:    0.00 (Cumulative area) 
      Cumulative area ratio:    0.00
      Required ratio:    0.00 (Cumulative side area) 

    Via: M1M2_PR
      Partial area ratio:    0.36
      Required ratio:    6.00 (Gate area) 
      Cumulative area ratio:    0.59
      Required ratio:    0.00 (Cumulative area) 

    Via: L1M1_PR
      Partial area ratio:    0.23
      Required ratio:    3.00 (Gate area) 
      Cumulative area ratio:    0.23
      Required ratio:    0.00 (Cumulative area) 

  Pin: _22945_/A1 (sky130_fd_sc_hd__mux2_1)
    Layer: met2
      Partial area ratio:    4.08
      Required ratio:    0.00 (Gate area) 
      Partial area ratio:   20.92
      Required ratio: 2778.20 (Side area) 
      Cumulative area ratio:   87.74
      Required ratio:    0.00 (Cumulative area) 
      Cumulative area ratio:  446.25
      Required ratio:    0.00 (Cumulative side area) 

    Layer: met1
      Partial area ratio:   83.67
      Required ratio:    0.00 (Gate area) 
      Partial area ratio:  425.33
      Required ratio:  400.00 (Side area) (VIOLATED)
      Cumulative area ratio:   83.67
      Required ratio:    0.00 (Cumulative area) 
      Cumulative area ratio:  425.33
      Required ratio:    0.00 (Cumulative side area) 

    Layer: li1
      Partial area ratio:    0.00
      Required ratio:    0.00 (Gate area) 
      Partial area ratio:    0.00
      Required ratio:   75.00 (Side area) 
      Cumulative area ratio:    0.00
      Required ratio:    0.00 (Cumulative area) 
      Cumulative area ratio:    0.00
      Required ratio:    0.00 (Cumulative side area) 

    Via: M1M2_PR
      Partial area ratio:    0.36
      Required ratio:    6.00 (Gate area) 
      Cumulative area ratio:    0.59
      Required ratio:    0.00 (Cumulative area) 

    Via: L1M1_PR
      Partial area ratio:    0.23
      Required ratio:    3.00 (Gate area) 
      Cumulative area ratio:    0.23
      Required ratio:    0.00 (Cumulative area) 


Net: u_auth_fsm.nonce_hist\[1\]\[70\]
  Pin: _26105_/A1 (sky130_fd_sc_hd__a221oi_1)
    Layer: met2
      Partial area ratio:   15.21
      Required ratio:    0.00 (Gate area) 
      Partial area ratio:   77.61
      Required ratio: 2956.40 (Side area) 
      Cumulative area ratio:   94.65
      Required ratio:    0.00 (Cumulative area) 
      Cumulative area ratio:  481.83
      Required ratio:    0.00 (Cumulative side area) 

    Layer: met1
      Partial area ratio:    0.00
      Required ratio:    0.00 (Gate area) 
      Partial area ratio:    0.00
      Required ratio:  400.00 (Side area) 
      Cumulative area ratio:    0.00
      Required ratio:    0.00 (Cumulative area) 
      Cumulative area ratio:    0.00
      Required ratio:    0.00 (Cumulative side area) 

    Layer: li1
      Partial area ratio:    0.00
      Required ratio:    0.00 (Gate area) 
      Partial area ratio:    0.00
      Required ratio:   75.00 (Side area) 
      Cumulative area ratio:    0.00
      Required ratio:    0.00 (Cumulative area) 
      Cumulative area ratio:    0.00
      Required ratio:    0.00 (Cumulative side area) 

    Layer: met3
      Partial area ratio:   14.40
      Required ratio:    0.00 (Gate area) 
      Partial area ratio:   77.37
      Required ratio: 2956.40 (Side area) 
      Cumulative area ratio:  109.06
      Required ratio:    0.00 (Cumulative area) 
      Cumulative area ratio:  559.21
      Required ratio:    0.00 (Cumulative side area) 

    Via: M2M3_PR
      Partial area ratio:    0.11
      Required ratio:    6.00 (Gate area) 
      Cumulative area ratio:    0.67
      Required ratio:    0.00 (Cumulative area) 

    Via: M1M2_PR
      Partial area ratio:    0.09
      Required ratio:    6.00 (Gate area) 
      Cumulative area ratio:    0.21
      Required ratio:    0.00 (Cumulative area) 

    Via: L1M1_PR
      Partial area ratio:    0.12
      Required ratio:    3.00 (Gate area) 
      Cumulative area ratio:    0.12
      Required ratio:    0.00 (Cumulative area) 

  Pin: _26081_/A (sky130_fd_sc_hd__inv_2)
    Layer: met3
      Partial area ratio:   14.40
      Required ratio:    0.00 (Gate area) 
      Partial area ratio:   77.37
      Required ratio: 2956.40 (Side area) 
      Cumulative area ratio:   14.59
      Required ratio:    0.00 (Cumulative area) 
      Cumulative area ratio:   78.49
      Required ratio:    0.00 (Cumulative side area) 

    Layer: met2
      Partial area ratio:    0.18
      Required ratio:    0.00 (Gate area) 
      Partial area ratio:    1.12
      Required ratio:  400.00 (Side area) 
      Cumulative area ratio:    0.18
      Required ratio:    0.00 (Cumulative area) 
      Cumulative area ratio:    1.12
      Required ratio:    0.00 (Cumulative side area) 

    Layer: met1
      Partial area ratio:    0.00
      Required ratio:    0.00 (Gate area) 
      Partial area ratio:    0.00
      Required ratio:  400.00 (Side area) 
      Cumulative area ratio:    0.00
      Required ratio:    0.00 (Cumulative area) 
      Cumulative area ratio:    0.00
      Required ratio:    0.00 (Cumulative side area) 

    Layer: li1
      Partial area ratio:    0.00
      Required ratio:    0.00 (Gate area) 
      Partial area ratio:    0.00
      Required ratio:   75.00 (Side area) 
      Cumulative area ratio:    0.00
      Required ratio:    0.00 (Cumulative area) 
      Cumulative area ratio:    0.00
      Required ratio:    0.00 (Cumulative side area) 

    Via: M2M3_PR
      Partial area ratio:    0.08
      Required ratio:    6.00 (Gate area) 
      Cumulative area ratio:    0.18
      Required ratio:    0.00 (Cumulative area) 

    Via: M1M2_PR
      Partial area ratio:    0.05
      Required ratio:    6.00 (Gate area) 
      Cumulative area ratio:    0.10
      Required ratio:    0.00 (Cumulative area) 

    Via: L1M1_PR
      Partial area ratio:    0.06
      Required ratio:    3.00 (Gate area) 
      Cumulative area ratio:    0.06
      Required ratio:    0.00 (Cumulative area) 

  Pin: _22952_/A1 (sky130_fd_sc_hd__mux2_1)
    Layer: met2
      Partial area ratio:   15.21
      Required ratio:    0.00 (Gate area) 
      Partial area ratio:   77.61
      Required ratio: 2956.40 (Side area) 
      Cumulative area ratio:   94.65
      Required ratio:    0.00 (Cumulative area) 
      Cumulative area ratio:  481.83
      Required ratio:    0.00 (Cumulative side area) 

    Layer: met1
      Partial area ratio:   79.44
      Required ratio:    0.00 (Gate area) 
      Partial area ratio:  404.22
      Required ratio:  400.00 (Side area) (VIOLATED)
      Cumulative area ratio:   79.44
      Required ratio:    0.00 (Cumulative area) 
      Cumulative area ratio:  404.22
      Required ratio:    0.00 (Cumulative side area) 

    Layer: met3
      Partial area ratio:   14.40
      Required ratio:    0.00 (Gate area) 
      Partial area ratio:   77.37
      Required ratio: 2956.40 (Side area) 
      Cumulative area ratio:  109.06
      Required ratio:    0.00 (Cumulative area) 
      Cumulative area ratio:  559.21
      Required ratio:    0.00 (Cumulative side area) 

    Layer: li1
      Partial area ratio:    0.00
      Required ratio:    0.00 (Gate area) 
      Partial area ratio:    0.00
      Required ratio:   75.00 (Side area) 
      Cumulative area ratio:    0.00
      Required ratio:    0.00 (Cumulative area) 
      Cumulative area ratio:    0.00
      Required ratio:    0.00 (Cumulative side area) 

    Via: M2M3_PR
      Partial area ratio:    0.11
      Required ratio:    6.00 (Gate area) 
      Cumulative area ratio:    0.69
      Required ratio:    0.00 (Cumulative area) 

    Via: M1M2_PR
      Partial area ratio:    0.36
      Required ratio:    6.00 (Gate area) 
      Cumulative area ratio:    0.59
      Required ratio:    0.00 (Cumulative area) 

    Via: L1M1_PR
      Partial area ratio:    0.23
      Required ratio:    3.00 (Gate area) 
      Cumulative area ratio:    0.23
      Required ratio:    0.00 (Cumulative area) 


Net: u_auth_fsm.nonce_hist\[1\]\[88\]
  Pin: _26064_/B2 (sky130_fd_sc_hd__a2bb2o_1)
    Layer: met3
      Partial area ratio:   29.19
      Required ratio:    0.00 (Gate area) 
      Partial area ratio:  156.64
      Required ratio: 2778.20 (Side area) 
      Cumulative area ratio:   29.53
      Required ratio:    0.00 (Cumulative area) 
      Cumulative area ratio:  159.14
      Required ratio:    0.00 (Cumulative side area) 

    Layer: met2
      Partial area ratio:    0.34
      Required ratio:    0.00 (Gate area) 
      Partial area ratio:    2.50
      Required ratio:  400.00 (Side area) 
      Cumulative area ratio:    0.34
      Required ratio:    0.00 (Cumulative area) 
      Cumulative area ratio:    2.50
      Required ratio:    0.00 (Cumulative side area) 

    Layer: met1
      Partial area ratio:    0.00
      Required ratio:    0.00 (Gate area) 
      Partial area ratio:    0.00
      Required ratio:  400.00 (Side area) 
      Cumulative area ratio:    0.00
      Required ratio:    0.00 (Cumulative area) 
      Cumulative area ratio:    0.00
      Required ratio:    0.00 (Cumulative side area) 

    Layer: li1
      Partial area ratio:    0.00
      Required ratio:    0.00 (Gate area) 
      Partial area ratio:    0.00
      Required ratio:   75.00 (Side area) 
      Cumulative area ratio:    0.00
      Required ratio:    0.00 (Cumulative area) 
      Cumulative area ratio:    0.00
      Required ratio:    0.00 (Cumulative side area) 

    Via: M2M3_PR
      Partial area ratio:    0.32
      Required ratio:    6.00 (Gate area) 
      Cumulative area ratio:    0.73
      Required ratio:    0.00 (Cumulative area) 

    Via: M1M2_PR
      Partial area ratio:    0.18
      Required ratio:    6.00 (Gate area) 
      Cumulative area ratio:    0.41
      Required ratio:    0.00 (Cumulative area) 

    Via: L1M1_PR
      Partial area ratio:    0.23
      Required ratio:    3.00 (Gate area) 
      Cumulative area ratio:    0.23
      Required ratio:    0.00 (Cumulative area) 

  Pin: _26149_/B2 (sky130_fd_sc_hd__o221a_1)
    Layer: met2
      Partial area ratio:    2.32
      Required ratio:    0.00 (Gate area) 
      Partial area ratio:   12.41
      Required ratio: 2778.20 (Side area) 
      Cumulative area ratio:  108.17
      Required ratio:    0.00 (Cumulative area) 
      Cumulative area ratio:  547.85
      Required ratio:    0.00 (Cumulative side area) 

    Layer: met3
      Partial area ratio:   29.19
      Required ratio:    0.00 (Gate area) 
      Partial area ratio:  156.64
      Required ratio: 2778.20 (Side area) 
      Cumulative area ratio:  137.36
      Required ratio:    0.00 (Cumulative area) 
      Cumulative area ratio:  704.49
      Required ratio:    0.00 (Cumulative side area) 

    Layer: met1
      Partial area ratio:    0.00
      Required ratio:    0.00 (Gate area) 
      Partial area ratio:    0.00
      Required ratio:  400.00 (Side area) 
      Cumulative area ratio:    0.00
      Required ratio:    0.00 (Cumulative area) 
      Cumulative area ratio:    0.00
      Required ratio:    0.00 (Cumulative side area) 

    Layer: li1
      Partial area ratio:    0.00
      Required ratio:    0.00 (Gate area) 
      Partial area ratio:    0.00
      Required ratio:   75.00 (Side area) 
      Cumulative area ratio:    0.00
      Required ratio:    0.00 (Cumulative area) 
      Cumulative area ratio:    0.00
      Required ratio:    0.00 (Cumulative side area) 

    Via: M2M3_PR
      Partial area ratio:    0.11
      Required ratio:    6.00 (Gate area) 
      Cumulative area ratio:    0.67
      Required ratio:    0.00 (Cumulative area) 

    Via: M1M2_PR
      Partial area ratio:    0.09
      Required ratio:    6.00 (Gate area) 
      Cumulative area ratio:    0.21
      Required ratio:    0.00 (Cumulative area) 

    Via: L1M1_PR
      Partial area ratio:    0.12
      Required ratio:    3.00 (Gate area) 
      Cumulative area ratio:    0.12
      Required ratio:    0.00 (Cumulative area) 

  Pin: _22989_/A1 (sky130_fd_sc_hd__mux2_1)
    Layer: met2
      Partial area ratio:    2.32
      Required ratio:    0.00 (Gate area) 
      Partial area ratio:   12.41
      Required ratio: 2778.20 (Side area) 
      Cumulative area ratio:  108.17
      Required ratio:    0.00 (Cumulative area) 
      Cumulative area ratio:  547.85
      Required ratio:    0.00 (Cumulative side area) 

    Layer: met1
      Partial area ratio:  105.84
      Required ratio:    0.00 (Gate area) 
      Partial area ratio:  535.44
      Required ratio:  400.00 (Side area) (VIOLATED)
      Cumulative area ratio:  105.84
      Required ratio:    0.00 (Cumulative area) 
      Cumulative area ratio:  535.44
      Required ratio:    0.00 (Cumulative side area) 

    Layer: met3
      Partial area ratio:   29.19
      Required ratio:    0.00 (Gate area) 
      Partial area ratio:  156.64
      Required ratio: 2778.20 (Side area) 
      Cumulative area ratio:  137.36
      Required ratio:    0.00 (Cumulative area) 
      Cumulative area ratio:  704.49
      Required ratio:    0.00 (Cumulative side area) 

    Layer: li1
      Partial area ratio:    0.00
      Required ratio:    0.00 (Gate area) 
      Partial area ratio:    0.00
      Required ratio:   75.00 (Side area) 
      Cumulative area ratio:    0.00
      Required ratio:    0.00 (Cumulative area) 
      Cumulative area ratio:    0.00
      Required ratio:    0.00 (Cumulative side area) 

    Via: M2M3_PR
      Partial area ratio:    0.11
      Required ratio:    6.00 (Gate area) 
      Cumulative area ratio:    0.69
      Required ratio:    0.00 (Cumulative area) 

    Via: M1M2_PR
      Partial area ratio:    0.36
      Required ratio:    6.00 (Gate area) 
      Cumulative area ratio:    0.59
      Required ratio:    0.00 (Cumulative area) 

    Via: L1M1_PR
      Partial area ratio:    0.23
      Required ratio:    3.00 (Gate area) 
      Cumulative area ratio:    0.23
      Required ratio:    0.00 (Cumulative area) 


Net: u_auth_fsm.nonce_hist\[3\]\[66\]
  Pin: _26326_/B2 (sky130_fd_sc_hd__o2bb2a_1)
    Layer: met2
      Partial area ratio:    1.55
      Required ratio:    0.00 (Gate area) 
      Partial area ratio:    8.32
      Required ratio: 2771.60 (Side area) 
      Cumulative area ratio:   84.08
      Required ratio:    0.00 (Cumulative area) 
      Cumulative area ratio:  428.77
      Required ratio:    0.00 (Cumulative side area) 

    Layer: met1
      Partial area ratio:    2.20
      Required ratio:    0.00 (Gate area) 
      Partial area ratio:   11.78
      Required ratio:  400.00 (Side area) 
      Cumulative area ratio:    2.20
      Required ratio:    0.00 (Cumulative area) 
      Cumulative area ratio:   11.78
      Required ratio:    0.00 (Cumulative side area) 

    Layer: li1
      Partial area ratio:    0.00
      Required ratio:    0.00 (Gate area) 
      Partial area ratio:    0.00
      Required ratio:   75.00 (Side area) 
      Cumulative area ratio:    0.00
      Required ratio:    0.00 (Cumulative area) 
      Cumulative area ratio:    0.00
      Required ratio:    0.00 (Cumulative side area) 

    Via: M1M2_PR
      Partial area ratio:    0.18
      Required ratio:    6.00 (Gate area) 
      Cumulative area ratio:    0.41
      Required ratio:    0.00 (Cumulative area) 

    Via: L1M1_PR
      Partial area ratio:    0.23
      Required ratio:    3.00 (Gate area) 
      Cumulative area ratio:    0.23
      Required ratio:    0.00 (Cumulative area) 

  Pin: _26305_/B2 (sky130_fd_sc_hd__a22oi_1)
    Layer: met2
      Partial area ratio:    1.55
      Required ratio:    0.00 (Gate area) 
      Partial area ratio:    8.32
      Required ratio: 2771.60 (Side area) 
      Cumulative area ratio:   81.88
      Required ratio:    0.00 (Cumulative area) 
      Cumulative area ratio:  416.99
      Required ratio:    0.00 (Cumulative side area) 

    Layer: met1
      Partial area ratio:    0.00
      Required ratio:    0.00 (Gate area) 
      Partial area ratio:    0.00
      Required ratio:  400.00 (Side area) 
      Cumulative area ratio:    0.00
      Required ratio:    0.00 (Cumulative area) 
      Cumulative area ratio:    0.00
      Required ratio:    0.00 (Cumulative side area) 

    Layer: li1
      Partial area ratio:    0.00
      Required ratio:    0.00 (Gate area) 
      Partial area ratio:    0.00
      Required ratio:   75.00 (Side area) 
      Cumulative area ratio:    0.00
      Required ratio:    0.00 (Cumulative area) 
      Cumulative area ratio:    0.00
      Required ratio:    0.00 (Cumulative side area) 

    Via: M1M2_PR
      Partial area ratio:    0.09
      Required ratio:    6.00 (Gate area) 
      Cumulative area ratio:    0.21
      Required ratio:    0.00 (Cumulative area) 

    Via: L1M1_PR
      Partial area ratio:    0.12
      Required ratio:    3.00 (Gate area) 
      Cumulative area ratio:    0.12
      Required ratio:    0.00 (Cumulative area) 

  Pin: _22406_/A0 (sky130_fd_sc_hd__mux2_1)
    Layer: met2
      Partial area ratio:    1.55
      Required ratio:    0.00 (Gate area) 
      Partial area ratio:    8.32
      Required ratio: 2771.60 (Side area) 
      Cumulative area ratio:   81.88
      Required ratio:    0.00 (Cumulative area) 
      Cumulative area ratio:  416.99
      Required ratio:    0.00 (Cumulative side area) 

    Layer: met1
      Partial area ratio:   80.33
      Required ratio:    0.00 (Gate area) 
      Partial area ratio:  408.67
      Required ratio:  400.00 (Side area) (VIOLATED)
      Cumulative area ratio:   80.33
      Required ratio:    0.00 (Cumulative area) 
      Cumulative area ratio:  408.67
      Required ratio:    0.00 (Cumulative side area) 

    Layer: li1
      Partial area ratio:    0.00
      Required ratio:    0.00 (Gate area) 
      Partial area ratio:    0.00
      Required ratio:   75.00 (Side area) 
      Cumulative area ratio:    0.00
      Required ratio:    0.00 (Cumulative area) 
      Cumulative area ratio:    0.00
      Required ratio:    0.00 (Cumulative side area) 

    Via: M1M2_PR
      Partial area ratio:    0.36
      Required ratio:    6.00 (Gate area) 
      Cumulative area ratio:    0.59
      Required ratio:    0.00 (Cumulative area) 

    Via: L1M1_PR
      Partial area ratio:    0.23
      Required ratio:    3.00 (Gate area) 
      Cumulative area ratio:    0.23
      Required ratio:    0.00 (Cumulative area) 


Net: u_cmd_parser.challenge_nonce\[55\]
  Pin: _30184_/A1 (sky130_fd_sc_hd__mux2_1)
    Layer: met2
      Partial area ratio:    4.32
      Required ratio:    0.00 (Gate area) 
      Partial area ratio:   22.20
      Required ratio: 2956.40 (Side area) 
      Cumulative area ratio:    5.50
      Required ratio:    0.00 (Cumulative area) 
      Cumulative area ratio:   28.86
      Required ratio:    0.00 (Cumulative side area) 

    Layer: met1
      Partial area ratio:    1.18
      Required ratio:    0.00 (Gate area) 
      Partial area ratio:    6.67
      Required ratio:  400.00 (Side area) 
      Cumulative area ratio:    1.18
      Required ratio:    0.00 (Cumulative area) 
      Cumulative area ratio:    6.67
      Required ratio:    0.00 (Cumulative side area) 

    Layer: li1
      Partial area ratio:    0.00
      Required ratio:    0.00 (Gate area) 
      Partial area ratio:    0.00
      Required ratio:   75.00 (Side area) 
      Cumulative area ratio:    0.00
      Required ratio:    0.00 (Cumulative area) 
      Cumulative area ratio:    0.00
      Required ratio:    0.00 (Cumulative side area) 

    Via: M1M2_PR
      Partial area ratio:    0.18
      Required ratio:    6.00 (Gate area) 
      Cumulative area ratio:    0.41
      Required ratio:    0.00 (Cumulative area) 

    Via: L1M1_PR
      Partial area ratio:    0.23
      Required ratio:    3.00 (Gate area) 
      Cumulative area ratio:    0.23
      Required ratio:    0.00 (Cumulative area) 

  Pin: _29714_/A0 (sky130_fd_sc_hd__mux2_1)
    Layer: met1
      Partial area ratio:    7.90
      Required ratio:    0.00 (Gate area) 
      Partial area ratio:   41.59
      Required ratio:  400.00 (Side area) 
      Cumulative area ratio:    7.90
      Required ratio:    0.00 (Cumulative area) 
      Cumulative area ratio:   41.59
      Required ratio:    0.00 (Cumulative side area) 

    Layer: li1
      Partial area ratio:    0.00
      Required ratio:    0.00 (Gate area) 
      Partial area ratio:    0.00
      Required ratio:   75.00 (Side area) 
      Cumulative area ratio:    0.00
      Required ratio:    0.00 (Cumulative area) 
      Cumulative area ratio:    0.00
      Required ratio:    0.00 (Cumulative side area) 

    Via: M1M2_PR
      Partial area ratio:    0.12
      Required ratio:    6.00 (Gate area) 
      Cumulative area ratio:    0.35
      Required ratio:    0.00 (Cumulative area) 

    Via: L1M1_PR
      Partial area ratio:    0.23
      Required ratio:    3.00 (Gate area) 
      Cumulative area ratio:    0.23
      Required ratio:    0.00 (Cumulative area) 

  Pin: _28106_/A1 (sky130_fd_sc_hd__mux2_1)
    Layer: met1
      Partial area ratio:  132.91
      Required ratio:    0.00 (Gate area) 
      Partial area ratio:  673.89
      Required ratio:  400.00 (Side area) (VIOLATED)
      Cumulative area ratio:  132.91
      Required ratio:    0.00 (Cumulative area) 
      Cumulative area ratio:  673.89
      Required ratio:    0.00 (Cumulative side area) 

    Layer: li1
      Partial area ratio:    0.00
      Required ratio:    0.00 (Gate area) 
      Partial area ratio:    0.00
      Required ratio:   75.00 (Side area) 
      Cumulative area ratio:    0.00
      Required ratio:    0.00 (Cumulative area) 
      Cumulative area ratio:    0.00
      Required ratio:    0.00 (Cumulative side area) 

    Via: M1M2_PR
      Partial area ratio:    0.18
      Required ratio:    6.00 (Gate area) 
      Cumulative area ratio:    0.41
      Required ratio:    0.00 (Cumulative area) 

    Via: L1M1_PR
      Partial area ratio:    0.23
      Required ratio:    3.00 (Gate area) 
      Cumulative area ratio:    0.23
      Required ratio:    0.00 (Cumulative area) 

  Pin: _28374_/A1 (sky130_fd_sc_hd__mux2_1)
    Layer: met1
      Partial area ratio:    2.22
      Required ratio:    0.00 (Gate area) 
      Partial area ratio:   12.67
      Required ratio:  400.00 (Side area) 
      Cumulative area ratio:    2.22
      Required ratio:    0.00 (Cumulative area) 
      Cumulative area ratio:   12.67
      Required ratio:    0.00 (Cumulative side area) 

    Layer: li1
      Partial area ratio:    0.00
      Required ratio:    0.00 (Gate area) 
      Partial area ratio:    0.00
      Required ratio:   75.00 (Side area) 
      Cumulative area ratio:    0.00
      Required ratio:    0.00 (Cumulative area) 
      Cumulative area ratio:    0.00
      Required ratio:    0.00 (Cumulative side area) 

    Via: M1M2_PR
      Partial area ratio:    0.18
      Required ratio:    6.00 (Gate area) 
      Cumulative area ratio:    0.41
      Required ratio:    0.00 (Cumulative area) 

    Via: L1M1_PR
      Partial area ratio:    0.23
      Required ratio:    3.00 (Gate area) 
      Cumulative area ratio:    0.23
      Required ratio:    0.00 (Cumulative area) 

  Pin: _28642_/A1 (sky130_fd_sc_hd__mux2_1)
    Layer: met1
      Partial area ratio:    7.90
      Required ratio:    0.00 (Gate area) 
      Partial area ratio:   41.59
      Required ratio:  400.00 (Side area) 
      Cumulative area ratio:    7.90
      Required ratio:    0.00 (Cumulative area) 
      Cumulative area ratio:   41.59
      Required ratio:    0.00 (Cumulative side area) 

    Layer: li1
      Partial area ratio:    0.00
      Required ratio:    0.00 (Gate area) 
      Partial area ratio:    0.00
      Required ratio:   75.00 (Side area) 
      Cumulative area ratio:    0.00
      Required ratio:    0.00 (Cumulative area) 
      Cumulative area ratio:    0.00
      Required ratio:    0.00 (Cumulative side area) 

    Via: M1M2_PR
      Partial area ratio:    0.12
      Required ratio:    6.00 (Gate area) 
      Cumulative area ratio:    0.35
      Required ratio:    0.00 (Cumulative area) 

    Via: L1M1_PR
      Partial area ratio:    0.23
      Required ratio:    3.00 (Gate area) 
      Cumulative area ratio:    0.23
      Required ratio:    0.00 (Cumulative area) 

  Pin: _29446_/A0 (sky130_fd_sc_hd__mux2_1)
    Layer: met1
      Partial area ratio:    7.90
      Required ratio:    0.00 (Gate area) 
      Partial area ratio:   41.59
      Required ratio:  400.00 (Side area) 
      Cumulative area ratio:    7.90
      Required ratio:    0.00 (Cumulative area) 
      Cumulative area ratio:   41.59
      Required ratio:    0.00 (Cumulative side area) 

    Layer: li1
      Partial area ratio:    0.00
      Required ratio:    0.00 (Gate area) 
      Partial area ratio:    0.00
      Required ratio:   75.00 (Side area) 
      Cumulative area ratio:    0.00
      Required ratio:    0.00 (Cumulative area) 
      Cumulative area ratio:    0.00
      Required ratio:    0.00 (Cumulative side area) 

    Via: M1M2_PR
      Partial area ratio:    0.12
      Required ratio:    6.00 (Gate area) 
      Cumulative area ratio:    0.35
      Required ratio:    0.00 (Cumulative area) 

    Via: L1M1_PR
      Partial area ratio:    0.23
      Required ratio:    3.00 (Gate area) 
      Cumulative area ratio:    0.23
      Required ratio:    0.00 (Cumulative area) 

  Pin: _29178_/A0 (sky130_fd_sc_hd__mux2_1)
    Layer: met1
      Partial area ratio:    1.20
      Required ratio:    0.00 (Gate area) 
      Partial area ratio:    7.56
      Required ratio:  400.00 (Side area) 
      Cumulative area ratio:    1.20
      Required ratio:    0.00 (Cumulative area) 
      Cumulative area ratio:    7.56
      Required ratio:    0.00 (Cumulative side area) 

    Layer: li1
      Partial area ratio:    0.00
      Required ratio:    0.00 (Gate area) 
      Partial area ratio:    0.00
      Required ratio:   75.00 (Side area) 
      Cumulative area ratio:    0.00
      Required ratio:    0.00 (Cumulative area) 
      Cumulative area ratio:    0.00
      Required ratio:    0.00 (Cumulative side area) 

    Via: M1M2_PR
      Partial area ratio:    0.18
      Required ratio:    6.00 (Gate area) 
      Cumulative area ratio:    0.41
      Required ratio:    0.00 (Cumulative area) 

    Via: L1M1_PR
      Partial area ratio:    0.23
      Required ratio:    3.00 (Gate area) 
      Cumulative area ratio:    0.23
      Required ratio:    0.00 (Cumulative area) 

  Pin: _30696_/A0 (sky130_fd_sc_hd__mux2_1)
    Layer: met1
      Partial area ratio:    6.80
      Required ratio:    0.00 (Gate area) 
      Partial area ratio:   34.78
      Required ratio:  400.00 (Side area) 
      Cumulative area ratio:    6.80
      Required ratio:    0.00 (Cumulative area) 
      Cumulative area ratio:   34.78
      Required ratio:    0.00 (Cumulative side area) 

    Layer: li1
      Partial area ratio:    0.00
      Required ratio:    0.00 (Gate area) 
      Partial area ratio:    0.00
      Required ratio:   75.00 (Side area) 
      Cumulative area ratio:    0.00
      Required ratio:    0.00 (Cumulative area) 
      Cumulative area ratio:    0.00
      Required ratio:    0.00 (Cumulative side area) 

    Via: M1M2_PR
      Partial area ratio:    0.18
      Required ratio:    6.00 (Gate area) 
      Cumulative area ratio:    0.41
      Required ratio:    0.00 (Cumulative area) 

    Via: L1M1_PR
      Partial area ratio:    0.23
      Required ratio:    3.00 (Gate area) 
      Cumulative area ratio:    0.23
      Required ratio:    0.00 (Cumulative area) 

  Pin: _28910_/A1 (sky130_fd_sc_hd__mux2_1)
    Layer: met1
      Partial area ratio:    8.67
      Required ratio:    0.00 (Gate area) 
      Partial area ratio:   46.44
      Required ratio:  400.00 (Side area) 
      Cumulative area ratio:    8.67
      Required ratio:    0.00 (Cumulative area) 
      Cumulative area ratio:   46.44
      Required ratio:    0.00 (Cumulative side area) 

    Layer: li1
      Partial area ratio:    0.00
      Required ratio:    0.00 (Gate area) 
      Partial area ratio:    0.00
      Required ratio:   75.00 (Side area) 
      Cumulative area ratio:    0.00
      Required ratio:    0.00 (Cumulative area) 
      Cumulative area ratio:    0.00
      Required ratio:    0.00 (Cumulative side area) 

    Via: M1M2_PR
      Partial area ratio:    0.54
      Required ratio:    6.00 (Gate area) 
      Cumulative area ratio:    0.77
      Required ratio:    0.00 (Cumulative area) 

    Via: L1M1_PR
      Partial area ratio:    0.23
      Required ratio:    3.00 (Gate area) 
      Cumulative area ratio:    0.23
      Required ratio:    0.00 (Cumulative area) 


Net: u_cmd_parser.challenge_nonce\[6\]
  Pin: _28002_/A1 (sky130_fd_sc_hd__mux2_1)
    Layer: met2
      Partial area ratio:   21.10
      Required ratio:    0.00 (Gate area) 
      Partial area ratio:  106.78
      Required ratio: 2956.40 (Side area) 
      Cumulative area ratio:   24.32
      Required ratio:    0.00 (Cumulative area) 
      Cumulative area ratio:  123.67
      Required ratio:    0.00 (Cumulative side area) 

    Layer: met1
      Partial area ratio:    3.22
      Required ratio:    0.00 (Gate area) 
      Partial area ratio:   16.89
      Required ratio:  400.00 (Side area) 
      Cumulative area ratio:    3.22
      Required ratio:    0.00 (Cumulative area) 
      Cumulative area ratio:   16.89
      Required ratio:    0.00 (Cumulative side area) 

    Layer: li1
      Partial area ratio:    0.00
      Required ratio:    0.00 (Gate area) 
      Partial area ratio:    0.00
      Required ratio:   75.00 (Side area) 
      Cumulative area ratio:    0.00
      Required ratio:    0.00 (Cumulative area) 
      Cumulative area ratio:    0.00
      Required ratio:    0.00 (Cumulative side area) 

    Via: M1M2_PR
      Partial area ratio:    0.18
      Required ratio:    6.00 (Gate area) 
      Cumulative area ratio:    0.41
      Required ratio:    0.00 (Cumulative area) 

    Via: L1M1_PR
      Partial area ratio:    0.23
      Required ratio:    3.00 (Gate area) 
      Cumulative area ratio:    0.23
      Required ratio:    0.00 (Cumulative area) 

  Pin: _28538_/A1 (sky130_fd_sc_hd__mux2_1)
    Layer: met2
      Partial area ratio:   21.10
      Required ratio:    0.00 (Gate area) 
      Partial area ratio:  106.78
      Required ratio: 2956.40 (Side area) 
      Cumulative area ratio:  125.87
      Required ratio:    0.00 (Cumulative area) 
      Cumulative area ratio:  643.11
      Required ratio:    0.00 (Cumulative side area) 

    Layer: met1
      Partial area ratio:   22.89
      Required ratio:    0.00 (Gate area) 
      Partial area ratio:  119.11
      Required ratio:  400.00 (Side area) 
      Cumulative area ratio:   22.89
      Required ratio:    0.00 (Cumulative area) 
      Cumulative area ratio:  119.11
      Required ratio:    0.00 (Cumulative side area) 

    Layer: li1
      Partial area ratio:    0.00
      Required ratio:    0.00 (Gate area) 
      Partial area ratio:    0.00
      Required ratio:   75.00 (Side area) 
      Cumulative area ratio:    0.00
      Required ratio:    0.00 (Cumulative area) 
      Cumulative area ratio:    0.00
      Required ratio:    0.00 (Cumulative side area) 

    Via: M1M2_PR
      Partial area ratio:    0.54
      Required ratio:    6.00 (Gate area) 
      Cumulative area ratio:    0.77
      Required ratio:    0.00 (Cumulative area) 

    Via: L1M1_PR
      Partial area ratio:    0.23
      Required ratio:    3.00 (Gate area) 
      Cumulative area ratio:    0.23
      Required ratio:    0.00 (Cumulative area) 

  Pin: _29074_/A0 (sky130_fd_sc_hd__mux2_1)
    Layer: met2
      Partial area ratio:   21.10
      Required ratio:    0.00 (Gate area) 
      Partial area ratio:  106.78
      Required ratio: 2956.40 (Side area) 
      Cumulative area ratio:  139.79
      Required ratio:    0.00 (Cumulative area) 
      Cumulative area ratio:  715.78
      Required ratio:    0.00 (Cumulative side area) 

    Layer: met1
      Partial area ratio:    2.36
      Required ratio:    0.00 (Gate area) 
      Partial area ratio:   13.33
      Required ratio:  400.00 (Side area) 
      Cumulative area ratio:    2.36
      Required ratio:    0.00 (Cumulative area) 
      Cumulative area ratio:   13.33
      Required ratio:    0.00 (Cumulative side area) 

    Layer: li1
      Partial area ratio:    0.00
      Required ratio:    0.00 (Gate area) 
      Partial area ratio:    0.00
      Required ratio:   75.00 (Side area) 
      Cumulative area ratio:    0.00
      Required ratio:    0.00 (Cumulative area) 
      Cumulative area ratio:    0.00
      Required ratio:    0.00 (Cumulative side area) 

    Via: M1M2_PR
      Partial area ratio:    0.36
      Required ratio:    6.00 (Gate area) 
      Cumulative area ratio:    0.59
      Required ratio:    0.00 (Cumulative area) 

    Via: L1M1_PR
      Partial area ratio:    0.23
      Required ratio:    3.00 (Gate area) 
      Cumulative area ratio:    0.23
      Required ratio:    0.00 (Cumulative area) 

  Pin: _29342_/A0 (sky130_fd_sc_hd__mux2_1)
    Layer: met2
      Partial area ratio:   21.10
      Required ratio:    0.00 (Gate area) 
      Partial area ratio:  106.78
      Required ratio: 2956.40 (Side area) 
      Cumulative area ratio:  143.54
      Required ratio:    0.00 (Cumulative area) 
      Cumulative area ratio:  736.11
      Required ratio:    0.00 (Cumulative side area) 

    Layer: met1
      Partial area ratio:    3.76
      Required ratio:    0.00 (Gate area) 
      Partial area ratio:   20.33
      Required ratio:  400.00 (Side area) 
      Cumulative area ratio:    3.76
      Required ratio:    0.00 (Cumulative area) 
      Cumulative area ratio:   20.33
      Required ratio:    0.00 (Cumulative side area) 

    Layer: li1
      Partial area ratio:    0.00
      Required ratio:    0.00 (Gate area) 
      Partial area ratio:    0.00
      Required ratio:   75.00 (Side area) 
      Cumulative area ratio:    0.00
      Required ratio:    0.00 (Cumulative area) 
      Cumulative area ratio:    0.00
      Required ratio:    0.00 (Cumulative side area) 

    Via: M1M2_PR
      Partial area ratio:    0.18
      Required ratio:    6.00 (Gate area) 
      Cumulative area ratio:    0.41
      Required ratio:    0.00 (Cumulative area) 

    Via: L1M1_PR
      Partial area ratio:    0.23
      Required ratio:    3.00 (Gate area) 
      Cumulative area ratio:    0.23
      Required ratio:    0.00 (Cumulative area) 

  Pin: _29610_/A0 (sky130_fd_sc_hd__mux2_1)
    Layer: met2
      Partial area ratio:   21.10
      Required ratio:    0.00 (Gate area) 
      Partial area ratio:  106.78
      Required ratio: 2956.40 (Side area) 
      Cumulative area ratio:  137.43
      Required ratio:    0.00 (Cumulative area) 
      Cumulative area ratio:  702.44
      Required ratio:    0.00 (Cumulative side area) 

    Layer: met1
      Partial area ratio:   11.56
      Required ratio:    0.00 (Gate area) 
      Partial area ratio:   59.33
      Required ratio:  400.00 (Side area) 
      Cumulative area ratio:   11.56
      Required ratio:    0.00 (Cumulative area) 
      Cumulative area ratio:   59.33
      Required ratio:    0.00 (Cumulative side area) 

    Layer: li1
      Partial area ratio:    0.00
      Required ratio:    0.00 (Gate area) 
      Partial area ratio:    0.00
      Required ratio:   75.00 (Side area) 
      Cumulative area ratio:    0.00
      Required ratio:    0.00 (Cumulative area) 
      Cumulative area ratio:    0.00
      Required ratio:    0.00 (Cumulative side area) 

    Via: M1M2_PR
      Partial area ratio:    0.36
      Required ratio:    6.00 (Gate area) 
      Cumulative area ratio:    0.59
      Required ratio:    0.00 (Cumulative area) 

    Via: L1M1_PR
      Partial area ratio:    0.23
      Required ratio:    3.00 (Gate area) 
      Cumulative area ratio:    0.23
      Required ratio:    0.00 (Cumulative area) 

  Pin: _28270_/A1 (sky130_fd_sc_hd__mux2_1)
    Layer: met2
      Partial area ratio:   21.10
      Required ratio:    0.00 (Gate area) 
      Partial area ratio:  106.78
      Required ratio: 2956.40 (Side area) 
      Cumulative area ratio:  126.54
      Required ratio:    0.00 (Cumulative area) 
      Cumulative area ratio:  647.22
      Required ratio:    0.00 (Cumulative side area) 

    Layer: met1
      Partial area ratio:    0.67
      Required ratio:    0.00 (Gate area) 
      Partial area ratio:    4.11
      Required ratio:  400.00 (Side area) 
      Cumulative area ratio:    0.67
      Required ratio:    0.00 (Cumulative area) 
      Cumulative area ratio:    4.11
      Required ratio:    0.00 (Cumulative side area) 

    Layer: li1
      Partial area ratio:    0.00
      Required ratio:    0.00 (Gate area) 
      Partial area ratio:    0.00
      Required ratio:   75.00 (Side area) 
      Cumulative area ratio:    0.00
      Required ratio:    0.00 (Cumulative area) 
      Cumulative area ratio:    0.00
      Required ratio:    0.00 (Cumulative side area) 

    Via: M1M2_PR
      Partial area ratio:    0.18
      Required ratio:    6.00 (Gate area) 
      Cumulative area ratio:    0.41
      Required ratio:    0.00 (Cumulative area) 

    Via: L1M1_PR
      Partial area ratio:    0.23
      Required ratio:    3.00 (Gate area) 
      Cumulative area ratio:    0.23
      Required ratio:    0.00 (Cumulative area) 

  Pin: _28806_/A1 (sky130_fd_sc_hd__mux2_1)
    Layer: met2
      Partial area ratio:   21.10
      Required ratio:    0.00 (Gate area) 
      Partial area ratio:  106.78
      Required ratio: 2956.40 (Side area) 
      Cumulative area ratio:  125.87
      Required ratio:    0.00 (Cumulative area) 
      Cumulative area ratio:  643.11
      Required ratio:    0.00 (Cumulative side area) 

    Layer: met1
      Partial area ratio:    0.00
      Required ratio:    0.00 (Gate area) 
      Partial area ratio:    0.00
      Required ratio:  400.00 (Side area) 
      Cumulative area ratio:    0.00
      Required ratio:    0.00 (Cumulative area) 
      Cumulative area ratio:    0.00
      Required ratio:    0.00 (Cumulative side area) 

    Layer: li1
      Partial area ratio:    0.00
      Required ratio:    0.00 (Gate area) 
      Partial area ratio:    0.00
      Required ratio:   75.00 (Side area) 
      Cumulative area ratio:    0.00
      Required ratio:    0.00 (Cumulative area) 
      Cumulative area ratio:    0.00
      Required ratio:    0.00 (Cumulative side area) 

    Via: M1M2_PR
      Partial area ratio:    0.18
      Required ratio:    6.00 (Gate area) 
      Cumulative area ratio:    0.41
      Required ratio:    0.00 (Cumulative area) 

    Via: L1M1_PR
      Partial area ratio:    0.23
      Required ratio:    3.00 (Gate area) 
      Cumulative area ratio:    0.23
      Required ratio:    0.00 (Cumulative area) 

  Pin: _30592_/A0 (sky130_fd_sc_hd__mux2_1)
    Layer: met2
      Partial area ratio:   21.10
      Required ratio:    0.00 (Gate area) 
      Partial area ratio:  106.78
      Required ratio: 2956.40 (Side area) 
      Cumulative area ratio:  102.99
      Required ratio:    0.00 (Cumulative area) 
      Cumulative area ratio:  524.00
      Required ratio:    0.00 (Cumulative side area) 

    Layer: met1
      Partial area ratio:   81.89
      Required ratio:    0.00 (Gate area) 
      Partial area ratio:  417.22
      Required ratio:  400.00 (Side area) (VIOLATED)
      Cumulative area ratio:   81.89
      Required ratio:    0.00 (Cumulative area) 
      Cumulative area ratio:  417.22
      Required ratio:    0.00 (Cumulative side area) 

    Layer: li1
      Partial area ratio:    0.00
      Required ratio:    0.00 (Gate area) 
      Partial area ratio:    0.00
      Required ratio:   75.00 (Side area) 
      Cumulative area ratio:    0.00
      Required ratio:    0.00 (Cumulative area) 
      Cumulative area ratio:    0.00
      Required ratio:    0.00 (Cumulative side area) 

    Via: M1M2_PR
      Partial area ratio:    0.36
      Required ratio:    6.00 (Gate area) 
      Cumulative area ratio:    0.59
      Required ratio:    0.00 (Cumulative area) 

    Via: L1M1_PR
      Partial area ratio:    0.23
      Required ratio:    3.00 (Gate area) 
      Cumulative area ratio:    0.23
      Required ratio:    0.00 (Cumulative area) 

  Pin: _30080_/A1 (sky130_fd_sc_hd__mux2_1)
    Layer: met2
      Partial area ratio:   21.10
      Required ratio:    0.00 (Gate area) 
      Partial area ratio:  106.78
      Required ratio: 2956.40 (Side area) 
      Cumulative area ratio:   21.76
      Required ratio:    0.00 (Cumulative area) 
      Cumulative area ratio:  110.89
      Required ratio:    0.00 (Cumulative side area) 

    Layer: met1
      Partial area ratio:    0.67
      Required ratio:    0.00 (Gate area) 
      Partial area ratio:    4.11
      Required ratio:  400.00 (Side area) 
      Cumulative area ratio:    0.67
      Required ratio:    0.00 (Cumulative area) 
      Cumulative area ratio:    4.11
      Required ratio:    0.00 (Cumulative side area) 

    Layer: li1
      Partial area ratio:    0.00
      Required ratio:    0.00 (Gate area) 
      Partial area ratio:    0.00
      Required ratio:   75.00 (Side area) 
      Cumulative area ratio:    0.00
      Required ratio:    0.00 (Cumulative area) 
      Cumulative area ratio:    0.00
      Required ratio:    0.00 (Cumulative side area) 

    Via: M1M2_PR
      Partial area ratio:    0.18
      Required ratio:    6.00 (Gate area) 
      Cumulative area ratio:    0.41
      Required ratio:    0.00 (Cumulative area) 

    Via: L1M1_PR
      Partial area ratio:    0.23
      Required ratio:    3.00 (Gate area) 
      Cumulative area ratio:    0.23
      Required ratio:    0.00 (Cumulative area) 


Net: net264
  Pin: fanout262/A (sky130_fd_sc_hd__clkbuf_4)
    Layer: met2
      Partial area ratio:    5.34
      Required ratio:    0.00 (Gate area) 
      Partial area ratio:   27.18
      Required ratio: 2778.20 (Side area) 
      Cumulative area ratio:   89.61
      Required ratio:    0.00 (Cumulative area) 
      Cumulative area ratio:  450.86
      Required ratio:    0.00 (Cumulative side area) 

    Layer: met1
      Partial area ratio:   84.28
      Required ratio:    0.00 (Gate area) 
      Partial area ratio:  423.68
      Required ratio:  400.00 (Side area) (VIOLATED)
      Cumulative area ratio:   84.28
      Required ratio:    0.00 (Cumulative area) 
      Cumulative area ratio:  423.68
      Required ratio:    0.00 (Cumulative side area) 

    Layer: li1
      Partial area ratio:    0.00
      Required ratio:    0.00 (Gate area) 
      Partial area ratio:    0.00
      Required ratio:   75.00 (Side area) 
      Cumulative area ratio:    0.00
      Required ratio:    0.00 (Cumulative area) 
      Cumulative area ratio:    0.00
      Required ratio:    0.00 (Cumulative side area) 

    Via: M1M2_PR
      Partial area ratio:    0.21
      Required ratio:    6.00 (Gate area) 
      Cumulative area ratio:    0.35
      Required ratio:    0.00 (Cumulative area) 

    Via: L1M1_PR
      Partial area ratio:    0.14
      Required ratio:    3.00 (Gate area) 
      Cumulative area ratio:    0.14
      Required ratio:    0.00 (Cumulative area) 

  Pin: _40630_/RESET_B (sky130_fd_sc_hd__dfrtp_4)
    Layer: met2
      Partial area ratio:    5.34
      Required ratio:    0.00 (Gate area) 
      Partial area ratio:   27.18
      Required ratio: 2778.20 (Side area) 
      Cumulative area ratio:   89.95
      Required ratio:    0.00 (Cumulative area) 
      Cumulative area ratio:  452.92
      Required ratio:    0.00 (Cumulative side area) 

    Layer: met1
      Partial area ratio:    0.33
      Required ratio:    0.00 (Gate area) 
      Partial area ratio:    2.06
      Required ratio:  400.00 (Side area) 
      Cumulative area ratio:    0.33
      Required ratio:    0.00 (Cumulative area) 
      Cumulative area ratio:    2.06
      Required ratio:    0.00 (Cumulative side area) 

    Via: M1M2_PR
      Partial area ratio:    0.09
      Required ratio:    6.00 (Gate area) 
      Cumulative area ratio:    0.09
      Required ratio:    0.00 (Cumulative area) 

  Pin: _40627_/RESET_B (sky130_fd_sc_hd__dfrtp_4)
    Layer: met2
      Partial area ratio:    5.34
      Required ratio:    0.00 (Gate area) 
      Partial area ratio:   27.18
      Required ratio: 2778.20 (Side area) 
      Cumulative area ratio:   92.26
      Required ratio:    0.00 (Cumulative area) 
      Cumulative area ratio:  464.86
      Required ratio:    0.00 (Cumulative side area) 

    Layer: met1
      Partial area ratio:    2.64
      Required ratio:    0.00 (Gate area) 
      Partial area ratio:   14.00
      Required ratio:  400.00 (Side area) 
      Cumulative area ratio:    2.64
      Required ratio:    0.00 (Cumulative area) 
      Cumulative area ratio:   14.00
      Required ratio:    0.00 (Cumulative side area) 

    Via: M1M2_PR
      Partial area ratio:    0.09
      Required ratio:    6.00 (Gate area) 
      Cumulative area ratio:    0.09
      Required ratio:    0.00 (Cumulative area) 

  Pin: _40624_/RESET_B (sky130_fd_sc_hd__dfrtp_4)
    Layer: met2
      Partial area ratio:    5.34
      Required ratio:    0.00 (Gate area) 
      Partial area ratio:   27.18
      Required ratio: 2778.20 (Side area) 
      Cumulative area ratio:   89.61
      Required ratio:    0.00 (Cumulative area) 
      Cumulative area ratio:  450.86
      Required ratio:    0.00 (Cumulative side area) 

    Layer: met1
      Partial area ratio:    0.00
      Required ratio:    0.00 (Gate area) 
      Partial area ratio:    0.00
      Required ratio:  400.00 (Side area) 
      Cumulative area ratio:    0.00
      Required ratio:    0.00 (Cumulative area) 
      Cumulative area ratio:    0.00
      Required ratio:    0.00 (Cumulative side area) 

    Via: M1M2_PR
      Partial area ratio:    0.09
      Required ratio:    6.00 (Gate area) 
      Cumulative area ratio:    0.09
      Required ratio:    0.00 (Cumulative area) 

  Pin: fanout263/A (sky130_fd_sc_hd__clkbuf_4)
    Layer: met1
      Partial area ratio:    0.00
      Required ratio:    0.00 (Gate area) 
      Partial area ratio:    0.00
      Required ratio:  400.00 (Side area) 
      Cumulative area ratio:    0.00
      Required ratio:    0.00 (Cumulative area) 
      Cumulative area ratio:    0.00
      Required ratio:    0.00 (Cumulative side area) 

    Layer: li1
      Partial area ratio:    0.00
      Required ratio:    0.00 (Gate area) 
      Partial area ratio:    0.00
      Required ratio:   75.00 (Side area) 
      Cumulative area ratio:    0.00
      Required ratio:    0.00 (Cumulative area) 
      Cumulative area ratio:    0.00
      Required ratio:    0.00 (Cumulative side area) 

    Via: M1M2_PR
      Partial area ratio:    0.11
      Required ratio:    6.00 (Gate area) 
      Cumulative area ratio:    0.24
      Required ratio:    0.00 (Cumulative area) 

    Via: L1M1_PR
      Partial area ratio:    0.14
      Required ratio:    3.00 (Gate area) 
      Cumulative area ratio:    0.14
      Required ratio:    0.00 (Cumulative area) 


Net: net2517
  Pin: ANTENNA__23604__A0/DIODE (sky130_fd_sc_hd__diode_2)
    Layer: met2
      Partial area ratio:    9.06
      Required ratio:    0.00 (Gate area) 
      Partial area ratio:   45.84
      Required ratio: 3656.24 (Side area) 
      Cumulative area ratio:   21.91
      Required ratio:    0.00 (Cumulative area) 
      Cumulative area ratio:  112.53
      Required ratio:    0.00 (Cumulative side area) 

    Layer: met1
      Partial area ratio:   12.85
      Required ratio:    0.00 (Gate area) 
      Partial area ratio:   66.69
      Required ratio: 2773.88 (Side area) 
      Cumulative area ratio:   12.85
      Required ratio:    0.00 (Cumulative area) 
      Cumulative area ratio:   66.69
      Required ratio:    0.00 (Cumulative side area) 

    Layer: li1
      Partial area ratio:    0.00
      Required ratio:    0.00 (Gate area) 
      Partial area ratio:    0.00
      Required ratio:  270.61 (Side area) 
      Cumulative area ratio:    0.00
      Required ratio:    0.00 (Cumulative area) 
      Cumulative area ratio:    0.00
      Required ratio:    0.00 (Cumulative side area) 

    Layer: met3
      Partial area ratio:    0.18
      Required ratio:    0.00 (Gate area) 
      Partial area ratio:    1.23
      Required ratio: 3656.24 (Side area) 
      Cumulative area ratio:   22.09
      Required ratio:    0.00 (Cumulative area) 
      Cumulative area ratio:  113.76
      Required ratio:    0.00 (Cumulative side area) 

    Layer: met4
      Partial area ratio:   23.79
      Required ratio:    0.00 (Gate area) 
      Partial area ratio:  127.20
      Required ratio: 4004.00 (Side area) 
      Cumulative area ratio:   45.87
      Required ratio:    0.00 (Cumulative area) 
      Cumulative area ratio:  240.96
      Required ratio:    0.00 (Cumulative side area) 

    Via: M2M3_PR
      Partial area ratio:    0.02
      Required ratio:    6.00 (Gate area) 
      Cumulative area ratio:    0.17
      Required ratio:    0.00 (Cumulative area) 

    Via: M1M2_PR
      Partial area ratio:    0.08
      Required ratio:    6.00 (Gate area) 
      Cumulative area ratio:    0.15
      Required ratio:    0.00 (Cumulative area) 

    Via: L1M1_PR
      Partial area ratio:    0.07
      Required ratio:    3.00 (Gate area) 
      Cumulative area ratio:    0.07
      Required ratio:    0.00 (Cumulative area) 

    Via: M3M4_PR
      Partial area ratio:    0.02
      Required ratio:    6.00 (Gate area) 
      Cumulative area ratio:    0.19
      Required ratio:    0.00 (Cumulative area) 

  Pin: _23604_/A0 (sky130_fd_sc_hd__mux2_1)
    Layer: met2
      Partial area ratio:    9.06
      Required ratio:    0.00 (Gate area) 
      Partial area ratio:   45.84
      Required ratio: 3656.24 (Side area) 
      Cumulative area ratio:   21.91
      Required ratio:    0.00 (Cumulative area) 
      Cumulative area ratio:  112.53
      Required ratio:    0.00 (Cumulative side area) 

    Layer: met1
      Partial area ratio:   12.85
      Required ratio:    0.00 (Gate area) 
      Partial area ratio:   66.69
      Required ratio: 2773.88 (Side area) 
      Cumulative area ratio:   12.85
      Required ratio:    0.00 (Cumulative area) 
      Cumulative area ratio:   66.69
      Required ratio:    0.00 (Cumulative side area) 

    Layer: li1
      Partial area ratio:    0.00
      Required ratio:    0.00 (Gate area) 
      Partial area ratio:    0.00
      Required ratio:   75.00 (Side area) 
      Cumulative area ratio:    0.00
      Required ratio:    0.00 (Cumulative area) 
      Cumulative area ratio:    0.00
      Required ratio:    0.00 (Cumulative side area) 

    Layer: met3
      Partial area ratio:    0.18
      Required ratio:    0.00 (Gate area) 
      Partial area ratio:    1.23
      Required ratio: 3656.24 (Side area) 
      Cumulative area ratio:   22.09
      Required ratio:    0.00 (Cumulative area) 
      Cumulative area ratio:  113.76
      Required ratio:    0.00 (Cumulative side area) 

    Layer: met4
      Partial area ratio:   23.79
      Required ratio:    0.00 (Gate area) 
      Partial area ratio:  127.20
      Required ratio: 4004.00 (Side area) 
      Cumulative area ratio:   45.87
      Required ratio:    0.00 (Cumulative area) 
      Cumulative area ratio:  240.96
      Required ratio:    0.00 (Cumulative side area) 

    Via: M2M3_PR
      Partial area ratio:    0.02
      Required ratio:    6.00 (Gate area) 
      Cumulative area ratio:    0.33
      Required ratio:    0.00 (Cumulative area) 

    Via: M1M2_PR
      Partial area ratio:    0.08
      Required ratio:    6.00 (Gate area) 
      Cumulative area ratio:    0.31
      Required ratio:    0.00 (Cumulative area) 

    Via: L1M1_PR
      Partial area ratio:    0.23
      Required ratio:    3.00 (Gate area) 
      Cumulative area ratio:    0.23
      Required ratio:    0.00 (Cumulative area) 

    Via: M3M4_PR
      Partial area ratio:    0.02
      Required ratio:    6.00 (Gate area) 
      Cumulative area ratio:    0.36
      Required ratio:    0.00 (Cumulative area) 

  Pin: ANTENNA__22248__A0/DIODE (sky130_fd_sc_hd__diode_2)
    Layer: met2
      Partial area ratio:    9.06
      Required ratio:    0.00 (Gate area) 
      Partial area ratio:   45.84
      Required ratio: 3656.24 (Side area) 
      Cumulative area ratio:   23.63
      Required ratio:    0.00 (Cumulative area) 
      Cumulative area ratio:  121.58
      Required ratio:    0.00 (Cumulative side area) 

    Layer: met1
      Partial area ratio:    1.72
      Required ratio:    0.00 (Gate area) 
      Partial area ratio:    9.05
      Required ratio: 2773.88 (Side area) 
      Cumulative area ratio:    1.72
      Required ratio:    0.00 (Cumulative area) 
      Cumulative area ratio:    9.05
      Required ratio:    0.00 (Cumulative side area) 

    Layer: li1
      Partial area ratio:    0.00
      Required ratio:    0.00 (Gate area) 
      Partial area ratio:    0.00
      Required ratio:  270.61 (Side area) 
      Cumulative area ratio:    0.00
      Required ratio:    0.00 (Cumulative area) 
      Cumulative area ratio:    0.00
      Required ratio:    0.00 (Cumulative side area) 

    Layer: met3
      Partial area ratio:    0.18
      Required ratio:    0.00 (Gate area) 
      Partial area ratio:    1.23
      Required ratio: 3656.24 (Side area) 
      Cumulative area ratio:   23.81
      Required ratio:    0.00 (Cumulative area) 
      Cumulative area ratio:  122.81
      Required ratio:    0.00 (Cumulative side area) 

    Layer: met4
      Partial area ratio:   23.79
      Required ratio:    0.00 (Gate area) 
      Partial area ratio:  127.20
      Required ratio: 4004.00 (Side area) 
      Cumulative area ratio:   47.59
      Required ratio:    0.00 (Cumulative area) 
      Cumulative area ratio:  250.01
      Required ratio:    0.00 (Cumulative side area) 

    Via: M2M3_PR
      Partial area ratio:    0.02
      Required ratio:    6.00 (Gate area) 
      Cumulative area ratio:    0.27
      Required ratio:    0.00 (Cumulative area) 

    Via: M1M2_PR
      Partial area ratio:    0.10
      Required ratio:    6.00 (Gate area) 
      Cumulative area ratio:    0.17
      Required ratio:    0.00 (Cumulative area) 

    Via: L1M1_PR
      Partial area ratio:    0.07
      Required ratio:    3.00 (Gate area) 
      Cumulative area ratio:    0.07
      Required ratio:    0.00 (Cumulative area) 

    Via: M3M4_PR
      Partial area ratio:    0.02
      Required ratio:    6.00 (Gate area) 
      Cumulative area ratio:    0.30
      Required ratio:    0.00 (Cumulative area) 

  Pin: _22248_/A0 (sky130_fd_sc_hd__mux2_1)
    Layer: met2
      Partial area ratio:    9.06
      Required ratio:    0.00 (Gate area) 
      Partial area ratio:   45.84
      Required ratio: 3656.24 (Side area) 
      Cumulative area ratio:  161.01
      Required ratio:    0.00 (Cumulative area) 
      Cumulative area ratio:  817.02
      Required ratio:    0.00 (Cumulative side area) 

    Layer: met1
      Partial area ratio:  137.38
      Required ratio:    0.00 (Gate area) 
      Partial area ratio:  695.44
      Required ratio:  400.00 (Side area) (VIOLATED)
      Cumulative area ratio:  137.38
      Required ratio:    0.00 (Cumulative area) 
      Cumulative area ratio:  695.44
      Required ratio:    0.00 (Cumulative side area) 

    Layer: li1
      Partial area ratio:    0.00
      Required ratio:    0.00 (Gate area) 
      Partial area ratio:    0.00
      Required ratio:   75.00 (Side area) 
      Cumulative area ratio:    0.00
      Required ratio:    0.00 (Cumulative area) 
      Cumulative area ratio:    0.00
      Required ratio:    0.00 (Cumulative side area) 

    Layer: met3
      Partial area ratio:    0.18
      Required ratio:    0.00 (Gate area) 
      Partial area ratio:    1.23
      Required ratio: 3656.24 (Side area) 
      Cumulative area ratio:  161.19
      Required ratio:    0.00 (Cumulative area) 
      Cumulative area ratio:  818.25
      Required ratio:    0.00 (Cumulative side area) 

    Layer: met4
      Partial area ratio:   23.79
      Required ratio:    0.00 (Gate area) 
      Partial area ratio:  127.20
      Required ratio: 4004.00 (Side area) 
      Cumulative area ratio:  184.97
      Required ratio:    0.00 (Cumulative area) 
      Cumulative area ratio:  945.45
      Required ratio:    0.00 (Cumulative side area) 

    Via: M2M3_PR
      Partial area ratio:    0.02
      Required ratio:    6.00 (Gate area) 
      Cumulative area ratio:    0.79
      Required ratio:    0.00 (Cumulative area) 

    Via: M1M2_PR
      Partial area ratio:    0.36
      Required ratio:    6.00 (Gate area) 
      Cumulative area ratio:    0.59
      Required ratio:    0.00 (Cumulative area) 

    Via: L1M1_PR
      Partial area ratio:    0.23
      Required ratio:    3.00 (Gate area) 
      Cumulative area ratio:    0.23
      Required ratio:    0.00 (Cumulative area) 

    Via: M3M4_PR
      Partial area ratio:    0.02
      Required ratio:    6.00 (Gate area) 
      Cumulative area ratio:    0.82
      Required ratio:    0.00 (Cumulative area) 

  Pin: ANTENNA__23321__A0/DIODE (sky130_fd_sc_hd__diode_2)
    Layer: met2
      Partial area ratio:    9.06
      Required ratio:    0.00 (Gate area) 
      Partial area ratio:   45.84
      Required ratio: 3656.24 (Side area) 
      Cumulative area ratio:  161.62
      Required ratio:    0.00 (Cumulative area) 
      Cumulative area ratio:  820.25
      Required ratio:    0.00 (Cumulative side area) 

    Layer: met1
      Partial area ratio:    0.61
      Required ratio:    0.00 (Gate area) 
      Partial area ratio:    3.22
      Required ratio: 2773.88 (Side area) 
      Cumulative area ratio:    0.61
      Required ratio:    0.00 (Cumulative area) 
      Cumulative area ratio:    3.22
      Required ratio:    0.00 (Cumulative side area) 

    Layer: li1
      Partial area ratio:    0.00
      Required ratio:    0.00 (Gate area) 
      Partial area ratio:    0.00
      Required ratio:  270.61 (Side area) 
      Cumulative area ratio:    0.00
      Required ratio:    0.00 (Cumulative area) 
      Cumulative area ratio:    0.00
      Required ratio:    0.00 (Cumulative side area) 

    Layer: met3
      Partial area ratio:    0.18
      Required ratio:    0.00 (Gate area) 
      Partial area ratio:    1.23
      Required ratio: 3656.24 (Side area) 
      Cumulative area ratio:  161.80
      Required ratio:    0.00 (Cumulative area) 
      Cumulative area ratio:  821.47
      Required ratio:    0.00 (Cumulative side area) 

    Layer: met4
      Partial area ratio:   23.79
      Required ratio:    0.00 (Gate area) 
      Partial area ratio:  127.20
      Required ratio: 4004.00 (Side area) 
      Cumulative area ratio:  185.58
      Required ratio:    0.00 (Cumulative area) 
      Cumulative area ratio:  948.67
      Required ratio:    0.00 (Cumulative side area) 

    Via: M2M3_PR
      Partial area ratio:    0.02
      Required ratio:    6.00 (Gate area) 
      Cumulative area ratio:    0.67
      Required ratio:    0.00 (Cumulative area) 

    Via: M1M2_PR
      Partial area ratio:    0.04
      Required ratio:    6.00 (Gate area) 
      Cumulative area ratio:    0.11
      Required ratio:    0.00 (Cumulative area) 

    Via: L1M1_PR
      Partial area ratio:    0.07
      Required ratio:    3.00 (Gate area) 
      Cumulative area ratio:    0.07
      Required ratio:    0.00 (Cumulative area) 

    Via: M3M4_PR
      Partial area ratio:    0.02
      Required ratio:    6.00 (Gate area) 
      Cumulative area ratio:    0.70
      Required ratio:    0.00 (Cumulative area) 

  Pin: _23321_/A0 (sky130_fd_sc_hd__mux2_1)
    Layer: met2
      Partial area ratio:    9.06
      Required ratio:    0.00 (Gate area) 
      Partial area ratio:   45.84
      Required ratio: 3656.24 (Side area) 
      Cumulative area ratio:  161.62
      Required ratio:    0.00 (Cumulative area) 
      Cumulative area ratio:  820.25
      Required ratio:    0.00 (Cumulative side area) 

    Layer: met1
      Partial area ratio:    0.61
      Required ratio:    0.00 (Gate area) 
      Partial area ratio:    3.22
      Required ratio: 2773.88 (Side area) 
      Cumulative area ratio:    0.61
      Required ratio:    0.00 (Cumulative area) 
      Cumulative area ratio:    3.22
      Required ratio:    0.00 (Cumulative side area) 

    Layer: li1
      Partial area ratio:    0.00
      Required ratio:    0.00 (Gate area) 
      Partial area ratio:    0.00
      Required ratio:   75.00 (Side area) 
      Cumulative area ratio:    0.00
      Required ratio:    0.00 (Cumulative area) 
      Cumulative area ratio:    0.00
      Required ratio:    0.00 (Cumulative side area) 

    Layer: met3
      Partial area ratio:    0.18
      Required ratio:    0.00 (Gate area) 
      Partial area ratio:    1.23
      Required ratio: 3656.24 (Side area) 
      Cumulative area ratio:  161.80
      Required ratio:    0.00 (Cumulative area) 
      Cumulative area ratio:  821.47
      Required ratio:    0.00 (Cumulative side area) 

    Layer: met4
      Partial area ratio:   23.79
      Required ratio:    0.00 (Gate area) 
      Partial area ratio:  127.20
      Required ratio: 4004.00 (Side area) 
      Cumulative area ratio:  185.58
      Required ratio:    0.00 (Cumulative area) 
      Cumulative area ratio:  948.67
      Required ratio:    0.00 (Cumulative side area) 

    Via: M2M3_PR
      Partial area ratio:    0.02
      Required ratio:    6.00 (Gate area) 
      Cumulative area ratio:    0.83
      Required ratio:    0.00 (Cumulative area) 

    Via: M1M2_PR
      Partial area ratio:    0.04
      Required ratio:    6.00 (Gate area) 
      Cumulative area ratio:    0.27
      Required ratio:    0.00 (Cumulative area) 

    Via: L1M1_PR
      Partial area ratio:    0.23
      Required ratio:    3.00 (Gate area) 
      Cumulative area ratio:    0.23
      Required ratio:    0.00 (Cumulative area) 

    Via: M3M4_PR
      Partial area ratio:    0.02
      Required ratio:    6.00 (Gate area) 
      Cumulative area ratio:    0.86
      Required ratio:    0.00 (Cumulative area) 

  Pin: ANTENNA__21980__A0/DIODE (sky130_fd_sc_hd__diode_2)
    Layer: met4
      Partial area ratio:   23.79
      Required ratio:    0.00 (Gate area) 
      Partial area ratio:  127.20
      Required ratio: 4004.00 (Side area) 
      Cumulative area ratio:   25.56
      Required ratio:    0.00 (Cumulative area) 
      Cumulative area ratio:  137.62
      Required ratio:    0.00 (Cumulative side area) 

    Layer: met3
      Partial area ratio:    0.28
      Required ratio:    0.00 (Gate area) 
      Partial area ratio:    2.37
      Required ratio: 2773.88 (Side area) 
      Cumulative area ratio:    1.78
      Required ratio:    0.00 (Cumulative area) 
      Cumulative area ratio:   10.41
      Required ratio:    0.00 (Cumulative side area) 

    Layer: met2
      Partial area ratio:    1.30
      Required ratio:    0.00 (Gate area) 
      Partial area ratio:    6.85
      Required ratio: 2773.88 (Side area) 
      Cumulative area ratio:    1.49
      Required ratio:    0.00 (Cumulative area) 
      Cumulative area ratio:    8.05
      Required ratio:    0.00 (Cumulative side area) 

    Layer: met1
      Partial area ratio:    0.19
      Required ratio:    0.00 (Gate area) 
      Partial area ratio:    1.19
      Required ratio: 2773.88 (Side area) 
      Cumulative area ratio:    0.19
      Required ratio:    0.00 (Cumulative area) 
      Cumulative area ratio:    1.19
      Required ratio:    0.00 (Cumulative side area) 

    Layer: li1
      Partial area ratio:    0.00
      Required ratio:    0.00 (Gate area) 
      Partial area ratio:    0.00
      Required ratio:  270.61 (Side area) 
      Cumulative area ratio:    0.00
      Required ratio:    0.00 (Cumulative area) 
      Cumulative area ratio:    0.00
      Required ratio:    0.00 (Cumulative side area) 

    Via: M3M4_PR
      Partial area ratio:    0.07
      Required ratio:    6.00 (Gate area) 
      Cumulative area ratio:    0.26
      Required ratio:    0.00 (Cumulative area) 

    Via: M2M3_PR
      Partial area ratio:    0.07
      Required ratio:    6.00 (Gate area) 
      Cumulative area ratio:    0.19
      Required ratio:    0.00 (Cumulative area) 

    Via: M1M2_PR
      Partial area ratio:    0.05
      Required ratio:    6.00 (Gate area) 
      Cumulative area ratio:    0.12
      Required ratio:    0.00 (Cumulative area) 

    Via: L1M1_PR
      Partial area ratio:    0.07
      Required ratio:    3.00 (Gate area) 
      Cumulative area ratio:    0.07
      Required ratio:    0.00 (Cumulative area) 

  Pin: _21980_/A0 (sky130_fd_sc_hd__mux2_1)
    Layer: met4
      Partial area ratio:   23.79
      Required ratio:    0.00 (Gate area) 
      Partial area ratio:  127.20
      Required ratio: 4004.00 (Side area) 
      Cumulative area ratio:   26.04
      Required ratio:    0.00 (Cumulative area) 
      Cumulative area ratio:  140.53
      Required ratio:    0.00 (Cumulative side area) 

    Layer: met3
      Partial area ratio:    0.28
      Required ratio:    0.00 (Gate area) 
      Partial area ratio:    2.37
      Required ratio: 2773.88 (Side area) 
      Cumulative area ratio:    2.25
      Required ratio:    0.00 (Cumulative area) 
      Cumulative area ratio:   13.33
      Required ratio:    0.00 (Cumulative side area) 

    Layer: met2
      Partial area ratio:    1.30
      Required ratio:    0.00 (Gate area) 
      Partial area ratio:    6.85
      Required ratio: 2773.88 (Side area) 
      Cumulative area ratio:    1.97
      Required ratio:    0.00 (Cumulative area) 
      Cumulative area ratio:   10.97
      Required ratio:    0.00 (Cumulative side area) 

    Layer: met1
      Partial area ratio:    0.67
      Required ratio:    0.00 (Gate area) 
      Partial area ratio:    4.11
      Required ratio:  400.00 (Side area) 
      Cumulative area ratio:    0.67
      Required ratio:    0.00 (Cumulative area) 
      Cumulative area ratio:    4.11
      Required ratio:    0.00 (Cumulative side area) 

    Layer: li1
      Partial area ratio:    0.00
      Required ratio:    0.00 (Gate area) 
      Partial area ratio:    0.00
      Required ratio:   75.00 (Side area) 
      Cumulative area ratio:    0.00
      Required ratio:    0.00 (Cumulative area) 
      Cumulative area ratio:    0.00
      Required ratio:    0.00 (Cumulative side area) 

    Via: M3M4_PR
      Partial area ratio:    0.07
      Required ratio:    6.00 (Gate area) 
      Cumulative area ratio:    0.55
      Required ratio:    0.00 (Cumulative area) 

    Via: M2M3_PR
      Partial area ratio:    0.07
      Required ratio:    6.00 (Gate area) 
      Cumulative area ratio:    0.48
      Required ratio:    0.00 (Cumulative area) 

    Via: M1M2_PR
      Partial area ratio:    0.18
      Required ratio:    6.00 (Gate area) 
      Cumulative area ratio:    0.41
      Required ratio:    0.00 (Cumulative area) 

    Via: L1M1_PR
      Partial area ratio:    0.23
      Required ratio:    3.00 (Gate area) 
      Cumulative area ratio:    0.23
      Required ratio:    0.00 (Cumulative area) 

  Pin: _23052_/A0 (sky130_fd_sc_hd__mux2_1)
    Layer: met4
      Partial area ratio:   23.79
      Required ratio:    0.00 (Gate area) 
      Partial area ratio:  127.20
      Required ratio: 4004.00 (Side area) 
      Cumulative area ratio:   25.48
      Required ratio:    0.00 (Cumulative area) 
      Cumulative area ratio:  137.15
      Required ratio:    0.00 (Cumulative side area) 

    Layer: met3
      Partial area ratio:    0.28
      Required ratio:    0.00 (Gate area) 
      Partial area ratio:    2.37
      Required ratio: 2773.88 (Side area) 
      Cumulative area ratio:    1.69
      Required ratio:    0.00 (Cumulative area) 
      Cumulative area ratio:    9.95
      Required ratio:    0.00 (Cumulative side area) 

    Layer: met2
      Partial area ratio:    0.08
      Required ratio:    0.00 (Gate area) 
      Partial area ratio:    0.56
      Required ratio: 2773.88 (Side area) 
      Cumulative area ratio:    1.41
      Required ratio:    0.00 (Cumulative area) 
      Cumulative area ratio:    7.58
      Required ratio:    0.00 (Cumulative side area) 

    Layer: met1
      Partial area ratio:    1.33
      Required ratio:    0.00 (Gate area) 
      Partial area ratio:    7.02
      Required ratio: 2773.88 (Side area) 
      Cumulative area ratio:    1.33
      Required ratio:    0.00 (Cumulative area) 
      Cumulative area ratio:    7.02
      Required ratio:    0.00 (Cumulative side area) 

    Layer: li1
      Partial area ratio:    0.00
      Required ratio:    0.00 (Gate area) 
      Partial area ratio:    0.00
      Required ratio:   75.00 (Side area) 
      Cumulative area ratio:    0.00
      Required ratio:    0.00 (Cumulative area) 
      Cumulative area ratio:    0.00
      Required ratio:    0.00 (Cumulative side area) 

    Via: M3M4_PR
      Partial area ratio:    0.07
      Required ratio:    6.00 (Gate area) 
      Cumulative area ratio:    0.41
      Required ratio:    0.00 (Cumulative area) 

    Via: M2M3_PR
      Partial area ratio:    0.07
      Required ratio:    6.00 (Gate area) 
      Cumulative area ratio:    0.34
      Required ratio:    0.00 (Cumulative area) 

    Via: M1M2_PR
      Partial area ratio:    0.04
      Required ratio:    6.00 (Gate area) 
      Cumulative area ratio:    0.27
      Required ratio:    0.00 (Cumulative area) 

    Via: L1M1_PR
      Partial area ratio:    0.23
      Required ratio:    3.00 (Gate area) 
      Cumulative area ratio:    0.23
      Required ratio:    0.00 (Cumulative area) 

  Pin: ANTENNA__23052__A0/DIODE (sky130_fd_sc_hd__diode_2)
    Layer: met4
      Partial area ratio:   23.79
      Required ratio:    0.00 (Gate area) 
      Partial area ratio:  127.20
      Required ratio: 4004.00 (Side area) 
      Cumulative area ratio:   25.48
      Required ratio:    0.00 (Cumulative area) 
      Cumulative area ratio:  137.15
      Required ratio:    0.00 (Cumulative side area) 

    Layer: met3
      Partial area ratio:    0.28
      Required ratio:    0.00 (Gate area) 
      Partial area ratio:    2.37
      Required ratio: 2773.88 (Side area) 
      Cumulative area ratio:    1.69
      Required ratio:    0.00 (Cumulative area) 
      Cumulative area ratio:    9.95
      Required ratio:    0.00 (Cumulative side area) 

    Layer: met2
      Partial area ratio:    0.08
      Required ratio:    0.00 (Gate area) 
      Partial area ratio:    0.56
      Required ratio: 2773.88 (Side area) 
      Cumulative area ratio:    1.41
      Required ratio:    0.00 (Cumulative area) 
      Cumulative area ratio:    7.58
      Required ratio:    0.00 (Cumulative side area) 

    Layer: met1
      Partial area ratio:    1.33
      Required ratio:    0.00 (Gate area) 
      Partial area ratio:    7.02
      Required ratio: 2773.88 (Side area) 
      Cumulative area ratio:    1.33
      Required ratio:    0.00 (Cumulative area) 
      Cumulative area ratio:    7.02
      Required ratio:    0.00 (Cumulative side area) 

    Layer: li1
      Partial area ratio:    0.00
      Required ratio:    0.00 (Gate area) 
      Partial area ratio:    0.00
      Required ratio:  270.61 (Side area) 
      Cumulative area ratio:    0.00
      Required ratio:    0.00 (Cumulative area) 
      Cumulative area ratio:    0.00
      Required ratio:    0.00 (Cumulative side area) 

    Via: M3M4_PR
      Partial area ratio:    0.07
      Required ratio:    6.00 (Gate area) 
      Cumulative area ratio:    0.25
      Required ratio:    0.00 (Cumulative area) 

    Via: M2M3_PR
      Partial area ratio:    0.07
      Required ratio:    6.00 (Gate area) 
      Cumulative area ratio:    0.18
      Required ratio:    0.00 (Cumulative area) 

    Via: M1M2_PR
      Partial area ratio:    0.04
      Required ratio:    6.00 (Gate area) 
      Cumulative area ratio:    0.11
      Required ratio:    0.00 (Cumulative area) 

    Via: L1M1_PR
      Partial area ratio:    0.07
      Required ratio:    3.00 (Gate area) 
      Cumulative area ratio:    0.07
      Required ratio:    0.00 (Cumulative area) 


[INFO ANT-0002] Found 29 net violations.
[INFO ANT-0001] Found 29 pin violations.
