
===========================================================================
report_checks -unconstrained
===========================================================================
======================= Fastest Corner ===================================

Startpoint: rst_n (input port clocked by clk)
Endpoint: _40661_ (recovery check against rising-edge clock clk)
Path Group: asynchronous
Path Type: max
Corner: Fastest

Fanout     Cap    Slew   Delay    Time   Description
-----------------------------------------------------------------------------
                          0.00    0.00   clock clk (rise edge)
                          0.00    0.00   clock network delay (propagated)
                          4.00    4.00 ^ input external delay
                  0.02    0.01    4.01 ^ rst_n (in)
     1    0.00                           rst_n (net)
                  0.02    0.00    4.01 ^ input1/A (sky130_fd_sc_hd__buf_1)
                  0.09    0.09    4.10 ^ input1/X (sky130_fd_sc_hd__buf_1)
     1    0.01                           net1 (net)
                  0.09    0.00    4.10 ^ fanout415/A (sky130_fd_sc_hd__clkbuf_16)
                  0.20    0.22    4.32 ^ fanout415/X (sky130_fd_sc_hd__clkbuf_16)
    10    0.25                           net415 (net)
                  0.20    0.00    4.33 ^ fanout298/A (sky130_fd_sc_hd__buf_4)
                  0.25    0.26    4.59 ^ fanout298/X (sky130_fd_sc_hd__buf_4)
    10    0.12                           net298 (net)
                  0.25    0.00    4.59 ^ fanout297/A (sky130_fd_sc_hd__clkbuf_8)
                  0.17    0.24    4.83 ^ fanout297/X (sky130_fd_sc_hd__clkbuf_8)
    14    0.13                           net297 (net)
                  0.17    0.01    4.83 ^ fanout264/A (sky130_fd_sc_hd__buf_2)
                  0.17    0.20    5.04 ^ fanout264/X (sky130_fd_sc_hd__buf_2)
     5    0.05                           net264 (net)
                  0.17    0.00    5.04 ^ fanout262/A (sky130_fd_sc_hd__clkbuf_4)
                  0.13    0.20    5.24 ^ fanout262/X (sky130_fd_sc_hd__clkbuf_4)
     8    0.05                           net262 (net)
                  0.13    0.00    5.24 ^ fanout261/A (sky130_fd_sc_hd__clkbuf_4)
                  0.11    0.18    5.42 ^ fanout261/X (sky130_fd_sc_hd__clkbuf_4)
     9    0.05                           net261 (net)
                  0.11    0.00    5.42 ^ fanout259/A (sky130_fd_sc_hd__clkbuf_4)
                  0.12    0.18    5.60 ^ fanout259/X (sky130_fd_sc_hd__clkbuf_4)
    10    0.05                           net259 (net)
                  0.12    0.00    5.61 ^ _40661_/RESET_B (sky130_fd_sc_hd__dfrtp_4)
                                  5.61   data arrival time

                         20.00   20.00   clock clk (rise edge)
                          0.00   20.00   clock source latency
                  0.44    0.29   20.29 ^ clk (in)
     2    0.13                           clk (net)
                  0.44    0.00   20.29 ^ clkbuf_0_clk/A (sky130_fd_sc_hd__clkbuf_16)
                  0.14    0.20   20.49 ^ clkbuf_0_clk/X (sky130_fd_sc_hd__clkbuf_16)
     8    0.16                           clknet_0_clk (net)
                  0.14    0.01   20.50 ^ clkbuf_2_2_0_clk/A (sky130_fd_sc_hd__clkbuf_8)
                  0.29    0.27   20.77 ^ clkbuf_2_2_0_clk/X (sky130_fd_sc_hd__clkbuf_8)
    16    0.22                           clknet_2_2_0_clk (net)
                  0.29    0.01   20.78 ^ clkbuf_5_21__f_clk/A (sky130_fd_sc_hd__clkbuf_16)
                  0.14    0.20   20.98 ^ clkbuf_5_21__f_clk/X (sky130_fd_sc_hd__clkbuf_16)
    13    0.16                           clknet_5_21__leaf_clk (net)
                  0.14    0.00   20.99 ^ clkbuf_leaf_99_clk/A (sky130_fd_sc_hd__clkbuf_16)
                  0.05    0.12   21.11 ^ clkbuf_leaf_99_clk/X (sky130_fd_sc_hd__clkbuf_16)
    13    0.04                           clknet_leaf_99_clk (net)
                  0.05    0.00   21.11 ^ _40661_/CLK (sky130_fd_sc_hd__dfrtp_4)
                         -0.25   20.86   clock uncertainty
                          0.00   20.86   clock reconvergence pessimism
                          0.11   20.96   library recovery time
                                 20.96   data required time
-----------------------------------------------------------------------------
                                 20.96   data required time
                                 -5.61   data arrival time
-----------------------------------------------------------------------------
                                 15.36   slack (MET)


Startpoint: _42708_ (rising edge-triggered flip-flop clocked by clk)
Endpoint: locked_out_o (output port clocked by clk)
Path Group: clk
Path Type: max
Corner: Fastest

Fanout     Cap    Slew   Delay    Time   Description
-----------------------------------------------------------------------------
                          0.00    0.00   clock clk (rise edge)
                          0.00    0.00   clock source latency
                  0.44    0.32    0.32 ^ clk (in)
     2    0.13                           clk (net)
                  0.44    0.00    0.32 ^ clkbuf_0_clk/A (sky130_fd_sc_hd__clkbuf_16)
                  0.14    0.22    0.54 ^ clkbuf_0_clk/X (sky130_fd_sc_hd__clkbuf_16)
     8    0.16                           clknet_0_clk (net)
                  0.14    0.01    0.55 ^ clkbuf_2_0_0_clk/A (sky130_fd_sc_hd__clkbuf_8)
                  0.27    0.29    0.84 ^ clkbuf_2_0_0_clk/X (sky130_fd_sc_hd__clkbuf_8)
    16    0.21                           clknet_2_0_0_clk (net)
                  0.27    0.01    0.85 ^ clkbuf_5_6__f_clk/A (sky130_fd_sc_hd__clkbuf_16)
                  0.12    0.21    1.06 ^ clkbuf_5_6__f_clk/X (sky130_fd_sc_hd__clkbuf_16)
    11    0.14                           clknet_5_6__leaf_clk (net)
                  0.12    0.00    1.06 ^ clkbuf_leaf_407_clk/A (sky130_fd_sc_hd__clkbuf_16)
                  0.03    0.12    1.18 ^ clkbuf_leaf_407_clk/X (sky130_fd_sc_hd__clkbuf_16)
     6    0.02                           clknet_leaf_407_clk (net)
                  0.03    0.00    1.18 ^ _42708_/CLK (sky130_fd_sc_hd__dfrtp_2)
                  0.08    0.27    1.44 ^ _42708_/Q (sky130_fd_sc_hd__dfrtp_2)
     4    0.02                           u_auth_fsm.state[0] (net)
                  0.08    0.00    1.44 ^ _27359_/A (sky130_fd_sc_hd__buf_2)
                  0.13    0.16    1.61 ^ _27359_/X (sky130_fd_sc_hd__buf_2)
    10    0.04                           _19622_ (net)
                  0.13    0.00    1.61 ^ _27360_/A (sky130_fd_sc_hd__nand2_2)
                  0.08    0.08    1.69 v _27360_/Y (sky130_fd_sc_hd__nand2_2)
     3    0.02                           _19623_ (net)
                  0.08    0.00    1.69 v _27361_/B (sky130_fd_sc_hd__nor2_8)
                  0.27    0.24    1.93 ^ _27361_/Y (sky130_fd_sc_hd__nor2_8)
     4    0.10                           net5 (net)
                  0.27    0.01    1.94 ^ output5/A (sky130_fd_sc_hd__clkbuf_4)
                  0.09    0.19    2.12 ^ output5/X (sky130_fd_sc_hd__clkbuf_4)
     1    0.04                           locked_out_o (net)
                  0.09    0.00    2.13 ^ locked_out_o (out)
                                  2.13   data arrival time

                         20.00   20.00   clock clk (rise edge)
                          0.00   20.00   clock network delay (propagated)
                         -0.25   19.75   clock uncertainty
                          0.00   19.75   clock reconvergence pessimism
                         -4.00   15.75   output external delay
                                 15.75   data required time
-----------------------------------------------------------------------------
                                 15.75   data required time
                                 -2.13   data arrival time
-----------------------------------------------------------------------------
                                 13.62   slack (MET)



======================= Slowest Corner ===================================

Startpoint: rst_n (input port clocked by clk)
Endpoint: _40661_ (recovery check against rising-edge clock clk)
Path Group: asynchronous
Path Type: max
Corner: Slowest

Fanout     Cap    Slew   Delay    Time   Description
-----------------------------------------------------------------------------
                          0.00    0.00   clock clk (rise edge)
                          0.00    0.00   clock network delay (propagated)
                          4.00    4.00 ^ input external delay
                  0.04    0.02    4.02 ^ rst_n (in)
     1    0.00                           rst_n (net)
                  0.04    0.00    4.02 ^ input1/A (sky130_fd_sc_hd__buf_1)
                  0.19    0.23    4.25 ^ input1/X (sky130_fd_sc_hd__buf_1)
     1    0.01                           net1 (net)
                  0.19    0.00    4.25 ^ fanout415/A (sky130_fd_sc_hd__clkbuf_16)
                  0.38    0.54    4.79 ^ fanout415/X (sky130_fd_sc_hd__clkbuf_16)
    10    0.25                           net415 (net)
                  0.38    0.00    4.80 ^ fanout298/A (sky130_fd_sc_hd__buf_4)
                  0.53    0.71    5.51 ^ fanout298/X (sky130_fd_sc_hd__buf_4)
    10    0.12                           net298 (net)
                  0.53    0.00    5.51 ^ fanout297/A (sky130_fd_sc_hd__clkbuf_8)
                  0.35    0.68    6.18 ^ fanout297/X (sky130_fd_sc_hd__clkbuf_8)
    14    0.13                           net297 (net)
                  0.35    0.01    6.19 ^ fanout264/A (sky130_fd_sc_hd__buf_2)
                  0.36    0.55    6.74 ^ fanout264/X (sky130_fd_sc_hd__buf_2)
     5    0.05                           net264 (net)
                  0.36    0.00    6.74 ^ fanout262/A (sky130_fd_sc_hd__clkbuf_4)
                  0.25    0.54    7.28 ^ fanout262/X (sky130_fd_sc_hd__clkbuf_4)
     8    0.05                           net262 (net)
                  0.25    0.00    7.28 ^ fanout261/A (sky130_fd_sc_hd__clkbuf_4)
                  0.22    0.47    7.75 ^ fanout261/X (sky130_fd_sc_hd__clkbuf_4)
     9    0.04                           net261 (net)
                  0.22    0.00    7.75 ^ fanout259/A (sky130_fd_sc_hd__clkbuf_4)
                  0.24    0.46    8.21 ^ fanout259/X (sky130_fd_sc_hd__clkbuf_4)
    10    0.05                           net259 (net)
                  0.24    0.00    8.21 ^ _40661_/RESET_B (sky130_fd_sc_hd__dfrtp_4)
                                  8.21   data arrival time

                         20.00   20.00   clock clk (rise edge)
                          0.00   20.00   clock source latency
                  0.94    0.63   20.63 ^ clk (in)
     2    0.13                           clk (net)
                  0.94    0.00   20.63 ^ clkbuf_0_clk/A (sky130_fd_sc_hd__clkbuf_16)
                  0.27    0.67   21.29 ^ clkbuf_0_clk/X (sky130_fd_sc_hd__clkbuf_16)
     8    0.16                           clknet_0_clk (net)
                  0.27    0.01   21.30 ^ clkbuf_2_2_0_clk/A (sky130_fd_sc_hd__clkbuf_8)
                  0.58    0.66   21.96 ^ clkbuf_2_2_0_clk/X (sky130_fd_sc_hd__clkbuf_8)
    16    0.22                           clknet_2_2_0_clk (net)
                  0.58    0.01   21.97 ^ clkbuf_5_21__f_clk/A (sky130_fd_sc_hd__clkbuf_16)
                  0.27    0.57   22.54 ^ clkbuf_5_21__f_clk/X (sky130_fd_sc_hd__clkbuf_16)
    13    0.16                           clknet_5_21__leaf_clk (net)
                  0.27    0.00   22.55 ^ clkbuf_leaf_99_clk/A (sky130_fd_sc_hd__clkbuf_16)
                  0.10    0.32   22.87 ^ clkbuf_leaf_99_clk/X (sky130_fd_sc_hd__clkbuf_16)
    13    0.04                           clknet_leaf_99_clk (net)
                  0.10    0.00   22.87 ^ _40661_/CLK (sky130_fd_sc_hd__dfrtp_4)
                         -0.25   22.62   clock uncertainty
                          0.00   22.62   clock reconvergence pessimism
                          0.37   22.99   library recovery time
                                 22.99   data required time
-----------------------------------------------------------------------------
                                 22.99   data required time
                                 -8.21   data arrival time
-----------------------------------------------------------------------------
                                 14.78   slack (MET)


Startpoint: _39578_ (rising edge-triggered flip-flop clocked by clk)
Endpoint: _42685_ (rising edge-triggered flip-flop clocked by clk)
Path Group: clk
Path Type: max
Corner: Slowest

Fanout     Cap    Slew   Delay    Time   Description
-----------------------------------------------------------------------------
                          0.00    0.00   clock clk (rise edge)
                          0.00    0.00   clock source latency
                  0.94    0.69    0.69 ^ clk (in)
     2    0.13                           clk (net)
                  0.94    0.00    0.69 ^ clkbuf_0_clk/A (sky130_fd_sc_hd__clkbuf_16)
                  0.27    0.74    1.43 ^ clkbuf_0_clk/X (sky130_fd_sc_hd__clkbuf_16)
     8    0.16                           clknet_0_clk (net)
                  0.27    0.01    1.44 ^ clkbuf_2_2_0_clk/A (sky130_fd_sc_hd__clkbuf_8)
                  0.58    0.73    2.17 ^ clkbuf_2_2_0_clk/X (sky130_fd_sc_hd__clkbuf_8)
    16    0.22                           clknet_2_2_0_clk (net)
                  0.58    0.01    2.18 ^ clkbuf_5_18__f_clk/A (sky130_fd_sc_hd__clkbuf_16)
                  0.34    0.69    2.86 ^ clkbuf_5_18__f_clk/X (sky130_fd_sc_hd__clkbuf_16)
    17    0.22                           clknet_5_18__leaf_clk (net)
                  0.34    0.01    2.87 ^ clkbuf_leaf_39_clk/A (sky130_fd_sc_hd__clkbuf_16)
                  0.09    0.38    3.25 ^ clkbuf_leaf_39_clk/X (sky130_fd_sc_hd__clkbuf_16)
    11    0.04                           clknet_leaf_39_clk (net)
                  0.09    0.00    3.25 ^ _39578_/CLK (sky130_fd_sc_hd__dfrtp_1)
                  0.28    0.86    4.11 ^ _39578_/Q (sky130_fd_sc_hd__dfrtp_1)
     6    0.02                           fifo_rd_ptr[2] (net)
                  0.28    0.00    4.11 ^ _24608_/A (sky130_fd_sc_hd__buf_2)
                  0.26    0.45    4.56 ^ _24608_/X (sky130_fd_sc_hd__buf_2)
    10    0.03                           _16881_ (net)
                  0.26    0.00    4.56 ^ _24609_/A (sky130_fd_sc_hd__clkbuf_4)
                  0.33    0.55    5.11 ^ _24609_/X (sky130_fd_sc_hd__clkbuf_4)
    10    0.07                           _16882_ (net)
                  0.33    0.00    5.12 ^ _24632_/A (sky130_fd_sc_hd__clkbuf_4)
                  0.31    0.56    5.68 ^ _24632_/X (sky130_fd_sc_hd__clkbuf_4)
    10    0.06                           _16905_ (net)
                  0.31    0.00    5.69 ^ _24633_/A (sky130_fd_sc_hd__buf_4)
                  0.53    0.66    6.35 ^ _24633_/X (sky130_fd_sc_hd__buf_4)
    20    0.12                           _16906_ (net)
                  0.53    0.03    6.37 ^ _25740_/B_N (sky130_fd_sc_hd__or2b_1)
                  0.11    0.68    7.05 v _25740_/X (sky130_fd_sc_hd__or2b_1)
     1    0.00                           _18013_ (net)
                  0.11    0.00    7.05 v _25741_/B1 (sky130_fd_sc_hd__a22o_1)
                  0.06    0.34    7.40 v _25741_/X (sky130_fd_sc_hd__a22o_1)
     1    0.00                           _18014_ (net)
                  0.06    0.00    7.40 v _25742_/D (sky130_fd_sc_hd__or4_2)
                  0.36    1.65    9.04 v _25742_/X (sky130_fd_sc_hd__or4_2)
     2    0.03                           _18015_ (net)
                  0.36    0.00    9.04 v _25743_/B1 (sky130_fd_sc_hd__o21ai_1)
                  0.57    0.51    9.55 ^ _25743_/Y (sky130_fd_sc_hd__o21ai_1)
     1    0.02                           _18016_ (net)
                  0.57    0.00    9.55 ^ wire38/A (sky130_fd_sc_hd__buf_4)
                  0.49    0.74   10.30 ^ wire38/X (sky130_fd_sc_hd__buf_4)
    14    0.11                           net38 (net)
                  0.49    0.02   10.32 ^ _25744_/A (sky130_fd_sc_hd__buf_4)
                  0.56    0.77   11.09 ^ _25744_/X (sky130_fd_sc_hd__buf_4)
    20    0.13                           _18017_ (net)
                  0.56    0.02   11.11 ^ _27100_/B1 (sky130_fd_sc_hd__o22ai_1)
                  0.17    0.35   11.46 v _27100_/Y (sky130_fd_sc_hd__o22ai_1)
     1    0.00                           _19373_ (net)
                  0.17    0.00   11.46 v _27109_/A (sky130_fd_sc_hd__or4_1)
                  0.25    1.43   12.89 v _27109_/X (sky130_fd_sc_hd__or4_1)
     1    0.01                           _19382_ (net)
                  0.25    0.00   12.89 v _27119_/C (sky130_fd_sc_hd__or4b_1)
                  0.16    1.17   14.06 v _27119_/X (sky130_fd_sc_hd__or4b_1)
     1    0.00                           _19392_ (net)
                  0.16    0.00   14.06 v _27120_/D (sky130_fd_sc_hd__or4_2)
                  0.39    1.71   15.76 v _27120_/X (sky130_fd_sc_hd__or4_2)
     1    0.03                           _19393_ (net)
                  0.39    0.00   15.77 v _27121_/D1 (sky130_fd_sc_hd__o2111a_1)
                  0.12    0.43   16.20 v _27121_/X (sky130_fd_sc_hd__o2111a_1)
     1    0.01                           _19394_ (net)
                  0.12    0.00   16.20 v _27296_/C1 (sky130_fd_sc_hd__o2111ai_4)
                  0.78    0.38   16.58 ^ _27296_/Y (sky130_fd_sc_hd__o2111ai_4)
     4    0.06                           _19569_ (net)
                  0.78    0.00   16.58 ^ _27488_/B (sky130_fd_sc_hd__nor2_2)
                  0.27    0.46   17.04 v _27488_/Y (sky130_fd_sc_hd__nor2_2)
     4    0.03                           _19715_ (net)
                  0.27    0.00   17.04 v _27489_/B (sky130_fd_sc_hd__nand2_4)
                  0.25    0.35   17.39 ^ _27489_/Y (sky130_fd_sc_hd__nand2_4)
     8    0.05                           _19716_ (net)
                  0.25    0.00   17.39 ^ _30054_/A (sky130_fd_sc_hd__nand2_1)
                  0.19    0.27   17.67 v _30054_/Y (sky130_fd_sc_hd__nand2_1)
     3    0.01                           _04980_ (net)
                  0.19    0.00   17.67 v _30055_/A (sky130_fd_sc_hd__clkbuf_8)
                  0.24    0.49   18.16 v _30055_/X (sky130_fd_sc_hd__clkbuf_8)
    20    0.13                           _04981_ (net)
                  0.24    0.01   18.16 v _23821_/A (sky130_fd_sc_hd__clkbuf_4)
                  0.23    0.50   18.66 v _23821_/X (sky130_fd_sc_hd__clkbuf_4)
    10    0.06                           _16406_ (net)
                  0.23    0.01   18.67 v _23841_/B1 (sky130_fd_sc_hd__a22o_1)
                  0.08    0.42   19.09 v _23841_/X (sky130_fd_sc_hd__a22o_1)
     1    0.00                           _03249_ (net)
                  0.08    0.00   19.09 v hold239/A (sky130_fd_sc_hd__dlygate4sd3_1)
                  0.13    1.22   20.30 v hold239/X (sky130_fd_sc_hd__dlygate4sd3_1)
     1    0.00                           net660 (net)
                  0.13    0.00   20.30 v _42685_/D (sky130_fd_sc_hd__dfrtp_1)
                                 20.30   data arrival time

                         20.00   20.00   clock clk (rise edge)
                          0.00   20.00   clock source latency
                  0.94    0.63   20.63 ^ clk (in)
     2    0.13                           clk (net)
                  0.94    0.00   20.63 ^ clkbuf_0_clk/A (sky130_fd_sc_hd__clkbuf_16)
                  0.27    0.67   21.29 ^ clkbuf_0_clk/X (sky130_fd_sc_hd__clkbuf_16)
     8    0.16                           clknet_0_clk (net)
                  0.27    0.01   21.30 ^ clkbuf_2_0_0_clk/A (sky130_fd_sc_hd__clkbuf_8)
                  0.54    0.64   21.94 ^ clkbuf_2_0_0_clk/X (sky130_fd_sc_hd__clkbuf_8)
    16    0.21                           clknet_2_0_0_clk (net)
                  0.54    0.01   21.95 ^ clkbuf_5_6__f_clk/A (sky130_fd_sc_hd__clkbuf_16)
                  0.24    0.54   22.48 ^ clkbuf_5_6__f_clk/X (sky130_fd_sc_hd__clkbuf_16)
    11    0.14                           clknet_5_6__leaf_clk (net)
                  0.24    0.00   22.49 ^ clkbuf_leaf_395_clk/A (sky130_fd_sc_hd__clkbuf_16)
                  0.06    0.28   22.76 ^ clkbuf_leaf_395_clk/X (sky130_fd_sc_hd__clkbuf_16)
     4    0.01                           clknet_leaf_395_clk (net)
                  0.06    0.00   22.76 ^ _42685_/CLK (sky130_fd_sc_hd__dfrtp_1)
                         -0.25   22.51   clock uncertainty
                          0.14   22.65   clock reconvergence pessimism
                         -0.30   22.35   library setup time
                                 22.35   data required time
-----------------------------------------------------------------------------
                                 22.35   data required time
                                -20.30   data arrival time
-----------------------------------------------------------------------------
                                  2.04   slack (MET)



======================= Typical Corner ===================================

Startpoint: rst_n (input port clocked by clk)
Endpoint: _40661_ (recovery check against rising-edge clock clk)
Path Group: asynchronous
Path Type: max
Corner: Typical

Fanout     Cap    Slew   Delay    Time   Description
-----------------------------------------------------------------------------
                          0.00    0.00   clock clk (rise edge)
                          0.00    0.00   clock network delay (propagated)
                          4.00    4.00 ^ input external delay
                  0.02    0.01    4.01 ^ rst_n (in)
     1    0.00                           rst_n (net)
                  0.02    0.00    4.01 ^ input1/A (sky130_fd_sc_hd__buf_1)
                  0.12    0.13    4.15 ^ input1/X (sky130_fd_sc_hd__buf_1)
     1    0.01                           net1 (net)
                  0.12    0.00    4.15 ^ fanout415/A (sky130_fd_sc_hd__clkbuf_16)
                  0.25    0.32    4.46 ^ fanout415/X (sky130_fd_sc_hd__clkbuf_16)
    10    0.25                           net415 (net)
                  0.25    0.00    4.47 ^ fanout298/A (sky130_fd_sc_hd__buf_4)
                  0.33    0.40    4.86 ^ fanout298/X (sky130_fd_sc_hd__buf_4)
    10    0.12                           net298 (net)
                  0.33    0.00    4.86 ^ fanout297/A (sky130_fd_sc_hd__clkbuf_8)
                  0.23    0.37    5.23 ^ fanout297/X (sky130_fd_sc_hd__clkbuf_8)
    14    0.13                           net297 (net)
                  0.23    0.01    5.24 ^ fanout264/A (sky130_fd_sc_hd__buf_2)
                  0.23    0.31    5.55 ^ fanout264/X (sky130_fd_sc_hd__buf_2)
     5    0.05                           net264 (net)
                  0.23    0.00    5.55 ^ fanout262/A (sky130_fd_sc_hd__clkbuf_4)
                  0.16    0.30    5.85 ^ fanout262/X (sky130_fd_sc_hd__clkbuf_4)
     8    0.05                           net262 (net)
                  0.17    0.00    5.85 ^ fanout261/A (sky130_fd_sc_hd__clkbuf_4)
                  0.15    0.27    6.12 ^ fanout261/X (sky130_fd_sc_hd__clkbuf_4)
     9    0.05                           net261 (net)
                  0.15    0.00    6.12 ^ fanout259/A (sky130_fd_sc_hd__clkbuf_4)
                  0.16    0.27    6.39 ^ fanout259/X (sky130_fd_sc_hd__clkbuf_4)
    10    0.05                           net259 (net)
                  0.16    0.00    6.39 ^ _40661_/RESET_B (sky130_fd_sc_hd__dfrtp_4)
                                  6.39   data arrival time

                         20.00   20.00   clock clk (rise edge)
                          0.00   20.00   clock source latency
                  0.59    0.39   20.39 ^ clk (in)
     2    0.13                           clk (net)
                  0.59    0.00   20.39 ^ clkbuf_0_clk/A (sky130_fd_sc_hd__clkbuf_16)
                  0.18    0.34   20.73 ^ clkbuf_0_clk/X (sky130_fd_sc_hd__clkbuf_16)
     8    0.16                           clknet_0_clk (net)
                  0.18    0.01   20.74 ^ clkbuf_2_2_0_clk/A (sky130_fd_sc_hd__clkbuf_8)
                  0.37    0.39   21.13 ^ clkbuf_2_2_0_clk/X (sky130_fd_sc_hd__clkbuf_8)
    16    0.22                           clknet_2_2_0_clk (net)
                  0.37    0.01   21.14 ^ clkbuf_5_21__f_clk/A (sky130_fd_sc_hd__clkbuf_16)
                  0.18    0.31   21.44 ^ clkbuf_5_21__f_clk/X (sky130_fd_sc_hd__clkbuf_16)
    13    0.16                           clknet_5_21__leaf_clk (net)
                  0.18    0.00   21.45 ^ clkbuf_leaf_99_clk/A (sky130_fd_sc_hd__clkbuf_16)
                  0.06    0.18   21.62 ^ clkbuf_leaf_99_clk/X (sky130_fd_sc_hd__clkbuf_16)
    13    0.04                           clknet_leaf_99_clk (net)
                  0.06    0.00   21.63 ^ _40661_/CLK (sky130_fd_sc_hd__dfrtp_4)
                         -0.25   21.38   clock uncertainty
                          0.00   21.38   clock reconvergence pessimism
                          0.19   21.56   library recovery time
                                 21.56   data required time
-----------------------------------------------------------------------------
                                 21.56   data required time
                                 -6.39   data arrival time
-----------------------------------------------------------------------------
                                 15.17   slack (MET)


Startpoint: _39577_ (rising edge-triggered flip-flop clocked by clk)
Endpoint: _42685_ (rising edge-triggered flip-flop clocked by clk)
Path Group: clk
Path Type: max
Corner: Typical

Fanout     Cap    Slew   Delay    Time   Description
-----------------------------------------------------------------------------
                          0.00    0.00   clock clk (rise edge)
                          0.00    0.00   clock source latency
                  0.59    0.43    0.43 ^ clk (in)
     2    0.13                           clk (net)
                  0.59    0.00    0.43 ^ clkbuf_0_clk/A (sky130_fd_sc_hd__clkbuf_16)
                  0.18    0.38    0.81 ^ clkbuf_0_clk/X (sky130_fd_sc_hd__clkbuf_16)
     8    0.16                           clknet_0_clk (net)
                  0.18    0.01    0.82 ^ clkbuf_2_2_0_clk/A (sky130_fd_sc_hd__clkbuf_8)
                  0.37    0.43    1.25 ^ clkbuf_2_2_0_clk/X (sky130_fd_sc_hd__clkbuf_8)
    16    0.22                           clknet_2_2_0_clk (net)
                  0.37    0.01    1.25 ^ clkbuf_5_18__f_clk/A (sky130_fd_sc_hd__clkbuf_16)
                  0.23    0.37    1.63 ^ clkbuf_5_18__f_clk/X (sky130_fd_sc_hd__clkbuf_16)
    17    0.22                           clknet_5_18__leaf_clk (net)
                  0.23    0.01    1.63 ^ clkbuf_leaf_39_clk/A (sky130_fd_sc_hd__clkbuf_16)
                  0.06    0.21    1.84 ^ clkbuf_leaf_39_clk/X (sky130_fd_sc_hd__clkbuf_16)
    11    0.04                           clknet_leaf_39_clk (net)
                  0.06    0.00    1.84 ^ _39577_/CLK (sky130_fd_sc_hd__dfrtp_1)
                  0.09    0.43    2.28 v _39577_/Q (sky130_fd_sc_hd__dfrtp_1)
     5    0.01                           fifo_rd_ptr[1] (net)
                  0.09    0.00    2.28 v _24610_/A (sky130_fd_sc_hd__buf_2)
                  0.10    0.22    2.50 v _24610_/X (sky130_fd_sc_hd__buf_2)
    10    0.04                           _16883_ (net)
                  0.10    0.00    2.50 v _24624_/B (sky130_fd_sc_hd__and3b_1)
                  0.07    0.23    2.73 v _24624_/X (sky130_fd_sc_hd__and3b_1)
     3    0.01                           _16897_ (net)
                  0.07    0.00    2.73 v _24692_/A (sky130_fd_sc_hd__clkbuf_4)
                  0.10    0.22    2.95 v _24692_/X (sky130_fd_sc_hd__clkbuf_4)
    10    0.04                           _16965_ (net)
                  0.10    0.00    2.95 v _24898_/A (sky130_fd_sc_hd__buf_4)
                  0.14    0.27    3.22 v _24898_/X (sky130_fd_sc_hd__buf_4)
    20    0.11                           _17171_ (net)
                  0.14    0.01    3.23 v _25867_/B1 (sky130_fd_sc_hd__a22o_1)
                  0.04    0.22    3.45 v _25867_/X (sky130_fd_sc_hd__a22o_1)
     1    0.00                           _18140_ (net)
                  0.04    0.00    3.45 v _25871_/B (sky130_fd_sc_hd__or4_4)
                  0.17    0.68    4.13 v _25871_/X (sky130_fd_sc_hd__or4_4)
     4    0.07                           _18144_ (net)
                  0.17    0.00    4.13 v _25872_/B1 (sky130_fd_sc_hd__o21ai_2)
                  0.50    0.27    4.40 ^ _25872_/Y (sky130_fd_sc_hd__o21ai_2)
     2    0.04                           _18145_ (net)
                  0.50    0.01    4.41 ^ wire53/A (sky130_fd_sc_hd__buf_4)
                  0.35    0.44    4.84 ^ wire53/X (sky130_fd_sc_hd__buf_4)
    14    0.13                           net53 (net)
                  0.35    0.01    4.85 ^ _25873_/A (sky130_fd_sc_hd__buf_8)
                  0.36    0.36    5.22 ^ _25873_/X (sky130_fd_sc_hd__buf_8)
    20    0.23                           _18146_ (net)
                  0.37    0.05    5.27 ^ _26227_/A2_N (sky130_fd_sc_hd__a2bb2o_1)
                  0.07    0.36    5.63 v _26227_/X (sky130_fd_sc_hd__a2bb2o_1)
     1    0.01                           _18500_ (net)
                  0.07    0.00    5.63 v _26228_/C1 (sky130_fd_sc_hd__a221oi_2)
                  0.49    0.43    6.05 ^ _26228_/Y (sky130_fd_sc_hd__a221oi_2)
     1    0.02                           _18501_ (net)
                  0.49    0.00    6.06 ^ _26233_/B (sky130_fd_sc_hd__and4_1)
                  0.28    0.48    6.53 ^ _26233_/X (sky130_fd_sc_hd__and4_1)
     1    0.03                           _18506_ (net)
                  0.28    0.00    6.53 ^ _26234_/D_N (sky130_fd_sc_hd__or4b_1)
                  0.09    0.50    7.03 v _26234_/X (sky130_fd_sc_hd__or4b_1)
     1    0.00                           _18507_ (net)
                  0.09    0.00    7.03 v _26235_/D (sky130_fd_sc_hd__or4_2)
                  0.18    0.71    7.74 v _26235_/X (sky130_fd_sc_hd__or4_2)
     1    0.03                           _18508_ (net)
                  0.18    0.00    7.74 v _26368_/B1 (sky130_fd_sc_hd__o32a_2)
                  0.12    0.35    8.09 v _26368_/X (sky130_fd_sc_hd__o32a_2)
     1    0.04                           _18641_ (net)
                  0.12    0.00    8.09 v _27296_/B1 (sky130_fd_sc_hd__o2111ai_4)
                  0.50    0.28    8.37 ^ _27296_/Y (sky130_fd_sc_hd__o2111ai_4)
     4    0.06                           _19569_ (net)
                  0.50    0.00    8.37 ^ _27488_/B (sky130_fd_sc_hd__nor2_2)
                  0.16    0.20    8.57 v _27488_/Y (sky130_fd_sc_hd__nor2_2)
     4    0.03                           _19715_ (net)
                  0.16    0.00    8.57 v _27489_/B (sky130_fd_sc_hd__nand2_4)
                  0.16    0.21    8.78 ^ _27489_/Y (sky130_fd_sc_hd__nand2_4)
     8    0.05                           _19716_ (net)
                  0.16    0.00    8.79 ^ _30054_/A (sky130_fd_sc_hd__nand2_1)
                  0.09    0.13    8.91 v _30054_/Y (sky130_fd_sc_hd__nand2_1)
     3    0.01                           _04980_ (net)
                  0.09    0.00    8.91 v _30055_/A (sky130_fd_sc_hd__clkbuf_8)
                  0.14    0.26    9.17 v _30055_/X (sky130_fd_sc_hd__clkbuf_8)
    20    0.13                           _04981_ (net)
                  0.14    0.01    9.18 v _23821_/A (sky130_fd_sc_hd__clkbuf_4)
                  0.13    0.28    9.46 v _23821_/X (sky130_fd_sc_hd__clkbuf_4)
    10    0.06                           _16406_ (net)
                  0.13    0.01    9.47 v _23841_/B1 (sky130_fd_sc_hd__a22o_1)
                  0.04    0.22    9.69 v _23841_/X (sky130_fd_sc_hd__a22o_1)
     1    0.00                           _03249_ (net)
                  0.04    0.00    9.69 v hold239/A (sky130_fd_sc_hd__dlygate4sd3_1)
                  0.06    0.59   10.28 v hold239/X (sky130_fd_sc_hd__dlygate4sd3_1)
     1    0.01                           net660 (net)
                  0.06    0.00   10.28 v _42685_/D (sky130_fd_sc_hd__dfrtp_1)
                                 10.28   data arrival time

                         20.00   20.00   clock clk (rise edge)
                          0.00   20.00   clock source latency
                  0.59    0.39   20.39 ^ clk (in)
     2    0.13                           clk (net)
                  0.59    0.00   20.39 ^ clkbuf_0_clk/A (sky130_fd_sc_hd__clkbuf_16)
                  0.18    0.34   20.73 ^ clkbuf_0_clk/X (sky130_fd_sc_hd__clkbuf_16)
     8    0.16                           clknet_0_clk (net)
                  0.18    0.01   20.74 ^ clkbuf_2_0_0_clk/A (sky130_fd_sc_hd__clkbuf_8)
                  0.35    0.37   21.11 ^ clkbuf_2_0_0_clk/X (sky130_fd_sc_hd__clkbuf_8)
    16    0.21                           clknet_2_0_0_clk (net)
                  0.35    0.01   21.12 ^ clkbuf_5_6__f_clk/A (sky130_fd_sc_hd__clkbuf_16)
                  0.16    0.29   21.41 ^ clkbuf_5_6__f_clk/X (sky130_fd_sc_hd__clkbuf_16)
    11    0.14                           clknet_5_6__leaf_clk (net)
                  0.16    0.00   21.41 ^ clkbuf_leaf_395_clk/A (sky130_fd_sc_hd__clkbuf_16)
                  0.04    0.15   21.56 ^ clkbuf_leaf_395_clk/X (sky130_fd_sc_hd__clkbuf_16)
     4    0.01                           clknet_leaf_395_clk (net)
                  0.04    0.00   21.56 ^ _42685_/CLK (sky130_fd_sc_hd__dfrtp_1)
                         -0.25   21.31   clock uncertainty
                          0.08   21.39   clock reconvergence pessimism
                         -0.12   21.27   library setup time
                                 21.27   data required time
-----------------------------------------------------------------------------
                                 21.27   data required time
                                -10.28   data arrival time
-----------------------------------------------------------------------------
                                 10.99   slack (MET)




===========================================================================
report_checks --slack_max -0.01
============================================================================
======================= Fastest Corner ===================================

No paths found.

======================= Slowest Corner ===================================

No paths found.

======================= Typical Corner ===================================

No paths found.


===========================================================================
 report_check_types -max_slew -max_cap -max_fanout -violators
============================================================================
======================= Fastest Corner ===================================

max slew

Pin                                    Limit    Slew   Slack
------------------------------------------------------------
_25488_/A                               0.75    0.83   -0.08 (VIOLATED)
ANTENNA__25488__A/DIODE                 0.75    0.83   -0.08 (VIOLATED)
_26345_/B1                              0.75    0.83   -0.08 (VIOLATED)
ANTENNA__26345__B1/DIODE                0.75    0.83   -0.08 (VIOLATED)
_26328_/B1                              0.75    0.83   -0.08 (VIOLATED)
ANTENNA__26328__B1/DIODE                0.75    0.83   -0.08 (VIOLATED)
_27014_/A2_N                            0.75    0.83   -0.08 (VIOLATED)
_27038_/B1                              0.75    0.83   -0.08 (VIOLATED)
ANTENNA__27014__A2_N/DIODE              0.75    0.83   -0.08 (VIOLATED)
ANTENNA__27038__B1/DIODE                0.75    0.83   -0.08 (VIOLATED)
ANTENNA__26659__B1/DIODE                0.75    0.83   -0.08 (VIOLATED)
_26659_/B1                              0.75    0.83   -0.08 (VIOLATED)
ANTENNA__26635__A2_N/DIODE              0.75    0.83   -0.08 (VIOLATED)
_26635_/A2_N                            0.75    0.83   -0.08 (VIOLATED)
_25487_/Y                               0.75    0.83   -0.08 (VIOLATED)
_22043_/A0                              0.75    0.75   -0.00 (VIOLATED)
ANTENNA__22043__A0/DIODE                0.75    0.75   -0.00 (VIOLATED)

max fanout

Pin                                   Limit Fanout  Slack
---------------------------------------------------------
clkbuf_5_23__f_clk/X                     10     44    -34 (VIOLATED)
clkbuf_5_15__f_clk/X                     10     34    -24 (VIOLATED)
clkbuf_5_26__f_clk/X                     10     34    -24 (VIOLATED)
clkbuf_5_22__f_clk/X                     10     32    -22 (VIOLATED)
clkbuf_5_27__f_clk/X                     10     32    -22 (VIOLATED)
clkbuf_5_24__f_clk/X                     10     30    -20 (VIOLATED)
clkbuf_5_30__f_clk/X                     10     30    -20 (VIOLATED)
clkbuf_5_1__f_clk/X                      10     24    -14 (VIOLATED)
_25745_/X                                10     21    -11 (VIOLATED)
_25949_/X                                10     21    -11 (VIOLATED)
_26145_/X                                10     21    -11 (VIOLATED)
_19795_/X                                10     20    -10 (VIOLATED)
_19796_/X                                10     20    -10 (VIOLATED)
_19799_/X                                10     20    -10 (VIOLATED)
_19834_/X                                10     20    -10 (VIOLATED)
_19892_/X                                10     20    -10 (VIOLATED)
_19893_/X                                10     20    -10 (VIOLATED)
_19992_/X                                10     20    -10 (VIOLATED)
_20036_/X                                10     20    -10 (VIOLATED)
_20094_/X                                10     20    -10 (VIOLATED)
_20136_/X                                10     20    -10 (VIOLATED)
_20201_/X                                10     20    -10 (VIOLATED)
_20374_/X                                10     20    -10 (VIOLATED)
_20415_/X                                10     20    -10 (VIOLATED)
_20518_/X                                10     20    -10 (VIOLATED)
_20744_/X                                10     20    -10 (VIOLATED)
_20800_/X                                10     20    -10 (VIOLATED)
_20895_/X                                10     20    -10 (VIOLATED)
_21064_/X                                10     20    -10 (VIOLATED)
_21080_/X                                10     20    -10 (VIOLATED)
_21086_/X                                10     20    -10 (VIOLATED)
_21102_/X                                10     20    -10 (VIOLATED)
_21106_/X                                10     20    -10 (VIOLATED)
_21146_/X                                10     20    -10 (VIOLATED)
_21159_/X                                10     20    -10 (VIOLATED)
_21217_/X                                10     20    -10 (VIOLATED)
_21545_/X                                10     20    -10 (VIOLATED)
_22166_/X                                10     20    -10 (VIOLATED)
_22284_/X                                10     20    -10 (VIOLATED)
_22305_/X                                10     20    -10 (VIOLATED)
_22347_/X                                10     20    -10 (VIOLATED)
_22389_/X                                10     20    -10 (VIOLATED)
_22431_/X                                10     20    -10 (VIOLATED)
_22494_/X                                10     20    -10 (VIOLATED)
_22660_/X                                10     20    -10 (VIOLATED)
_23380_/X                                10     20    -10 (VIOLATED)
_23905_/X                                10     20    -10 (VIOLATED)
_23906_/X                                10     20    -10 (VIOLATED)
_23907_/X                                10     20    -10 (VIOLATED)
_23912_/X                                10     20    -10 (VIOLATED)
_23913_/X                                10     20    -10 (VIOLATED)
_23953_/X                                10     20    -10 (VIOLATED)
_24017_/X                                10     20    -10 (VIOLATED)
_24233_/X                                10     20    -10 (VIOLATED)
_24527_/X                                10     20    -10 (VIOLATED)
_24556_/X                                10     20    -10 (VIOLATED)
_24614_/X                                10     20    -10 (VIOLATED)
_24618_/X                                10     20    -10 (VIOLATED)
_24619_/X                                10     20    -10 (VIOLATED)
_24622_/X                                10     20    -10 (VIOLATED)
_24623_/X                                10     20    -10 (VIOLATED)
_24626_/X                                10     20    -10 (VIOLATED)
_24631_/X                                10     20    -10 (VIOLATED)
_24633_/X                                10     20    -10 (VIOLATED)
_24638_/X                                10     20    -10 (VIOLATED)
_24643_/X                                10     20    -10 (VIOLATED)
_24647_/X                                10     20    -10 (VIOLATED)
_24676_/X                                10     20    -10 (VIOLATED)
_24677_/X                                10     20    -10 (VIOLATED)
_24678_/X                                10     20    -10 (VIOLATED)
_24681_/X                                10     20    -10 (VIOLATED)
_24682_/X                                10     20    -10 (VIOLATED)
_24688_/X                                10     20    -10 (VIOLATED)
_24691_/X                                10     20    -10 (VIOLATED)
_24693_/X                                10     20    -10 (VIOLATED)
_24696_/X                                10     20    -10 (VIOLATED)
_24698_/X                                10     20    -10 (VIOLATED)
_24700_/X                                10     20    -10 (VIOLATED)
_24702_/X                                10     20    -10 (VIOLATED)
_24706_/X                                10     20    -10 (VIOLATED)
_24708_/X                                10     20    -10 (VIOLATED)
_24711_/X                                10     20    -10 (VIOLATED)
_24713_/X                                10     20    -10 (VIOLATED)
_24714_/X                                10     20    -10 (VIOLATED)
_24716_/X                                10     20    -10 (VIOLATED)
_24717_/X                                10     20    -10 (VIOLATED)
_24721_/X                                10     20    -10 (VIOLATED)
_24728_/X                                10     20    -10 (VIOLATED)
_24733_/X                                10     20    -10 (VIOLATED)
_24734_/X                                10     20    -10 (VIOLATED)
_24736_/X                                10     20    -10 (VIOLATED)
_24738_/X                                10     20    -10 (VIOLATED)
_24740_/X                                10     20    -10 (VIOLATED)
_24744_/X                                10     20    -10 (VIOLATED)
_24747_/X                                10     20    -10 (VIOLATED)
_24753_/X                                10     20    -10 (VIOLATED)
_24755_/X                                10     20    -10 (VIOLATED)
_24757_/X                                10     20    -10 (VIOLATED)
_24761_/X                                10     20    -10 (VIOLATED)
_24762_/X                                10     20    -10 (VIOLATED)
_24766_/X                                10     20    -10 (VIOLATED)
_24768_/X                                10     20    -10 (VIOLATED)
_24772_/X                                10     20    -10 (VIOLATED)
_24782_/X                                10     20    -10 (VIOLATED)
_24790_/X                                10     20    -10 (VIOLATED)
_24796_/X                                10     20    -10 (VIOLATED)
_24805_/X                                10     20    -10 (VIOLATED)
_24807_/X                                10     20    -10 (VIOLATED)
_24810_/X                                10     20    -10 (VIOLATED)
_24812_/X                                10     20    -10 (VIOLATED)
_24817_/X                                10     20    -10 (VIOLATED)
_24818_/X                                10     20    -10 (VIOLATED)
_24821_/X                                10     20    -10 (VIOLATED)
_24823_/X                                10     20    -10 (VIOLATED)
_24828_/X                                10     20    -10 (VIOLATED)
_24832_/X                                10     20    -10 (VIOLATED)
_24834_/X                                10     20    -10 (VIOLATED)
_24836_/X                                10     20    -10 (VIOLATED)
_24837_/X                                10     20    -10 (VIOLATED)
_24839_/X                                10     20    -10 (VIOLATED)
_24840_/X                                10     20    -10 (VIOLATED)
_24842_/X                                10     20    -10 (VIOLATED)
_24846_/X                                10     20    -10 (VIOLATED)
_24848_/X                                10     20    -10 (VIOLATED)
_24849_/X                                10     20    -10 (VIOLATED)
_24851_/X                                10     20    -10 (VIOLATED)
_24853_/X                                10     20    -10 (VIOLATED)
_24858_/X                                10     20    -10 (VIOLATED)
_24867_/X                                10     20    -10 (VIOLATED)
_24869_/X                                10     20    -10 (VIOLATED)
_24871_/X                                10     20    -10 (VIOLATED)
_24872_/X                                10     20    -10 (VIOLATED)
_24874_/X                                10     20    -10 (VIOLATED)
_24875_/X                                10     20    -10 (VIOLATED)
_24877_/X                                10     20    -10 (VIOLATED)
_24878_/X                                10     20    -10 (VIOLATED)
_24880_/X                                10     20    -10 (VIOLATED)
_24884_/X                                10     20    -10 (VIOLATED)
_24894_/X                                10     20    -10 (VIOLATED)
_24895_/X                                10     20    -10 (VIOLATED)
_24897_/X                                10     20    -10 (VIOLATED)
_24898_/X                                10     20    -10 (VIOLATED)
_24899_/X                                10     20    -10 (VIOLATED)
_24901_/X                                10     20    -10 (VIOLATED)
_24902_/X                                10     20    -10 (VIOLATED)
_24903_/X                                10     20    -10 (VIOLATED)
_24909_/X                                10     20    -10 (VIOLATED)
_24916_/X                                10     20    -10 (VIOLATED)
_24921_/X                                10     20    -10 (VIOLATED)
_24933_/X                                10     20    -10 (VIOLATED)
_24938_/X                                10     20    -10 (VIOLATED)
_24939_/X                                10     20    -10 (VIOLATED)
_24948_/X                                10     20    -10 (VIOLATED)
_24957_/X                                10     20    -10 (VIOLATED)
_24967_/X                                10     20    -10 (VIOLATED)
_24976_/X                                10     20    -10 (VIOLATED)
_24985_/X                                10     20    -10 (VIOLATED)
_24993_/X                                10     20    -10 (VIOLATED)
_24998_/X                                10     20    -10 (VIOLATED)
_25006_/X                                10     20    -10 (VIOLATED)
_25015_/X                                10     20    -10 (VIOLATED)
_25024_/X                                10     20    -10 (VIOLATED)
_25032_/X                                10     20    -10 (VIOLATED)
_25036_/X                                10     20    -10 (VIOLATED)
_25043_/X                                10     20    -10 (VIOLATED)
_25052_/X                                10     20    -10 (VIOLATED)
_25113_/X                                10     20    -10 (VIOLATED)
_25130_/X                                10     20    -10 (VIOLATED)
_25161_/Y                                10     20    -10 (VIOLATED)
_25180_/X                                10     20    -10 (VIOLATED)
_25191_/X                                10     20    -10 (VIOLATED)
_25200_/X                                10     20    -10 (VIOLATED)
_25208_/X                                10     20    -10 (VIOLATED)
_25218_/X                                10     20    -10 (VIOLATED)
_25227_/X                                10     20    -10 (VIOLATED)
_25236_/X                                10     20    -10 (VIOLATED)
_25244_/X                                10     20    -10 (VIOLATED)
_25271_/X                                10     20    -10 (VIOLATED)
_25296_/X                                10     20    -10 (VIOLATED)
_25304_/X                                10     20    -10 (VIOLATED)
_25314_/X                                10     20    -10 (VIOLATED)
_25323_/X                                10     20    -10 (VIOLATED)
_25332_/X                                10     20    -10 (VIOLATED)
_25410_/X                                10     20    -10 (VIOLATED)
_25418_/X                                10     20    -10 (VIOLATED)
_25444_/X                                10     20    -10 (VIOLATED)
_25453_/X                                10     20    -10 (VIOLATED)
_25461_/X                                10     20    -10 (VIOLATED)
_25472_/X                                10     20    -10 (VIOLATED)
_25480_/X                                10     20    -10 (VIOLATED)
_25488_/X                                10     20    -10 (VIOLATED)
_25498_/X                                10     20    -10 (VIOLATED)
_25507_/X                                10     20    -10 (VIOLATED)
_25516_/X                                10     20    -10 (VIOLATED)
_25537_/X                                10     20    -10 (VIOLATED)
_25545_/X                                10     20    -10 (VIOLATED)
_25554_/X                                10     20    -10 (VIOLATED)
_25557_/X                                10     20    -10 (VIOLATED)
_25566_/X                                10     20    -10 (VIOLATED)
_25577_/X                                10     20    -10 (VIOLATED)
_25586_/X                                10     20    -10 (VIOLATED)
_25596_/X                                10     20    -10 (VIOLATED)
_25597_/X                                10     20    -10 (VIOLATED)
_25607_/X                                10     20    -10 (VIOLATED)
_25615_/X                                10     20    -10 (VIOLATED)
_25623_/X                                10     20    -10 (VIOLATED)
_25632_/X                                10     20    -10 (VIOLATED)
_25641_/X                                10     20    -10 (VIOLATED)
_25651_/X                                10     20    -10 (VIOLATED)
_25660_/X                                10     20    -10 (VIOLATED)
_25668_/X                                10     20    -10 (VIOLATED)
_25671_/X                                10     20    -10 (VIOLATED)
_25684_/X                                10     20    -10 (VIOLATED)
_25692_/X                                10     20    -10 (VIOLATED)
_25700_/X                                10     20    -10 (VIOLATED)
_25710_/X                                10     20    -10 (VIOLATED)
_25718_/X                                10     20    -10 (VIOLATED)
_25736_/X                                10     20    -10 (VIOLATED)
_25744_/X                                10     20    -10 (VIOLATED)
_25753_/X                                10     20    -10 (VIOLATED)
_25763_/X                                10     20    -10 (VIOLATED)
_25767_/X                                10     20    -10 (VIOLATED)
_25775_/X                                10     20    -10 (VIOLATED)
_25776_/X                                10     20    -10 (VIOLATED)
_25787_/X                                10     20    -10 (VIOLATED)
_25798_/X                                10     20    -10 (VIOLATED)
_25806_/X                                10     20    -10 (VIOLATED)
_25807_/X                                10     20    -10 (VIOLATED)
_25818_/X                                10     20    -10 (VIOLATED)
_25832_/X                                10     20    -10 (VIOLATED)
_25842_/X                                10     20    -10 (VIOLATED)
_25844_/X                                10     20    -10 (VIOLATED)
_25847_/X                                10     20    -10 (VIOLATED)
_25856_/X                                10     20    -10 (VIOLATED)
_25862_/X                                10     20    -10 (VIOLATED)
_25863_/X                                10     20    -10 (VIOLATED)
_25873_/X                                10     20    -10 (VIOLATED)
_25875_/X                                10     20    -10 (VIOLATED)
_25879_/X                                10     20    -10 (VIOLATED)
_25882_/X                                10     20    -10 (VIOLATED)
_25883_/X                                10     20    -10 (VIOLATED)
_25884_/X                                10     20    -10 (VIOLATED)
_25906_/X                                10     20    -10 (VIOLATED)
_25911_/X                                10     20    -10 (VIOLATED)
_25912_/X                                10     20    -10 (VIOLATED)
_25922_/X                                10     20    -10 (VIOLATED)
_25931_/X                                10     20    -10 (VIOLATED)
_25936_/X                                10     20    -10 (VIOLATED)
_25937_/X                                10     20    -10 (VIOLATED)
_25938_/X                                10     20    -10 (VIOLATED)
_25952_/X                                10     20    -10 (VIOLATED)
_25964_/X                                10     20    -10 (VIOLATED)
_25979_/X                                10     20    -10 (VIOLATED)
_25985_/X                                10     20    -10 (VIOLATED)
_25990_/X                                10     20    -10 (VIOLATED)
_26087_/X                                10     20    -10 (VIOLATED)
_26123_/X                                10     20    -10 (VIOLATED)
_26156_/X                                10     20    -10 (VIOLATED)
_26158_/X                                10     20    -10 (VIOLATED)
_26175_/X                                10     20    -10 (VIOLATED)
_26185_/X                                10     20    -10 (VIOLATED)
_26217_/X                                10     20    -10 (VIOLATED)
_26247_/X                                10     20    -10 (VIOLATED)
_26252_/X                                10     20    -10 (VIOLATED)
_26264_/X                                10     20    -10 (VIOLATED)
_26279_/X                                10     20    -10 (VIOLATED)
_26291_/X                                10     20    -10 (VIOLATED)
_26302_/X                                10     20    -10 (VIOLATED)
_26308_/X                                10     20    -10 (VIOLATED)
_26316_/X                                10     20    -10 (VIOLATED)
_26335_/X                                10     20    -10 (VIOLATED)
_26337_/X                                10     20    -10 (VIOLATED)
_26357_/X                                10     20    -10 (VIOLATED)
_26358_/X                                10     20    -10 (VIOLATED)
_26450_/X                                10     20    -10 (VIOLATED)
_26454_/X                                10     20    -10 (VIOLATED)
_26482_/X                                10     20    -10 (VIOLATED)
_26747_/X                                10     20    -10 (VIOLATED)
_26786_/X                                10     20    -10 (VIOLATED)
_26798_/X                                10     20    -10 (VIOLATED)
_26957_/X                                10     20    -10 (VIOLATED)
_26958_/X                                10     20    -10 (VIOLATED)
_27049_/X                                10     20    -10 (VIOLATED)
_27057_/X                                10     20    -10 (VIOLATED)
_27090_/X                                10     20    -10 (VIOLATED)
_27135_/X                                10     20    -10 (VIOLATED)
_27185_/X                                10     20    -10 (VIOLATED)
_27216_/X                                10     20    -10 (VIOLATED)
_27226_/X                                10     20    -10 (VIOLATED)
_27314_/X                                10     20    -10 (VIOLATED)
_27366_/X                                10     20    -10 (VIOLATED)
_27407_/Y                                10     20    -10 (VIOLATED)
_27473_/X                                10     20    -10 (VIOLATED)
_27608_/X                                10     20    -10 (VIOLATED)
_27609_/X                                10     20    -10 (VIOLATED)
_27611_/X                                10     20    -10 (VIOLATED)
_27631_/X                                10     20    -10 (VIOLATED)
_27632_/X                                10     20    -10 (VIOLATED)
_27635_/X                                10     20    -10 (VIOLATED)
_27950_/X                                10     20    -10 (VIOLATED)
_27955_/X                                10     20    -10 (VIOLATED)
_27960_/X                                10     20    -10 (VIOLATED)
_27965_/X                                10     20    -10 (VIOLATED)
_27971_/X                                10     20    -10 (VIOLATED)
_27976_/X                                10     20    -10 (VIOLATED)
_27981_/X                                10     20    -10 (VIOLATED)
_27987_/X                                10     20    -10 (VIOLATED)
_28008_/X                                10     20    -10 (VIOLATED)
_28135_/X                                10     20    -10 (VIOLATED)
_28276_/X                                10     20    -10 (VIOLATED)
_28319_/X                                10     20    -10 (VIOLATED)
_28340_/X                                10     20    -10 (VIOLATED)
_28403_/X                                10     20    -10 (VIOLATED)
_28466_/X                                10     20    -10 (VIOLATED)
_28544_/X                                10     20    -10 (VIOLATED)
_28587_/X                                10     20    -10 (VIOLATED)
_28608_/X                                10     20    -10 (VIOLATED)
_28650_/X                                10     20    -10 (VIOLATED)
_28671_/X                                10     20    -10 (VIOLATED)
_28734_/X                                10     20    -10 (VIOLATED)
_28812_/X                                10     20    -10 (VIOLATED)
_28855_/X                                10     20    -10 (VIOLATED)
_28876_/X                                10     20    -10 (VIOLATED)
_28918_/X                                10     20    -10 (VIOLATED)
_28939_/X                                10     20    -10 (VIOLATED)
_29002_/X                                10     20    -10 (VIOLATED)
_29080_/X                                10     20    -10 (VIOLATED)
_29123_/X                                10     20    -10 (VIOLATED)
_29144_/X                                10     20    -10 (VIOLATED)
_29207_/X                                10     20    -10 (VIOLATED)
_29270_/X                                10     20    -10 (VIOLATED)
_29348_/X                                10     20    -10 (VIOLATED)
_29391_/X                                10     20    -10 (VIOLATED)
_29412_/X                                10     20    -10 (VIOLATED)
_29475_/X                                10     20    -10 (VIOLATED)
_29538_/X                                10     20    -10 (VIOLATED)
_29616_/X                                10     20    -10 (VIOLATED)
_29659_/X                                10     20    -10 (VIOLATED)
_29680_/X                                10     20    -10 (VIOLATED)
_29743_/X                                10     20    -10 (VIOLATED)
_29806_/X                                10     20    -10 (VIOLATED)
_30047_/X                                10     20    -10 (VIOLATED)
_30055_/X                                10     20    -10 (VIOLATED)
_30066_/X                                10     20    -10 (VIOLATED)
_30109_/X                                10     20    -10 (VIOLATED)
_30362_/X                                10     20    -10 (VIOLATED)
_30365_/X                                10     20    -10 (VIOLATED)
_30598_/X                                10     20    -10 (VIOLATED)
_30641_/X                                10     20    -10 (VIOLATED)
_30662_/X                                10     20    -10 (VIOLATED)
_30704_/X                                10     20    -10 (VIOLATED)
_30725_/X                                10     20    -10 (VIOLATED)
_30788_/X                                10     20    -10 (VIOLATED)
_30989_/X                                10     20    -10 (VIOLATED)
_30993_/X                                10     20    -10 (VIOLATED)
_31072_/X                                10     20    -10 (VIOLATED)
_31074_/X                                10     20    -10 (VIOLATED)
_31228_/X                                10     20    -10 (VIOLATED)
_31343_/X                                10     20    -10 (VIOLATED)
_31516_/X                                10     20    -10 (VIOLATED)
_31734_/X                                10     20    -10 (VIOLATED)
_32393_/X                                10     20    -10 (VIOLATED)
_32447_/X                                10     20    -10 (VIOLATED)
_32449_/X                                10     20    -10 (VIOLATED)
_32661_/X                                10     20    -10 (VIOLATED)
_32822_/X                                10     20    -10 (VIOLATED)
_32830_/X                                10     20    -10 (VIOLATED)
_33043_/X                                10     20    -10 (VIOLATED)
_33044_/X                                10     20    -10 (VIOLATED)
_33203_/X                                10     20    -10 (VIOLATED)
_33243_/X                                10     20    -10 (VIOLATED)
_33272_/X                                10     20    -10 (VIOLATED)
_33340_/X                                10     20    -10 (VIOLATED)
_34533_/X                                10     20    -10 (VIOLATED)
_35418_/X                                10     20    -10 (VIOLATED)
_37036_/X                                10     20    -10 (VIOLATED)
fanout100/X                              10     20    -10 (VIOLATED)
fanout101/X                              10     20    -10 (VIOLATED)
_21098_/X                                10     19     -9 (VIOLATED)
_21133_/X                                10     19     -9 (VIOLATED)
_21180_/X                                10     19     -9 (VIOLATED)
_21292_/X                                10     19     -9 (VIOLATED)
_21336_/X                                10     19     -9 (VIOLATED)
_32529_/Y                                10     19     -9 (VIOLATED)
_40663_/Q                                10     19     -9 (VIOLATED)
_21103_/X                                10     18     -8 (VIOLATED)
_21107_/X                                10     18     -8 (VIOLATED)
_21110_/X                                10     18     -8 (VIOLATED)
_21114_/X                                10     18     -8 (VIOLATED)
_21119_/X                                10     18     -8 (VIOLATED)
_21122_/X                                10     18     -8 (VIOLATED)
_21136_/X                                10     18     -8 (VIOLATED)
_21140_/X                                10     18     -8 (VIOLATED)
_21143_/X                                10     18     -8 (VIOLATED)
_21147_/X                                10     18     -8 (VIOLATED)
_21150_/X                                10     18     -8 (VIOLATED)
_21153_/X                                10     18     -8 (VIOLATED)
_21156_/X                                10     18     -8 (VIOLATED)
_21162_/X                                10     18     -8 (VIOLATED)
_21165_/X                                10     18     -8 (VIOLATED)
_21168_/X                                10     18     -8 (VIOLATED)
_21171_/X                                10     18     -8 (VIOLATED)
_21174_/X                                10     18     -8 (VIOLATED)
_21177_/X                                10     18     -8 (VIOLATED)
_21183_/X                                10     18     -8 (VIOLATED)
_21186_/X                                10     18     -8 (VIOLATED)
_21189_/X                                10     18     -8 (VIOLATED)
_21193_/X                                10     18     -8 (VIOLATED)
_21202_/X                                10     18     -8 (VIOLATED)
_21205_/X                                10     18     -8 (VIOLATED)
_21208_/X                                10     18     -8 (VIOLATED)
_21211_/X                                10     18     -8 (VIOLATED)
_21214_/X                                10     18     -8 (VIOLATED)
_21222_/X                                10     18     -8 (VIOLATED)
_21225_/X                                10     18     -8 (VIOLATED)
_21228_/X                                10     18     -8 (VIOLATED)
_21237_/X                                10     18     -8 (VIOLATED)
_21240_/X                                10     18     -8 (VIOLATED)
_21243_/X                                10     18     -8 (VIOLATED)
_21247_/X                                10     18     -8 (VIOLATED)
_21254_/X                                10     18     -8 (VIOLATED)
_21257_/X                                10     18     -8 (VIOLATED)
_21264_/X                                10     18     -8 (VIOLATED)
_21269_/X                                10     18     -8 (VIOLATED)
_21273_/X                                10     18     -8 (VIOLATED)
_21280_/X                                10     18     -8 (VIOLATED)
_21283_/X                                10     18     -8 (VIOLATED)
_21286_/X                                10     18     -8 (VIOLATED)
_21289_/X                                10     18     -8 (VIOLATED)
_21297_/X                                10     18     -8 (VIOLATED)
_21303_/X                                10     18     -8 (VIOLATED)
_21306_/X                                10     18     -8 (VIOLATED)
_21311_/X                                10     18     -8 (VIOLATED)
_21316_/X                                10     18     -8 (VIOLATED)
_21319_/X                                10     18     -8 (VIOLATED)
_21322_/X                                10     18     -8 (VIOLATED)
_21330_/X                                10     18     -8 (VIOLATED)
_21333_/X                                10     18     -8 (VIOLATED)
_21339_/X                                10     18     -8 (VIOLATED)
_21342_/X                                10     18     -8 (VIOLATED)
_21345_/X                                10     18     -8 (VIOLATED)
_21350_/X                                10     18     -8 (VIOLATED)
_21353_/X                                10     18     -8 (VIOLATED)
_21357_/X                                10     18     -8 (VIOLATED)
_21360_/X                                10     18     -8 (VIOLATED)
_21363_/X                                10     18     -8 (VIOLATED)
_21366_/X                                10     18     -8 (VIOLATED)
_21369_/X                                10     18     -8 (VIOLATED)
_21372_/X                                10     18     -8 (VIOLATED)
_21375_/X                                10     18     -8 (VIOLATED)
_21378_/X                                10     18     -8 (VIOLATED)
_21383_/X                                10     18     -8 (VIOLATED)
_21387_/X                                10     18     -8 (VIOLATED)
_21390_/X                                10     18     -8 (VIOLATED)
_21393_/X                                10     18     -8 (VIOLATED)
_21396_/X                                10     18     -8 (VIOLATED)
_21399_/X                                10     18     -8 (VIOLATED)
_21402_/X                                10     18     -8 (VIOLATED)
_21407_/X                                10     18     -8 (VIOLATED)
_21410_/X                                10     18     -8 (VIOLATED)
_21418_/X                                10     18     -8 (VIOLATED)
_21423_/X                                10     18     -8 (VIOLATED)
_21426_/X                                10     18     -8 (VIOLATED)
_21429_/X                                10     18     -8 (VIOLATED)
_21434_/X                                10     18     -8 (VIOLATED)
_21444_/X                                10     18     -8 (VIOLATED)
_21449_/X                                10     18     -8 (VIOLATED)
_21452_/X                                10     18     -8 (VIOLATED)
_21455_/X                                10     18     -8 (VIOLATED)
_21460_/X                                10     18     -8 (VIOLATED)
_30355_/X                                10     18     -8 (VIOLATED)
_34973_/X                                10     18     -8 (VIOLATED)
_39441_/Q                                10     18     -8 (VIOLATED)
_40584_/Q                                10     18     -8 (VIOLATED)
_40585_/Q                                10     18     -8 (VIOLATED)
_40586_/Q                                10     18     -8 (VIOLATED)
_40590_/Q                                10     18     -8 (VIOLATED)
_40591_/Q                                10     18     -8 (VIOLATED)
_40592_/Q                                10     18     -8 (VIOLATED)
_40593_/Q                                10     18     -8 (VIOLATED)
_40594_/Q                                10     18     -8 (VIOLATED)
_40595_/Q                                10     18     -8 (VIOLATED)
_40596_/Q                                10     18     -8 (VIOLATED)
_40597_/Q                                10     18     -8 (VIOLATED)
_40598_/Q                                10     18     -8 (VIOLATED)
_40599_/Q                                10     18     -8 (VIOLATED)
_40610_/Q                                10     18     -8 (VIOLATED)
_40611_/Q                                10     18     -8 (VIOLATED)
_40612_/Q                                10     18     -8 (VIOLATED)
_40613_/Q                                10     18     -8 (VIOLATED)
_40614_/Q                                10     18     -8 (VIOLATED)
_40615_/Q                                10     18     -8 (VIOLATED)
_40616_/Q                                10     18     -8 (VIOLATED)
_40617_/Q                                10     18     -8 (VIOLATED)
_40618_/Q                                10     18     -8 (VIOLATED)
_40619_/Q                                10     18     -8 (VIOLATED)
_40624_/Q                                10     18     -8 (VIOLATED)
_40630_/Q                                10     18     -8 (VIOLATED)
_40631_/Q                                10     18     -8 (VIOLATED)
_40632_/Q                                10     18     -8 (VIOLATED)
_40633_/Q                                10     18     -8 (VIOLATED)
_40634_/Q                                10     18     -8 (VIOLATED)
_40638_/Q                                10     18     -8 (VIOLATED)
_40660_/Q                                10     18     -8 (VIOLATED)
_40661_/Q                                10     18     -8 (VIOLATED)
_40662_/Q                                10     18     -8 (VIOLATED)
_40664_/Q                                10     18     -8 (VIOLATED)
_40665_/Q                                10     18     -8 (VIOLATED)
_40666_/Q                                10     18     -8 (VIOLATED)
_40667_/Q                                10     18     -8 (VIOLATED)
_40668_/Q                                10     18     -8 (VIOLATED)
_40669_/Q                                10     18     -8 (VIOLATED)
_40681_/Q                                10     18     -8 (VIOLATED)
_40682_/Q                                10     18     -8 (VIOLATED)
_40700_/Q                                10     18     -8 (VIOLATED)
_40701_/Q                                10     18     -8 (VIOLATED)
_40702_/Q                                10     18     -8 (VIOLATED)
_40703_/Q                                10     18     -8 (VIOLATED)
_40704_/Q                                10     18     -8 (VIOLATED)
_40705_/Q                                10     18     -8 (VIOLATED)
_40706_/Q                                10     18     -8 (VIOLATED)
_40707_/Q                                10     18     -8 (VIOLATED)
_40708_/Q                                10     18     -8 (VIOLATED)
_42712_/Q                                10     18     -8 (VIOLATED)
clkbuf_5_12__f_clk/X                     10     18     -8 (VIOLATED)
clkbuf_5_19__f_clk/X                     10     18     -8 (VIOLATED)
clkbuf_5_16__f_clk/X                     10     17     -7 (VIOLATED)
clkbuf_5_18__f_clk/X                     10     17     -7 (VIOLATED)
clkbuf_5_20__f_clk/X                     10     17     -7 (VIOLATED)
_25138_/Y                                10     16     -6 (VIOLATED)
_26183_/X                                10     16     -6 (VIOLATED)
_27310_/Y                                10     16     -6 (VIOLATED)
_30992_/X                                10     16     -6 (VIOLATED)
clkbuf_2_0_0_clk/X                       10     16     -6 (VIOLATED)
clkbuf_2_1_0_clk/X                       10     16     -6 (VIOLATED)
clkbuf_2_2_0_clk/X                       10     16     -6 (VIOLATED)
clkbuf_2_3_0_clk/X                       10     16     -6 (VIOLATED)
clkbuf_5_0__f_clk/X                      10     16     -6 (VIOLATED)
clkbuf_leaf_355_clk/X                    10     16     -6 (VIOLATED)
clkbuf_leaf_54_clk/X                     10     16     -6 (VIOLATED)
fanout127/X                              10     16     -6 (VIOLATED)
fanout156/X                              10     16     -6 (VIOLATED)
fanout363/X                              10     16     -6 (VIOLATED)
fanout414/X                              10     16     -6 (VIOLATED)
max_cap64/X                              10     16     -6 (VIOLATED)
wire37/X                                 10     16     -6 (VIOLATED)
wire48/X                                 10     16     -6 (VIOLATED)
wire50/X                                 10     16     -6 (VIOLATED)
clkbuf_leaf_119_clk/X                    10     15     -5 (VIOLATED)
clkbuf_leaf_123_clk/X                    10     15     -5 (VIOLATED)
clkbuf_leaf_220_clk/X                    10     15     -5 (VIOLATED)
_24655_/Y                                10     14     -4 (VIOLATED)
_24705_/Y                                10     14     -4 (VIOLATED)
_24727_/Y                                10     14     -4 (VIOLATED)
_24743_/Y                                10     14     -4 (VIOLATED)
_24760_/Y                                10     14     -4 (VIOLATED)
_24893_/Y                                10     14     -4 (VIOLATED)
_24956_/Y                                10     14     -4 (VIOLATED)
_25005_/Y                                10     14     -4 (VIOLATED)
_25023_/Y                                10     14     -4 (VIOLATED)
_25105_/X                                10     14     -4 (VIOLATED)
_25111_/X                                10     14     -4 (VIOLATED)
_25153_/Y                                10     14     -4 (VIOLATED)
_25190_/Y                                10     14     -4 (VIOLATED)
_25226_/Y                                10     14     -4 (VIOLATED)
_25243_/Y                                10     14     -4 (VIOLATED)
_25285_/Y                                10     14     -4 (VIOLATED)
_25392_/Y                                10     14     -4 (VIOLATED)
_25417_/Y                                10     14     -4 (VIOLATED)
_25487_/Y                                10     14     -4 (VIOLATED)
_25544_/Y                                10     14     -4 (VIOLATED)
_25614_/Y                                10     14     -4 (VIOLATED)
_25682_/X                                10     14     -4 (VIOLATED)
_25735_/Y                                10     14     -4 (VIOLATED)
_25752_/Y                                10     14     -4 (VIOLATED)
_25762_/Y                                10     14     -4 (VIOLATED)
_25774_/Y                                10     14     -4 (VIOLATED)
_25816_/Y                                10     14     -4 (VIOLATED)
_25831_/Y                                10     14     -4 (VIOLATED)
_25841_/Y                                10     14     -4 (VIOLATED)
_25855_/Y                                10     14     -4 (VIOLATED)
_25905_/Y                                10     14     -4 (VIOLATED)
_27302_/X                                10     14     -4 (VIOLATED)
_27914_/X                                10     14     -4 (VIOLATED)
_29967_/X                                10     14     -4 (VIOLATED)
clkbuf_5_13__f_clk/X                     10     14     -4 (VIOLATED)
clkbuf_5_17__f_clk/X                     10     14     -4 (VIOLATED)
clkbuf_5_25__f_clk/X                     10     14     -4 (VIOLATED)
clkbuf_5_28__f_clk/X                     10     14     -4 (VIOLATED)
clkbuf_5_29__f_clk/X                     10     14     -4 (VIOLATED)
clkbuf_5_31__f_clk/X                     10     14     -4 (VIOLATED)
clkbuf_5_9__f_clk/X                      10     14     -4 (VIOLATED)
clkbuf_leaf_279_clk/X                    10     14     -4 (VIOLATED)
clkbuf_leaf_339_clk/X                    10     14     -4 (VIOLATED)
clkbuf_leaf_370_clk/X                    10     14     -4 (VIOLATED)
clkbuf_leaf_5_clk/X                      10     14     -4 (VIOLATED)
fanout207/X                              10     14     -4 (VIOLATED)
fanout233/X                              10     14     -4 (VIOLATED)
fanout248/X                              10     14     -4 (VIOLATED)
fanout297/X                              10     14     -4 (VIOLATED)
wire29/X                                 10     14     -4 (VIOLATED)
wire38/X                                 10     14     -4 (VIOLATED)
wire4/X                                  10     14     -4 (VIOLATED)
wire53/X                                 10     14     -4 (VIOLATED)
wire59/X                                 10     14     -4 (VIOLATED)
wire63/X                                 10     14     -4 (VIOLATED)
wire68/X                                 10     14     -4 (VIOLATED)
wire70/X                                 10     14     -4 (VIOLATED)
wire75/X                                 10     14     -4 (VIOLATED)
wire76/X                                 10     14     -4 (VIOLATED)
wire79/X                                 10     14     -4 (VIOLATED)
clkbuf_5_21__f_clk/X                     10     13     -3 (VIOLATED)
clkbuf_leaf_103_clk/X                    10     13     -3 (VIOLATED)
clkbuf_leaf_108_clk/X                    10     13     -3 (VIOLATED)
clkbuf_leaf_120_clk/X                    10     13     -3 (VIOLATED)
clkbuf_leaf_124_clk/X                    10     13     -3 (VIOLATED)
clkbuf_leaf_125_clk/X                    10     13     -3 (VIOLATED)
clkbuf_leaf_135_clk/X                    10     13     -3 (VIOLATED)
clkbuf_leaf_153_clk/X                    10     13     -3 (VIOLATED)
clkbuf_leaf_155_clk/X                    10     13     -3 (VIOLATED)
clkbuf_leaf_19_clk/X                     10     13     -3 (VIOLATED)
clkbuf_leaf_257_clk/X                    10     13     -3 (VIOLATED)
clkbuf_leaf_26_clk/X                     10     13     -3 (VIOLATED)
clkbuf_leaf_299_clk/X                    10     13     -3 (VIOLATED)
clkbuf_leaf_305_clk/X                    10     13     -3 (VIOLATED)
clkbuf_leaf_31_clk/X                     10     13     -3 (VIOLATED)
clkbuf_leaf_34_clk/X                     10     13     -3 (VIOLATED)
clkbuf_leaf_367_clk/X                    10     13     -3 (VIOLATED)
clkbuf_leaf_403_clk/X                    10     13     -3 (VIOLATED)
clkbuf_leaf_406_clk/X                    10     13     -3 (VIOLATED)
clkbuf_leaf_50_clk/X                     10     13     -3 (VIOLATED)
clkbuf_leaf_74_clk/X                     10     13     -3 (VIOLATED)
clkbuf_leaf_84_clk/X                     10     13     -3 (VIOLATED)
clkbuf_leaf_88_clk/X                     10     13     -3 (VIOLATED)
clkbuf_leaf_99_clk/X                     10     13     -3 (VIOLATED)
_24883_/Y                                10     12     -2 (VIOLATED)
_24975_/Y                                10     12     -2 (VIOLATED)
_25160_/X                                10     12     -2 (VIOLATED)
_25198_/X                                10     12     -2 (VIOLATED)
_25352_/Y                                10     12     -2 (VIOLATED)
_25400_/Y                                10     12     -2 (VIOLATED)
_25564_/X                                10     12     -2 (VIOLATED)
_25726_/Y                                10     12     -2 (VIOLATED)
_25797_/Y                                10     12     -2 (VIOLATED)
_25896_/X                                10     12     -2 (VIOLATED)
_25930_/Y                                10     12     -2 (VIOLATED)
_25948_/Y                                10     12     -2 (VIOLATED)
_33304_/X                                10     12     -2 (VIOLATED)
clkbuf_5_14__f_clk/X                     10     12     -2 (VIOLATED)
clkbuf_5_3__f_clk/X                      10     12     -2 (VIOLATED)
clkbuf_leaf_100_clk/X                    10     12     -2 (VIOLATED)
clkbuf_leaf_104_clk/X                    10     12     -2 (VIOLATED)
clkbuf_leaf_114_clk/X                    10     12     -2 (VIOLATED)
clkbuf_leaf_117_clk/X                    10     12     -2 (VIOLATED)
clkbuf_leaf_134_clk/X                    10     12     -2 (VIOLATED)
clkbuf_leaf_141_clk/X                    10     12     -2 (VIOLATED)
clkbuf_leaf_151_clk/X                    10     12     -2 (VIOLATED)
clkbuf_leaf_173_clk/X                    10     12     -2 (VIOLATED)
clkbuf_leaf_211_clk/X                    10     12     -2 (VIOLATED)
clkbuf_leaf_213_clk/X                    10     12     -2 (VIOLATED)
clkbuf_leaf_247_clk/X                    10     12     -2 (VIOLATED)
clkbuf_leaf_254_clk/X                    10     12     -2 (VIOLATED)
clkbuf_leaf_255_clk/X                    10     12     -2 (VIOLATED)
clkbuf_leaf_286_clk/X                    10     12     -2 (VIOLATED)
clkbuf_leaf_290_clk/X                    10     12     -2 (VIOLATED)
clkbuf_leaf_308_clk/X                    10     12     -2 (VIOLATED)
clkbuf_leaf_313_clk/X                    10     12     -2 (VIOLATED)
clkbuf_leaf_364_clk/X                    10     12     -2 (VIOLATED)
clkbuf_leaf_3_clk/X                      10     12     -2 (VIOLATED)
clkbuf_leaf_402_clk/X                    10     12     -2 (VIOLATED)
clkbuf_leaf_52_clk/X                     10     12     -2 (VIOLATED)
clkbuf_leaf_53_clk/X                     10     12     -2 (VIOLATED)
clkbuf_leaf_58_clk/X                     10     12     -2 (VIOLATED)
clkbuf_leaf_61_clk/X                     10     12     -2 (VIOLATED)
clkbuf_leaf_72_clk/X                     10     12     -2 (VIOLATED)
clkbuf_leaf_73_clk/X                     10     12     -2 (VIOLATED)
clkbuf_leaf_89_clk/X                     10     12     -2 (VIOLATED)
clkbuf_leaf_94_clk/X                     10     12     -2 (VIOLATED)
fanout153/X                              10     12     -2 (VIOLATED)
fanout252/X                              10     12     -2 (VIOLATED)
max_cap41/X                              10     12     -2 (VIOLATED)
max_cap49/X                              10     12     -2 (VIOLATED)
max_cap52/X                              10     12     -2 (VIOLATED)
max_cap54/X                              10     12     -2 (VIOLATED)
max_cap56/X                              10     12     -2 (VIOLATED)
max_cap65/X                              10     12     -2 (VIOLATED)
max_cap80/X                              10     12     -2 (VIOLATED)
wire28/X                                 10     12     -2 (VIOLATED)
wire58/X                                 10     12     -2 (VIOLATED)
wire67/X                                 10     12     -2 (VIOLATED)
wire72/X                                 10     12     -2 (VIOLATED)
wire77/X                                 10     12     -2 (VIOLATED)
clkbuf_5_11__f_clk/X                     10     11        (VIOLATED)
clkbuf_5_5__f_clk/X                      10     11        (VIOLATED)
clkbuf_5_6__f_clk/X                      10     11        (VIOLATED)
clkbuf_5_7__f_clk/X                      10     11        (VIOLATED)
clkbuf_5_8__f_clk/X                      10     11        (VIOLATED)
clkbuf_leaf_116_clk/X                    10     11        (VIOLATED)
clkbuf_leaf_126_clk/X                    10     11        (VIOLATED)
clkbuf_leaf_128_clk/X                    10     11        (VIOLATED)
clkbuf_leaf_138_clk/X                    10     11        (VIOLATED)
clkbuf_leaf_149_clk/X                    10     11        (VIOLATED)
clkbuf_leaf_150_clk/X                    10     11        (VIOLATED)
clkbuf_leaf_158_clk/X                    10     11        (VIOLATED)
clkbuf_leaf_206_clk/X                    10     11        (VIOLATED)
clkbuf_leaf_209_clk/X                    10     11        (VIOLATED)
clkbuf_leaf_218_clk/X                    10     11        (VIOLATED)
clkbuf_leaf_228_clk/X                    10     11        (VIOLATED)
clkbuf_leaf_246_clk/X                    10     11        (VIOLATED)
clkbuf_leaf_251_clk/X                    10     11        (VIOLATED)
clkbuf_leaf_265_clk/X                    10     11        (VIOLATED)
clkbuf_leaf_292_clk/X                    10     11        (VIOLATED)
clkbuf_leaf_33_clk/X                     10     11        (VIOLATED)
clkbuf_leaf_35_clk/X                     10     11        (VIOLATED)
clkbuf_leaf_371_clk/X                    10     11        (VIOLATED)
clkbuf_leaf_39_clk/X                     10     11        (VIOLATED)
clkbuf_leaf_404_clk/X                    10     11        (VIOLATED)
clkbuf_leaf_405_clk/X                    10     11        (VIOLATED)
clkbuf_leaf_410_clk/X                    10     11        (VIOLATED)
clkbuf_leaf_420_clk/X                    10     11        (VIOLATED)
clkbuf_leaf_49_clk/X                     10     11        (VIOLATED)
clkbuf_leaf_62_clk/X                     10     11        (VIOLATED)
clkbuf_leaf_76_clk/X                     10     11        (VIOLATED)
clkbuf_leaf_79_clk/X                     10     11        (VIOLATED)
clkbuf_leaf_81_clk/X                     10     11        (VIOLATED)
clkbuf_leaf_97_clk/X                     10     11        (VIOLATED)


======================= Slowest Corner ===================================

max slew

Pin                                    Limit    Slew   Slack
------------------------------------------------------------
_25488_/A                               0.75    1.79   -1.04 (VIOLATED)
ANTENNA__25488__A/DIODE                 0.75    1.79   -1.04 (VIOLATED)
_26345_/B1                              0.75    1.79   -1.04 (VIOLATED)
ANTENNA__26345__B1/DIODE                0.75    1.79   -1.04 (VIOLATED)
_26328_/B1                              0.75    1.79   -1.04 (VIOLATED)
ANTENNA__26328__B1/DIODE                0.75    1.79   -1.04 (VIOLATED)
_27014_/A2_N                            0.75    1.79   -1.04 (VIOLATED)
ANTENNA__27014__A2_N/DIODE              0.75    1.79   -1.04 (VIOLATED)
_27038_/B1                              0.75    1.79   -1.04 (VIOLATED)
ANTENNA__27038__B1/DIODE                0.75    1.79   -1.04 (VIOLATED)
ANTENNA__26659__B1/DIODE                0.75    1.79   -1.04 (VIOLATED)
ANTENNA__26635__A2_N/DIODE              0.75    1.79   -1.04 (VIOLATED)
_26659_/B1                              0.75    1.79   -1.04 (VIOLATED)
_26635_/A2_N                            0.75    1.79   -1.04 (VIOLATED)
_25487_/Y                               0.75    1.79   -1.04 (VIOLATED)
ANTENNA__22043__A0/DIODE                0.75    1.52   -0.77 (VIOLATED)
_22043_/A0                              0.75    1.52   -0.77 (VIOLATED)
_23116_/A0                              0.75    1.52   -0.77 (VIOLATED)
ANTENNA__23116__A0/DIODE                0.75    1.52   -0.77 (VIOLATED)
ANTENNA__21775__A0/DIODE                0.75    1.52   -0.77 (VIOLATED)
_21775_/A0                              0.75    1.52   -0.77 (VIOLATED)
ANTENNA__22847__A0/DIODE                0.75    1.52   -0.77 (VIOLATED)
_22847_/A0                              0.75    1.52   -0.77 (VIOLATED)
_22310_/A1                              0.75    1.52   -0.77 (VIOLATED)
ANTENNA__22310__A1/DIODE                0.75    1.52   -0.77 (VIOLATED)
_22579_/A0                              0.75    1.51   -0.76 (VIOLATED)
ANTENNA__22579__A0/DIODE                0.75    1.51   -0.76 (VIOLATED)
_21163_/A1                              0.75    1.51   -0.76 (VIOLATED)
ANTENNA__21163__A1/DIODE                0.75    1.51   -0.76 (VIOLATED)
ANTENNA__23398__A0/DIODE                0.75    1.51   -0.76 (VIOLATED)
_23398_/A0                              0.75    1.51   -0.76 (VIOLATED)
_21506_/A0                              0.75    1.51   -0.76 (VIOLATED)
ANTENNA__21506__A0/DIODE                0.75    1.51   -0.76 (VIOLATED)
_21162_/X                               0.75    1.51   -0.76 (VIOLATED)
ANTENNA__21763__A0/DIODE                0.75    1.41   -0.66 (VIOLATED)
_21763_/A0                              0.75    1.41   -0.66 (VIOLATED)
ANTENNA__23104__A0/DIODE                0.75    1.41   -0.66 (VIOLATED)
_23104_/A0                              0.75    1.41   -0.66 (VIOLATED)
_22032_/A0                              0.75    1.40   -0.65 (VIOLATED)
ANTENNA__22032__A0/DIODE                0.75    1.40   -0.65 (VIOLATED)
ANTENNA__22836__A0/DIODE                0.75    1.40   -0.65 (VIOLATED)
_22836_/A0                              0.75    1.40   -0.65 (VIOLATED)
ANTENNA__22299__A1/DIODE                0.75    1.40   -0.65 (VIOLATED)
_22299_/A1                              0.75    1.40   -0.65 (VIOLATED)
ANTENNA__22568__A0/DIODE                0.75    1.40   -0.65 (VIOLATED)
_22568_/A0                              0.75    1.40   -0.65 (VIOLATED)
ANTENNA__21148__A1/DIODE                0.75    1.40   -0.65 (VIOLATED)
_21148_/A1                              0.75    1.40   -0.65 (VIOLATED)
_21495_/A0                              0.75    1.40   -0.65 (VIOLATED)
ANTENNA__21495__A0/DIODE                0.75    1.40   -0.65 (VIOLATED)
ANTENNA__23388__A0/DIODE                0.75    1.40   -0.65 (VIOLATED)
_23388_/A0                              0.75    1.40   -0.65 (VIOLATED)
_21147_/X                               0.75    1.40   -0.65 (VIOLATED)
wire50/A                                0.75    1.39   -0.64 (VIOLATED)
ANTENNA_wire50_A/DIODE                  0.75    1.39   -0.64 (VIOLATED)
ANTENNA__26888__A2_N/DIODE              0.75    1.39   -0.64 (VIOLATED)
_26888_/A2_N                            0.75    1.39   -0.64 (VIOLATED)
ANTENNA__26874__B1/DIODE                0.75    1.39   -0.64 (VIOLATED)
_26874_/B1                              0.75    1.39   -0.64 (VIOLATED)
_26262_/Y                               0.75    1.39   -0.64 (VIOLATED)
ANTENNA__23076__A0/DIODE                0.75    1.39   -0.64 (VIOLATED)
_23076_/A0                              0.75    1.39   -0.64 (VIOLATED)
ANTENNA__22808__A0/DIODE                0.75    1.39   -0.64 (VIOLATED)
_22808_/A0                              0.75    1.39   -0.64 (VIOLATED)
ANTENNA__21735__A0/DIODE                0.75    1.39   -0.64 (VIOLATED)
_21735_/A0                              0.75    1.38   -0.63 (VIOLATED)
_22272_/A1                              0.75    1.38   -0.63 (VIOLATED)
ANTENNA__22272__A1/DIODE                0.75    1.38   -0.63 (VIOLATED)
ANTENNA__22540__A0/DIODE                0.75    1.38   -0.63 (VIOLATED)
_22540_/A0                              0.75    1.38   -0.63 (VIOLATED)
ANTENNA__23360__A0/DIODE                0.75    1.38   -0.63 (VIOLATED)
_23360_/A0                              0.75    1.38   -0.63 (VIOLATED)
_22004_/A0                              0.75    1.38   -0.63 (VIOLATED)
ANTENNA__22004__A0/DIODE                0.75    1.38   -0.63 (VIOLATED)
_21108_/A1                              0.75    1.38   -0.63 (VIOLATED)
ANTENNA__21108__A1/DIODE                0.75    1.38   -0.63 (VIOLATED)
_21467_/A0                              0.75    1.38   -0.63 (VIOLATED)
ANTENNA__21467__A0/DIODE                0.75    1.38   -0.63 (VIOLATED)
_21107_/X                               0.75    1.38   -0.63 (VIOLATED)
_26092_/A2_N                            0.75    1.37   -0.62 (VIOLATED)
ANTENNA__26092__A2_N/DIODE              0.75    1.37   -0.62 (VIOLATED)
_26324_/B1                              0.75    1.37   -0.62 (VIOLATED)
ANTENNA__26324__B1/DIODE                0.75    1.37   -0.62 (VIOLATED)
ANTENNA__24894__A/DIODE                 0.75    1.37   -0.62 (VIOLATED)
_24894_/A                               0.75    1.37   -0.62 (VIOLATED)
_27229_/B1                              0.75    1.37   -0.62 (VIOLATED)
ANTENNA__27229__B1/DIODE                0.75    1.37   -0.62 (VIOLATED)
_27051_/A2_N                            0.75    1.37   -0.62 (VIOLATED)
ANTENNA__27051__A2_N/DIODE              0.75    1.37   -0.62 (VIOLATED)
ANTENNA__26672__A2_N/DIODE              0.75    1.37   -0.62 (VIOLATED)
_26672_/A2_N                            0.75    1.37   -0.62 (VIOLATED)
_26630_/B1                              0.75    1.37   -0.62 (VIOLATED)
ANTENNA__26630__B1/DIODE                0.75    1.37   -0.62 (VIOLATED)
_24893_/Y                               0.75    1.37   -0.62 (VIOLATED)
ANTENNA__23031__A0/DIODE                0.75    1.35   -0.60 (VIOLATED)
_23031_/A0                              0.75    1.35   -0.60 (VIOLATED)
ANTENNA__21959__A0/DIODE                0.75    1.35   -0.60 (VIOLATED)
_21959_/A0                              0.75    1.35   -0.60 (VIOLATED)
ANTENNA__23300__A0/DIODE                0.75    1.35   -0.60 (VIOLATED)
_23300_/A0                              0.75    1.35   -0.60 (VIOLATED)
_23583_/A0                              0.75    1.35   -0.60 (VIOLATED)
ANTENNA__23583__A0/DIODE                0.75    1.35   -0.60 (VIOLATED)
_22495_/A1                              0.75    1.35   -0.60 (VIOLATED)
ANTENNA__22495__A1/DIODE                0.75    1.35   -0.60 (VIOLATED)
_22763_/A0                              0.75    1.35   -0.60 (VIOLATED)
ANTENNA__22763__A0/DIODE                0.75    1.35   -0.60 (VIOLATED)
_22227_/A0                              0.75    1.35   -0.60 (VIOLATED)
ANTENNA__22227__A0/DIODE                0.75    1.35   -0.60 (VIOLATED)
_21411_/A1                              0.75    1.35   -0.60 (VIOLATED)
ANTENNA__21411__A1/DIODE                0.75    1.35   -0.60 (VIOLATED)
ANTENNA__21690__A0/DIODE                0.75    1.35   -0.60 (VIOLATED)
_21690_/A0                              0.75    1.35   -0.60 (VIOLATED)
_21410_/X                               0.75    1.35   -0.60 (VIOLATED)
_23271_/A0                              0.75    1.33   -0.58 (VIOLATED)
ANTENNA__23271__A0/DIODE                0.75    1.33   -0.58 (VIOLATED)
_21930_/A0                              0.75    1.33   -0.58 (VIOLATED)
ANTENNA__21930__A0/DIODE                0.75    1.33   -0.58 (VIOLATED)
_23002_/A0                              0.75    1.33   -0.58 (VIOLATED)
ANTENNA__23002__A0/DIODE                0.75    1.33   -0.58 (VIOLATED)
_22465_/A1                              0.75    1.33   -0.58 (VIOLATED)
ANTENNA__22465__A1/DIODE                0.75    1.33   -0.58 (VIOLATED)
_22734_/A0                              0.75    1.33   -0.58 (VIOLATED)
ANTENNA__22734__A0/DIODE                0.75    1.33   -0.58 (VIOLATED)
_23554_/A0                              0.75    1.33   -0.58 (VIOLATED)
ANTENNA__23554__A0/DIODE                0.75    1.33   -0.58 (VIOLATED)
_22198_/A0                              0.75    1.33   -0.58 (VIOLATED)
ANTENNA__22198__A0/DIODE                0.75    1.33   -0.58 (VIOLATED)
_21370_/A1                              0.75    1.33   -0.58 (VIOLATED)
ANTENNA__21370__A1/DIODE                0.75    1.33   -0.58 (VIOLATED)
_21661_/A0                              0.75    1.33   -0.58 (VIOLATED)
ANTENNA__21661__A0/DIODE                0.75    1.33   -0.58 (VIOLATED)
_21369_/X                               0.75    1.33   -0.58 (VIOLATED)
ANTENNA__21765__A0/DIODE                0.75    1.33   -0.58 (VIOLATED)
_21765_/A0                              0.75    1.33   -0.58 (VIOLATED)
ANTENNA__22838__A0/DIODE                0.75    1.32   -0.57 (VIOLATED)
_22838_/A0                              0.75    1.32   -0.57 (VIOLATED)
ANTENNA__22301__A1/DIODE                0.75    1.32   -0.57 (VIOLATED)
_22301_/A1                              0.75    1.32   -0.57 (VIOLATED)
_22570_/A0                              0.75    1.32   -0.57 (VIOLATED)
ANTENNA__22570__A0/DIODE                0.75    1.32   -0.57 (VIOLATED)
_21151_/A1                              0.75    1.32   -0.57 (VIOLATED)
ANTENNA__21151__A1/DIODE                0.75    1.32   -0.57 (VIOLATED)
_21497_/A0                              0.75    1.32   -0.57 (VIOLATED)
ANTENNA__21497__A0/DIODE                0.75    1.32   -0.57 (VIOLATED)
ANTENNA__23106__A0/DIODE                0.75    1.32   -0.57 (VIOLATED)
_23106_/A0                              0.75    1.32   -0.57 (VIOLATED)
ANTENNA__22034__A0/DIODE                0.75    1.32   -0.57 (VIOLATED)
_22034_/A0                              0.75    1.32   -0.57 (VIOLATED)
ANTENNA__23390__A0/DIODE                0.75    1.32   -0.57 (VIOLATED)
_23390_/A0                              0.75    1.32   -0.57 (VIOLATED)
_21150_/X                               0.75    1.32   -0.57 (VIOLATED)
ANTENNA__22002__A0/DIODE                0.75    1.30   -0.55 (VIOLATED)
_22002_/A0                              0.75    1.30   -0.55 (VIOLATED)
_23074_/A0                              0.75    1.30   -0.55 (VIOLATED)
ANTENNA__23074__A0/DIODE                0.75    1.30   -0.55 (VIOLATED)
ANTENNA__21733__A0/DIODE                0.75    1.30   -0.55 (VIOLATED)
_21733_/A0                              0.75    1.30   -0.55 (VIOLATED)
_22806_/A0                              0.75    1.30   -0.55 (VIOLATED)
ANTENNA__22806__A0/DIODE                0.75    1.30   -0.55 (VIOLATED)
_22270_/A1                              0.75    1.30   -0.55 (VIOLATED)
ANTENNA__22270__A1/DIODE                0.75    1.30   -0.55 (VIOLATED)
_22538_/A0                              0.75    1.30   -0.55 (VIOLATED)
ANTENNA__22538__A0/DIODE                0.75    1.30   -0.55 (VIOLATED)
_21104_/A1                              0.75    1.30   -0.55 (VIOLATED)
ANTENNA__21104__A1/DIODE                0.75    1.30   -0.55 (VIOLATED)
_21465_/A0                              0.75    1.29   -0.54 (VIOLATED)
ANTENNA__21465__A0/DIODE                0.75    1.29   -0.54 (VIOLATED)
_23356_/A0                              0.75    1.29   -0.54 (VIOLATED)
ANTENNA__23356__A0/DIODE                0.75    1.29   -0.54 (VIOLATED)
_21103_/X                               0.75    1.29   -0.54 (VIOLATED)
_22390_/A1                              0.75    1.29   -0.54 (VIOLATED)
ANTENNA__22390__A1/DIODE                0.75    1.29   -0.54 (VIOLATED)
ANTENNA__26319__B1/DIODE                0.75    1.29   -0.54 (VIOLATED)
_26319_/B1                              0.75    1.29   -0.54 (VIOLATED)
_22658_/A0                              0.75    1.29   -0.54 (VIOLATED)
ANTENNA__22658__A0/DIODE                0.75    1.29   -0.54 (VIOLATED)
_21267_/A1                              0.75    1.29   -0.54 (VIOLATED)
ANTENNA__21267__A1/DIODE                0.75    1.29   -0.54 (VIOLATED)
_21585_/A0                              0.75    1.29   -0.54 (VIOLATED)
ANTENNA__21585__A0/DIODE                0.75    1.29   -0.54 (VIOLATED)
_22926_/A0                              0.75    1.29   -0.54 (VIOLATED)
ANTENNA__22926__A0/DIODE                0.75    1.29   -0.54 (VIOLATED)
_21854_/A0                              0.75    1.29   -0.54 (VIOLATED)
ANTENNA__21854__A0/DIODE                0.75    1.29   -0.54 (VIOLATED)
ANTENNA__23478__A0/DIODE                0.75    1.29   -0.54 (VIOLATED)
_23478_/A0                              0.75    1.29   -0.54 (VIOLATED)
_23195_/A0                              0.75    1.29   -0.54 (VIOLATED)
ANTENNA__23195__A0/DIODE                0.75    1.29   -0.54 (VIOLATED)
ANTENNA__22122__A0/DIODE                0.75    1.29   -0.54 (VIOLATED)
_22122_/A0                              0.75    1.29   -0.54 (VIOLATED)
_26316_/X                               0.75    1.29   -0.54 (VIOLATED)
_22306_/A1                              0.75    1.29   -0.54 (VIOLATED)
ANTENNA__22306__A1/DIODE                0.75    1.29   -0.54 (VIOLATED)
_22574_/A0                              0.75    1.29   -0.54 (VIOLATED)
ANTENNA__22574__A0/DIODE                0.75    1.29   -0.54 (VIOLATED)
_22842_/A0                              0.75    1.29   -0.54 (VIOLATED)
ANTENNA__22842__A0/DIODE                0.75    1.29   -0.54 (VIOLATED)
_21769_/A0                              0.75    1.29   -0.54 (VIOLATED)
ANTENNA__21769__A0/DIODE                0.75    1.29   -0.54 (VIOLATED)
_21157_/A1                              0.75    1.29   -0.54 (VIOLATED)
ANTENNA__21157__A1/DIODE                0.75    1.29   -0.54 (VIOLATED)
_21501_/A0                              0.75    1.29   -0.54 (VIOLATED)
ANTENNA__21501__A0/DIODE                0.75    1.29   -0.54 (VIOLATED)
_22038_/A0                              0.75    1.29   -0.54 (VIOLATED)
ANTENNA__22038__A0/DIODE                0.75    1.29   -0.54 (VIOLATED)
ANTENNA__23110__A0/DIODE                0.75    1.29   -0.54 (VIOLATED)
_23110_/A0                              0.75    1.29   -0.54 (VIOLATED)
ANTENNA__23394__A0/DIODE                0.75    1.29   -0.54 (VIOLATED)
_23394_/A0                              0.75    1.29   -0.54 (VIOLATED)
_21156_/X                               0.75    1.29   -0.54 (VIOLATED)
_21974_/A0                              0.75    1.28   -0.53 (VIOLATED)
ANTENNA__21974__A0/DIODE                0.75    1.28   -0.53 (VIOLATED)
_23046_/A0                              0.75    1.28   -0.53 (VIOLATED)
ANTENNA__23046__A0/DIODE                0.75    1.28   -0.53 (VIOLATED)
_22509_/A1                              0.75    1.28   -0.53 (VIOLATED)
ANTENNA__22509__A1/DIODE                0.75    1.28   -0.53 (VIOLATED)
_22778_/A0                              0.75    1.28   -0.53 (VIOLATED)
ANTENNA__22778__A0/DIODE                0.75    1.28   -0.53 (VIOLATED)
_21430_/A1                              0.75    1.28   -0.53 (VIOLATED)
ANTENNA__21430__A1/DIODE                0.75    1.28   -0.53 (VIOLATED)
ANTENNA__23315__A0/DIODE                0.75    1.28   -0.53 (VIOLATED)
_23315_/A0                              0.75    1.28   -0.53 (VIOLATED)
_22242_/A0                              0.75    1.28   -0.53 (VIOLATED)
ANTENNA__22242__A0/DIODE                0.75    1.28   -0.53 (VIOLATED)
ANTENNA__21705__A0/DIODE                0.75    1.28   -0.53 (VIOLATED)
_21705_/A0                              0.75    1.28   -0.53 (VIOLATED)
_23598_/A0                              0.75    1.28   -0.53 (VIOLATED)
ANTENNA__23598__A0/DIODE                0.75    1.28   -0.53 (VIOLATED)
_21429_/X                               0.75    1.28   -0.53 (VIOLATED)
ANTENNA__23290__A0/DIODE                0.75    1.27   -0.52 (VIOLATED)
_23290_/A0                              0.75    1.27   -0.52 (VIOLATED)
ANTENNA__21949__A0/DIODE                0.75    1.27   -0.52 (VIOLATED)
_21949_/A0                              0.75    1.27   -0.52 (VIOLATED)
ANTENNA__23021__A0/DIODE                0.75    1.27   -0.52 (VIOLATED)
_23021_/A0                              0.75    1.27   -0.52 (VIOLATED)
_22484_/A1                              0.75    1.27   -0.52 (VIOLATED)
ANTENNA__22484__A1/DIODE                0.75    1.27   -0.52 (VIOLATED)
_22753_/A0                              0.75    1.27   -0.52 (VIOLATED)
ANTENNA__22753__A0/DIODE                0.75    1.27   -0.52 (VIOLATED)
_21397_/A1                              0.75    1.27   -0.52 (VIOLATED)
ANTENNA__21397__A1/DIODE                0.75    1.27   -0.52 (VIOLATED)
ANTENNA__23573__A0/DIODE                0.75    1.27   -0.52 (VIOLATED)
_23573_/A0                              0.75    1.27   -0.52 (VIOLATED)
_21680_/A0                              0.75    1.27   -0.52 (VIOLATED)
ANTENNA__21680__A0/DIODE                0.75    1.27   -0.52 (VIOLATED)
_22217_/A0                              0.75    1.27   -0.52 (VIOLATED)
ANTENNA__22217__A0/DIODE                0.75    1.27   -0.52 (VIOLATED)
_21396_/X                               0.75    1.27   -0.52 (VIOLATED)
_21943_/A0                              0.75    1.26   -0.51 (VIOLATED)
ANTENNA__21943__A0/DIODE                0.75    1.26   -0.51 (VIOLATED)
ANTENNA__23284__A0/DIODE                0.75    1.26   -0.51 (VIOLATED)
_23284_/A0                              0.75    1.26   -0.51 (VIOLATED)
ANTENNA__23589__A0/DIODE                0.75    1.26   -0.51 (VIOLATED)
_23589_/A0                              0.75    1.26   -0.51 (VIOLATED)
ANTENNA__22234__A0/DIODE                0.75    1.26   -0.51 (VIOLATED)
_22234_/A0                              0.75    1.26   -0.51 (VIOLATED)
_22501_/A1                              0.75    1.26   -0.51 (VIOLATED)
ANTENNA__22501__A1/DIODE                0.75    1.26   -0.51 (VIOLATED)
ANTENNA__23566__A0/DIODE                0.75    1.26   -0.51 (VIOLATED)
_23566_/A0                              0.75    1.26   -0.51 (VIOLATED)
ANTENNA__22770__A0/DIODE                0.75    1.26   -0.51 (VIOLATED)
_22770_/A0                              0.75    1.26   -0.51 (VIOLATED)
ANTENNA__23307__A0/DIODE                0.75    1.26   -0.51 (VIOLATED)
_23307_/A0                              0.75    1.26   -0.51 (VIOLATED)
_21419_/A1                              0.75    1.26   -0.51 (VIOLATED)
ANTENNA__21419__A1/DIODE                0.75    1.26   -0.51 (VIOLATED)
ANTENNA__21697__A0/DIODE                0.75    1.26   -0.51 (VIOLATED)
_21697_/A0                              0.75    1.26   -0.51 (VIOLATED)
_23038_/A0                              0.75    1.26   -0.51 (VIOLATED)
ANTENNA__23038__A0/DIODE                0.75    1.26   -0.51 (VIOLATED)
_21966_/A0                              0.75    1.26   -0.51 (VIOLATED)
ANTENNA__21966__A0/DIODE                0.75    1.26   -0.51 (VIOLATED)
ANTENNA__23015__A0/DIODE                0.75    1.26   -0.51 (VIOLATED)
_23015_/A0                              0.75    1.26   -0.51 (VIOLATED)
_22478_/A1                              0.75    1.26   -0.51 (VIOLATED)
ANTENNA__22478__A1/DIODE                0.75    1.26   -0.51 (VIOLATED)
_22747_/A0                              0.75    1.26   -0.51 (VIOLATED)
_21418_/X                               0.75    1.26   -0.51 (VIOLATED)
ANTENNA__22747__A0/DIODE                0.75    1.26   -0.51 (VIOLATED)
_21388_/A1                              0.75    1.26   -0.51 (VIOLATED)
ANTENNA__22211__A0/DIODE                0.75    1.26   -0.51 (VIOLATED)
_22211_/A0                              0.75    1.26   -0.51 (VIOLATED)
ANTENNA__21388__A1/DIODE                0.75    1.26   -0.51 (VIOLATED)
_21674_/A0                              0.75    1.26   -0.51 (VIOLATED)
ANTENNA__21674__A0/DIODE                0.75    1.26   -0.51 (VIOLATED)
_21387_/X                               0.75    1.26   -0.51 (VIOLATED)
ANTENNA__23025__A0/DIODE                0.75    1.25   -0.50 (VIOLATED)
_23025_/A0                              0.75    1.25   -0.50 (VIOLATED)
_21953_/A0                              0.75    1.25   -0.50 (VIOLATED)
ANTENNA__21953__A0/DIODE                0.75    1.25   -0.50 (VIOLATED)
wire79/A                                0.75    1.25   -0.50 (VIOLATED)
ANTENNA_wire79_A/DIODE                  0.75    1.25   -0.50 (VIOLATED)
_26266_/A2_N                            0.75    1.25   -0.50 (VIOLATED)
ANTENNA__26266__A2_N/DIODE              0.75    1.25   -0.50 (VIOLATED)
_24920_/Y                               0.75    1.25   -0.50 (VIOLATED)
ANTENNA__25736__A/DIODE                 0.75    1.25   -0.50 (VIOLATED)
_25736_/A                               0.75    1.25   -0.50 (VIOLATED)
_27197_/B1                              0.75    1.25   -0.50 (VIOLATED)
ANTENNA__27197__B1/DIODE                0.75    1.25   -0.50 (VIOLATED)
_26987_/B1                              0.75    1.25   -0.50 (VIOLATED)
ANTENNA__26987__B1/DIODE                0.75    1.25   -0.50 (VIOLATED)
_26941_/A2_N                            0.75    1.25   -0.50 (VIOLATED)
ANTENNA__26941__A2_N/DIODE              0.75    1.25   -0.50 (VIOLATED)
_26561_/A2_N                            0.75    1.25   -0.50 (VIOLATED)
_23294_/A0                              0.75    1.25   -0.50 (VIOLATED)
ANTENNA__26561__A2_N/DIODE              0.75    1.25   -0.50 (VIOLATED)
_26608_/B1                              0.75    1.25   -0.50 (VIOLATED)
ANTENNA__26608__B1/DIODE                0.75    1.25   -0.50 (VIOLATED)
ANTENNA__23294__A0/DIODE                0.75    1.25   -0.50 (VIOLATED)
_25735_/Y                               0.75    1.25   -0.50 (VIOLATED)
_23577_/A0                              0.75    1.25   -0.50 (VIOLATED)
ANTENNA__23577__A0/DIODE                0.75    1.25   -0.50 (VIOLATED)
_26496_/A2_N                            0.75    1.25   -0.50 (VIOLATED)
ANTENNA__26496__A2_N/DIODE              0.75    1.25   -0.50 (VIOLATED)
_26127_/A2_N                            0.75    1.25   -0.50 (VIOLATED)
ANTENNA__26127__A2_N/DIODE              0.75    1.25   -0.50 (VIOLATED)
ANTENNA__27268__B1/DIODE                0.75    1.25   -0.50 (VIOLATED)
_27268_/B1                              0.75    1.25   -0.50 (VIOLATED)
ANTENNA__27278__B1/DIODE                0.75    1.25   -0.50 (VIOLATED)
_27278_/B1                              0.75    1.25   -0.50 (VIOLATED)
ANTENNA__27103__B1/DIODE                0.75    1.25   -0.50 (VIOLATED)
_27103_/B1                              0.75    1.25   -0.50 (VIOLATED)
_25244_/A                               0.75    1.25   -0.50 (VIOLATED)
ANTENNA__25244__A/DIODE                 0.75    1.25   -0.50 (VIOLATED)
_26723_/B1                              0.75    1.25   -0.50 (VIOLATED)
ANTENNA__26723__B1/DIODE                0.75    1.25   -0.50 (VIOLATED)
_25243_/Y                               0.75    1.25   -0.50 (VIOLATED)
_22221_/A0                              0.75    1.25   -0.50 (VIOLATED)
ANTENNA__22221__A0/DIODE                0.75    1.25   -0.50 (VIOLATED)
_26093_/A2                              0.75    1.25   -0.50 (VIOLATED)
ANTENNA__26093__A2/DIODE                0.75    1.25   -0.50 (VIOLATED)
_26463_/A2                              0.75    1.25   -0.50 (VIOLATED)
ANTENNA__26463__A2/DIODE                0.75    1.25   -0.50 (VIOLATED)
_26751_/B1                              0.75    1.25   -0.50 (VIOLATED)
ANTENNA__26751__B1/DIODE                0.75    1.25   -0.50 (VIOLATED)
_26091_/Y                               0.75    1.25   -0.50 (VIOLATED)
_22488_/A1                              0.75    1.25   -0.50 (VIOLATED)
ANTENNA__22488__A1/DIODE                0.75    1.25   -0.50 (VIOLATED)
_22757_/A0                              0.75    1.25   -0.50 (VIOLATED)
ANTENNA__22757__A0/DIODE                0.75    1.25   -0.50 (VIOLATED)
_21403_/A1                              0.75    1.25   -0.50 (VIOLATED)
ANTENNA__21403__A1/DIODE                0.75    1.25   -0.50 (VIOLATED)
_21684_/A0                              0.75    1.25   -0.50 (VIOLATED)
ANTENNA__21684__A0/DIODE                0.75    1.25   -0.50 (VIOLATED)
_21402_/X                               0.75    1.25   -0.50 (VIOLATED)
ANTENNA__26485__B1/DIODE                0.75    1.24   -0.49 (VIOLATED)
_26485_/B1                              0.75    1.24   -0.49 (VIOLATED)
ANTENNA__26113__B1/DIODE                0.75    1.24   -0.49 (VIOLATED)
_26113_/B1                              0.75    1.24   -0.49 (VIOLATED)
ANTENNA__26280__B1/DIODE                0.75    1.24   -0.49 (VIOLATED)
_26280_/B1                              0.75    1.24   -0.49 (VIOLATED)
_27161_/A2_N                            0.75    1.24   -0.49 (VIOLATED)
ANTENNA__27161__A2_N/DIODE              0.75    1.24   -0.49 (VIOLATED)
ANTENNA__26955__A2_N/DIODE              0.75    1.24   -0.49 (VIOLATED)
_26955_/A2_N                            0.75    1.24   -0.49 (VIOLATED)
_25024_/A                               0.75    1.24   -0.49 (VIOLATED)
ANTENNA__25024__A/DIODE                 0.75    1.24   -0.49 (VIOLATED)
_26576_/A2_N                            0.75    1.24   -0.49 (VIOLATED)
ANTENNA__26576__A2_N/DIODE              0.75    1.24   -0.49 (VIOLATED)
_25023_/Y                               0.75    1.24   -0.49 (VIOLATED)
ANTENNA__25170__B1/DIODE                0.75    1.24   -0.49 (VIOLATED)
_25170_/B1                              0.75    1.24   -0.49 (VIOLATED)
ANTENNA__26499__B1/DIODE                0.75    1.24   -0.49 (VIOLATED)
_26499_/B1                              0.75    1.24   -0.49 (VIOLATED)
_25863_/A                               0.75    1.24   -0.49 (VIOLATED)
ANTENNA__25863__A/DIODE                 0.75    1.24   -0.49 (VIOLATED)
ANTENNA__26014__B1/DIODE                0.75    1.24   -0.49 (VIOLATED)
_26014_/B1                              0.75    1.24   -0.49 (VIOLATED)
_27085_/B1                              0.75    1.24   -0.49 (VIOLATED)
ANTENNA__27085__B1/DIODE                0.75    1.24   -0.49 (VIOLATED)
ANTENNA__23537__A0/DIODE                0.75    1.24   -0.49 (VIOLATED)
_23537_/A0                              0.75    1.24   -0.49 (VIOLATED)
_26706_/B1                              0.75    1.24   -0.49 (VIOLATED)
ANTENNA__23254__A0/DIODE                0.75    1.24   -0.49 (VIOLATED)
_26707_/B1                              0.75    1.24   -0.49 (VIOLATED)
ANTENNA__26706__B1/DIODE                0.75    1.24   -0.49 (VIOLATED)
ANTENNA__26707__B1/DIODE                0.75    1.24   -0.49 (VIOLATED)
_23254_/A0                              0.75    1.24   -0.49 (VIOLATED)
_21913_/A0                              0.75    1.24   -0.49 (VIOLATED)
_25153_/Y                               0.75    1.24   -0.49 (VIOLATED)
ANTENNA__21913__A0/DIODE                0.75    1.24   -0.49 (VIOLATED)
_23267_/A0                              0.75    1.24   -0.49 (VIOLATED)
ANTENNA__23267__A0/DIODE                0.75    1.24   -0.49 (VIOLATED)
_21926_/A0                              0.75    1.24   -0.49 (VIOLATED)
ANTENNA__21926__A0/DIODE                0.75    1.24   -0.49 (VIOLATED)
_23550_/A0                              0.75    1.24   -0.49 (VIOLATED)
ANTENNA__23550__A0/DIODE                0.75    1.24   -0.49 (VIOLATED)
ANTENNA__22985__A0/DIODE                0.75    1.24   -0.49 (VIOLATED)
_22985_/A0                              0.75    1.24   -0.49 (VIOLATED)
_22998_/A0                              0.75    1.24   -0.49 (VIOLATED)
ANTENNA__22998__A0/DIODE                0.75    1.24   -0.49 (VIOLATED)
_22194_/A0                              0.75    1.24   -0.49 (VIOLATED)
_22448_/A1                              0.75    1.24   -0.49 (VIOLATED)
ANTENNA__22194__A0/DIODE                0.75    1.24   -0.49 (VIOLATED)
ANTENNA__22448__A1/DIODE                0.75    1.24   -0.49 (VIOLATED)
_21364_/A1                              0.75    1.24   -0.49 (VIOLATED)
ANTENNA__21364__A1/DIODE                0.75    1.24   -0.49 (VIOLATED)
_22461_/A1                              0.75    1.23   -0.48 (VIOLATED)
ANTENNA__22461__A1/DIODE                0.75    1.23   -0.48 (VIOLATED)
ANTENNA__21657__A0/DIODE                0.75    1.23   -0.48 (VIOLATED)
_21657_/A0                              0.75    1.23   -0.48 (VIOLATED)
_22730_/A0                              0.75    1.23   -0.48 (VIOLATED)
ANTENNA__22730__A0/DIODE                0.75    1.23   -0.48 (VIOLATED)
_21363_/X                               0.75    1.23   -0.48 (VIOLATED)
ANTENNA__22717__A0/DIODE                0.75    1.23   -0.48 (VIOLATED)
_22717_/A0                              0.75    1.23   -0.48 (VIOLATED)
ANTENNA__21346__A1/DIODE                0.75    1.23   -0.48 (VIOLATED)
_21346_/A1                              0.75    1.23   -0.48 (VIOLATED)
_21644_/A0                              0.75    1.23   -0.48 (VIOLATED)
ANTENNA__21644__A0/DIODE                0.75    1.23   -0.48 (VIOLATED)
ANTENNA__22181__A0/DIODE                0.75    1.23   -0.48 (VIOLATED)
_22181_/A0                              0.75    1.23   -0.48 (VIOLATED)
_21345_/X                               0.75    1.23   -0.48 (VIOLATED)
_22920_/A0                              0.75    1.23   -0.48 (VIOLATED)
ANTENNA__22920__A0/DIODE                0.75    1.23   -0.48 (VIOLATED)
_21848_/A0                              0.75    1.23   -0.48 (VIOLATED)
ANTENNA__21848__A0/DIODE                0.75    1.23   -0.48 (VIOLATED)
ANTENNA__27219__B1/DIODE                0.75    1.23   -0.48 (VIOLATED)
_27219_/B1                              0.75    1.23   -0.48 (VIOLATED)
ANTENNA__22383__A1/DIODE                0.75    1.23   -0.48 (VIOLATED)
_22383_/A1                              0.75    1.23   -0.48 (VIOLATED)
ANTENNA__23472__A0/DIODE                0.75    1.23   -0.48 (VIOLATED)
_23472_/A0                              0.75    1.23   -0.48 (VIOLATED)
ANTENNA__22652__A0/DIODE                0.75    1.23   -0.48 (VIOLATED)
_22652_/A0                              0.75    1.23   -0.48 (VIOLATED)
_23189_/A0                              0.75    1.23   -0.48 (VIOLATED)
ANTENNA__23189__A0/DIODE                0.75    1.23   -0.48 (VIOLATED)
_21260_/A1                              0.75    1.23   -0.48 (VIOLATED)
ANTENNA__21260__A1/DIODE                0.75    1.23   -0.48 (VIOLATED)
_22116_/A0                              0.75    1.23   -0.48 (VIOLATED)
ANTENNA__22116__A0/DIODE                0.75    1.23   -0.48 (VIOLATED)
_21579_/A0                              0.75    1.23   -0.48 (VIOLATED)
ANTENNA__21579__A0/DIODE                0.75    1.23   -0.48 (VIOLATED)
_27216_/X                               0.75    1.23   -0.48 (VIOLATED)
ANTENNA__22394__A1/DIODE                0.75    1.23   -0.48 (VIOLATED)
_22394_/A1                              0.75    1.23   -0.48 (VIOLATED)
_22663_/A0                              0.75    1.23   -0.48 (VIOLATED)
ANTENNA__22663__A0/DIODE                0.75    1.23   -0.48 (VIOLATED)
ANTENNA__22931__A0/DIODE                0.75    1.23   -0.48 (VIOLATED)
_22931_/A0                              0.75    1.23   -0.48 (VIOLATED)
ANTENNA__21859__A0/DIODE                0.75    1.23   -0.48 (VIOLATED)
_21859_/A0                              0.75    1.23   -0.48 (VIOLATED)
_21274_/A1                              0.75    1.23   -0.48 (VIOLATED)
_23482_/A0                              0.75    1.23   -0.48 (VIOLATED)
ANTENNA__23482__A0/DIODE                0.75    1.23   -0.48 (VIOLATED)
ANTENNA__21274__A1/DIODE                0.75    1.23   -0.48 (VIOLATED)
ANTENNA__23200__A0/DIODE                0.75    1.23   -0.48 (VIOLATED)
_23200_/A0                              0.75    1.23   -0.48 (VIOLATED)
ANTENNA__21590__A0/DIODE                0.75    1.23   -0.48 (VIOLATED)
_21590_/A0                              0.75    1.23   -0.48 (VIOLATED)
ANTENNA__22127__A0/DIODE                0.75    1.23   -0.48 (VIOLATED)
_22127_/A0                              0.75    1.23   -0.48 (VIOLATED)
_21273_/X                               0.75    1.23   -0.48 (VIOLATED)
ANTENNA__23084__A0/DIODE                0.75    1.22   -0.47 (VIOLATED)
_23084_/A0                              0.75    1.22   -0.47 (VIOLATED)
ANTENNA__21743__A0/DIODE                0.75    1.22   -0.47 (VIOLATED)
_21743_/A0                              0.75    1.22   -0.47 (VIOLATED)
_22816_/A0                              0.75    1.22   -0.47 (VIOLATED)
ANTENNA__22816__A0/DIODE                0.75    1.22   -0.47 (VIOLATED)
ANTENNA__22280__A1/DIODE                0.75    1.22   -0.47 (VIOLATED)
_22280_/A1                              0.75    1.22   -0.47 (VIOLATED)
_22548_/A0                              0.75    1.22   -0.47 (VIOLATED)
ANTENNA__22548__A0/DIODE                0.75    1.22   -0.47 (VIOLATED)
_22012_/A0                              0.75    1.22   -0.47 (VIOLATED)
ANTENNA__22012__A0/DIODE                0.75    1.22   -0.47 (VIOLATED)
_21120_/A1                              0.75    1.22   -0.47 (VIOLATED)
ANTENNA__21120__A1/DIODE                0.75    1.22   -0.47 (VIOLATED)
_21475_/A0                              0.75    1.22   -0.47 (VIOLATED)
ANTENNA__21475__A0/DIODE                0.75    1.22   -0.47 (VIOLATED)
ANTENNA__23368__A0/DIODE                0.75    1.22   -0.47 (VIOLATED)
_23368_/A0                              0.75    1.22   -0.47 (VIOLATED)
_21119_/X                               0.75    1.22   -0.47 (VIOLATED)
_25753_/A                               0.75    1.21   -0.46 (VIOLATED)
ANTENNA__25753__A/DIODE                 0.75    1.21   -0.46 (VIOLATED)
_26041_/B1                              0.75    1.21   -0.46 (VIOLATED)
ANTENNA__26041__B1/DIODE                0.75    1.21   -0.46 (VIOLATED)
ANTENNA__27275__B1/DIODE                0.75    1.21   -0.46 (VIOLATED)
_27275_/B1                              0.75    1.21   -0.46 (VIOLATED)
ANTENNA__27102__B1/DIODE                0.75    1.21   -0.46 (VIOLATED)
_27102_/B1                              0.75    1.21   -0.46 (VIOLATED)
ANTENNA__27101__B1/DIODE                0.75    1.21   -0.46 (VIOLATED)
_27101_/B1                              0.75    1.21   -0.46 (VIOLATED)
ANTENNA__26721__B1/DIODE                0.75    1.21   -0.46 (VIOLATED)
ANTENNA__26722__B1/DIODE                0.75    1.21   -0.46 (VIOLATED)
_26721_/B1                              0.75    1.21   -0.46 (VIOLATED)
_26722_/B1                              0.75    1.21   -0.46 (VIOLATED)
_25752_/Y                               0.75    1.21   -0.46 (VIOLATED)
_21745_/A0                              0.75    1.21   -0.46 (VIOLATED)
ANTENNA__21745__A0/DIODE                0.75    1.21   -0.46 (VIOLATED)
ANTENNA__22818__A0/DIODE                0.75    1.21   -0.46 (VIOLATED)
_22818_/A0                              0.75    1.21   -0.46 (VIOLATED)
_22282_/A1                              0.75    1.21   -0.46 (VIOLATED)
ANTENNA__22282__A1/DIODE                0.75    1.21   -0.46 (VIOLATED)
_23086_/A0                              0.75    1.21   -0.46 (VIOLATED)
ANTENNA__23086__A0/DIODE                0.75    1.21   -0.46 (VIOLATED)
_22550_/A0                              0.75    1.21   -0.46 (VIOLATED)
_22014_/A0                              0.75    1.21   -0.46 (VIOLATED)
ANTENNA__22014__A0/DIODE                0.75    1.21   -0.46 (VIOLATED)
ANTENNA__22550__A0/DIODE                0.75    1.21   -0.46 (VIOLATED)
_23370_/A0                              0.75    1.21   -0.46 (VIOLATED)
ANTENNA__23370__A0/DIODE                0.75    1.21   -0.46 (VIOLATED)
ANTENNA__21123__A1/DIODE                0.75    1.21   -0.46 (VIOLATED)
_21123_/A1                              0.75    1.21   -0.46 (VIOLATED)
_21477_/A0                              0.75    1.21   -0.46 (VIOLATED)
ANTENNA__21477__A0/DIODE                0.75    1.21   -0.46 (VIOLATED)
_21122_/X                               0.75    1.21   -0.46 (VIOLATED)
_23275_/A0                              0.75    1.21   -0.46 (VIOLATED)
ANTENNA__23275__A0/DIODE                0.75    1.21   -0.46 (VIOLATED)
_21934_/A0                              0.75    1.21   -0.46 (VIOLATED)
ANTENNA__21934__A0/DIODE                0.75    1.21   -0.46 (VIOLATED)
_23006_/A0                              0.75    1.20   -0.45 (VIOLATED)
ANTENNA__23006__A0/DIODE                0.75    1.20   -0.45 (VIOLATED)
_22469_/A1                              0.75    1.20   -0.45 (VIOLATED)
ANTENNA__22469__A1/DIODE                0.75    1.20   -0.45 (VIOLATED)
_22738_/A0                              0.75    1.20   -0.45 (VIOLATED)
ANTENNA__22738__A0/DIODE                0.75    1.20   -0.45 (VIOLATED)
_23558_/A0                              0.75    1.20   -0.45 (VIOLATED)
ANTENNA__23558__A0/DIODE                0.75    1.20   -0.45 (VIOLATED)
ANTENNA__22202__A0/DIODE                0.75    1.20   -0.45 (VIOLATED)
_22202_/A0                              0.75    1.20   -0.45 (VIOLATED)
_21376_/A1                              0.75    1.20   -0.45 (VIOLATED)
ANTENNA__21376__A1/DIODE                0.75    1.20   -0.45 (VIOLATED)
_21665_/A0                              0.75    1.20   -0.45 (VIOLATED)
ANTENNA__21665__A0/DIODE                0.75    1.20   -0.45 (VIOLATED)
ANTENNA__22297__A1/DIODE                0.75    1.20   -0.45 (VIOLATED)
_22297_/A1                              0.75    1.20   -0.45 (VIOLATED)
ANTENNA__22834__A0/DIODE                0.75    1.20   -0.45 (VIOLATED)
_22834_/A0                              0.75    1.20   -0.45 (VIOLATED)
_21375_/X                               0.75    1.20   -0.45 (VIOLATED)
_22406_/A1                              0.75    1.20   -0.45 (VIOLATED)
ANTENNA__22406__A1/DIODE                0.75    1.20   -0.45 (VIOLATED)
_22675_/A0                              0.75    1.20   -0.45 (VIOLATED)
ANTENNA__22675__A0/DIODE                0.75    1.20   -0.45 (VIOLATED)
_22943_/A0                              0.75    1.20   -0.45 (VIOLATED)
ANTENNA__22943__A0/DIODE                0.75    1.20   -0.45 (VIOLATED)
ANTENNA__21871__A0/DIODE                0.75    1.20   -0.45 (VIOLATED)
_21871_/A0                              0.75    1.20   -0.45 (VIOLATED)
_23495_/A0                              0.75    1.20   -0.45 (VIOLATED)
ANTENNA__23495__A0/DIODE                0.75    1.20   -0.45 (VIOLATED)
_21761_/A0                              0.75    1.20   -0.45 (VIOLATED)
ANTENNA__21761__A0/DIODE                0.75    1.20   -0.45 (VIOLATED)
_22566_/A0                              0.75    1.20   -0.45 (VIOLATED)
ANTENNA__22566__A0/DIODE                0.75    1.20   -0.45 (VIOLATED)
_21144_/A1                              0.75    1.20   -0.45 (VIOLATED)
ANTENNA__21144__A1/DIODE                0.75    1.20   -0.45 (VIOLATED)
ANTENNA__21493__A0/DIODE                0.75    1.20   -0.45 (VIOLATED)
_21493_/A0                              0.75    1.20   -0.45 (VIOLATED)
_23212_/A0                              0.75    1.20   -0.45 (VIOLATED)
ANTENNA__23212__A0/DIODE                0.75    1.20   -0.45 (VIOLATED)
ANTENNA__23102__A0/DIODE                0.75    1.20   -0.45 (VIOLATED)
_23102_/A0                              0.75    1.20   -0.45 (VIOLATED)
_22030_/A0                              0.75    1.20   -0.45 (VIOLATED)
ANTENNA__22030__A0/DIODE                0.75    1.20   -0.45 (VIOLATED)
ANTENNA__23386__A0/DIODE                0.75    1.20   -0.45 (VIOLATED)
_23386_/A0                              0.75    1.20   -0.45 (VIOLATED)
_21143_/X                               0.75    1.20   -0.45 (VIOLATED)
_22139_/A0                              0.75    1.20   -0.45 (VIOLATED)
ANTENNA__22139__A0/DIODE                0.75    1.20   -0.45 (VIOLATED)
ANTENNA__21290__A1/DIODE                0.75    1.20   -0.45 (VIOLATED)
_21290_/A1                              0.75    1.20   -0.45 (VIOLATED)
_21602_/A0                              0.75    1.20   -0.45 (VIOLATED)
ANTENNA__21602__A0/DIODE                0.75    1.20   -0.45 (VIOLATED)
_21289_/X                               0.75    1.20   -0.45 (VIOLATED)
ANTENNA__26070__B1/DIODE                0.75    1.20   -0.45 (VIOLATED)
_26070_/B1                              0.75    1.20   -0.45 (VIOLATED)
_26078_/A2_N                            0.75    1.20   -0.45 (VIOLATED)
ANTENNA__26078__A2_N/DIODE              0.75    1.20   -0.45 (VIOLATED)
_25344_/B1                              0.75    1.20   -0.45 (VIOLATED)
ANTENNA__25344__B1/DIODE                0.75    1.20   -0.45 (VIOLATED)
ANTENNA__25006__A/DIODE                 0.75    1.20   -0.45 (VIOLATED)
_25006_/A                               0.75    1.20   -0.45 (VIOLATED)
ANTENNA__27107__A2_N/DIODE              0.75    1.20   -0.45 (VIOLATED)
_27107_/A2_N                            0.75    1.20   -0.45 (VIOLATED)
ANTENNA__26727__A2_N/DIODE              0.75    1.20   -0.45 (VIOLATED)
ANTENNA__26728__B1/DIODE                0.75    1.20   -0.45 (VIOLATED)
_26727_/A2_N                            0.75    1.20   -0.45 (VIOLATED)
_26728_/B1                              0.75    1.20   -0.45 (VIOLATED)
_25005_/Y                               0.75    1.20   -0.45 (VIOLATED)
_23545_/A0                              0.75    1.18   -0.43 (VIOLATED)
ANTENNA__23545__A0/DIODE                0.75    1.18   -0.43 (VIOLATED)
_23263_/A0                              0.75    1.18   -0.43 (VIOLATED)
ANTENNA__23263__A0/DIODE                0.75    1.18   -0.43 (VIOLATED)
ANTENNA__21922__A0/DIODE                0.75    1.18   -0.43 (VIOLATED)
_21922_/A0                              0.75    1.18   -0.43 (VIOLATED)
_22994_/A0                              0.75    1.18   -0.43 (VIOLATED)
ANTENNA__22994__A0/DIODE                0.75    1.18   -0.43 (VIOLATED)
_22457_/A1                              0.75    1.18   -0.43 (VIOLATED)
ANTENNA__22457__A1/DIODE                0.75    1.18   -0.43 (VIOLATED)
ANTENNA__22726__A0/DIODE                0.75    1.18   -0.43 (VIOLATED)
_22726_/A0                              0.75    1.18   -0.43 (VIOLATED)
_21358_/A1                              0.75    1.18   -0.43 (VIOLATED)
ANTENNA__21358__A1/DIODE                0.75    1.18   -0.43 (VIOLATED)
ANTENNA__21990__A0/DIODE                0.75    1.18   -0.43 (VIOLATED)
_21990_/A0                              0.75    1.18   -0.43 (VIOLATED)
_21653_/A0                              0.75    1.18   -0.43 (VIOLATED)
ANTENNA__21653__A0/DIODE                0.75    1.18   -0.43 (VIOLATED)
_23062_/A0                              0.75    1.18   -0.43 (VIOLATED)
ANTENNA__23062__A0/DIODE                0.75    1.18   -0.43 (VIOLATED)
ANTENNA__22190__A0/DIODE                0.75    1.18   -0.43 (VIOLATED)
_22190_/A0                              0.75    1.18   -0.43 (VIOLATED)
_21357_/X                               0.75    1.18   -0.43 (VIOLATED)
_22526_/A1                              0.75    1.17   -0.42 (VIOLATED)
ANTENNA__22526__A1/DIODE                0.75    1.17   -0.42 (VIOLATED)
ANTENNA__22794__A0/DIODE                0.75    1.17   -0.42 (VIOLATED)
_22794_/A0                              0.75    1.17   -0.42 (VIOLATED)
_22562_/A0                              0.75    1.17   -0.42 (VIOLATED)
ANTENNA__22562__A0/DIODE                0.75    1.17   -0.42 (VIOLATED)
_22293_/A1                              0.75    1.17   -0.42 (VIOLATED)
ANTENNA__22293__A1/DIODE                0.75    1.17   -0.42 (VIOLATED)
_22830_/A0                              0.75    1.17   -0.42 (VIOLATED)
ANTENNA__22830__A0/DIODE                0.75    1.17   -0.42 (VIOLATED)
ANTENNA__21450__A1/DIODE                0.75    1.17   -0.42 (VIOLATED)
_21450_/A1                              0.75    1.17   -0.42 (VIOLATED)
ANTENNA__21721__A0/DIODE                0.75    1.17   -0.42 (VIOLATED)
_21721_/A0                              0.75    1.17   -0.42 (VIOLATED)
_21757_/A0                              0.75    1.17   -0.42 (VIOLATED)
ANTENNA__21757__A0/DIODE                0.75    1.17   -0.42 (VIOLATED)
_23331_/A0                              0.75    1.17   -0.42 (VIOLATED)
ANTENNA__23331__A0/DIODE                0.75    1.17   -0.42 (VIOLATED)
_23098_/A0                              0.75    1.17   -0.42 (VIOLATED)
ANTENNA__23098__A0/DIODE                0.75    1.17   -0.42 (VIOLATED)
_23614_/A0                              0.75    1.17   -0.42 (VIOLATED)
ANTENNA__23614__A0/DIODE                0.75    1.17   -0.42 (VIOLATED)
_22258_/A0                              0.75    1.17   -0.42 (VIOLATED)
ANTENNA__22258__A0/DIODE                0.75    1.17   -0.42 (VIOLATED)
_21449_/X                               0.75    1.17   -0.42 (VIOLATED)
_22026_/A0                              0.75    1.17   -0.42 (VIOLATED)
ANTENNA__22026__A0/DIODE                0.75    1.17   -0.42 (VIOLATED)
ANTENNA__21137__A1/DIODE                0.75    1.17   -0.42 (VIOLATED)
_21137_/A1                              0.75    1.17   -0.42 (VIOLATED)
ANTENNA__21489__A0/DIODE                0.75    1.17   -0.42 (VIOLATED)
_21489_/A0                              0.75    1.17   -0.42 (VIOLATED)
ANTENNA__23382__A0/DIODE                0.75    1.17   -0.42 (VIOLATED)
_23382_/A0                              0.75    1.17   -0.42 (VIOLATED)
_21136_/X                               0.75    1.17   -0.42 (VIOLATED)
ANTENNA__22373__A1/DIODE                0.75    1.17   -0.42 (VIOLATED)
_22373_/A1                              0.75    1.17   -0.42 (VIOLATED)
_21569_/A0                              0.75    1.17   -0.42 (VIOLATED)
ANTENNA__21569__A0/DIODE                0.75    1.17   -0.42 (VIOLATED)
_22910_/A0                              0.75    1.17   -0.42 (VIOLATED)
ANTENNA__22910__A0/DIODE                0.75    1.17   -0.42 (VIOLATED)
ANTENNA__21248__A1/DIODE                0.75    1.17   -0.42 (VIOLATED)
_21248_/A1                              0.75    1.17   -0.42 (VIOLATED)
ANTENNA__21838__A0/DIODE                0.75    1.17   -0.42 (VIOLATED)
_21838_/A0                              0.75    1.17   -0.42 (VIOLATED)
_23179_/A0                              0.75    1.17   -0.42 (VIOLATED)
ANTENNA__23179__A0/DIODE                0.75    1.17   -0.42 (VIOLATED)
_23461_/A0                              0.75    1.17   -0.42 (VIOLATED)
ANTENNA__23461__A0/DIODE                0.75    1.17   -0.42 (VIOLATED)
ANTENNA__22642__A0/DIODE                0.75    1.17   -0.42 (VIOLATED)
_22642_/A0                              0.75    1.17   -0.42 (VIOLATED)
_22106_/A0                              0.75    1.17   -0.42 (VIOLATED)
ANTENNA__22106__A0/DIODE                0.75    1.17   -0.42 (VIOLATED)
_21247_/X                               0.75    1.17   -0.42 (VIOLATED)
_22371_/A1                              0.75    1.17   -0.42 (VIOLATED)
ANTENNA__22371__A1/DIODE                0.75    1.17   -0.42 (VIOLATED)
_22640_/A0                              0.75    1.17   -0.42 (VIOLATED)
ANTENNA__22640__A0/DIODE                0.75    1.17   -0.42 (VIOLATED)
_21245_/A1                              0.75    1.17   -0.42 (VIOLATED)
ANTENNA__21245__A1/DIODE                0.75    1.17   -0.42 (VIOLATED)
_21567_/A0                              0.75    1.17   -0.42 (VIOLATED)
ANTENNA__21567__A0/DIODE                0.75    1.17   -0.42 (VIOLATED)
ANTENNA__22908__A0/DIODE                0.75    1.17   -0.42 (VIOLATED)
_22908_/A0                              0.75    1.17   -0.42 (VIOLATED)
ANTENNA__21836__A0/DIODE                0.75    1.17   -0.42 (VIOLATED)
_21836_/A0                              0.75    1.17   -0.42 (VIOLATED)
ANTENNA__23177__A0/DIODE                0.75    1.17   -0.42 (VIOLATED)
_23177_/A0                              0.75    1.17   -0.42 (VIOLATED)
_23459_/A0                              0.75    1.17   -0.42 (VIOLATED)
ANTENNA__23459__A0/DIODE                0.75    1.17   -0.42 (VIOLATED)
_22104_/A0                              0.75    1.17   -0.42 (VIOLATED)
ANTENNA__22104__A0/DIODE                0.75    1.17   -0.42 (VIOLATED)
_21243_/X                               0.75    1.17   -0.42 (VIOLATED)
_22941_/A0                              0.75    1.16   -0.41 (VIOLATED)
ANTENNA__22941__A0/DIODE                0.75    1.16   -0.41 (VIOLATED)
_22404_/A1                              0.75    1.16   -0.41 (VIOLATED)
ANTENNA__22404__A1/DIODE                0.75    1.16   -0.41 (VIOLATED)
_22673_/A0                              0.75    1.16   -0.41 (VIOLATED)
ANTENNA__22673__A0/DIODE                0.75    1.16   -0.41 (VIOLATED)
_23493_/A0                              0.75    1.16   -0.41 (VIOLATED)
ANTENNA__23493__A0/DIODE                0.75    1.16   -0.41 (VIOLATED)
_21287_/A1                              0.75    1.16   -0.41 (VIOLATED)
ANTENNA__21287__A1/DIODE                0.75    1.16   -0.41 (VIOLATED)
ANTENNA__23210__A0/DIODE                0.75    1.16   -0.41 (VIOLATED)
_23210_/A0                              0.75    1.16   -0.41 (VIOLATED)
ANTENNA__21869__A0/DIODE                0.75    1.16   -0.41 (VIOLATED)
_21869_/A0                              0.75    1.16   -0.41 (VIOLATED)
_21600_/A0                              0.75    1.16   -0.41 (VIOLATED)
ANTENNA__21600__A0/DIODE                0.75    1.16   -0.41 (VIOLATED)
ANTENNA__22137__A0/DIODE                0.75    1.16   -0.41 (VIOLATED)
_22137_/A0                              0.75    1.16   -0.41 (VIOLATED)
_21286_/X                               0.75    1.16   -0.41 (VIOLATED)
_24744_/A                               0.75    1.16   -0.41 (VIOLATED)
ANTENNA__24744__A/DIODE                 0.75    1.16   -0.41 (VIOLATED)
_26266_/B1                              0.75    1.16   -0.41 (VIOLATED)
ANTENNA__26266__B1/DIODE                0.75    1.16   -0.41 (VIOLATED)
_27168_/B1                              0.75    1.16   -0.41 (VIOLATED)
ANTENNA__27168__B1/DIODE                0.75    1.16   -0.41 (VIOLATED)
_26941_/B1                              0.75    1.16   -0.41 (VIOLATED)
ANTENNA__26941__B1/DIODE                0.75    1.16   -0.41 (VIOLATED)
_27021_/A2                              0.75    1.16   -0.41 (VIOLATED)
ANTENNA__27021__A2/DIODE                0.75    1.16   -0.41 (VIOLATED)
ANTENNA__26276__B1/DIODE                0.75    1.16   -0.41 (VIOLATED)
_26276_/B1                              0.75    1.16   -0.41 (VIOLATED)
_26497_/A2_N                            0.75    1.16   -0.41 (VIOLATED)
ANTENNA__26497__A2_N/DIODE              0.75    1.16   -0.41 (VIOLATED)
_26073_/B1                              0.75    1.16   -0.41 (VIOLATED)
ANTENNA__26073__B1/DIODE                0.75    1.16   -0.41 (VIOLATED)
_26642_/A2                              0.75    1.16   -0.41 (VIOLATED)
_27263_/A2                              0.75    1.16   -0.41 (VIOLATED)
ANTENNA__26642__A2/DIODE                0.75    1.16   -0.41 (VIOLATED)
ANTENNA__27263__A2/DIODE                0.75    1.16   -0.41 (VIOLATED)
_26561_/B1                              0.75    1.16   -0.41 (VIOLATED)
ANTENNA__26561__B1/DIODE                0.75    1.16   -0.41 (VIOLATED)
_24743_/Y                               0.75    1.16   -0.41 (VIOLATED)
_26953_/B1                              0.75    1.16   -0.41 (VIOLATED)
ANTENNA__26953__B1/DIODE                0.75    1.16   -0.41 (VIOLATED)
_26574_/B1                              0.75    1.16   -0.41 (VIOLATED)
ANTENNA__26574__B1/DIODE                0.75    1.16   -0.41 (VIOLATED)
_25418_/A                               0.75    1.16   -0.41 (VIOLATED)
ANTENNA__25418__A/DIODE                 0.75    1.16   -0.41 (VIOLATED)
_25417_/Y                               0.75    1.16   -0.41 (VIOLATED)
ANTENNA__23298__A0/DIODE                0.75    1.16   -0.41 (VIOLATED)
_23298_/A0                              0.75    1.16   -0.41 (VIOLATED)
ANTENNA__21957__A0/DIODE                0.75    1.16   -0.41 (VIOLATED)
_21957_/A0                              0.75    1.16   -0.41 (VIOLATED)
_23029_/A0                              0.75    1.16   -0.41 (VIOLATED)
ANTENNA__23029__A0/DIODE                0.75    1.16   -0.41 (VIOLATED)
_22492_/A1                              0.75    1.16   -0.41 (VIOLATED)
ANTENNA__22492__A1/DIODE                0.75    1.16   -0.41 (VIOLATED)
_22761_/A0                              0.75    1.16   -0.41 (VIOLATED)
ANTENNA__22761__A0/DIODE                0.75    1.16   -0.41 (VIOLATED)
_21408_/A1                              0.75    1.16   -0.41 (VIOLATED)
ANTENNA__21408__A1/DIODE                0.75    1.16   -0.41 (VIOLATED)
ANTENNA__23581__A0/DIODE                0.75    1.16   -0.41 (VIOLATED)
_23581_/A0                              0.75    1.16   -0.41 (VIOLATED)
ANTENNA__22225__A0/DIODE                0.75    1.16   -0.41 (VIOLATED)
_22225_/A0                              0.75    1.16   -0.41 (VIOLATED)
_21688_/A0                              0.75    1.16   -0.41 (VIOLATED)
ANTENNA__21688__A0/DIODE                0.75    1.16   -0.41 (VIOLATED)
_21407_/X                               0.75    1.16   -0.41 (VIOLATED)
_22960_/A0                              0.75    1.16   -0.41 (VIOLATED)
ANTENNA__22960__A0/DIODE                0.75    1.16   -0.41 (VIOLATED)
_22423_/A1                              0.75    1.16   -0.41 (VIOLATED)
_23512_/A0                              0.75    1.16   -0.41 (VIOLATED)
ANTENNA__22423__A1/DIODE                0.75    1.16   -0.41 (VIOLATED)
ANTENNA__23512__A0/DIODE                0.75    1.16   -0.41 (VIOLATED)
_22692_/A0                              0.75    1.16   -0.41 (VIOLATED)
ANTENNA__22692__A0/DIODE                0.75    1.16   -0.41 (VIOLATED)
_21888_/A0                              0.75    1.16   -0.41 (VIOLATED)
ANTENNA__21888__A0/DIODE                0.75    1.16   -0.41 (VIOLATED)
_23229_/A0                              0.75    1.16   -0.41 (VIOLATED)
ANTENNA__23229__A0/DIODE                0.75    1.16   -0.41 (VIOLATED)
_21312_/A1                              0.75    1.16   -0.41 (VIOLATED)
ANTENNA__21312__A1/DIODE                0.75    1.16   -0.41 (VIOLATED)
_21619_/A0                              0.75    1.16   -0.41 (VIOLATED)
ANTENNA__21619__A0/DIODE                0.75    1.16   -0.41 (VIOLATED)
_22156_/A0                              0.75    1.16   -0.41 (VIOLATED)
ANTENNA__22156__A0/DIODE                0.75    1.16   -0.41 (VIOLATED)
_21311_/X                               0.75    1.16   -0.41 (VIOLATED)
_22408_/A1                              0.75    1.15   -0.40 (VIOLATED)
ANTENNA__22408__A1/DIODE                0.75    1.15   -0.40 (VIOLATED)
_22677_/A0                              0.75    1.15   -0.40 (VIOLATED)
ANTENNA__22677__A0/DIODE                0.75    1.15   -0.40 (VIOLATED)
_22945_/A0                              0.75    1.15   -0.40 (VIOLATED)
ANTENNA__22945__A0/DIODE                0.75    1.15   -0.40 (VIOLATED)
_21873_/A0                              0.75    1.15   -0.40 (VIOLATED)
ANTENNA__21873__A0/DIODE                0.75    1.15   -0.40 (VIOLATED)
_23497_/A0                              0.75    1.15   -0.40 (VIOLATED)
ANTENNA__23497__A0/DIODE                0.75    1.15   -0.40 (VIOLATED)
_23214_/A0                              0.75    1.15   -0.40 (VIOLATED)
ANTENNA__23214__A0/DIODE                0.75    1.15   -0.40 (VIOLATED)
_22141_/A0                              0.75    1.15   -0.40 (VIOLATED)
ANTENNA_25/DIODE                        0.75    1.15   -0.40 (VIOLATED)
ANTENNA__22141__A0/DIODE                0.75    1.15   -0.40 (VIOLATED)
_21293_/A1                              0.75    1.15   -0.40 (VIOLATED)
ANTENNA__21293__A1/DIODE                0.75    1.15   -0.40 (VIOLATED)
_21604_/A0                              0.75    1.15   -0.40 (VIOLATED)
ANTENNA__21604__A0/DIODE                0.75    1.15   -0.40 (VIOLATED)
_21292_/X                               0.75    1.15   -0.40 (VIOLATED)
ANTENNA__23114__A0/DIODE                0.75    1.15   -0.40 (VIOLATED)
_23114_/A0                              0.75    1.15   -0.40 (VIOLATED)
ANTENNA__21773__A0/DIODE                0.75    1.15   -0.40 (VIOLATED)
_21773_/A0                              0.75    1.15   -0.40 (VIOLATED)
_22845_/A0                              0.75    1.15   -0.40 (VIOLATED)
ANTENNA__22845__A0/DIODE                0.75    1.15   -0.40 (VIOLATED)
ANTENNA__22308__A1/DIODE                0.75    1.15   -0.40 (VIOLATED)
_22308_/A1                              0.75    1.15   -0.40 (VIOLATED)
_22577_/A0                              0.75    1.15   -0.40 (VIOLATED)
ANTENNA__22577__A0/DIODE                0.75    1.15   -0.40 (VIOLATED)
_21160_/A1                              0.75    1.15   -0.40 (VIOLATED)
ANTENNA__21160__A1/DIODE                0.75    1.15   -0.40 (VIOLATED)
_26800_/A2                              0.75    1.15   -0.40 (VIOLATED)
ANTENNA__26800__A2/DIODE                0.75    1.15   -0.40 (VIOLATED)
_22041_/A0                              0.75    1.15   -0.40 (VIOLATED)
ANTENNA__22041__A0/DIODE                0.75    1.15   -0.40 (VIOLATED)
_23396_/A0                              0.75    1.15   -0.40 (VIOLATED)
ANTENNA__23396__A0/DIODE                0.75    1.15   -0.40 (VIOLATED)
_21504_/A0                              0.75    1.15   -0.40 (VIOLATED)
ANTENNA__21504__A0/DIODE                0.75    1.15   -0.40 (VIOLATED)
_26798_/X                               0.75    1.15   -0.40 (VIOLATED)
_22810_/A0                              0.75    1.14   -0.39 (VIOLATED)
ANTENNA__22810__A0/DIODE                0.75    1.14   -0.39 (VIOLATED)
_22274_/A1                              0.75    1.14   -0.39 (VIOLATED)
ANTENNA__22274__A1/DIODE                0.75    1.14   -0.39 (VIOLATED)
ANTENNA__22542__A0/DIODE                0.75    1.14   -0.39 (VIOLATED)
_22542_/A0                              0.75    1.14   -0.39 (VIOLATED)
_21737_/A0                              0.75    1.14   -0.39 (VIOLATED)
ANTENNA__21737__A0/DIODE                0.75    1.14   -0.39 (VIOLATED)
_21111_/A1                              0.75    1.14   -0.39 (VIOLATED)
ANTENNA__21111__A1/DIODE                0.75    1.14   -0.39 (VIOLATED)
_23078_/A0                              0.75    1.14   -0.39 (VIOLATED)
ANTENNA__23078__A0/DIODE                0.75    1.14   -0.39 (VIOLATED)
ANTENNA__21469__A0/DIODE                0.75    1.14   -0.39 (VIOLATED)
_21469_/A0                              0.75    1.14   -0.39 (VIOLATED)
_22006_/A0                              0.75    1.14   -0.39 (VIOLATED)
ANTENNA__22006__A0/DIODE                0.75    1.14   -0.39 (VIOLATED)
ANTENNA__23362__A0/DIODE                0.75    1.14   -0.39 (VIOLATED)
_23362_/A0                              0.75    1.14   -0.39 (VIOLATED)
_21110_/X                               0.75    1.14   -0.39 (VIOLATED)
_23543_/A0                              0.75    1.14   -0.39 (VIOLATED)
ANTENNA__23543__A0/DIODE                0.75    1.14   -0.39 (VIOLATED)
ANTENNA__23261__A0/DIODE                0.75    1.14   -0.39 (VIOLATED)
_23261_/A0                              0.75    1.14   -0.39 (VIOLATED)
ANTENNA__21920__A0/DIODE                0.75    1.14   -0.39 (VIOLATED)
_21920_/A0                              0.75    1.14   -0.39 (VIOLATED)
ANTENNA__22992__A0/DIODE                0.75    1.14   -0.39 (VIOLATED)
_22992_/A0                              0.75    1.14   -0.39 (VIOLATED)
_22455_/A1                              0.75    1.14   -0.39 (VIOLATED)
ANTENNA__22455__A1/DIODE                0.75    1.14   -0.39 (VIOLATED)
_22724_/A0                              0.75    1.13   -0.38 (VIOLATED)
ANTENNA__22724__A0/DIODE                0.75    1.13   -0.38 (VIOLATED)
_22507_/A1                              0.75    1.13   -0.38 (VIOLATED)
ANTENNA__22507__A1/DIODE                0.75    1.13   -0.38 (VIOLATED)
_22776_/A0                              0.75    1.13   -0.38 (VIOLATED)
ANTENNA__22776__A0/DIODE                0.75    1.13   -0.38 (VIOLATED)
_21427_/A1                              0.75    1.13   -0.38 (VIOLATED)
ANTENNA__21427__A1/DIODE                0.75    1.13   -0.38 (VIOLATED)
_23044_/A0                              0.75    1.13   -0.38 (VIOLATED)
ANTENNA__23044__A0/DIODE                0.75    1.13   -0.38 (VIOLATED)
_21972_/A0                              0.75    1.13   -0.38 (VIOLATED)
ANTENNA__21972__A0/DIODE                0.75    1.13   -0.38 (VIOLATED)
_23313_/A0                              0.75    1.13   -0.38 (VIOLATED)
ANTENNA__23313__A0/DIODE                0.75    1.13   -0.38 (VIOLATED)
_21703_/A0                              0.75    1.13   -0.38 (VIOLATED)
ANTENNA__21703__A0/DIODE                0.75    1.13   -0.38 (VIOLATED)
_22240_/A0                              0.75    1.13   -0.38 (VIOLATED)
ANTENNA__22240__A0/DIODE                0.75    1.13   -0.38 (VIOLATED)
_21355_/A1                              0.75    1.13   -0.38 (VIOLATED)
ANTENNA__21355__A1/DIODE                0.75    1.13   -0.38 (VIOLATED)
_23596_/A0                              0.75    1.13   -0.38 (VIOLATED)
ANTENNA__23596__A0/DIODE                0.75    1.13   -0.38 (VIOLATED)
_21426_/X                               0.75    1.13   -0.38 (VIOLATED)
_21651_/A0                              0.75    1.13   -0.38 (VIOLATED)
ANTENNA__21651__A0/DIODE                0.75    1.13   -0.38 (VIOLATED)
ANTENNA__22188__A0/DIODE                0.75    1.13   -0.38 (VIOLATED)
_22188_/A0                              0.75    1.13   -0.38 (VIOLATED)
_21353_/X                               0.75    1.13   -0.38 (VIOLATED)
_25286_/B1                              0.75    1.13   -0.38 (VIOLATED)
ANTENNA__25286__B1/DIODE                0.75    1.13   -0.38 (VIOLATED)
_26010_/B1                              0.75    1.13   -0.38 (VIOLATED)
ANTENNA__26010__B1/DIODE                0.75    1.13   -0.38 (VIOLATED)
_26210_/A2_N                            0.75    1.13   -0.38 (VIOLATED)
ANTENNA__26210__A2_N/DIODE              0.75    1.13   -0.38 (VIOLATED)
_27271_/A2_N                            0.75    1.13   -0.38 (VIOLATED)
ANTENNA__27271__A2_N/DIODE              0.75    1.13   -0.38 (VIOLATED)
_27097_/A2_N                            0.75    1.13   -0.38 (VIOLATED)
ANTENNA__27097__A2_N/DIODE              0.75    1.13   -0.38 (VIOLATED)
ANTENNA__26717__A2_N/DIODE              0.75    1.13   -0.38 (VIOLATED)
_26717_/A2_N                            0.75    1.13   -0.38 (VIOLATED)
_25671_/A                               0.75    1.13   -0.38 (VIOLATED)
ANTENNA__25671__A/DIODE                 0.75    1.13   -0.38 (VIOLATED)
_25285_/Y                               0.75    1.13   -0.38 (VIOLATED)
ANTENNA__21884__A0/DIODE                0.75    1.12   -0.37 (VIOLATED)
_21884_/A0                              0.75    1.12   -0.37 (VIOLATED)
_22956_/A0                              0.75    1.12   -0.37 (VIOLATED)
ANTENNA__22956__A0/DIODE                0.75    1.12   -0.37 (VIOLATED)
_22419_/A1                              0.75    1.12   -0.37 (VIOLATED)
ANTENNA__22419__A1/DIODE                0.75    1.12   -0.37 (VIOLATED)
ANTENNA__21307__A1/DIODE                0.75    1.12   -0.37 (VIOLATED)
_21307_/A1                              0.75    1.12   -0.37 (VIOLATED)
_22688_/A0                              0.75    1.12   -0.37 (VIOLATED)
ANTENNA__22688__A0/DIODE                0.75    1.12   -0.37 (VIOLATED)
_21615_/A0                              0.75    1.12   -0.37 (VIOLATED)
ANTENNA__21615__A0/DIODE                0.75    1.12   -0.37 (VIOLATED)
_23508_/A0                              0.75    1.12   -0.37 (VIOLATED)
ANTENNA__23508__A0/DIODE                0.75    1.12   -0.37 (VIOLATED)
_23225_/A0                              0.75    1.12   -0.37 (VIOLATED)
ANTENNA__23225__A0/DIODE                0.75    1.12   -0.37 (VIOLATED)
_22152_/A0                              0.75    1.12   -0.37 (VIOLATED)
ANTENNA__22152__A0/DIODE                0.75    1.12   -0.37 (VIOLATED)
_21306_/X                               0.75    1.12   -0.37 (VIOLATED)
_25615_/A                               0.75    1.12   -0.37 (VIOLATED)
ANTENNA__25615__A/DIODE                 0.75    1.12   -0.37 (VIOLATED)
_26508_/B1                              0.75    1.12   -0.37 (VIOLATED)
ANTENNA__26508__B1/DIODE                0.75    1.12   -0.37 (VIOLATED)
ANTENNA__27278__A2/DIODE                0.75    1.12   -0.37 (VIOLATED)
_27278_/A2                              0.75    1.12   -0.37 (VIOLATED)
_27108_/A2                              0.75    1.12   -0.37 (VIOLATED)
ANTENNA__27108__A2/DIODE                0.75    1.12   -0.37 (VIOLATED)
_27103_/A2                              0.75    1.12   -0.37 (VIOLATED)
ANTENNA__27103__A2/DIODE                0.75    1.12   -0.37 (VIOLATED)
_26728_/A2                              0.75    1.12   -0.37 (VIOLATED)
ANTENNA__26728__A2/DIODE                0.75    1.12   -0.37 (VIOLATED)
_26723_/A2                              0.75    1.12   -0.37 (VIOLATED)
ANTENNA__26723__A2/DIODE                0.75    1.12   -0.37 (VIOLATED)
_25614_/Y                               0.75    1.12   -0.37 (VIOLATED)
ANTENNA__23524__A0/DIODE                0.75    1.12   -0.37 (VIOLATED)
_23524_/A0                              0.75    1.12   -0.37 (VIOLATED)
ANTENNA__22169__A0/DIODE                0.75    1.12   -0.37 (VIOLATED)
_22169_/A0                              0.75    1.12   -0.37 (VIOLATED)
ANTENNA__23242__A0/DIODE                0.75    1.12   -0.37 (VIOLATED)
_23242_/A0                              0.75    1.12   -0.37 (VIOLATED)
_21901_/A0                              0.75    1.12   -0.37 (VIOLATED)
ANTENNA__21901__A0/DIODE                0.75    1.12   -0.37 (VIOLATED)
_22973_/A0                              0.75    1.12   -0.37 (VIOLATED)
ANTENNA__22973__A0/DIODE                0.75    1.12   -0.37 (VIOLATED)
_21970_/A0                              0.75    1.12   -0.37 (VIOLATED)
ANTENNA__21970__A0/DIODE                0.75    1.12   -0.37 (VIOLATED)
ANTENNA__23042__A0/DIODE                0.75    1.12   -0.37 (VIOLATED)
_23042_/A0                              0.75    1.12   -0.37 (VIOLATED)
ANTENNA__22505__A1/DIODE                0.75    1.12   -0.37 (VIOLATED)
_22505_/A1                              0.75    1.12   -0.37 (VIOLATED)
ANTENNA__22436__A1/DIODE                0.75    1.12   -0.37 (VIOLATED)
_22436_/A1                              0.75    1.12   -0.37 (VIOLATED)
_22774_/A0                              0.75    1.12   -0.37 (VIOLATED)
ANTENNA__22774__A0/DIODE                0.75    1.12   -0.37 (VIOLATED)
_26750_/B1                              0.75    1.12   -0.37 (VIOLATED)
ANTENNA__26750__B1/DIODE                0.75    1.12   -0.37 (VIOLATED)
ANTENNA__22705__A0/DIODE                0.75    1.12   -0.37 (VIOLATED)
_22705_/A0                              0.75    1.12   -0.37 (VIOLATED)
ANTENNA__21328__A1/DIODE                0.75    1.12   -0.37 (VIOLATED)
_21328_/A1                              0.75    1.12   -0.37 (VIOLATED)
ANTENNA__21632__A0/DIODE                0.75    1.12   -0.37 (VIOLATED)
_21632_/A0                              0.75    1.12   -0.37 (VIOLATED)
_26747_/X                               0.75    1.12   -0.37 (VIOLATED)
_21424_/A1                              0.75    1.12   -0.37 (VIOLATED)
ANTENNA__21424__A1/DIODE                0.75    1.12   -0.37 (VIOLATED)
_21701_/A0                              0.75    1.12   -0.37 (VIOLATED)
ANTENNA__21701__A0/DIODE                0.75    1.12   -0.37 (VIOLATED)
_23311_/A0                              0.75    1.11   -0.36 (VIOLATED)
ANTENNA__23311__A0/DIODE                0.75    1.11   -0.36 (VIOLATED)
_23594_/A0                              0.75    1.11   -0.36 (VIOLATED)
ANTENNA__23594__A0/DIODE                0.75    1.11   -0.36 (VIOLATED)
ANTENNA__22238__A0/DIODE                0.75    1.11   -0.36 (VIOLATED)
_22238_/A0                              0.75    1.11   -0.36 (VIOLATED)
_21423_/X                               0.75    1.11   -0.36 (VIOLATED)
_21739_/A0                              0.75    1.11   -0.36 (VIOLATED)
ANTENNA__21739__A0/DIODE                0.75    1.11   -0.36 (VIOLATED)
_22812_/A0                              0.75    1.11   -0.36 (VIOLATED)
ANTENNA__22812__A0/DIODE                0.75    1.11   -0.36 (VIOLATED)
_22276_/A1                              0.75    1.11   -0.36 (VIOLATED)
ANTENNA__22276__A1/DIODE                0.75    1.11   -0.36 (VIOLATED)
_22544_/A0                              0.75    1.11   -0.36 (VIOLATED)
ANTENNA__22544__A0/DIODE                0.75    1.11   -0.36 (VIOLATED)
ANTENNA__21115__A1/DIODE                0.75    1.11   -0.36 (VIOLATED)
_21115_/A1                              0.75    1.11   -0.36 (VIOLATED)
_23080_/A0                              0.75    1.11   -0.36 (VIOLATED)
ANTENNA__23080__A0/DIODE                0.75    1.11   -0.36 (VIOLATED)
_22008_/A0                              0.75    1.11   -0.36 (VIOLATED)
ANTENNA__21471__A0/DIODE                0.75    1.11   -0.36 (VIOLATED)
_21471_/A0                              0.75    1.11   -0.36 (VIOLATED)
ANTENNA__22008__A0/DIODE                0.75    1.11   -0.36 (VIOLATED)
ANTENNA__23364__A0/DIODE                0.75    1.11   -0.36 (VIOLATED)
_23364_/A0                              0.75    1.11   -0.36 (VIOLATED)
_21114_/X                               0.75    1.11   -0.36 (VIOLATED)
_22486_/A1                              0.75    1.11   -0.36 (VIOLATED)
ANTENNA__22486__A1/DIODE                0.75    1.11   -0.36 (VIOLATED)
_22755_/A0                              0.75    1.11   -0.36 (VIOLATED)
ANTENNA__22755__A0/DIODE                0.75    1.11   -0.36 (VIOLATED)
_21682_/A0                              0.75    1.11   -0.36 (VIOLATED)
ANTENNA__21682__A0/DIODE                0.75    1.11   -0.36 (VIOLATED)
ANTENNA__21400__A1/DIODE                0.75    1.11   -0.36 (VIOLATED)
_21400_/A1                              0.75    1.11   -0.36 (VIOLATED)
ANTENNA__23023__A0/DIODE                0.75    1.11   -0.36 (VIOLATED)
_23023_/A0                              0.75    1.11   -0.36 (VIOLATED)
_21951_/A0                              0.75    1.11   -0.36 (VIOLATED)
ANTENNA__21951__A0/DIODE                0.75    1.11   -0.36 (VIOLATED)
_23575_/A0                              0.75    1.11   -0.36 (VIOLATED)
ANTENNA__23575__A0/DIODE                0.75    1.11   -0.36 (VIOLATED)
_23292_/A0                              0.75    1.11   -0.36 (VIOLATED)
ANTENNA__23292__A0/DIODE                0.75    1.11   -0.36 (VIOLATED)
_22219_/A0                              0.75    1.11   -0.36 (VIOLATED)
ANTENNA__22219__A0/DIODE                0.75    1.11   -0.36 (VIOLATED)
_21399_/X                               0.75    1.11   -0.36 (VIOLATED)
ANTENNA__22101__A0/DIODE                0.75    1.10   -0.35 (VIOLATED)
_22101_/A0                              0.75    1.10   -0.35 (VIOLATED)
_23457_/A0                              0.75    1.10   -0.35 (VIOLATED)
ANTENNA__23457__A0/DIODE                0.75    1.10   -0.35 (VIOLATED)
ANTENNA__22369__A1/DIODE                0.75    1.10   -0.35 (VIOLATED)
_22369_/A1                              0.75    1.10   -0.35 (VIOLATED)
_23174_/A0                              0.75    1.10   -0.35 (VIOLATED)
ANTENNA__23174__A0/DIODE                0.75    1.10   -0.35 (VIOLATED)
ANTENNA__22379__A1/DIODE                0.75    1.10   -0.35 (VIOLATED)
_22379_/A1                              0.75    1.10   -0.35 (VIOLATED)
_21833_/A0                              0.75    1.10   -0.35 (VIOLATED)
ANTENNA__21833__A0/DIODE                0.75    1.10   -0.35 (VIOLATED)
_22905_/A0                              0.75    1.10   -0.35 (VIOLATED)
ANTENNA__22905__A0/DIODE                0.75    1.10   -0.35 (VIOLATED)
_22916_/A0                              0.75    1.10   -0.35 (VIOLATED)
ANTENNA__22916__A0/DIODE                0.75    1.10   -0.35 (VIOLATED)
_22648_/A0                              0.75    1.10   -0.35 (VIOLATED)
ANTENNA__22648__A0/DIODE                0.75    1.10   -0.35 (VIOLATED)
_22637_/A0                              0.75    1.10   -0.35 (VIOLATED)
ANTENNA__22637__A0/DIODE                0.75    1.10   -0.35 (VIOLATED)
_21255_/A1                              0.75    1.10   -0.35 (VIOLATED)
ANTENNA__21255__A1/DIODE                0.75    1.10   -0.35 (VIOLATED)
ANTENNA__21575__A0/DIODE                0.75    1.10   -0.35 (VIOLATED)
_21575_/A0                              0.75    1.10   -0.35 (VIOLATED)
ANTENNA__23468__A0/DIODE                0.75    1.10   -0.35 (VIOLATED)
_23468_/A0                              0.75    1.10   -0.35 (VIOLATED)
_23185_/A0                              0.75    1.10   -0.35 (VIOLATED)
ANTENNA__23185__A0/DIODE                0.75    1.10   -0.35 (VIOLATED)
_21564_/A0                              0.75    1.10   -0.35 (VIOLATED)
ANTENNA__21564__A0/DIODE                0.75    1.10   -0.35 (VIOLATED)
ANTENNA__21241__A1/DIODE                0.75    1.10   -0.35 (VIOLATED)
_21241_/A1                              0.75    1.10   -0.35 (VIOLATED)
_21844_/A0                              0.75    1.10   -0.35 (VIOLATED)
ANTENNA__21844__A0/DIODE                0.75    1.10   -0.35 (VIOLATED)
_22112_/A0                              0.75    1.10   -0.35 (VIOLATED)
ANTENNA__22112__A0/DIODE                0.75    1.10   -0.35 (VIOLATED)
_21254_/X                               0.75    1.10   -0.35 (VIOLATED)
_21240_/X                               0.75    1.10   -0.35 (VIOLATED)
_27271_/B1                              0.75    1.10   -0.35 (VIOLATED)
ANTENNA__27271__B1/DIODE                0.75    1.10   -0.35 (VIOLATED)
ANTENNA__25076__A2_N/DIODE              0.75    1.10   -0.35 (VIOLATED)
_25076_/A2_N                            0.75    1.10   -0.35 (VIOLATED)
_27097_/B1                              0.75    1.10   -0.35 (VIOLATED)
ANTENNA__27097__B1/DIODE                0.75    1.10   -0.35 (VIOLATED)
_26717_/B1                              0.75    1.10   -0.35 (VIOLATED)
ANTENNA__26717__B1/DIODE                0.75    1.10   -0.35 (VIOLATED)
ANTENNA__25883__A/DIODE                 0.75    1.10   -0.35 (VIOLATED)
_25883_/A                               0.75    1.10   -0.35 (VIOLATED)
_25067_/Y                               0.75    1.10   -0.35 (VIOLATED)
ANTENNA__26258__A2/DIODE                0.75    1.09   -0.34 (VIOLATED)
_26258_/A2                              0.75    1.09   -0.34 (VIOLATED)
_25775_/A                               0.75    1.09   -0.34 (VIOLATED)
ANTENNA__25775__A/DIODE                 0.75    1.09   -0.34 (VIOLATED)
ANTENNA__27206__B1/DIODE                0.75    1.09   -0.34 (VIOLATED)
_27206_/B1                              0.75    1.09   -0.34 (VIOLATED)
ANTENNA__26984__A2_N/DIODE              0.75    1.09   -0.34 (VIOLATED)
_26984_/A2_N                            0.75    1.09   -0.34 (VIOLATED)
_26936_/A2                              0.75    1.09   -0.34 (VIOLATED)
ANTENNA__26936__A2/DIODE                0.75    1.09   -0.34 (VIOLATED)
_26556_/A2                              0.75    1.09   -0.34 (VIOLATED)
ANTENNA__26556__A2/DIODE                0.75    1.09   -0.34 (VIOLATED)
ANTENNA__26605__A2_N/DIODE              0.75    1.09   -0.34 (VIOLATED)
_26605_/A2_N                            0.75    1.09   -0.34 (VIOLATED)
_25774_/Y                               0.75    1.09   -0.34 (VIOLATED)
_24761_/A                               0.75    1.09   -0.34 (VIOLATED)
ANTENNA__24761__A/DIODE                 0.75    1.09   -0.34 (VIOLATED)
_26208_/B1                              0.75    1.09   -0.34 (VIOLATED)
ANTENNA__26208__B1/DIODE                0.75    1.09   -0.34 (VIOLATED)
_27269_/B1                              0.75    1.09   -0.34 (VIOLATED)
ANTENNA__27269__B1/DIODE                0.75    1.09   -0.34 (VIOLATED)
_27288_/B1                              0.75    1.09   -0.34 (VIOLATED)
ANTENNA__27288__B1/DIODE                0.75    1.09   -0.34 (VIOLATED)
_27093_/B1                              0.75    1.09   -0.34 (VIOLATED)
ANTENNA__27093__B1/DIODE                0.75    1.09   -0.34 (VIOLATED)
_26713_/B1                              0.75    1.09   -0.34 (VIOLATED)
ANTENNA__26713__B1/DIODE                0.75    1.09   -0.34 (VIOLATED)
_26734_/B1                              0.75    1.09   -0.34 (VIOLATED)
ANTENNA__26734__B1/DIODE                0.75    1.09   -0.34 (VIOLATED)
_24760_/Y                               0.75    1.09   -0.34 (VIOLATED)
ANTENNA__26499__A2/DIODE                0.75    1.09   -0.34 (VIOLATED)
_26499_/A2                              0.75    1.09   -0.34 (VIOLATED)
ANTENNA__26116__B1/DIODE                0.75    1.09   -0.34 (VIOLATED)
_26116_/B1                              0.75    1.09   -0.34 (VIOLATED)
_26231_/A2                              0.75    1.09   -0.34 (VIOLATED)
ANTENNA__26231__A2/DIODE                0.75    1.09   -0.34 (VIOLATED)
_27290_/A2                              0.75    1.08   -0.33 (VIOLATED)
ANTENNA__27290__A2/DIODE                0.75    1.08   -0.33 (VIOLATED)
_27116_/A2                              0.75    1.08   -0.33 (VIOLATED)
ANTENNA__27116__A2/DIODE                0.75    1.08   -0.33 (VIOLATED)
_25842_/A                               0.75    1.08   -0.33 (VIOLATED)
ANTENNA__25842__A/DIODE                 0.75    1.08   -0.33 (VIOLATED)
_26736_/A2                              0.75    1.08   -0.33 (VIOLATED)
ANTENNA__26736__A2/DIODE                0.75    1.08   -0.33 (VIOLATED)
_25841_/Y                               0.75    1.08   -0.33 (VIOLATED)
_26074_/A2_N                            0.75    1.08   -0.33 (VIOLATED)
ANTENNA__26074__A2_N/DIODE              0.75    1.08   -0.33 (VIOLATED)
ANTENNA__24706__A/DIODE                 0.75    1.08   -0.33 (VIOLATED)
_24706_/A                               0.75    1.08   -0.33 (VIOLATED)
ANTENNA__26340__A2_N/DIODE              0.75    1.08   -0.33 (VIOLATED)
_26340_/A2_N                            0.75    1.08   -0.33 (VIOLATED)
ANTENNA__26998__A2/DIODE                0.75    1.08   -0.33 (VIOLATED)
_26998_/A2                              0.75    1.08   -0.33 (VIOLATED)
_27048_/A2                              0.75    1.08   -0.33 (VIOLATED)
ANTENNA__27048__A2/DIODE                0.75    1.08   -0.33 (VIOLATED)
_26619_/A2                              0.75    1.08   -0.33 (VIOLATED)
_26669_/A2                              0.75    1.08   -0.33 (VIOLATED)
ANTENNA__26619__A2/DIODE                0.75    1.08   -0.33 (VIOLATED)
ANTENNA__26669__A2/DIODE                0.75    1.08   -0.33 (VIOLATED)
_27285_/A2                              0.75    1.08   -0.33 (VIOLATED)
ANTENNA__27285__A2/DIODE                0.75    1.08   -0.33 (VIOLATED)
ANTENNA_max_cap61_A/DIODE               0.75    1.08   -0.33 (VIOLATED)
max_cap61/A                             0.75    1.08   -0.33 (VIOLATED)
_25479_/Y                               0.75    1.08   -0.33 (VIOLATED)
_27031_/A2                              0.75    1.08   -0.33 (VIOLATED)
ANTENNA__27031__A2/DIODE                0.75    1.08   -0.33 (VIOLATED)
_26652_/A2                              0.75    1.08   -0.33 (VIOLATED)
_26731_/A2                              0.75    1.08   -0.33 (VIOLATED)
ANTENNA__26731__A2/DIODE                0.75    1.08   -0.33 (VIOLATED)
ANTENNA__26652__A2/DIODE                0.75    1.08   -0.33 (VIOLATED)
_24705_/Y                               0.75    1.08   -0.33 (VIOLATED)
ANTENNA_2/DIODE                         0.75    1.08   -0.33 (VIOLATED)
_27949_/A                               0.75    1.08   -0.33 (VIOLATED)
ANTENNA_3/DIODE                         0.75    1.08   -0.33 (VIOLATED)
_28008_/A                               0.75    1.08   -0.33 (VIOLATED)
_27948_/Y                               0.75    1.08   -0.33 (VIOLATED)
_28219_/A                               0.75    1.08   -0.33 (VIOLATED)
ANTENNA__21865__A0/DIODE                0.75    1.08   -0.33 (VIOLATED)
_21865_/A0                              0.75    1.08   -0.33 (VIOLATED)
_22937_/A0                              0.75    1.08   -0.33 (VIOLATED)
ANTENNA__22937__A0/DIODE                0.75    1.08   -0.33 (VIOLATED)
_22400_/A1                              0.75    1.08   -0.33 (VIOLATED)
ANTENNA__22400__A1/DIODE                0.75    1.08   -0.33 (VIOLATED)
_22669_/A0                              0.75    1.08   -0.33 (VIOLATED)
ANTENNA__22669__A0/DIODE                0.75    1.08   -0.33 (VIOLATED)
_21596_/A0                              0.75    1.08   -0.33 (VIOLATED)
ANTENNA__21596__A0/DIODE                0.75    1.08   -0.33 (VIOLATED)
ANTENNA__21281__A1/DIODE                0.75    1.08   -0.33 (VIOLATED)
_21281_/A1                              0.75    1.08   -0.33 (VIOLATED)
_23489_/A0                              0.75    1.08   -0.33 (VIOLATED)
ANTENNA__23489__A0/DIODE                0.75    1.08   -0.33 (VIOLATED)
ANTENNA__23206__A0/DIODE                0.75    1.08   -0.33 (VIOLATED)
_23206_/A0                              0.75    1.08   -0.33 (VIOLATED)
ANTENNA__22133__A0/DIODE                0.75    1.08   -0.33 (VIOLATED)
_22133_/A0                              0.75    1.08   -0.33 (VIOLATED)
_21280_/X                               0.75    1.08   -0.33 (VIOLATED)
_21892_/A0                              0.75    1.06   -0.31 (VIOLATED)
ANTENNA__21892__A0/DIODE                0.75    1.06   -0.31 (VIOLATED)
ANTENNA__22964__A0/DIODE                0.75    1.06   -0.31 (VIOLATED)
_22964_/A0                              0.75    1.06   -0.31 (VIOLATED)
_22427_/A1                              0.75    1.06   -0.31 (VIOLATED)
ANTENNA__22427__A1/DIODE                0.75    1.06   -0.31 (VIOLATED)
_23516_/A0                              0.75    1.06   -0.31 (VIOLATED)
ANTENNA__23516__A0/DIODE                0.75    1.06   -0.31 (VIOLATED)
_22696_/A0                              0.75    1.06   -0.31 (VIOLATED)
ANTENNA__22696__A0/DIODE                0.75    1.06   -0.31 (VIOLATED)
_23233_/A0                              0.75    1.06   -0.31 (VIOLATED)
ANTENNA__23233__A0/DIODE                0.75    1.06   -0.31 (VIOLATED)
ANTENNA__22160__A0/DIODE                0.75    1.06   -0.31 (VIOLATED)
_22160_/A0                              0.75    1.06   -0.31 (VIOLATED)
_21317_/A1                              0.75    1.06   -0.31 (VIOLATED)
ANTENNA__21317__A1/DIODE                0.75    1.06   -0.31 (VIOLATED)
ANTENNA__21623__A0/DIODE                0.75    1.06   -0.31 (VIOLATED)
_21623_/A0                              0.75    1.06   -0.31 (VIOLATED)
_21316_/X                               0.75    1.06   -0.31 (VIOLATED)
ANTENNA__23019__A0/DIODE                0.75    1.06   -0.31 (VIOLATED)
_23019_/A0                              0.75    1.06   -0.31 (VIOLATED)
ANTENNA__21947__A0/DIODE                0.75    1.06   -0.31 (VIOLATED)
_21947_/A0                              0.75    1.06   -0.31 (VIOLATED)
_22482_/A1                              0.75    1.06   -0.31 (VIOLATED)
ANTENNA__22482__A1/DIODE                0.75    1.06   -0.31 (VIOLATED)
_22751_/A0                              0.75    1.06   -0.31 (VIOLATED)
ANTENNA__22751__A0/DIODE                0.75    1.06   -0.31 (VIOLATED)
_23288_/A0                              0.75    1.06   -0.31 (VIOLATED)
ANTENNA__23288__A0/DIODE                0.75    1.06   -0.31 (VIOLATED)
_23571_/A0                              0.75    1.06   -0.31 (VIOLATED)
ANTENNA__23571__A0/DIODE                0.75    1.06   -0.31 (VIOLATED)
_22215_/A0                              0.75    1.06   -0.31 (VIOLATED)
ANTENNA__22215__A0/DIODE                0.75    1.06   -0.31 (VIOLATED)
_21678_/A0                              0.75    1.06   -0.31 (VIOLATED)
ANTENNA__21678__A0/DIODE                0.75    1.06   -0.31 (VIOLATED)
_21394_/A1                              0.75    1.06   -0.31 (VIOLATED)
ANTENNA__21394__A1/DIODE                0.75    1.06   -0.31 (VIOLATED)
_21393_/X                               0.75    1.06   -0.31 (VIOLATED)
ANTENNA__23017__A0/DIODE                0.75    1.05   -0.30 (VIOLATED)
_23017_/A0                              0.75    1.05   -0.30 (VIOLATED)
ANTENNA__21945__A0/DIODE                0.75    1.05   -0.30 (VIOLATED)
_21945_/A0                              0.75    1.05   -0.30 (VIOLATED)
_23172_/A0                              0.75    1.05   -0.30 (VIOLATED)
ANTENNA__23172__A0/DIODE                0.75    1.05   -0.30 (VIOLATED)
_23455_/A0                              0.75    1.05   -0.30 (VIOLATED)
ANTENNA__23455__A0/DIODE                0.75    1.05   -0.30 (VIOLATED)
ANTENNA__21831__A0/DIODE                0.75    1.05   -0.30 (VIOLATED)
_21831_/A0                              0.75    1.05   -0.30 (VIOLATED)
_23286_/A0                              0.75    1.05   -0.30 (VIOLATED)
ANTENNA__23286__A0/DIODE                0.75    1.05   -0.30 (VIOLATED)
ANTENNA__22903__A0/DIODE                0.75    1.05   -0.30 (VIOLATED)
_22903_/A0                              0.75    1.05   -0.30 (VIOLATED)
ANTENNA__22366__A1/DIODE                0.75    1.05   -0.30 (VIOLATED)
_22366_/A1                              0.75    1.05   -0.30 (VIOLATED)
ANTENNA__22635__A0/DIODE                0.75    1.05   -0.30 (VIOLATED)
_22635_/A0                              0.75    1.05   -0.30 (VIOLATED)
_22099_/A0                              0.75    1.05   -0.30 (VIOLATED)
ANTENNA__22099__A0/DIODE                0.75    1.05   -0.30 (VIOLATED)
_21562_/A0                              0.75    1.05   -0.30 (VIOLATED)
ANTENNA__21562__A0/DIODE                0.75    1.05   -0.30 (VIOLATED)
_21238_/A1                              0.75    1.05   -0.30 (VIOLATED)
ANTENNA__21238__A1/DIODE                0.75    1.05   -0.30 (VIOLATED)
_21237_/X                               0.75    1.05   -0.30 (VIOLATED)
_23568_/A0                              0.75    1.05   -0.30 (VIOLATED)
ANTENNA__23568__A0/DIODE                0.75    1.05   -0.30 (VIOLATED)
_22480_/A1                              0.75    1.05   -0.30 (VIOLATED)
ANTENNA__22480__A1/DIODE                0.75    1.05   -0.30 (VIOLATED)
ANTENNA__22749__A0/DIODE                0.75    1.05   -0.30 (VIOLATED)
_22749_/A0                              0.75    1.05   -0.30 (VIOLATED)
_22213_/A0                              0.75    1.05   -0.30 (VIOLATED)
ANTENNA__22213__A0/DIODE                0.75    1.05   -0.30 (VIOLATED)
_21391_/A1                              0.75    1.05   -0.30 (VIOLATED)
ANTENNA__21391__A1/DIODE                0.75    1.05   -0.30 (VIOLATED)
_21676_/A0                              0.75    1.05   -0.30 (VIOLATED)
ANTENNA__21676__A0/DIODE                0.75    1.05   -0.30 (VIOLATED)
_21390_/X                               0.75    1.05   -0.30 (VIOLATED)
ANTENNA__22047__A0/DIODE                0.75    1.04   -0.29 (VIOLATED)
_22047_/A0                              0.75    1.04   -0.29 (VIOLATED)
_23120_/A0                              0.75    1.04   -0.29 (VIOLATED)
ANTENNA__23120__A0/DIODE                0.75    1.04   -0.29 (VIOLATED)
_21779_/A0                              0.75    1.04   -0.29 (VIOLATED)
ANTENNA__21779__A0/DIODE                0.75    1.04   -0.29 (VIOLATED)
_22851_/A0                              0.75    1.04   -0.29 (VIOLATED)
ANTENNA__22851__A0/DIODE                0.75    1.04   -0.29 (VIOLATED)
_22314_/A1                              0.75    1.04   -0.29 (VIOLATED)
ANTENNA__22314__A1/DIODE                0.75    1.04   -0.29 (VIOLATED)
_22583_/A0                              0.75    1.04   -0.29 (VIOLATED)
ANTENNA__22583__A0/DIODE                0.75    1.04   -0.29 (VIOLATED)
_21169_/A1                              0.75    1.04   -0.29 (VIOLATED)
ANTENNA__21169__A1/DIODE                0.75    1.04   -0.29 (VIOLATED)
_21510_/A0                              0.75    1.04   -0.29 (VIOLATED)
ANTENNA__21510__A0/DIODE                0.75    1.04   -0.29 (VIOLATED)
ANTENNA__23403__A0/DIODE                0.75    1.04   -0.29 (VIOLATED)
_23403_/A0                              0.75    1.04   -0.29 (VIOLATED)
_21168_/X                               0.75    1.04   -0.29 (VIOLATED)
ANTENNA__23556__A0/DIODE                0.75    1.04   -0.29 (VIOLATED)
_23556_/A0                              0.75    1.04   -0.29 (VIOLATED)
_23273_/A0                              0.75    1.04   -0.29 (VIOLATED)
ANTENNA__23273__A0/DIODE                0.75    1.04   -0.29 (VIOLATED)
ANTENNA__21932__A0/DIODE                0.75    1.04   -0.29 (VIOLATED)
_21932_/A0                              0.75    1.04   -0.29 (VIOLATED)
_23004_/A0                              0.75    1.03   -0.28 (VIOLATED)
ANTENNA__23004__A0/DIODE                0.75    1.03   -0.28 (VIOLATED)
ANTENNA__22520__A1/DIODE                0.75    1.03   -0.28 (VIOLATED)
_22520_/A1                              0.75    1.03   -0.28 (VIOLATED)
_22467_/A1                              0.75    1.03   -0.28 (VIOLATED)
_26339_/A2                              0.75    1.03   -0.28 (VIOLATED)
ANTENNA__26339__A2/DIODE                0.75    1.03   -0.28 (VIOLATED)
_23056_/A0                              0.75    1.03   -0.28 (VIOLATED)
ANTENNA__23056__A0/DIODE                0.75    1.03   -0.28 (VIOLATED)
ANTENNA__22467__A1/DIODE                0.75    1.03   -0.28 (VIOLATED)
ANTENNA__22788__A0/DIODE                0.75    1.03   -0.28 (VIOLATED)
_22788_/A0                              0.75    1.03   -0.28 (VIOLATED)
_21442_/A1                              0.75    1.03   -0.28 (VIOLATED)
ANTENNA__21442__A1/DIODE                0.75    1.03   -0.28 (VIOLATED)
ANTENNA__21715__A0/DIODE                0.75    1.03   -0.28 (VIOLATED)
_21715_/A0                              0.75    1.03   -0.28 (VIOLATED)
_22736_/A0                              0.75    1.03   -0.28 (VIOLATED)
ANTENNA__22736__A0/DIODE                0.75    1.03   -0.28 (VIOLATED)
_22200_/A0                              0.75    1.03   -0.28 (VIOLATED)
ANTENNA__22200__A0/DIODE                0.75    1.03   -0.28 (VIOLATED)
_23325_/A0                              0.75    1.03   -0.28 (VIOLATED)
ANTENNA__23325__A0/DIODE                0.75    1.03   -0.28 (VIOLATED)
ANTENNA__22252__A0/DIODE                0.75    1.03   -0.28 (VIOLATED)
_22252_/A0                              0.75    1.03   -0.28 (VIOLATED)
_23608_/A0                              0.75    1.03   -0.28 (VIOLATED)
ANTENNA__23608__A0/DIODE                0.75    1.03   -0.28 (VIOLATED)
ANTENNA__21984__A0/DIODE                0.75    1.03   -0.28 (VIOLATED)
_21984_/A0                              0.75    1.03   -0.28 (VIOLATED)
_26335_/X                               0.75    1.03   -0.28 (VIOLATED)
_21373_/A1                              0.75    1.03   -0.28 (VIOLATED)
ANTENNA__21373__A1/DIODE                0.75    1.03   -0.28 (VIOLATED)
ANTENNA__26890__A2/DIODE                0.75    1.03   -0.28 (VIOLATED)
_26890_/A2                              0.75    1.03   -0.28 (VIOLATED)
ANTENNA_wire60_A/DIODE                  0.75    1.03   -0.28 (VIOLATED)
wire60/A                                0.75    1.03   -0.28 (VIOLATED)
ANTENNA__26677__A2/DIODE                0.75    1.03   -0.28 (VIOLATED)
_26677_/A2                              0.75    1.03   -0.28 (VIOLATED)
_25497_/Y                               0.75    1.03   -0.28 (VIOLATED)
_21663_/A0                              0.75    1.02   -0.27 (VIOLATED)
ANTENNA__21663__A0/DIODE                0.75    1.02   -0.27 (VIOLATED)
_21372_/X                               0.75    1.02   -0.27 (VIOLATED)
_26116_/A2                              0.75    1.01   -0.26 (VIOLATED)
ANTENNA__26116__A2/DIODE                0.75    1.01   -0.26 (VIOLATED)
_26197_/A2_N                            0.75    1.01   -0.26 (VIOLATED)
ANTENNA__26197__A2_N/DIODE              0.75    1.01   -0.26 (VIOLATED)
_27258_/A2_N                            0.75    1.01   -0.26 (VIOLATED)
ANTENNA__27258__A2_N/DIODE              0.75    1.01   -0.26 (VIOLATED)
ANTENNA__27250__A2_N/DIODE              0.75    1.01   -0.26 (VIOLATED)
_27250_/A2_N                            0.75    1.01   -0.26 (VIOLATED)
_27080_/A2_N                            0.75    1.01   -0.26 (VIOLATED)
ANTENNA__27080__A2_N/DIODE              0.75    1.01   -0.26 (VIOLATED)
ANTENNA__26701__A2_N/DIODE              0.75    1.01   -0.26 (VIOLATED)
_26701_/A2_N                            0.75    1.01   -0.26 (VIOLATED)
ANTENNA__25545__A/DIODE                 0.75    1.01   -0.26 (VIOLATED)
_25545_/A                               0.75    1.01   -0.26 (VIOLATED)
_25544_/Y                               0.75    1.01   -0.26 (VIOLATED)
_23400_/A0                              0.75    1.01   -0.26 (VIOLATED)
ANTENNA__23400__A0/DIODE                0.75    1.01   -0.26 (VIOLATED)
_22291_/A1                              0.75    1.01   -0.26 (VIOLATED)
ANTENNA__22291__A1/DIODE                0.75    1.01   -0.26 (VIOLATED)
_22828_/A0                              0.75    1.01   -0.26 (VIOLATED)
ANTENNA__22828__A0/DIODE                0.75    1.01   -0.26 (VIOLATED)
_22560_/A0                              0.75    1.01   -0.26 (VIOLATED)
ANTENNA__22560__A0/DIODE                0.75    1.01   -0.26 (VIOLATED)
_22045_/A0                              0.75    1.01   -0.26 (VIOLATED)
ANTENNA__22045__A0/DIODE                0.75    1.01   -0.26 (VIOLATED)
_26516_/B1                              0.75    1.01   -0.26 (VIOLATED)
ANTENNA__26516__B1/DIODE                0.75    1.01   -0.26 (VIOLATED)
_25170_/A2                              0.75    1.01   -0.26 (VIOLATED)
ANTENNA__25170__A2/DIODE                0.75    1.01   -0.26 (VIOLATED)
_21134_/A1                              0.75    1.01   -0.26 (VIOLATED)
ANTENNA__21134__A1/DIODE                0.75    1.01   -0.26 (VIOLATED)
ANTENNA_max_cap71_A/DIODE               0.75    1.01   -0.26 (VIOLATED)
max_cap71/A                             0.75    1.01   -0.26 (VIOLATED)
_25146_/Y                               0.75    1.01   -0.26 (VIOLATED)
ANTENNA__23118__A0/DIODE                0.75    1.01   -0.26 (VIOLATED)
_23118_/A0                              0.75    1.01   -0.26 (VIOLATED)
ANTENNA__21487__A0/DIODE                0.75    1.01   -0.26 (VIOLATED)
_21487_/A0                              0.75    1.01   -0.26 (VIOLATED)
ANTENNA_68/DIODE                        0.75    1.01   -0.26 (VIOLATED)
_23096_/A0                              0.75    1.01   -0.26 (VIOLATED)
ANTENNA__23096__A0/DIODE                0.75    1.01   -0.26 (VIOLATED)
ANTENNA__22024__A0/DIODE                0.75    1.01   -0.26 (VIOLATED)
_22024_/A0                              0.75    1.01   -0.26 (VIOLATED)
_21755_/A0                              0.75    1.01   -0.26 (VIOLATED)
ANTENNA__21755__A0/DIODE                0.75    1.01   -0.26 (VIOLATED)
ANTENNA__23378__A0/DIODE                0.75    1.01   -0.26 (VIOLATED)
_23378_/A0                              0.75    1.01   -0.26 (VIOLATED)
_21133_/X                               0.75    1.01   -0.26 (VIOLATED)
_21777_/A0                              0.75    1.01   -0.26 (VIOLATED)
ANTENNA__21777__A0/DIODE                0.75    1.01   -0.26 (VIOLATED)
_23533_/A0                              0.75    1.01   -0.26 (VIOLATED)
ANTENNA__23533__A0/DIODE                0.75    1.01   -0.26 (VIOLATED)
_23250_/A0                              0.75    1.01   -0.26 (VIOLATED)
ANTENNA__23250__A0/DIODE                0.75    1.01   -0.26 (VIOLATED)
_22177_/A0                              0.75    1.01   -0.26 (VIOLATED)
ANTENNA__22177__A0/DIODE                0.75    1.01   -0.26 (VIOLATED)
_21909_/A0                              0.75    1.01   -0.26 (VIOLATED)
ANTENNA__21909__A0/DIODE                0.75    1.01   -0.26 (VIOLATED)
_22981_/A0                              0.75    1.01   -0.26 (VIOLATED)
ANTENNA__22981__A0/DIODE                0.75    1.01   -0.26 (VIOLATED)
ANTENNA__22358__A1/DIODE                0.75    1.01   -0.26 (VIOLATED)
_22358_/A1                              0.75    1.01   -0.26 (VIOLATED)
_23447_/A0                              0.75    1.01   -0.26 (VIOLATED)
ANTENNA__23447__A0/DIODE                0.75    1.01   -0.26 (VIOLATED)
_23164_/A0                              0.75    1.01   -0.26 (VIOLATED)
ANTENNA__23164__A0/DIODE                0.75    1.01   -0.26 (VIOLATED)
ANTENNA__22091__A0/DIODE                0.75    1.01   -0.26 (VIOLATED)
_22091_/A0                              0.75    1.01   -0.26 (VIOLATED)
_22627_/A0                              0.75    1.01   -0.26 (VIOLATED)
ANTENNA__22444__A1/DIODE                0.75    1.01   -0.26 (VIOLATED)
ANTENNA__22627__A0/DIODE                0.75    1.01   -0.26 (VIOLATED)
_22444_/A1                              0.75    1.01   -0.26 (VIOLATED)
_22895_/A0                              0.75    1.01   -0.26 (VIOLATED)
ANTENNA__22895__A0/DIODE                0.75    1.01   -0.26 (VIOLATED)
_21823_/A0                              0.75    1.01   -0.26 (VIOLATED)
ANTENNA__21823__A0/DIODE                0.75    1.01   -0.26 (VIOLATED)
ANTENNA__21229__A1/DIODE                0.75    1.01   -0.26 (VIOLATED)
_21229_/A1                              0.75    1.01   -0.26 (VIOLATED)
_21554_/A0                              0.75    1.01   -0.26 (VIOLATED)
ANTENNA__21554__A0/DIODE                0.75    1.01   -0.26 (VIOLATED)
_21228_/X                               0.75    1.01   -0.26 (VIOLATED)
_22849_/A0                              0.75    1.00   -0.25 (VIOLATED)
ANTENNA__22849__A0/DIODE                0.75    1.00   -0.25 (VIOLATED)
_22558_/A0                              0.75    1.00   -0.25 (VIOLATED)
ANTENNA__22558__A0/DIODE                0.75    1.00   -0.25 (VIOLATED)
_21131_/A1                              0.75    1.00   -0.25 (VIOLATED)
ANTENNA__21131__A1/DIODE                0.75    1.00   -0.25 (VIOLATED)
ANTENNA__22289__A1/DIODE                0.75    1.00   -0.25 (VIOLATED)
_22289_/A1                              0.75    1.00   -0.25 (VIOLATED)
ANTENNA__26250__B1/DIODE                0.75    1.00   -0.25 (VIOLATED)
_26250_/B1                              0.75    1.00   -0.25 (VIOLATED)
_22826_/A0                              0.75    1.00   -0.25 (VIOLATED)
ANTENNA__22826__A0/DIODE                0.75    1.00   -0.25 (VIOLATED)
_22713_/A0                              0.75    1.00   -0.25 (VIOLATED)
ANTENNA__22713__A0/DIODE                0.75    1.00   -0.25 (VIOLATED)
_21753_/A0                              0.75    1.00   -0.25 (VIOLATED)
_21340_/A1                              0.75    1.00   -0.25 (VIOLATED)
ANTENNA__21753__A0/DIODE                0.75    1.00   -0.25 (VIOLATED)
ANTENNA__21340__A1/DIODE                0.75    1.00   -0.25 (VIOLATED)
_23094_/A0                              0.75    1.00   -0.25 (VIOLATED)
ANTENNA__23094__A0/DIODE                0.75    1.00   -0.25 (VIOLATED)
_22022_/A0                              0.75    1.00   -0.25 (VIOLATED)
ANTENNA__22022__A0/DIODE                0.75    1.00   -0.25 (VIOLATED)
ANTENNA__23376__A0/DIODE                0.75    1.00   -0.25 (VIOLATED)
_23376_/A0                              0.75    1.00   -0.25 (VIOLATED)
ANTENNA__21485__A0/DIODE                0.75    1.00   -0.25 (VIOLATED)
_21485_/A0                              0.75    1.00   -0.25 (VIOLATED)
_26247_/X                               0.75    1.00   -0.25 (VIOLATED)
ANTENNA__21640__A0/DIODE                0.75    1.00   -0.25 (VIOLATED)
_21640_/A0                              0.75    1.00   -0.25 (VIOLATED)
_21339_/X                               0.75    1.00   -0.25 (VIOLATED)
_22312_/A1                              0.75    1.00   -0.25 (VIOLATED)
ANTENNA__22312__A1/DIODE                0.75    1.00   -0.25 (VIOLATED)
_22581_/A0                              0.75    1.00   -0.25 (VIOLATED)
ANTENNA__22581__A0/DIODE                0.75    1.00   -0.25 (VIOLATED)
_21166_/A1                              0.75    1.00   -0.25 (VIOLATED)
ANTENNA__21166__A1/DIODE                0.75    1.00   -0.25 (VIOLATED)
_21508_/A0                              0.75    0.99   -0.24 (VIOLATED)
ANTENNA__21508__A0/DIODE                0.75    0.99   -0.24 (VIOLATED)
_21165_/X                               0.75    0.99   -0.24 (VIOLATED)
_23505_/A0                              0.75    0.99   -0.24 (VIOLATED)
ANTENNA__23505__A0/DIODE                0.75    0.99   -0.24 (VIOLATED)
_23223_/A0                              0.75    0.99   -0.24 (VIOLATED)
ANTENNA__23223__A0/DIODE                0.75    0.99   -0.24 (VIOLATED)
ANTENNA__22954__A0/DIODE                0.75    0.99   -0.24 (VIOLATED)
_22954_/A0                              0.75    0.99   -0.24 (VIOLATED)
ANTENNA__22150__A0/DIODE                0.75    0.99   -0.24 (VIOLATED)
_22150_/A0                              0.75    0.99   -0.24 (VIOLATED)
_21882_/A0                              0.75    0.99   -0.24 (VIOLATED)
ANTENNA__21882__A0/DIODE                0.75    0.99   -0.24 (VIOLATED)
_22417_/A1                              0.75    0.99   -0.24 (VIOLATED)
ANTENNA__22417__A1/DIODE                0.75    0.99   -0.24 (VIOLATED)
_22686_/A0                              0.75    0.99   -0.24 (VIOLATED)
ANTENNA__22686__A0/DIODE                0.75    0.99   -0.24 (VIOLATED)
_21304_/A1                              0.75    0.99   -0.24 (VIOLATED)
ANTENNA__21304__A1/DIODE                0.75    0.99   -0.24 (VIOLATED)
ANTENNA__21613__A0/DIODE                0.75    0.99   -0.24 (VIOLATED)
_21613_/A0                              0.75    0.99   -0.24 (VIOLATED)
_21303_/X                               0.75    0.99   -0.24 (VIOLATED)
_23108_/A0                              0.75    0.99   -0.24 (VIOLATED)
ANTENNA__23108__A0/DIODE                0.75    0.99   -0.24 (VIOLATED)
_22840_/A0                              0.75    0.99   -0.24 (VIOLATED)
ANTENNA__22840__A0/DIODE                0.75    0.99   -0.24 (VIOLATED)
_21767_/A0                              0.75    0.99   -0.24 (VIOLATED)
ANTENNA__21767__A0/DIODE                0.75    0.99   -0.24 (VIOLATED)
_22036_/A0                              0.75    0.99   -0.24 (VIOLATED)
ANTENNA__22036__A0/DIODE                0.75    0.99   -0.24 (VIOLATED)
ANTENNA__22303__A1/DIODE                0.75    0.99   -0.24 (VIOLATED)
_22303_/A1                              0.75    0.99   -0.24 (VIOLATED)
ANTENNA__22572__A0/DIODE                0.75    0.99   -0.24 (VIOLATED)
_22572_/A0                              0.75    0.99   -0.24 (VIOLATED)
ANTENNA__21154__A1/DIODE                0.75    0.98   -0.23 (VIOLATED)
_21154_/A1                              0.75    0.98   -0.23 (VIOLATED)
ANTENNA__21499__A0/DIODE                0.75    0.98   -0.23 (VIOLATED)
_21499_/A0                              0.75    0.98   -0.23 (VIOLATED)
ANTENNA__23392__A0/DIODE                0.75    0.98   -0.23 (VIOLATED)
_23392_/A0                              0.75    0.98   -0.23 (VIOLATED)
_21153_/X                               0.75    0.98   -0.23 (VIOLATED)
_26214_/A2                              0.75    0.98   -0.23 (VIOLATED)
ANTENNA__26214__A2/DIODE                0.75    0.98   -0.23 (VIOLATED)
_27275_/A2                              0.75    0.98   -0.23 (VIOLATED)
ANTENNA__27275__A2/DIODE                0.75    0.98   -0.23 (VIOLATED)
_25817_/A                               0.75    0.98   -0.23 (VIOLATED)
ANTENNA__25817__A/DIODE                 0.75    0.98   -0.23 (VIOLATED)
_27102_/A2                              0.75    0.98   -0.23 (VIOLATED)
ANTENNA__27102__A2/DIODE                0.75    0.98   -0.23 (VIOLATED)
_27101_/A2                              0.75    0.98   -0.23 (VIOLATED)
ANTENNA__27101__A2/DIODE                0.75    0.98   -0.23 (VIOLATED)
_26721_/A2                              0.75    0.98   -0.23 (VIOLATED)
ANTENNA__26721__A2/DIODE                0.75    0.98   -0.23 (VIOLATED)
_26722_/A2                              0.75    0.98   -0.23 (VIOLATED)
ANTENNA__26722__A2/DIODE                0.75    0.98   -0.23 (VIOLATED)
_25816_/Y                               0.75    0.98   -0.23 (VIOLATED)
_31515_/B                               0.75    0.98   -0.23 (VIOLATED)
ANTENNA__31515__B/DIODE                 0.75    0.98   -0.23 (VIOLATED)
_32678_/A1                              0.75    0.98   -0.23 (VIOLATED)
ANTENNA__32678__A1/DIODE                0.75    0.98   -0.23 (VIOLATED)
ANTENNA__20220__A/DIODE                 0.75    0.98   -0.23 (VIOLATED)
_20220_/A                               0.75    0.98   -0.23 (VIOLATED)
ANTENNA__35162__A/DIODE                 0.75    0.98   -0.23 (VIOLATED)
_35162_/A                               0.75    0.98   -0.23 (VIOLATED)
_35163_/A1                              0.75    0.98   -0.23 (VIOLATED)
ANTENNA__35163__A1/DIODE                0.75    0.98   -0.23 (VIOLATED)
_31514_/Y                               0.75    0.98   -0.23 (VIOLATED)
ANTENNA__23277__A0/DIODE                0.75    0.98   -0.23 (VIOLATED)
_23277_/A0                              0.75    0.98   -0.23 (VIOLATED)
ANTENNA__21936__A0/DIODE                0.75    0.98   -0.23 (VIOLATED)
_21936_/A0                              0.75    0.98   -0.23 (VIOLATED)
_23560_/A0                              0.75    0.98   -0.23 (VIOLATED)
ANTENNA__23560__A0/DIODE                0.75    0.98   -0.23 (VIOLATED)
_23008_/A0                              0.75    0.98   -0.23 (VIOLATED)
ANTENNA__23008__A0/DIODE                0.75    0.98   -0.23 (VIOLATED)
_22471_/A1                              0.75    0.98   -0.23 (VIOLATED)
_22204_/A0                              0.75    0.98   -0.23 (VIOLATED)
ANTENNA__22204__A0/DIODE                0.75    0.98   -0.23 (VIOLATED)
ANTENNA__22471__A1/DIODE                0.75    0.98   -0.23 (VIOLATED)
ANTENNA__22740__A0/DIODE                0.75    0.98   -0.23 (VIOLATED)
_22740_/A0                              0.75    0.98   -0.23 (VIOLATED)
_21379_/A1                              0.75    0.98   -0.23 (VIOLATED)
ANTENNA__21379__A1/DIODE                0.75    0.98   -0.23 (VIOLATED)
_21667_/A0                              0.75    0.98   -0.23 (VIOLATED)
ANTENNA__21667__A0/DIODE                0.75    0.98   -0.23 (VIOLATED)
_21378_/X                               0.75    0.98   -0.23 (VIOLATED)
_25344_/A2                              0.75    0.97   -0.22 (VIOLATED)
ANTENNA__25344__A2/DIODE                0.75    0.97   -0.22 (VIOLATED)
ANTENNA__24938__A/DIODE                 0.75    0.97   -0.22 (VIOLATED)
_24938_/A                               0.75    0.97   -0.22 (VIOLATED)
ANTENNA_max_cap78_A/DIODE               0.75    0.97   -0.22 (VIOLATED)
max_cap78/A                             0.75    0.97   -0.22 (VIOLATED)
_24937_/Y                               0.75    0.97   -0.22 (VIOLATED)
ANTENNA__22196__A0/DIODE                0.75    0.97   -0.22 (VIOLATED)
_22196_/A0                              0.75    0.97   -0.22 (VIOLATED)
ANTENNA__23552__A0/DIODE                0.75    0.97   -0.22 (VIOLATED)
_23552_/A0                              0.75    0.97   -0.22 (VIOLATED)
ANTENNA__25101__A2_N/DIODE              0.75    0.97   -0.22 (VIOLATED)
_25101_/A2_N                            0.75    0.97   -0.22 (VIOLATED)
ANTENNA_53/DIODE                        0.75    0.97   -0.22 (VIOLATED)
_26494_/A2_N                            0.75    0.97   -0.22 (VIOLATED)
ANTENNA__26494__A2_N/DIODE              0.75    0.97   -0.22 (VIOLATED)
_25875_/A                               0.75    0.97   -0.22 (VIOLATED)
ANTENNA__25875__A/DIODE                 0.75    0.97   -0.22 (VIOLATED)
ANTENNA_max_cap74_A/DIODE               0.75    0.97   -0.22 (VIOLATED)
max_cap74/A                             0.75    0.97   -0.22 (VIOLATED)
_25093_/Y                               0.75    0.97   -0.22 (VIOLATED)
ANTENNA__23269__A0/DIODE                0.75    0.97   -0.22 (VIOLATED)
_23269_/A0                              0.75    0.97   -0.22 (VIOLATED)
_21928_/A0                              0.75    0.97   -0.22 (VIOLATED)
ANTENNA__21928__A0/DIODE                0.75    0.97   -0.22 (VIOLATED)
_23000_/A0                              0.75    0.97   -0.22 (VIOLATED)
ANTENNA__23000__A0/DIODE                0.75    0.97   -0.22 (VIOLATED)
ANTENNA__22162__A0/DIODE                0.75    0.96   -0.21 (VIOLATED)
_22162_/A0                              0.75    0.96   -0.21 (VIOLATED)
_23518_/A0                              0.75    0.96   -0.21 (VIOLATED)
ANTENNA__23518__A0/DIODE                0.75    0.96   -0.21 (VIOLATED)
ANTENNA__23235__A0/DIODE                0.75    0.96   -0.21 (VIOLATED)
_23235_/A0                              0.75    0.96   -0.21 (VIOLATED)
ANTENNA__22463__A1/DIODE                0.75    0.96   -0.21 (VIOLATED)
_22463_/A1                              0.75    0.96   -0.21 (VIOLATED)
_21894_/A0                              0.75    0.96   -0.21 (VIOLATED)
ANTENNA__21894__A0/DIODE                0.75    0.96   -0.21 (VIOLATED)
_22732_/A0                              0.75    0.96   -0.21 (VIOLATED)
ANTENNA__22732__A0/DIODE                0.75    0.96   -0.21 (VIOLATED)
ANTENNA__22966__A0/DIODE                0.75    0.96   -0.21 (VIOLATED)
_22966_/A0                              0.75    0.96   -0.21 (VIOLATED)
_21367_/A1                              0.75    0.96   -0.21 (VIOLATED)
ANTENNA__21367__A1/DIODE                0.75    0.96   -0.21 (VIOLATED)
_21659_/A0                              0.75    0.96   -0.21 (VIOLATED)
ANTENNA__21659__A0/DIODE                0.75    0.96   -0.21 (VIOLATED)
_21366_/X                               0.75    0.96   -0.21 (VIOLATED)
_22429_/A1                              0.75    0.96   -0.21 (VIOLATED)
ANTENNA__22429__A1/DIODE                0.75    0.96   -0.21 (VIOLATED)
_22698_/A0                              0.75    0.96   -0.21 (VIOLATED)
ANTENNA__22698__A0/DIODE                0.75    0.96   -0.21 (VIOLATED)
ANTENNA__21320__A1/DIODE                0.75    0.96   -0.21 (VIOLATED)
_21320_/A1                              0.75    0.96   -0.21 (VIOLATED)
_32137_/B                               0.75    0.96   -0.21 (VIOLATED)
ANTENNA__32137__B/DIODE                 0.75    0.96   -0.21 (VIOLATED)
_20344_/A                               0.75    0.96   -0.21 (VIOLATED)
ANTENNA__20344__A/DIODE                 0.75    0.96   -0.21 (VIOLATED)
ANTENNA__35729__A/DIODE                 0.75    0.96   -0.21 (VIOLATED)
_35729_/A                               0.75    0.96   -0.21 (VIOLATED)
_35730_/A1                              0.75    0.96   -0.21 (VIOLATED)
ANTENNA__35730__A1/DIODE                0.75    0.96   -0.21 (VIOLATED)
_32709_/A1                              0.75    0.96   -0.21 (VIOLATED)
ANTENNA__32709__A1/DIODE                0.75    0.96   -0.21 (VIOLATED)
_32136_/Y                               0.75    0.96   -0.21 (VIOLATED)
_21625_/A0                              0.75    0.96   -0.21 (VIOLATED)
ANTENNA__21625__A0/DIODE                0.75    0.96   -0.21 (VIOLATED)
_21319_/X                               0.75    0.96   -0.21 (VIOLATED)
_26285_/A2_N                            0.75    0.95   -0.20 (VIOLATED)
ANTENNA__26285__A2_N/DIODE              0.75    0.95   -0.20 (VIOLATED)
_26280_/A2_N                            0.75    0.95   -0.20 (VIOLATED)
ANTENNA__26280__A2_N/DIODE              0.75    0.95   -0.20 (VIOLATED)
_27161_/B1                              0.75    0.95   -0.20 (VIOLATED)
ANTENNA__27161__B1/DIODE                0.75    0.95   -0.20 (VIOLATED)
_25763_/A                               0.75    0.95   -0.20 (VIOLATED)
ANTENNA__25763__A/DIODE                 0.75    0.95   -0.20 (VIOLATED)
_26955_/B1                              0.75    0.95   -0.20 (VIOLATED)
ANTENNA__26955__B1/DIODE                0.75    0.95   -0.20 (VIOLATED)
_26592_/A2_N                            0.75    0.95   -0.20 (VIOLATED)
_26576_/B1                              0.75    0.95   -0.20 (VIOLATED)
ANTENNA__26592__A2_N/DIODE              0.75    0.95   -0.20 (VIOLATED)
ANTENNA__26576__B1/DIODE                0.75    0.95   -0.20 (VIOLATED)
_25762_/Y                               0.75    0.95   -0.20 (VIOLATED)
_26324_/A2                              0.75    0.95   -0.20 (VIOLATED)
ANTENNA__26082__A2_N/DIODE              0.75    0.95   -0.20 (VIOLATED)
_26082_/A2_N                            0.75    0.95   -0.20 (VIOLATED)
ANTENNA__26324__A2/DIODE                0.75    0.95   -0.20 (VIOLATED)
_26327_/A2                              0.75    0.95   -0.20 (VIOLATED)
ANTENNA__26327__A2/DIODE                0.75    0.95   -0.20 (VIOLATED)
_24728_/A                               0.75    0.95   -0.20 (VIOLATED)
ANTENNA__24728__A/DIODE                 0.75    0.95   -0.20 (VIOLATED)
ANTENNA__27008__A2/DIODE                0.75    0.95   -0.20 (VIOLATED)
_27008_/A2                              0.75    0.95   -0.20 (VIOLATED)
_26630_/A2                              0.75    0.95   -0.20 (VIOLATED)
ANTENNA__26629__A2/DIODE                0.75    0.95   -0.20 (VIOLATED)
ANTENNA__26630__A2/DIODE                0.75    0.95   -0.20 (VIOLATED)
_26629_/A2                              0.75    0.95   -0.20 (VIOLATED)
_24727_/Y                               0.75    0.95   -0.20 (VIOLATED)
_22322_/A1                              0.75    0.95   -0.20 (VIOLATED)
ANTENNA__22322__A1/DIODE                0.75    0.95   -0.20 (VIOLATED)
ANTENNA__22859__A0/DIODE                0.75    0.95   -0.20 (VIOLATED)
_22859_/A0                              0.75    0.95   -0.20 (VIOLATED)
ANTENNA__23128__A0/DIODE                0.75    0.95   -0.20 (VIOLATED)
_23128_/A0                              0.75    0.95   -0.20 (VIOLATED)
_21787_/A0                              0.75    0.95   -0.20 (VIOLATED)
ANTENNA__21787__A0/DIODE                0.75    0.95   -0.20 (VIOLATED)
_22591_/A0                              0.75    0.95   -0.20 (VIOLATED)
ANTENNA_52/DIODE                        0.75    0.95   -0.20 (VIOLATED)
ANTENNA__22591__A0/DIODE                0.75    0.95   -0.20 (VIOLATED)
ANTENNA__22055__A0/DIODE                0.75    0.95   -0.20 (VIOLATED)
_22055_/A0                              0.75    0.95   -0.20 (VIOLATED)
_21181_/A1                              0.75    0.95   -0.20 (VIOLATED)
ANTENNA__21181__A1/DIODE                0.75    0.95   -0.20 (VIOLATED)
ANTENNA__23411__A0/DIODE                0.75    0.95   -0.20 (VIOLATED)
_23411_/A0                              0.75    0.95   -0.20 (VIOLATED)
_21518_/A0                              0.75    0.95   -0.20 (VIOLATED)
ANTENNA__21518__A0/DIODE                0.75    0.95   -0.20 (VIOLATED)
_21180_/X                               0.75    0.95   -0.20 (VIOLATED)
ANTENNA__21962__A0/DIODE                0.75    0.95   -0.20 (VIOLATED)
_21962_/A0                              0.75    0.95   -0.20 (VIOLATED)
_23034_/A0                              0.75    0.95   -0.20 (VIOLATED)
ANTENNA__23034__A0/DIODE                0.75    0.95   -0.20 (VIOLATED)
_22497_/A1                              0.75    0.95   -0.20 (VIOLATED)
ANTENNA__22497__A1/DIODE                0.75    0.95   -0.20 (VIOLATED)
_26294_/B1                              0.75    0.95   -0.20 (VIOLATED)
ANTENNA__26294__B1/DIODE                0.75    0.95   -0.20 (VIOLATED)
_22766_/A0                              0.75    0.95   -0.20 (VIOLATED)
ANTENNA__22766__A0/DIODE                0.75    0.95   -0.20 (VIOLATED)
_23303_/A0                              0.75    0.95   -0.20 (VIOLATED)
ANTENNA__23303__A0/DIODE                0.75    0.95   -0.20 (VIOLATED)
_23585_/A0                              0.75    0.95   -0.20 (VIOLATED)
ANTENNA__23585__A0/DIODE                0.75    0.95   -0.20 (VIOLATED)
ANTENNA__22230__A0/DIODE                0.75    0.95   -0.20 (VIOLATED)
_22230_/A0                              0.75    0.95   -0.20 (VIOLATED)
_21693_/A0                              0.75    0.94   -0.19 (VIOLATED)
ANTENNA__21414__A1/DIODE                0.75    0.94   -0.19 (VIOLATED)
ANTENNA__21693__A0/DIODE                0.75    0.94   -0.19 (VIOLATED)
_21414_/A1                              0.75    0.94   -0.19 (VIOLATED)
_26291_/X                               0.75    0.94   -0.19 (VIOLATED)
_20693_/A                               0.75    0.94   -0.19 (VIOLATED)
ANTENNA__20693__A/DIODE                 0.75    0.94   -0.19 (VIOLATED)
ANTENNA__37639__A/DIODE                 0.75    0.94   -0.19 (VIOLATED)
_37639_/A                               0.75    0.94   -0.19 (VIOLATED)
_37640_/A1                              0.75    0.94   -0.19 (VIOLATED)
ANTENNA__37640__A1/DIODE                0.75    0.94   -0.19 (VIOLATED)
ANTENNA__22924__A0/DIODE                0.75    0.94   -0.19 (VIOLATED)
_22924_/A0                              0.75    0.94   -0.19 (VIOLATED)
_23193_/A0                              0.75    0.94   -0.19 (VIOLATED)
_32388_/B                               0.75    0.94   -0.19 (VIOLATED)
ANTENNA__23193__A0/DIODE                0.75    0.94   -0.19 (VIOLATED)
ANTENNA__32388__B/DIODE                 0.75    0.94   -0.19 (VIOLATED)
ANTENNA__23476__A0/DIODE                0.75    0.94   -0.19 (VIOLATED)
_23476_/A0                              0.75    0.94   -0.19 (VIOLATED)
_22387_/A1                              0.75    0.94   -0.19 (VIOLATED)
ANTENNA__22387__A1/DIODE                0.75    0.94   -0.19 (VIOLATED)
ANTENNA__32819__B/DIODE                 0.75    0.94   -0.19 (VIOLATED)
_32819_/B                               0.75    0.94   -0.19 (VIOLATED)
_32387_/Y                               0.75    0.94   -0.19 (VIOLATED)
ANTENNA__22656__A0/DIODE                0.75    0.94   -0.19 (VIOLATED)
_22656_/A0                              0.75    0.94   -0.19 (VIOLATED)
_21583_/A0                              0.75    0.94   -0.19 (VIOLATED)
ANTENNA__21583__A0/DIODE                0.75    0.94   -0.19 (VIOLATED)
_21265_/A1                              0.75    0.94   -0.19 (VIOLATED)
ANTENNA__21265__A1/DIODE                0.75    0.94   -0.19 (VIOLATED)
_21852_/A0                              0.75    0.94   -0.19 (VIOLATED)
ANTENNA__21852__A0/DIODE                0.75    0.94   -0.19 (VIOLATED)
_22120_/A0                              0.75    0.94   -0.19 (VIOLATED)
ANTENNA__22120__A0/DIODE                0.75    0.94   -0.19 (VIOLATED)
_21264_/X                               0.75    0.94   -0.19 (VIOLATED)
clkbuf_0_clk/A                          0.75    0.94   -0.19 (VIOLATED)
ANTENNA_37/DIODE                        0.75    0.94   -0.19 (VIOLATED)
clk                                     0.75    0.94   -0.19 (VIOLATED)
_36459_/A                               0.75    0.94   -0.19 (VIOLATED)
ANTENNA__36459__A/DIODE                 0.75    0.94   -0.19 (VIOLATED)
_20469_/A                               0.75    0.94   -0.19 (VIOLATED)
ANTENNA__20469__A/DIODE                 0.75    0.94   -0.19 (VIOLATED)
_31134_/B                               0.75    0.94   -0.19 (VIOLATED)
ANTENNA__31134__B/DIODE                 0.75    0.94   -0.19 (VIOLATED)
ANTENNA__32743__B/DIODE                 0.75    0.94   -0.19 (VIOLATED)
_31133_/X                               0.75    0.94   -0.19 (VIOLATED)
_32743_/B                               0.75    0.94   -0.19 (VIOLATED)
_20782_/A                               0.75    0.94   -0.19 (VIOLATED)
ANTENNA__20782__A/DIODE                 0.75    0.94   -0.19 (VIOLATED)
_38134_/A                               0.75    0.94   -0.19 (VIOLATED)
ANTENNA__38134__A/DIODE                 0.75    0.94   -0.19 (VIOLATED)
ANTENNA__38135__A1/DIODE                0.75    0.94   -0.19 (VIOLATED)
_38135_/A1                              0.75    0.94   -0.19 (VIOLATED)
_31187_/B                               0.75    0.94   -0.19 (VIOLATED)
ANTENNA__31187__B/DIODE                 0.75    0.94   -0.19 (VIOLATED)
_32847_/B                               0.75    0.94   -0.19 (VIOLATED)
ANTENNA__32847__B/DIODE                 0.75    0.94   -0.19 (VIOLATED)
_31186_/Y                               0.75    0.94   -0.19 (VIOLATED)
_20628_/A                               0.75    0.94   -0.19 (VIOLATED)
ANTENNA__20628__A/DIODE                 0.75    0.94   -0.19 (VIOLATED)
_37269_/A                               0.75    0.94   -0.19 (VIOLATED)
ANTENNA__37269__A/DIODE                 0.75    0.94   -0.19 (VIOLATED)
_32011_/B                               0.75    0.94   -0.19 (VIOLATED)
ANTENNA__32011__B/DIODE                 0.75    0.94   -0.19 (VIOLATED)
_32796_/B                               0.75    0.94   -0.19 (VIOLATED)
ANTENNA__32796__B/DIODE                 0.75    0.94   -0.19 (VIOLATED)
_32010_/X                               0.75    0.94   -0.19 (VIOLATED)
_25847_/A                               0.75    0.94   -0.19 (VIOLATED)
ANTENNA__25847__A/DIODE                 0.75    0.94   -0.19 (VIOLATED)
ANTENNA__25286__A2_N/DIODE              0.75    0.94   -0.19 (VIOLATED)
_25286_/A2_N                            0.75    0.94   -0.19 (VIOLATED)
_26118_/A2                              0.75    0.94   -0.19 (VIOLATED)
ANTENNA__26118__A2/DIODE                0.75    0.94   -0.19 (VIOLATED)
_25278_/Y                               0.75    0.94   -0.19 (VIOLATED)
_36139_/Y                               0.75    0.94   -0.19 (VIOLATED)
_36140_/B1                              0.75    0.94   -0.19 (VIOLATED)
_31067_/B                               0.75    0.94   -0.19 (VIOLATED)
ANTENNA__31067__B/DIODE                 0.75    0.94   -0.19 (VIOLATED)
_32655_/A1                              0.75    0.94   -0.19 (VIOLATED)
ANTENNA__32655__A1/DIODE                0.75    0.94   -0.19 (VIOLATED)
_20131_/A                               0.75    0.94   -0.19 (VIOLATED)
ANTENNA__20131__A/DIODE                 0.75    0.94   -0.19 (VIOLATED)
_34753_/A1                              0.75    0.94   -0.19 (VIOLATED)
_34752_/A                               0.75    0.94   -0.19 (VIOLATED)
ANTENNA__34752__A/DIODE                 0.75    0.94   -0.19 (VIOLATED)
ANTENNA__34753__A1/DIODE                0.75    0.94   -0.19 (VIOLATED)
_31066_/Y                               0.75    0.94   -0.19 (VIOLATED)
_20807_/B                               0.75    0.94   -0.19 (VIOLATED)
ANTENNA__20807__B/DIODE                 0.75    0.94   -0.19 (VIOLATED)
_20793_/B                               0.75    0.94   -0.19 (VIOLATED)
ANTENNA__20793__B/DIODE                 0.75    0.94   -0.19 (VIOLATED)
ANTENNA__20953__B/DIODE                 0.75    0.94   -0.19 (VIOLATED)
_20953_/B                               0.75    0.94   -0.19 (VIOLATED)
ANTENNA__39404__B/DIODE                 0.75    0.94   -0.19 (VIOLATED)
_39404_/B                               0.75    0.94   -0.19 (VIOLATED)
_39405_/A2                              0.75    0.94   -0.19 (VIOLATED)
ANTENNA__39405__A2/DIODE                0.75    0.94   -0.19 (VIOLATED)
_39403_/Y                               0.75    0.94   -0.19 (VIOLATED)
_31570_/B                               0.75    0.93   -0.18 (VIOLATED)
ANTENNA__31570__B/DIODE                 0.75    0.93   -0.18 (VIOLATED)
_35209_/A                               0.75    0.93   -0.18 (VIOLATED)
ANTENNA__35209__A/DIODE                 0.75    0.93   -0.18 (VIOLATED)
ANTENNA__20230__A/DIODE                 0.75    0.93   -0.18 (VIOLATED)
_20230_/A                               0.75    0.93   -0.18 (VIOLATED)
ANTENNA__32680__B/DIODE                 0.75    0.93   -0.18 (VIOLATED)
_31569_/X                               0.75    0.93   -0.18 (VIOLATED)
_32680_/B                               0.75    0.93   -0.18 (VIOLATED)
_20944_/A                               0.75    0.93   -0.18 (VIOLATED)
ANTENNA__20944__A/DIODE                 0.75    0.93   -0.18 (VIOLATED)
_38134_/B                               0.75    0.93   -0.18 (VIOLATED)
ANTENNA__38134__B/DIODE                 0.75    0.93   -0.18 (VIOLATED)
ANTENNA__38135__A2/DIODE                0.75    0.93   -0.18 (VIOLATED)
_38135_/A2                              0.75    0.93   -0.18 (VIOLATED)
_20864_/B                               0.75    0.93   -0.18 (VIOLATED)
ANTENNA__20864__B/DIODE                 0.75    0.93   -0.18 (VIOLATED)
_20794_/A                               0.75    0.93   -0.18 (VIOLATED)
ANTENNA__20794__A/DIODE                 0.75    0.93   -0.18 (VIOLATED)
_38133_/Y                               0.75    0.93   -0.18 (VIOLATED)
_23130_/A0                              0.75    0.93   -0.18 (VIOLATED)
ANTENNA__23130__A0/DIODE                0.75    0.93   -0.18 (VIOLATED)
_21789_/A0                              0.75    0.93   -0.18 (VIOLATED)
ANTENNA__21789__A0/DIODE                0.75    0.93   -0.18 (VIOLATED)
_22861_/A0                              0.75    0.93   -0.18 (VIOLATED)
ANTENNA__22861__A0/DIODE                0.75    0.93   -0.18 (VIOLATED)
ANTENNA__22324__A1/DIODE                0.75    0.93   -0.18 (VIOLATED)
_22324_/A1                              0.75    0.93   -0.18 (VIOLATED)
ANTENNA__22593__A0/DIODE                0.75    0.93   -0.18 (VIOLATED)
_22593_/A0                              0.75    0.93   -0.18 (VIOLATED)
_21184_/A1                              0.75    0.93   -0.18 (VIOLATED)
ANTENNA__21184__A1/DIODE                0.75    0.93   -0.18 (VIOLATED)
_22057_/A0                              0.75    0.93   -0.18 (VIOLATED)
ANTENNA__22057__A0/DIODE                0.75    0.93   -0.18 (VIOLATED)
_23413_/A0                              0.75    0.93   -0.18 (VIOLATED)
ANTENNA__23413__A0/DIODE                0.75    0.93   -0.18 (VIOLATED)
_21520_/A0                              0.75    0.93   -0.18 (VIOLATED)
ANTENNA__21520__A0/DIODE                0.75    0.93   -0.18 (VIOLATED)
_21183_/X                               0.75    0.93   -0.18 (VIOLATED)
_23529_/A0                              0.75    0.92   -0.17 (VIOLATED)
ANTENNA__23529__A0/DIODE                0.75    0.92   -0.17 (VIOLATED)
_23246_/A0                              0.75    0.92   -0.17 (VIOLATED)
ANTENNA__23246__A0/DIODE                0.75    0.92   -0.17 (VIOLATED)
ANTENNA__21905__A0/DIODE                0.75    0.92   -0.17 (VIOLATED)
_21905_/A0                              0.75    0.92   -0.17 (VIOLATED)
ANTENNA__22977__A0/DIODE                0.75    0.92   -0.17 (VIOLATED)
_22977_/A0                              0.75    0.92   -0.17 (VIOLATED)
_22440_/A1                              0.75    0.92   -0.17 (VIOLATED)
ANTENNA__22440__A1/DIODE                0.75    0.92   -0.17 (VIOLATED)
_22173_/A0                              0.75    0.92   -0.17 (VIOLATED)
ANTENNA__22173__A0/DIODE                0.75    0.92   -0.17 (VIOLATED)
ANTENNA__22709__A0/DIODE                0.75    0.92   -0.17 (VIOLATED)
_22709_/A0                              0.75    0.92   -0.17 (VIOLATED)
_21334_/A1                              0.75    0.92   -0.17 (VIOLATED)
ANTENNA__21334__A1/DIODE                0.75    0.92   -0.17 (VIOLATED)
_21636_/A0                              0.75    0.92   -0.17 (VIOLATED)
ANTENNA__21636__A0/DIODE                0.75    0.92   -0.17 (VIOLATED)
_21333_/X                               0.75    0.92   -0.17 (VIOLATED)
_20890_/A                               0.75    0.92   -0.17 (VIOLATED)
ANTENNA__20890__A/DIODE                 0.75    0.92   -0.17 (VIOLATED)
_20815_/B                               0.75    0.92   -0.17 (VIOLATED)
ANTENNA__20815__B/DIODE                 0.75    0.92   -0.17 (VIOLATED)
_20828_/B                               0.75    0.92   -0.17 (VIOLATED)
ANTENNA__20828__B/DIODE                 0.75    0.92   -0.17 (VIOLATED)
_19755_/B                               0.75    0.92   -0.17 (VIOLATED)
ANTENNA__19755__B/DIODE                 0.75    0.92   -0.17 (VIOLATED)
_19754_/Y                               0.75    0.92   -0.17 (VIOLATED)
_32530_/B                               0.75    0.92   -0.17 (VIOLATED)
ANTENNA_71/DIODE                        0.75    0.92   -0.17 (VIOLATED)
ANTENNA_74/DIODE                        0.75    0.92   -0.17 (VIOLATED)
ANTENNA_75/DIODE                        0.75    0.92   -0.17 (VIOLATED)
ANTENNA_76/DIODE                        0.75    0.92   -0.17 (VIOLATED)
ANTENNA_73/DIODE                        0.75    0.92   -0.17 (VIOLATED)
ANTENNA_77/DIODE                        0.75    0.92   -0.17 (VIOLATED)
ANTENNA_78/DIODE                        0.75    0.92   -0.17 (VIOLATED)
ANTENNA_70/DIODE                        0.75    0.92   -0.17 (VIOLATED)
ANTENNA_79/DIODE                        0.75    0.92   -0.17 (VIOLATED)
ANTENNA_80/DIODE                        0.75    0.92   -0.17 (VIOLATED)
ANTENNA_67/DIODE                        0.75    0.92   -0.17 (VIOLATED)
ANTENNA_47/DIODE                        0.75    0.92   -0.17 (VIOLATED)
ANTENNA_72/DIODE                        0.75    0.92   -0.17 (VIOLATED)
ANTENNA_81/DIODE                        0.75    0.92   -0.17 (VIOLATED)
_39404_/A                               0.75    0.92   -0.17 (VIOLATED)
_39405_/A1                              0.75    0.92   -0.17 (VIOLATED)
_32908_/A1                              0.75    0.92   -0.17 (VIOLATED)
_21025_/A                               0.75    0.92   -0.17 (VIOLATED)
_32529_/Y                               0.75    0.92   -0.17 (VIOLATED)
_32012_/B                               0.75    0.91   -0.16 (VIOLATED)
ANTENNA__32012__B/DIODE                 0.75    0.91   -0.16 (VIOLATED)
_20314_/A                               0.75    0.91   -0.16 (VIOLATED)
ANTENNA__20314__A/DIODE                 0.75    0.91   -0.16 (VIOLATED)
_35616_/A                               0.75    0.91   -0.16 (VIOLATED)
ANTENNA__35616__A/DIODE                 0.75    0.91   -0.16 (VIOLATED)
ANTENNA__32700__B/DIODE                 0.75    0.91   -0.16 (VIOLATED)
_32011_/X                               0.75    0.91   -0.16 (VIOLATED)
_32700_/B                               0.75    0.91   -0.16 (VIOLATED)
_31125_/B1                              0.75    0.91   -0.16 (VIOLATED)
_31163_/A2                              0.75    0.91   -0.16 (VIOLATED)
_31286_/B1                              0.75    0.91   -0.16 (VIOLATED)
_31249_/B1                              0.75    0.91   -0.16 (VIOLATED)
_31290_/A2_N                            0.75    0.91   -0.16 (VIOLATED)
_31208_/A3                              0.75    0.91   -0.16 (VIOLATED)
_31124_/Y                               0.75    0.91   -0.16 (VIOLATED)
ANTENNA__22206__A0/DIODE                0.75    0.91   -0.16 (VIOLATED)
_22206_/A0                              0.75    0.91   -0.16 (VIOLATED)
_23562_/A0                              0.75    0.91   -0.16 (VIOLATED)
ANTENNA__23562__A0/DIODE                0.75    0.91   -0.16 (VIOLATED)
_23070_/A0                              0.75    0.91   -0.16 (VIOLATED)
ANTENNA__23070__A0/DIODE                0.75    0.91   -0.16 (VIOLATED)
_22534_/A1                              0.75    0.91   -0.16 (VIOLATED)
ANTENNA__22534__A1/DIODE                0.75    0.91   -0.16 (VIOLATED)
_22802_/A0                              0.75    0.91   -0.16 (VIOLATED)
ANTENNA__22802__A0/DIODE                0.75    0.91   -0.16 (VIOLATED)
_21461_/A1                              0.75    0.91   -0.16 (VIOLATED)
ANTENNA__21461__A1/DIODE                0.75    0.91   -0.16 (VIOLATED)
_25886_/A2                              0.75    0.91   -0.16 (VIOLATED)
ANTENNA__25886__A2/DIODE                0.75    0.91   -0.16 (VIOLATED)
_21729_/A0                              0.75    0.91   -0.16 (VIOLATED)
ANTENNA__21729__A0/DIODE                0.75    0.91   -0.16 (VIOLATED)
_23339_/A0                              0.75    0.91   -0.16 (VIOLATED)
ANTENNA__23339__A0/DIODE                0.75    0.91   -0.16 (VIOLATED)
_21998_/A0                              0.75    0.91   -0.16 (VIOLATED)
ANTENNA__21998__A0/DIODE                0.75    0.91   -0.16 (VIOLATED)
ANTENNA__22266__A0/DIODE                0.75    0.91   -0.16 (VIOLATED)
_22266_/A0                              0.75    0.91   -0.16 (VIOLATED)
_23622_/A0                              0.75    0.91   -0.16 (VIOLATED)
ANTENNA__23622__A0/DIODE                0.75    0.91   -0.16 (VIOLATED)
ANTENNA__23279__A0/DIODE                0.75    0.91   -0.16 (VIOLATED)
_21460_/X                               0.75    0.91   -0.16 (VIOLATED)
_23279_/A0                              0.75    0.91   -0.16 (VIOLATED)
ANTENNA__21938__A0/DIODE                0.75    0.90   -0.15 (VIOLATED)
_21938_/A0                              0.75    0.90   -0.15 (VIOLATED)
_23010_/A0                              0.75    0.90   -0.15 (VIOLATED)
ANTENNA__23010__A0/DIODE                0.75    0.90   -0.15 (VIOLATED)
_27143_/B1                              0.75    0.90   -0.15 (VIOLATED)
ANTENNA__27143__B1/DIODE                0.75    0.90   -0.15 (VIOLATED)
_24846_/A                               0.75    0.90   -0.15 (VIOLATED)
ANTENNA__24846__A/DIODE                 0.75    0.90   -0.15 (VIOLATED)
_26920_/B                               0.75    0.90   -0.15 (VIOLATED)
ANTENNA__26920__B/DIODE                 0.75    0.90   -0.15 (VIOLATED)
_26540_/B                               0.75    0.90   -0.15 (VIOLATED)
ANTENNA__26540__B/DIODE                 0.75    0.90   -0.15 (VIOLATED)
_24845_/Y                               0.75    0.90   -0.15 (VIOLATED)
ANTENNA__23547__A0/DIODE                0.75    0.90   -0.15 (VIOLATED)
_23547_/A0                              0.75    0.90   -0.15 (VIOLATED)
_23265_/A0                              0.75    0.90   -0.15 (VIOLATED)
ANTENNA__23265__A0/DIODE                0.75    0.90   -0.15 (VIOLATED)
ANTENNA__21924__A0/DIODE                0.75    0.90   -0.15 (VIOLATED)
_21924_/A0                              0.75    0.90   -0.15 (VIOLATED)
_22996_/A0                              0.75    0.90   -0.15 (VIOLATED)
ANTENNA__22996__A0/DIODE                0.75    0.90   -0.15 (VIOLATED)
_22459_/A1                              0.75    0.90   -0.15 (VIOLATED)
_22192_/A0                              0.75    0.90   -0.15 (VIOLATED)
ANTENNA__22192__A0/DIODE                0.75    0.90   -0.15 (VIOLATED)
ANTENNA__22459__A1/DIODE                0.75    0.90   -0.15 (VIOLATED)
ANTENNA__22728__A0/DIODE                0.75    0.90   -0.15 (VIOLATED)
_22728_/A0                              0.75    0.90   -0.15 (VIOLATED)
ANTENNA__21361__A1/DIODE                0.75    0.90   -0.15 (VIOLATED)
_21361_/A1                              0.75    0.90   -0.15 (VIOLATED)
_21655_/A0                              0.75    0.90   -0.15 (VIOLATED)
ANTENNA__21655__A0/DIODE                0.75    0.90   -0.15 (VIOLATED)
_21360_/X                               0.75    0.90   -0.15 (VIOLATED)
_26359_/B                               0.75    0.90   -0.15 (VIOLATED)
ANTENNA__22337__A1/DIODE                0.75    0.90   -0.15 (VIOLATED)
_22337_/A1                              0.75    0.90   -0.15 (VIOLATED)
ANTENNA__26359__B/DIODE                 0.75    0.90   -0.15 (VIOLATED)
_22874_/A0                              0.75    0.90   -0.15 (VIOLATED)
ANTENNA__22874__A0/DIODE                0.75    0.90   -0.15 (VIOLATED)
ANTENNA__23426__A0/DIODE                0.75    0.90   -0.15 (VIOLATED)
_23426_/A0                              0.75    0.90   -0.15 (VIOLATED)
ANTENNA__23143__A0/DIODE                0.75    0.90   -0.15 (VIOLATED)
_23143_/A0                              0.75    0.90   -0.15 (VIOLATED)
_21802_/A0                              0.75    0.90   -0.15 (VIOLATED)
ANTENNA__21802__A0/DIODE                0.75    0.90   -0.15 (VIOLATED)
_22606_/A0                              0.75    0.90   -0.15 (VIOLATED)
ANTENNA__22606__A0/DIODE                0.75    0.90   -0.15 (VIOLATED)
_21200_/A1                              0.75    0.90   -0.15 (VIOLATED)
ANTENNA__21200__A1/DIODE                0.75    0.90   -0.15 (VIOLATED)
_22070_/A0                              0.75    0.90   -0.15 (VIOLATED)
ANTENNA__22070__A0/DIODE                0.75    0.90   -0.15 (VIOLATED)
_21533_/A0                              0.75    0.90   -0.15 (VIOLATED)
ANTENNA__21533__A0/DIODE                0.75    0.90   -0.15 (VIOLATED)
_26358_/X                               0.75    0.90   -0.15 (VIOLATED)
ANTENNA__22474__A1/DIODE                0.75    0.90   -0.15 (VIOLATED)
_22474_/A1                              0.75    0.89   -0.14 (VIOLATED)
ANTENNA__22742__A0/DIODE                0.75    0.89   -0.14 (VIOLATED)
_22742_/A0                              0.75    0.89   -0.14 (VIOLATED)
_21381_/A1                              0.75    0.89   -0.14 (VIOLATED)
ANTENNA__21381__A1/DIODE                0.75    0.89   -0.14 (VIOLATED)
_21669_/A0                              0.75    0.89   -0.14 (VIOLATED)
ANTENNA__21669__A0/DIODE                0.75    0.89   -0.14 (VIOLATED)
_25882_/X                               0.75    0.89   -0.14 (VIOLATED)
_27421_/C                               0.75    0.89   -0.14 (VIOLATED)
ANTENNA__27421__C/DIODE                 0.75    0.89   -0.14 (VIOLATED)
_27408_/A                               0.75    0.89   -0.14 (VIOLATED)
ANTENNA__27408__A/DIODE                 0.75    0.89   -0.14 (VIOLATED)
_27417_/C                               0.75    0.89   -0.14 (VIOLATED)
ANTENNA__27417__C/DIODE                 0.75    0.89   -0.14 (VIOLATED)
ANTENNA__27434__A/DIODE                 0.75    0.89   -0.14 (VIOLATED)
_27434_/A                               0.75    0.89   -0.14 (VIOLATED)
_27438_/C                               0.75    0.89   -0.14 (VIOLATED)
ANTENNA__27438__C/DIODE                 0.75    0.89   -0.14 (VIOLATED)
ANTENNA__27451__B/DIODE                 0.75    0.89   -0.14 (VIOLATED)
_27451_/B                               0.75    0.89   -0.14 (VIOLATED)
_27457_/B                               0.75    0.89   -0.14 (VIOLATED)
_27447_/B                               0.75    0.89   -0.14 (VIOLATED)
ANTENNA__27447__B/DIODE                 0.75    0.89   -0.14 (VIOLATED)
ANTENNA__27457__B/DIODE                 0.75    0.89   -0.14 (VIOLATED)
_27461_/B                               0.75    0.89   -0.14 (VIOLATED)
ANTENNA__27461__B/DIODE                 0.75    0.89   -0.14 (VIOLATED)
_29956_/A                               0.75    0.89   -0.14 (VIOLATED)
ANTENNA__29956__A/DIODE                 0.75    0.89   -0.14 (VIOLATED)
_27407_/Y                               0.75    0.89   -0.14 (VIOLATED)
_31188_/B                               0.75    0.89   -0.14 (VIOLATED)
ANTENNA__31188__B/DIODE                 0.75    0.89   -0.14 (VIOLATED)
_20480_/A                               0.75    0.89   -0.14 (VIOLATED)
ANTENNA__20480__A/DIODE                 0.75    0.89   -0.14 (VIOLATED)
ANTENNA__36494__A/DIODE                 0.75    0.89   -0.14 (VIOLATED)
_36494_/A                               0.75    0.89   -0.14 (VIOLATED)
_36495_/A1                              0.75    0.89   -0.14 (VIOLATED)
ANTENNA__36495__A1/DIODE                0.75    0.89   -0.14 (VIOLATED)
_32746_/B                               0.75    0.89   -0.14 (VIOLATED)
ANTENNA__32746__B/DIODE                 0.75    0.89   -0.14 (VIOLATED)
_31187_/X                               0.75    0.89   -0.14 (VIOLATED)
_25607_/A                               0.75    0.89   -0.14 (VIOLATED)
_27068_/B                               0.75    0.89   -0.14 (VIOLATED)
_26689_/B                               0.75    0.89   -0.14 (VIOLATED)
_25606_/Y                               0.75    0.89   -0.14 (VIOLATED)
_31264_/B                               0.75    0.89   -0.14 (VIOLATED)
ANTENNA__31264__B/DIODE                 0.75    0.89   -0.14 (VIOLATED)
ANTENNA__34911__A1/DIODE                0.75    0.89   -0.14 (VIOLATED)
_34911_/A1                              0.75    0.89   -0.14 (VIOLATED)
ANTENNA__34910__A/DIODE                 0.75    0.89   -0.14 (VIOLATED)
_34910_/A                               0.75    0.89   -0.14 (VIOLATED)
ANTENNA__32670__A1/DIODE                0.75    0.89   -0.14 (VIOLATED)
_32670_/A1                              0.75    0.89   -0.14 (VIOLATED)
_20176_/A                               0.75    0.89   -0.14 (VIOLATED)
ANTENNA__20176__A/DIODE                 0.75    0.89   -0.14 (VIOLATED)
_31263_/Y                               0.75    0.89   -0.14 (VIOLATED)
_20448_/A                               0.75    0.89   -0.14 (VIOLATED)
_36335_/A                               0.75    0.89   -0.14 (VIOLATED)
_30985_/B                               0.75    0.89   -0.14 (VIOLATED)
_32734_/B                               0.75    0.89   -0.14 (VIOLATED)
_30984_/Y                               0.75    0.89   -0.14 (VIOLATED)
_32211_/B                               0.75    0.88   -0.13 (VIOLATED)
_20983_/A                               0.75    0.88   -0.13 (VIOLATED)
_32210_/X                               0.75    0.88   -0.13 (VIOLATED)
_32896_/B                               0.75    0.88   -0.13 (VIOLATED)
_39090_/A                               0.75    0.88   -0.13 (VIOLATED)
_39091_/A1                              0.75    0.88   -0.13 (VIOLATED)
_32445_/B                               0.75    0.88   -0.13 (VIOLATED)
_20389_/A                               0.75    0.88   -0.13 (VIOLATED)
_32720_/B                               0.75    0.88   -0.13 (VIOLATED)
_36038_/A                               0.75    0.88   -0.13 (VIOLATED)
_32444_/Y                               0.75    0.88   -0.13 (VIOLATED)
_32574_/B                               0.75    0.88   -0.13 (VIOLATED)
ANTENNA__32574__B/DIODE                 0.75    0.88   -0.13 (VIOLATED)
_32727_/B                               0.75    0.88   -0.13 (VIOLATED)
ANTENNA__32727__B/DIODE                 0.75    0.88   -0.13 (VIOLATED)
_20419_/A                               0.75    0.88   -0.13 (VIOLATED)
ANTENNA__20419__A/DIODE                 0.75    0.88   -0.13 (VIOLATED)
_36142_/A                               0.75    0.88   -0.13 (VIOLATED)
ANTENNA__36142__A/DIODE                 0.75    0.88   -0.13 (VIOLATED)
_32573_/Y                               0.75    0.88   -0.13 (VIOLATED)
_31226_/B                               0.75    0.88   -0.13 (VIOLATED)
_36527_/A                               0.75    0.88   -0.13 (VIOLATED)
_20490_/A                               0.75    0.88   -0.13 (VIOLATED)
_32750_/B                               0.75    0.88   -0.13 (VIOLATED)
_31225_/Y                               0.75    0.88   -0.13 (VIOLATED)
_37294_/A2                              0.75    0.87   -0.12 (VIOLATED)
_37403_/B2                              0.75    0.87   -0.12 (VIOLATED)
_37293_/Y                               0.75    0.87   -0.12 (VIOLATED)
_37416_/B1                              0.75    0.87   -0.12 (VIOLATED)
_23520_/A0                              0.75    0.87   -0.12 (VIOLATED)
ANTENNA__23520__A0/DIODE                0.75    0.87   -0.12 (VIOLATED)
_21896_/A0                              0.75    0.87   -0.12 (VIOLATED)
ANTENNA__21896__A0/DIODE                0.75    0.87   -0.12 (VIOLATED)
_23237_/A0                              0.75    0.87   -0.12 (VIOLATED)
ANTENNA__23237__A0/DIODE                0.75    0.87   -0.12 (VIOLATED)
_22968_/A0                              0.75    0.87   -0.12 (VIOLATED)
ANTENNA__22968__A0/DIODE                0.75    0.87   -0.12 (VIOLATED)
_22432_/A1                              0.75    0.87   -0.12 (VIOLATED)
ANTENNA__22432__A1/DIODE                0.75    0.87   -0.12 (VIOLATED)
_22700_/A0                              0.75    0.87   -0.12 (VIOLATED)
ANTENNA__22700__A0/DIODE                0.75    0.87   -0.12 (VIOLATED)
_21323_/A1                              0.75    0.87   -0.12 (VIOLATED)
ANTENNA__21323__A1/DIODE                0.75    0.87   -0.12 (VIOLATED)
_21627_/A0                              0.75    0.87   -0.12 (VIOLATED)
ANTENNA__21627__A0/DIODE                0.75    0.87   -0.12 (VIOLATED)
_22164_/A0                              0.75    0.87   -0.12 (VIOLATED)
ANTENNA__22164__A0/DIODE                0.75    0.87   -0.12 (VIOLATED)
_21322_/X                               0.75    0.87   -0.12 (VIOLATED)
wire44/A                                0.75    0.87   -0.12 (VIOLATED)
max_cap45/A                             0.75    0.87   -0.12 (VIOLATED)
_26720_/A2                              0.75    0.87   -0.12 (VIOLATED)
_25217_/Y                               0.75    0.87   -0.12 (VIOLATED)
_31288_/C                               0.75    0.87   -0.12 (VIOLATED)
_31123_/B1                              0.75    0.87   -0.12 (VIOLATED)
_31273_/A2                              0.75    0.87   -0.12 (VIOLATED)
_31200_/B1                              0.75    0.87   -0.12 (VIOLATED)
_31058_/A2                              0.75    0.87   -0.12 (VIOLATED)
_31057_/Y                               0.75    0.87   -0.12 (VIOLATED)
_31305_/B                               0.75    0.87   -0.12 (VIOLATED)
ANTENNA__31305__B/DIODE                 0.75    0.87   -0.12 (VIOLATED)
_20514_/A                               0.75    0.87   -0.12 (VIOLATED)
_36593_/A                               0.75    0.87   -0.12 (VIOLATED)
_36594_/A1                              0.75    0.87   -0.12 (VIOLATED)
ANTENNA__36593__A/DIODE                 0.75    0.87   -0.12 (VIOLATED)
ANTENNA__20514__A/DIODE                 0.75    0.87   -0.12 (VIOLATED)
ANTENNA__36594__A1/DIODE                0.75    0.87   -0.12 (VIOLATED)
_32759_/B                               0.75    0.87   -0.12 (VIOLATED)
ANTENNA__32759__B/DIODE                 0.75    0.87   -0.12 (VIOLATED)
_31304_/X                               0.75    0.87   -0.12 (VIOLATED)
ANTENNA__22095__A0/DIODE                0.75    0.87   -0.12 (VIOLATED)
_22095_/A0                              0.75    0.87   -0.12 (VIOLATED)
_23335_/A0                              0.75    0.87   -0.12 (VIOLATED)
ANTENNA__23335__A0/DIODE                0.75    0.87   -0.12 (VIOLATED)
_23066_/A0                              0.75    0.87   -0.12 (VIOLATED)
_22530_/A1                              0.75    0.87   -0.12 (VIOLATED)
ANTENNA__22530__A1/DIODE                0.75    0.87   -0.12 (VIOLATED)
ANTENNA__23066__A0/DIODE                0.75    0.87   -0.12 (VIOLATED)
_21994_/A0                              0.75    0.87   -0.12 (VIOLATED)
ANTENNA__22798__A0/DIODE                0.75    0.87   -0.12 (VIOLATED)
_22798_/A0                              0.75    0.87   -0.12 (VIOLATED)
ANTENNA__21994__A0/DIODE                0.75    0.87   -0.12 (VIOLATED)
_21456_/A1                              0.75    0.87   -0.12 (VIOLATED)
ANTENNA__21456__A1/DIODE                0.75    0.87   -0.12 (VIOLATED)
ANTENNA__22262__A0/DIODE                0.75    0.87   -0.12 (VIOLATED)
_22262_/A0                              0.75    0.87   -0.12 (VIOLATED)
_21725_/A0                              0.75    0.87   -0.12 (VIOLATED)
ANTENNA__21725__A0/DIODE                0.75    0.87   -0.12 (VIOLATED)
_23451_/A0                              0.75    0.87   -0.12 (VIOLATED)
ANTENNA__23451__A0/DIODE                0.75    0.87   -0.12 (VIOLATED)
ANTENNA__23618__A0/DIODE                0.75    0.87   -0.12 (VIOLATED)
_23618_/A0                              0.75    0.87   -0.12 (VIOLATED)
_23168_/A0                              0.75    0.87   -0.12 (VIOLATED)
ANTENNA__23168__A0/DIODE                0.75    0.87   -0.12 (VIOLATED)
_21455_/X                               0.75    0.87   -0.12 (VIOLATED)
ANTENNA__21827__A0/DIODE                0.75    0.87   -0.12 (VIOLATED)
_21827_/A0                              0.75    0.87   -0.12 (VIOLATED)
_22899_/A0                              0.75    0.87   -0.12 (VIOLATED)
ANTENNA__22899__A0/DIODE                0.75    0.87   -0.12 (VIOLATED)
_22362_/A1                              0.75    0.87   -0.12 (VIOLATED)
ANTENNA__22362__A1/DIODE                0.75    0.87   -0.12 (VIOLATED)
_27228_/A2                              0.75    0.87   -0.12 (VIOLATED)
ANTENNA__27228__A2/DIODE                0.75    0.87   -0.12 (VIOLATED)
_22631_/A0                              0.75    0.87   -0.12 (VIOLATED)
ANTENNA__22631__A0/DIODE                0.75    0.87   -0.12 (VIOLATED)
_21057_/A1                              0.75    0.87   -0.12 (VIOLATED)
_21056_/Y                               0.75    0.87   -0.12 (VIOLATED)
ANTENNA__21233__A1/DIODE                0.75    0.87   -0.12 (VIOLATED)
_21233_/A1                              0.75    0.87   -0.12 (VIOLATED)
_31263_/B                               0.75    0.87   -0.12 (VIOLATED)
ANTENNA__31263__B/DIODE                 0.75    0.87   -0.12 (VIOLATED)
_21558_/A0                              0.75    0.87   -0.12 (VIOLATED)
ANTENNA__21558__A0/DIODE                0.75    0.87   -0.12 (VIOLATED)
_27226_/X                               0.75    0.87   -0.12 (VIOLATED)
_20501_/A                               0.75    0.87   -0.12 (VIOLATED)
ANTENNA__20501__A/DIODE                 0.75    0.87   -0.12 (VIOLATED)
ANTENNA__36558__A/DIODE                 0.75    0.87   -0.12 (VIOLATED)
_36558_/A                               0.75    0.87   -0.12 (VIOLATED)
ANTENNA__32755__B/DIODE                 0.75    0.87   -0.12 (VIOLATED)
_32755_/B                               0.75    0.87   -0.12 (VIOLATED)
_31262_/X                               0.75    0.87   -0.12 (VIOLATED)
_32399_/Y                               0.75    0.87   -0.12 (VIOLATED)
_32400_/B2                              0.75    0.87   -0.12 (VIOLATED)
_32537_/A1                              0.75    0.87   -0.12 (VIOLATED)
ANTENNA__23522__A0/DIODE                0.75    0.86   -0.11 (VIOLATED)
_23522_/A0                              0.75    0.86   -0.11 (VIOLATED)
_23240_/A0                              0.75    0.86   -0.11 (VIOLATED)
ANTENNA__23240__A0/DIODE                0.75    0.86   -0.11 (VIOLATED)
ANTENNA__22167__A0/DIODE                0.75    0.86   -0.11 (VIOLATED)
_22167_/A0                              0.75    0.86   -0.11 (VIOLATED)
ANTENNA__21899__A0/DIODE                0.75    0.86   -0.11 (VIOLATED)
_21899_/A0                              0.75    0.86   -0.11 (VIOLATED)
ANTENNA__22971__A0/DIODE                0.75    0.86   -0.11 (VIOLATED)
_22971_/A0                              0.75    0.86   -0.11 (VIOLATED)
_32692_/A                               0.75    0.86   -0.11 (VIOLATED)
_32735_/A                               0.75    0.86   -0.11 (VIOLATED)
_30989_/A                               0.75    0.86   -0.11 (VIOLATED)
_32789_/A                               0.75    0.86   -0.11 (VIOLATED)
_31516_/A                               0.75    0.86   -0.11 (VIOLATED)
_32822_/A                               0.75    0.86   -0.11 (VIOLATED)
_32708_/A                               0.75    0.86   -0.11 (VIOLATED)
_32447_/A                               0.75    0.86   -0.11 (VIOLATED)
_31136_/A                               0.75    0.86   -0.11 (VIOLATED)
_30988_/Y                               0.75    0.86   -0.11 (VIOLATED)
_22434_/A1                              0.75    0.86   -0.11 (VIOLATED)
ANTENNA__22434__A1/DIODE                0.75    0.86   -0.11 (VIOLATED)
_31189_/B                               0.75    0.86   -0.11 (VIOLATED)
ANTENNA__31189__B/DIODE                 0.75    0.86   -0.11 (VIOLATED)
ANTENNA__26281__A2/DIODE                0.75    0.86   -0.11 (VIOLATED)
_26281_/A2                              0.75    0.86   -0.11 (VIOLATED)
_32660_/A1                              0.75    0.86   -0.11 (VIOLATED)
ANTENNA__32660__A1/DIODE                0.75    0.86   -0.11 (VIOLATED)
ANTENNA__34841__A/DIODE                 0.75    0.86   -0.11 (VIOLATED)
_34841_/A                               0.75    0.86   -0.11 (VIOLATED)
ANTENNA__34842__A1/DIODE                0.75    0.86   -0.11 (VIOLATED)
_34842_/A1                              0.75    0.86   -0.11 (VIOLATED)
_20152_/A                               0.75    0.86   -0.11 (VIOLATED)
ANTENNA__20152__A/DIODE                 0.75    0.86   -0.11 (VIOLATED)
_31188_/Y                               0.75    0.86   -0.11 (VIOLATED)
_22703_/A0                              0.75    0.86   -0.11 (VIOLATED)
ANTENNA__22703__A0/DIODE                0.75    0.86   -0.11 (VIOLATED)
_31066_/B                               0.75    0.86   -0.11 (VIOLATED)
_20458_/A                               0.75    0.86   -0.11 (VIOLATED)
_36403_/A                               0.75    0.86   -0.11 (VIOLATED)
_32739_/B                               0.75    0.86   -0.11 (VIOLATED)
_31065_/X                               0.75    0.86   -0.11 (VIOLATED)
_22876_/A0                              0.75    0.86   -0.11 (VIOLATED)
ANTENNA__22876__A0/DIODE                0.75    0.86   -0.11 (VIOLATED)
ANTENNA__21804__A0/DIODE                0.75    0.86   -0.11 (VIOLATED)
_21804_/A0                              0.75    0.86   -0.11 (VIOLATED)
_23145_/A0                              0.75    0.86   -0.11 (VIOLATED)
ANTENNA__23145__A0/DIODE                0.75    0.86   -0.11 (VIOLATED)
ANTENNA__23428__A0/DIODE                0.75    0.86   -0.11 (VIOLATED)
_23428_/A0                              0.75    0.86   -0.11 (VIOLATED)
_21326_/A1                              0.75    0.86   -0.11 (VIOLATED)
ANTENNA__21326__A1/DIODE                0.75    0.86   -0.11 (VIOLATED)
_22339_/A1                              0.75    0.85   -0.10 (VIOLATED)
ANTENNA__22339__A1/DIODE                0.75    0.85   -0.10 (VIOLATED)
_21630_/A0                              0.75    0.85   -0.10 (VIOLATED)
ANTENNA__21630__A0/DIODE                0.75    0.85   -0.10 (VIOLATED)
_26279_/X                               0.75    0.85   -0.10 (VIOLATED)
_32612_/B                               0.75    0.85   -0.10 (VIOLATED)
_20428_/A                               0.75    0.85   -0.10 (VIOLATED)
_36177_/A1                              0.75    0.85   -0.10 (VIOLATED)
_36176_/A                               0.75    0.85   -0.10 (VIOLATED)
_22608_/A0                              0.75    0.85   -0.10 (VIOLATED)
ANTENNA__22608__A0/DIODE                0.75    0.85   -0.10 (VIOLATED)
_32730_/A1                              0.75    0.85   -0.10 (VIOLATED)
_32611_/Y                               0.75    0.85   -0.10 (VIOLATED)
ANTENNA__22072__A0/DIODE                0.75    0.85   -0.10 (VIOLATED)
_22072_/A0                              0.75    0.85   -0.10 (VIOLATED)
_21203_/A1                              0.75    0.85   -0.10 (VIOLATED)
ANTENNA__21203__A1/DIODE                0.75    0.85   -0.10 (VIOLATED)
ANTENNA__21535__A0/DIODE                0.75    0.85   -0.10 (VIOLATED)
_21535_/A0                              0.75    0.85   -0.10 (VIOLATED)
_21202_/X                               0.75    0.85   -0.10 (VIOLATED)
_31227_/B                               0.75    0.85   -0.10 (VIOLATED)
ANTENNA__31227__B/DIODE                 0.75    0.85   -0.10 (VIOLATED)
_20168_/A                               0.75    0.85   -0.10 (VIOLATED)
ANTENNA__20168__A/DIODE                 0.75    0.85   -0.10 (VIOLATED)
_34877_/A                               0.75    0.85   -0.10 (VIOLATED)
ANTENNA__34877__A/DIODE                 0.75    0.85   -0.10 (VIOLATED)
ANTENNA__32665__B/DIODE                 0.75    0.85   -0.10 (VIOLATED)
_31226_/X                               0.75    0.85   -0.10 (VIOLATED)
_32665_/B                               0.75    0.85   -0.10 (VIOLATED)
ANTENNA__21988__A0/DIODE                0.75    0.84   -0.09 (VIOLATED)
_21988_/A0                              0.75    0.84   -0.09 (VIOLATED)
ANTENNA__23060__A0/DIODE                0.75    0.84   -0.09 (VIOLATED)
_23060_/A0                              0.75    0.84   -0.09 (VIOLATED)
ANTENNA__22524__A1/DIODE                0.75    0.84   -0.09 (VIOLATED)
_22524_/A1                              0.75    0.84   -0.09 (VIOLATED)
_27187_/A2                              0.75    0.84   -0.09 (VIOLATED)
ANTENNA__27187__A2/DIODE                0.75    0.84   -0.09 (VIOLATED)
_22792_/A0                              0.75    0.84   -0.09 (VIOLATED)
ANTENNA__22792__A0/DIODE                0.75    0.84   -0.09 (VIOLATED)
_23329_/A0                              0.75    0.84   -0.09 (VIOLATED)
ANTENNA__23329__A0/DIODE                0.75    0.84   -0.09 (VIOLATED)
_23612_/A0                              0.75    0.84   -0.09 (VIOLATED)
ANTENNA__23612__A0/DIODE                0.75    0.84   -0.09 (VIOLATED)
_22256_/A0                              0.75    0.84   -0.09 (VIOLATED)
ANTENNA__22256__A0/DIODE                0.75    0.84   -0.09 (VIOLATED)
_21447_/A1                              0.75    0.84   -0.09 (VIOLATED)
_31577_/A2                              0.75    0.84   -0.09 (VIOLATED)
_31370_/B                               0.75    0.84   -0.09 (VIOLATED)
_31403_/B                               0.75    0.84   -0.09 (VIOLATED)
ANTENNA__21447__A1/DIODE                0.75    0.84   -0.09 (VIOLATED)
_31664_/A2                              0.75    0.84   -0.09 (VIOLATED)
_31544_/B                               0.75    0.84   -0.09 (VIOLATED)
_31369_/Y                               0.75    0.84   -0.09 (VIOLATED)
_21719_/A0                              0.75    0.84   -0.09 (VIOLATED)
ANTENNA__21719__A0/DIODE                0.75    0.84   -0.09 (VIOLATED)
_27185_/X                               0.75    0.84   -0.09 (VIOLATED)
_27299_/A                               0.75    0.84   -0.09 (VIOLATED)
ANTENNA__27299__A/DIODE                 0.75    0.84   -0.09 (VIOLATED)
_24656_/A                               0.75    0.84   -0.09 (VIOLATED)
ANTENNA__24656__A/DIODE                 0.75    0.84   -0.09 (VIOLATED)
_24651_/Y                               0.75    0.84   -0.09 (VIOLATED)
_37687_/A1                              0.75    0.84   -0.09 (VIOLATED)
_37558_/B                               0.75    0.84   -0.09 (VIOLATED)
_37601_/A3                              0.75    0.84   -0.09 (VIOLATED)
_37772_/B                               0.75    0.84   -0.09 (VIOLATED)
_37659_/A2                              0.75    0.84   -0.09 (VIOLATED)
_37675_/B                               0.75    0.84   -0.09 (VIOLATED)
_37557_/Y                               0.75    0.84   -0.09 (VIOLATED)
output4/A                               0.75    0.83   -0.08 (VIOLATED)
ANTENNA_output4_A/DIODE                 0.75    0.83   -0.08 (VIOLATED)
_21731_/A0                              0.75    0.83   -0.08 (VIOLATED)
ANTENNA__21731__A0/DIODE                0.75    0.83   -0.08 (VIOLATED)
_22804_/A0                              0.75    0.83   -0.08 (VIOLATED)
ANTENNA__22804__A0/DIODE                0.75    0.83   -0.08 (VIOLATED)
_22268_/A1                              0.75    0.83   -0.08 (VIOLATED)
_20551_/A                               0.75    0.83   -0.08 (VIOLATED)
ANTENNA__20551__A/DIODE                 0.75    0.83   -0.08 (VIOLATED)
ANTENNA__22268__A1/DIODE                0.75    0.83   -0.08 (VIOLATED)
_20368_/A                               0.75    0.83   -0.08 (VIOLATED)
ANTENNA__20368__A/DIODE                 0.75    0.83   -0.08 (VIOLATED)
_22536_/A0                              0.75    0.83   -0.08 (VIOLATED)
ANTENNA__22536__A0/DIODE                0.75    0.83   -0.08 (VIOLATED)
_23072_/A0                              0.75    0.83   -0.08 (VIOLATED)
ANTENNA__23072__A0/DIODE                0.75    0.83   -0.08 (VIOLATED)
ANTENNA__23354__A0/DIODE                0.75    0.83   -0.08 (VIOLATED)
_23354_/A0                              0.75    0.83   -0.08 (VIOLATED)
ANTENNA_24/DIODE                        0.75    0.83   -0.08 (VIOLATED)
_21099_/A1                              0.75    0.83   -0.08 (VIOLATED)
ANTENNA__27631__A/DIODE                 0.75    0.83   -0.08 (VIOLATED)
_27631_/A                               0.75    0.83   -0.08 (VIOLATED)
_24654_/B1                              0.75    0.83   -0.08 (VIOLATED)
ANTENNA__21099__A1/DIODE                0.75    0.83   -0.08 (VIOLATED)
ANTENNA__24654__B1/DIODE                0.75    0.83   -0.08 (VIOLATED)
_22000_/A0                              0.75    0.83   -0.08 (VIOLATED)
ANTENNA__22000__A0/DIODE                0.75    0.83   -0.08 (VIOLATED)
_20823_/A                               0.75    0.83   -0.08 (VIOLATED)
ANTENNA__20823__A/DIODE                 0.75    0.83   -0.08 (VIOLATED)
_21463_/A0                              0.75    0.83   -0.08 (VIOLATED)
ANTENNA__21463__A0/DIODE                0.75    0.83   -0.08 (VIOLATED)
ANTENNA__30991__A/DIODE                 0.75    0.83   -0.08 (VIOLATED)
_30991_/A                               0.75    0.83   -0.08 (VIOLATED)
ANTENNA__27606__A/DIODE                 0.75    0.83   -0.08 (VIOLATED)
_27606_/A                               0.75    0.83   -0.08 (VIOLATED)
_27607_/A1                              0.75    0.83   -0.08 (VIOLATED)
ANTENNA__27607__A1/DIODE                0.75    0.83   -0.08 (VIOLATED)
_39441_/Q                               0.75    0.83   -0.08 (VIOLATED)
_21098_/X                               0.75    0.83   -0.08 (VIOLATED)
wire53/A                                0.75    0.83   -0.08 (VIOLATED)
ANTENNA_32/DIODE                        0.75    0.83   -0.08 (VIOLATED)
_25872_/Y                               0.75    0.83   -0.08 (VIOLATED)
_31769_/B                               0.75    0.83   -0.08 (VIOLATED)
_20902_/A                               0.75    0.83   -0.08 (VIOLATED)
_38680_/A                               0.75    0.83   -0.08 (VIOLATED)
_38681_/A1                              0.75    0.83   -0.08 (VIOLATED)
_32877_/B                               0.75    0.83   -0.08 (VIOLATED)
_31768_/Y                               0.75    0.83   -0.08 (VIOLATED)
_32389_/B                               0.75    0.83   -0.08 (VIOLATED)
_20383_/A                               0.75    0.83   -0.08 (VIOLATED)
_35985_/A1                              0.75    0.83   -0.08 (VIOLATED)
_35984_/A                               0.75    0.83   -0.08 (VIOLATED)
_32388_/Y                               0.75    0.83   -0.08 (VIOLATED)
_32718_/A1                              0.75    0.83   -0.08 (VIOLATED)
_24805_/A                               0.75    0.83   -0.08 (VIOLATED)
_26179_/A2_N                            0.75    0.83   -0.08 (VIOLATED)
_27244_/A2_N                            0.75    0.83   -0.08 (VIOLATED)
_27096_/A2                              0.75    0.83   -0.08 (VIOLATED)
_22185_/A0                              0.75    0.83   -0.08 (VIOLATED)
ANTENNA__22185__A0/DIODE                0.75    0.83   -0.08 (VIOLATED)
_27062_/A2_N                            0.75    0.83   -0.08 (VIOLATED)
_23541_/A0                              0.75    0.83   -0.08 (VIOLATED)
ANTENNA__23541__A0/DIODE                0.75    0.83   -0.08 (VIOLATED)
ANTENNA__23258__A0/DIODE                0.75    0.83   -0.08 (VIOLATED)
_23258_/A0                              0.75    0.83   -0.08 (VIOLATED)
_26716_/A2                              0.75    0.83   -0.08 (VIOLATED)
_26683_/A2_N                            0.75    0.83   -0.08 (VIOLATED)
ANTENNA__21917__A0/DIODE                0.75    0.83   -0.08 (VIOLATED)
_24804_/Y                               0.75    0.83   -0.08 (VIOLATED)
_21917_/A0                              0.75    0.83   -0.08 (VIOLATED)
_33034_/Y                               0.75    0.83   -0.08 (VIOLATED)
_33035_/B1                              0.75    0.83   -0.08 (VIOLATED)
_22989_/A0                              0.75    0.83   -0.08 (VIOLATED)
ANTENNA__22989__A0/DIODE                0.75    0.83   -0.08 (VIOLATED)
_22453_/A1                              0.75    0.83   -0.08 (VIOLATED)
ANTENNA__22453__A1/DIODE                0.75    0.83   -0.08 (VIOLATED)
_23442_/A0                              0.75    0.83   -0.08 (VIOLATED)
ANTENNA__23442__A0/DIODE                0.75    0.83   -0.08 (VIOLATED)
_23160_/A0                              0.75    0.83   -0.08 (VIOLATED)
ANTENNA__23160__A0/DIODE                0.75    0.83   -0.08 (VIOLATED)
_22721_/A0                              0.75    0.83   -0.08 (VIOLATED)
ANTENNA__22721__A0/DIODE                0.75    0.83   -0.08 (VIOLATED)
ANTENNA__22087__A0/DIODE                0.75    0.83   -0.08 (VIOLATED)
_22087_/A0                              0.75    0.83   -0.08 (VIOLATED)
ANTENNA__21550__A0/DIODE                0.75    0.83   -0.08 (VIOLATED)
_21550_/A0                              0.75    0.83   -0.08 (VIOLATED)
ANTENNA__21819__A0/DIODE                0.75    0.83   -0.08 (VIOLATED)
_21819_/A0                              0.75    0.83   -0.08 (VIOLATED)
_22891_/A0                              0.75    0.83   -0.08 (VIOLATED)
ANTENNA__22891__A0/DIODE                0.75    0.83   -0.08 (VIOLATED)
_21223_/A1                              0.75    0.83   -0.08 (VIOLATED)
ANTENNA__21223__A1/DIODE                0.75    0.83   -0.08 (VIOLATED)
_22354_/A1                              0.75    0.82   -0.07 (VIOLATED)
ANTENNA__22354__A1/DIODE                0.75    0.82   -0.07 (VIOLATED)
_22623_/A0                              0.75    0.82   -0.07 (VIOLATED)
ANTENNA__22623__A0/DIODE                0.75    0.82   -0.07 (VIOLATED)
_21222_/X                               0.75    0.82   -0.07 (VIOLATED)
_21351_/A1                              0.75    0.82   -0.07 (VIOLATED)
ANTENNA__21351__A1/DIODE                0.75    0.82   -0.07 (VIOLATED)
_35315_/A2                              0.75    0.82   -0.07 (VIOLATED)
_35235_/B                               0.75    0.82   -0.07 (VIOLATED)
_35123_/A2                              0.75    0.82   -0.07 (VIOLATED)
_35224_/A3                              0.75    0.82   -0.07 (VIOLATED)
_35076_/A2                              0.75    0.82   -0.07 (VIOLATED)
_35035_/Y                               0.75    0.82   -0.07 (VIOLATED)
_35037_/A2                              0.75    0.82   -0.07 (VIOLATED)
_35360_/A3                              0.75    0.82   -0.07 (VIOLATED)
_23526_/A0                              0.75    0.82   -0.07 (VIOLATED)
ANTENNA__23526__A0/DIODE                0.75    0.82   -0.07 (VIOLATED)
ANTENNA__22171__A0/DIODE                0.75    0.82   -0.07 (VIOLATED)
_22171_/A0                              0.75    0.82   -0.07 (VIOLATED)
ANTENNA__23244__A0/DIODE                0.75    0.82   -0.07 (VIOLATED)
_23244_/A0                              0.75    0.82   -0.07 (VIOLATED)
ANTENNA__21648__A0/DIODE                0.75    0.82   -0.07 (VIOLATED)
_21648_/A0                              0.75    0.82   -0.07 (VIOLATED)
_21350_/X                               0.75    0.82   -0.07 (VIOLATED)
ANTENNA__22975__A0/DIODE                0.75    0.82   -0.07 (VIOLATED)
_22975_/A0                              0.75    0.82   -0.07 (VIOLATED)
_21903_/A0                              0.75    0.82   -0.07 (VIOLATED)
ANTENNA__21903__A0/DIODE                0.75    0.82   -0.07 (VIOLATED)
_22438_/A1                              0.75    0.82   -0.07 (VIOLATED)
ANTENNA__22438__A1/DIODE                0.75    0.82   -0.07 (VIOLATED)
_22707_/A0                              0.75    0.82   -0.07 (VIOLATED)
ANTENNA__22707__A0/DIODE                0.75    0.82   -0.07 (VIOLATED)
_21331_/A1                              0.75    0.82   -0.07 (VIOLATED)
ANTENNA__21331__A1/DIODE                0.75    0.82   -0.07 (VIOLATED)
_21634_/A0                              0.75    0.82   -0.07 (VIOLATED)
_30556_/B1                              0.75    0.82   -0.07 (VIOLATED)
_30570_/B1                              0.75    0.82   -0.07 (VIOLATED)
_30579_/B1                              0.75    0.82   -0.07 (VIOLATED)
_30553_/B1                              0.75    0.82   -0.07 (VIOLATED)
_30573_/B1                              0.75    0.82   -0.07 (VIOLATED)
_30576_/B1                              0.75    0.82   -0.07 (VIOLATED)
_30515_/A                               0.75    0.82   -0.07 (VIOLATED)
_30514_/Y                               0.75    0.82   -0.07 (VIOLATED)
ANTENNA__21634__A0/DIODE                0.75    0.82   -0.07 (VIOLATED)
_21330_/X                               0.75    0.82   -0.07 (VIOLATED)
_22528_/A1                              0.75    0.82   -0.07 (VIOLATED)
ANTENNA__22528__A1/DIODE                0.75    0.82   -0.07 (VIOLATED)
ANTENNA__22796__A0/DIODE                0.75    0.82   -0.07 (VIOLATED)
_22796_/A0                              0.75    0.82   -0.07 (VIOLATED)
_36400_/B1                              0.75    0.82   -0.07 (VIOLATED)
_36399_/Y                               0.75    0.82   -0.07 (VIOLATED)
ANTENNA__23064__A0/DIODE                0.75    0.82   -0.07 (VIOLATED)
_23064_/A0                              0.75    0.82   -0.07 (VIOLATED)
_26078_/B1                              0.75    0.82   -0.07 (VIOLATED)
ANTENNA__26078__B1/DIODE                0.75    0.82   -0.07 (VIOLATED)
ANTENNA__25032__A/DIODE                 0.75    0.82   -0.07 (VIOLATED)
_25032_/A                               0.75    0.82   -0.07 (VIOLATED)
_27107_/B1                              0.75    0.82   -0.07 (VIOLATED)
ANTENNA__27107__B1/DIODE                0.75    0.82   -0.07 (VIOLATED)
_21992_/A0                              0.75    0.82   -0.07 (VIOLATED)
ANTENNA__21992__A0/DIODE                0.75    0.82   -0.07 (VIOLATED)
_26727_/B1                              0.75    0.82   -0.07 (VIOLATED)
_26726_/A2_N                            0.75    0.82   -0.07 (VIOLATED)
ANTENNA__26726__A2_N/DIODE              0.75    0.82   -0.07 (VIOLATED)
ANTENNA__26727__B1/DIODE                0.75    0.82   -0.07 (VIOLATED)
_23333_/A0                              0.75    0.82   -0.07 (VIOLATED)
ANTENNA__23333__A0/DIODE                0.75    0.82   -0.07 (VIOLATED)
_25031_/Y                               0.75    0.82   -0.07 (VIOLATED)
_23616_/A0                              0.75    0.82   -0.07 (VIOLATED)
ANTENNA__23616__A0/DIODE                0.75    0.82   -0.07 (VIOLATED)
_22260_/A0                              0.75    0.82   -0.07 (VIOLATED)
ANTENNA__22260__A0/DIODE                0.75    0.82   -0.07 (VIOLATED)
_21723_/A0                              0.75    0.82   -0.07 (VIOLATED)
ANTENNA__21723__A0/DIODE                0.75    0.82   -0.07 (VIOLATED)
ANTENNA__21453__A1/DIODE                0.75    0.82   -0.07 (VIOLATED)
_21453_/A1                              0.75    0.82   -0.07 (VIOLATED)
_21452_/X                               0.75    0.82   -0.07 (VIOLATED)
ANTENNA__22089__A0/DIODE                0.75    0.82   -0.07 (VIOLATED)
_22089_/A0                              0.75    0.82   -0.07 (VIOLATED)
_23445_/A0                              0.75    0.82   -0.07 (VIOLATED)
ANTENNA__23445__A0/DIODE                0.75    0.82   -0.07 (VIOLATED)
ANTENNA__23162__A0/DIODE                0.75    0.82   -0.07 (VIOLATED)
_23162_/A0                              0.75    0.82   -0.07 (VIOLATED)
_21821_/A0                              0.75    0.82   -0.07 (VIOLATED)
ANTENNA__21821__A0/DIODE                0.75    0.82   -0.07 (VIOLATED)
_22893_/A0                              0.75    0.82   -0.07 (VIOLATED)
ANTENNA__22893__A0/DIODE                0.75    0.82   -0.07 (VIOLATED)
_22356_/A1                              0.75    0.82   -0.07 (VIOLATED)
ANTENNA__22356__A1/DIODE                0.75    0.82   -0.07 (VIOLATED)
_22625_/A0                              0.75    0.82   -0.07 (VIOLATED)
ANTENNA__22625__A0/DIODE                0.75    0.82   -0.07 (VIOLATED)
_31792_/B                               0.75    0.82   -0.07 (VIOLATED)
_32188_/A                               0.75    0.82   -0.07 (VIOLATED)
_32202_/B                               0.75    0.82   -0.07 (VIOLATED)
_32106_/B                               0.75    0.82   -0.07 (VIOLATED)
_32027_/A1                              0.75    0.82   -0.07 (VIOLATED)
_31845_/B                               0.75    0.82   -0.07 (VIOLATED)
_31791_/Y                               0.75    0.82   -0.07 (VIOLATED)
_35246_/A2                              0.75    0.82   -0.07 (VIOLATED)
_35225_/A2                              0.75    0.82   -0.07 (VIOLATED)
_35223_/Y                               0.75    0.82   -0.07 (VIOLATED)
_35336_/A3                              0.75    0.82   -0.07 (VIOLATED)
_36436_/Y                               0.75    0.81   -0.06 (VIOLATED)
_36438_/A1                              0.75    0.81   -0.06 (VIOLATED)
_36467_/A1                              0.75    0.81   -0.06 (VIOLATED)
_36537_/A1                              0.75    0.81   -0.06 (VIOLATED)
_21226_/A1                              0.75    0.81   -0.06 (VIOLATED)
ANTENNA__21226__A1/DIODE                0.75    0.81   -0.06 (VIOLATED)
_32585_/B1                              0.75    0.81   -0.06 (VIOLATED)
_32617_/B1                              0.75    0.81   -0.06 (VIOLATED)
_32312_/A                               0.75    0.81   -0.06 (VIOLATED)
_21552_/A0                              0.75    0.81   -0.06 (VIOLATED)
_32406_/A3                              0.75    0.81   -0.06 (VIOLATED)
_32638_/A3                              0.75    0.81   -0.06 (VIOLATED)
_32469_/A                               0.75    0.81   -0.06 (VIOLATED)
ANTENNA__21552__A0/DIODE                0.75    0.81   -0.06 (VIOLATED)
_32311_/Y                               0.75    0.81   -0.06 (VIOLATED)
_21225_/X                               0.75    0.81   -0.06 (VIOLATED)
_31883_/B                               0.75    0.81   -0.06 (VIOLATED)
_20910_/A                               0.75    0.81   -0.06 (VIOLATED)
_38803_/A                               0.75    0.81   -0.06 (VIOLATED)
_31882_/Y                               0.75    0.81   -0.06 (VIOLATED)
_32880_/A1                              0.75    0.81   -0.06 (VIOLATED)
_23564_/A0                              0.75    0.81   -0.06 (VIOLATED)
ANTENNA__23564__A0/DIODE                0.75    0.81   -0.06 (VIOLATED)
ANTENNA__22209__A0/DIODE                0.75    0.81   -0.06 (VIOLATED)
_22209_/A0                              0.75    0.81   -0.06 (VIOLATED)
ANTENNA__23282__A0/DIODE                0.75    0.81   -0.06 (VIOLATED)
_23282_/A0                              0.75    0.81   -0.06 (VIOLATED)
ANTENNA__21941__A0/DIODE                0.75    0.81   -0.06 (VIOLATED)
_21941_/A0                              0.75    0.81   -0.06 (VIOLATED)
_32175_/B                               0.75    0.81   -0.06 (VIOLATED)
_20973_/A                               0.75    0.81   -0.06 (VIOLATED)
_39059_/A                               0.75    0.81   -0.06 (VIOLATED)
_32174_/X                               0.75    0.81   -0.06 (VIOLATED)
_32894_/A1                              0.75    0.81   -0.06 (VIOLATED)
_23013_/A0                              0.75    0.81   -0.06 (VIOLATED)
ANTENNA__23013__A0/DIODE                0.75    0.81   -0.06 (VIOLATED)
_23470_/A0                              0.75    0.81   -0.06 (VIOLATED)
ANTENNA__23470__A0/DIODE                0.75    0.81   -0.06 (VIOLATED)
_23187_/A0                              0.75    0.81   -0.06 (VIOLATED)
ANTENNA__23187__A0/DIODE                0.75    0.81   -0.06 (VIOLATED)
_21846_/A0                              0.75    0.80   -0.05 (VIOLATED)
ANTENNA__21846__A0/DIODE                0.75    0.80   -0.05 (VIOLATED)
_20650_/A                               0.75    0.80   -0.05 (VIOLATED)
_32096_/B                               0.75    0.80   -0.05 (VIOLATED)
_37349_/A1                              0.75    0.80   -0.05 (VIOLATED)
_37348_/A                               0.75    0.80   -0.05 (VIOLATED)
_32803_/B                               0.75    0.80   -0.05 (VIOLATED)
_32095_/Y                               0.75    0.80   -0.05 (VIOLATED)
ANTENNA__22918__A0/DIODE                0.75    0.80   -0.05 (VIOLATED)
_22918_/A0                              0.75    0.80   -0.05 (VIOLATED)
_22381_/A1                              0.75    0.80   -0.05 (VIOLATED)
ANTENNA__22381__A1/DIODE                0.75    0.80   -0.05 (VIOLATED)
_21986_/A0                              0.75    0.80   -0.05 (VIOLATED)
ANTENNA__21986__A0/DIODE                0.75    0.80   -0.05 (VIOLATED)
_23058_/A0                              0.75    0.80   -0.05 (VIOLATED)
ANTENNA__23058__A0/DIODE                0.75    0.80   -0.05 (VIOLATED)
_22522_/A1                              0.75    0.80   -0.05 (VIOLATED)
ANTENNA__22522__A1/DIODE                0.75    0.80   -0.05 (VIOLATED)
_22650_/A0                              0.75    0.80   -0.05 (VIOLATED)
ANTENNA__22650__A0/DIODE                0.75    0.80   -0.05 (VIOLATED)
_22790_/A0                              0.75    0.80   -0.05 (VIOLATED)
ANTENNA__22790__A0/DIODE                0.75    0.80   -0.05 (VIOLATED)
_38435_/C                               0.75    0.80   -0.05 (VIOLATED)
_38595_/A2                              0.75    0.80   -0.05 (VIOLATED)
_38597_/A2                              0.75    0.80   -0.05 (VIOLATED)
_38468_/B1                              0.75    0.80   -0.05 (VIOLATED)
_38424_/A2                              0.75    0.80   -0.05 (VIOLATED)
_38441_/B1                              0.75    0.80   -0.05 (VIOLATED)
_38421_/Y                               0.75    0.80   -0.05 (VIOLATED)
ANTENNA__21445__A1/DIODE                0.75    0.80   -0.05 (VIOLATED)
_21445_/A1                              0.75    0.80   -0.05 (VIOLATED)
_21717_/A0                              0.75    0.80   -0.05 (VIOLATED)
ANTENNA__21717__A0/DIODE                0.75    0.80   -0.05 (VIOLATED)
_22476_/A1                              0.75    0.80   -0.05 (VIOLATED)
_21258_/A1                              0.75    0.80   -0.05 (VIOLATED)
ANTENNA__21258__A1/DIODE                0.75    0.80   -0.05 (VIOLATED)
_21577_/A0                              0.75    0.80   -0.05 (VIOLATED)
ANTENNA__21577__A0/DIODE                0.75    0.80   -0.05 (VIOLATED)
_26128_/B1                              0.75    0.80   -0.05 (VIOLATED)
ANTENNA__26128__B1/DIODE                0.75    0.80   -0.05 (VIOLATED)
_26497_/B1                              0.75    0.80   -0.05 (VIOLATED)
ANTENNA__26497__B1/DIODE                0.75    0.80   -0.05 (VIOLATED)
ANTENNA__22476__A1/DIODE                0.75    0.80   -0.05 (VIOLATED)
_22114_/A0                              0.75    0.80   -0.05 (VIOLATED)
ANTENNA__22114__A0/DIODE                0.75    0.80   -0.05 (VIOLATED)
ANTENNA__25879__A/DIODE                 0.75    0.80   -0.05 (VIOLATED)
_25879_/A                               0.75    0.80   -0.05 (VIOLATED)
_25878_/Y                               0.75    0.80   -0.05 (VIOLATED)
_21257_/X                               0.75    0.80   -0.05 (VIOLATED)
_37232_/A2_N                            0.75    0.80   -0.05 (VIOLATED)
_37178_/A2                              0.75    0.80   -0.05 (VIOLATED)
_37215_/A                               0.75    0.80   -0.05 (VIOLATED)
_37335_/A                               0.75    0.80   -0.05 (VIOLATED)
_37401_/C                               0.75    0.80   -0.05 (VIOLATED)
_37338_/B                               0.75    0.80   -0.05 (VIOLATED)
_37177_/Y                               0.75    0.80   -0.05 (VIOLATED)
_22745_/A0                              0.75    0.80   -0.05 (VIOLATED)
ANTENNA__22745__A0/DIODE                0.75    0.80   -0.05 (VIOLATED)
_23327_/A0                              0.75    0.80   -0.05 (VIOLATED)
ANTENNA__23327__A0/DIODE                0.75    0.80   -0.05 (VIOLATED)
_23610_/A0                              0.75    0.80   -0.05 (VIOLATED)
ANTENNA__23610__A0/DIODE                0.75    0.80   -0.05 (VIOLATED)
_35750_/A                               0.75    0.80   -0.05 (VIOLATED)
_35691_/A1                              0.75    0.80   -0.05 (VIOLATED)
_35458_/B                               0.75    0.80   -0.05 (VIOLATED)
_35404_/A                               0.75    0.80   -0.05 (VIOLATED)
_35483_/B                               0.75    0.80   -0.05 (VIOLATED)
_35653_/A1                              0.75    0.80   -0.05 (VIOLATED)
_22254_/A0                              0.75    0.80   -0.05 (VIOLATED)
_35399_/Y                               0.75    0.80   -0.05 (VIOLATED)
ANTENNA__22254__A0/DIODE                0.75    0.80   -0.05 (VIOLATED)
_21444_/X                               0.75    0.80   -0.05 (VIOLATED)
_38070_/B                               0.75    0.80   -0.05 (VIOLATED)
_38255_/A2                              0.75    0.80   -0.05 (VIOLATED)
_38212_/A1                              0.75    0.80   -0.05 (VIOLATED)
_37879_/B                               0.75    0.80   -0.05 (VIOLATED)
_37912_/A1                              0.75    0.80   -0.05 (VIOLATED)
_38095_/A2                              0.75    0.80   -0.05 (VIOLATED)
_37878_/Y                               0.75    0.80   -0.05 (VIOLATED)
ANTENNA__21385__A1/DIODE                0.75    0.80   -0.05 (VIOLATED)
_21385_/A1                              0.75    0.80   -0.05 (VIOLATED)
_21672_/A0                              0.75    0.80   -0.05 (VIOLATED)
ANTENNA__21672__A0/DIODE                0.75    0.80   -0.05 (VIOLATED)
_21383_/X                               0.75    0.80   -0.05 (VIOLATED)
_23198_/A0                              0.75    0.80   -0.05 (VIOLATED)
ANTENNA__23198__A0/DIODE                0.75    0.80   -0.05 (VIOLATED)
_23480_/A0                              0.75    0.80   -0.05 (VIOLATED)
ANTENNA__23480__A0/DIODE                0.75    0.80   -0.05 (VIOLATED)
_21857_/A0                              0.75    0.80   -0.05 (VIOLATED)
ANTENNA__21857__A0/DIODE                0.75    0.80   -0.05 (VIOLATED)
ANTENNA__22929__A0/DIODE                0.75    0.80   -0.05 (VIOLATED)
_22929_/A0                              0.75    0.80   -0.05 (VIOLATED)
_22392_/A1                              0.75    0.80   -0.05 (VIOLATED)
ANTENNA__22392__A1/DIODE                0.75    0.80   -0.05 (VIOLATED)
_22125_/A0                              0.75    0.80   -0.05 (VIOLATED)
ANTENNA__22125__A0/DIODE                0.75    0.80   -0.05 (VIOLATED)
_22661_/A0                              0.75    0.80   -0.05 (VIOLATED)
ANTENNA__22661__A0/DIODE                0.75    0.80   -0.05 (VIOLATED)
ANTENNA__21271__A1/DIODE                0.75    0.80   -0.05 (VIOLATED)
_21271_/A1                              0.75    0.80   -0.05 (VIOLATED)
_23319_/A0                              0.75    0.80   -0.05 (VIOLATED)
ANTENNA__23319__A0/DIODE                0.75    0.80   -0.05 (VIOLATED)
_21588_/A0                              0.75    0.80   -0.05 (VIOLATED)
ANTENNA__21588__A0/DIODE                0.75    0.80   -0.05 (VIOLATED)
_22246_/A0                              0.75    0.80   -0.05 (VIOLATED)
ANTENNA__22246__A0/DIODE                0.75    0.80   -0.05 (VIOLATED)
_23050_/A0                              0.75    0.80   -0.05 (VIOLATED)
ANTENNA__23050__A0/DIODE                0.75    0.80   -0.05 (VIOLATED)
ANTENNA__21978__A0/DIODE                0.75    0.80   -0.05 (VIOLATED)
_21978_/A0                              0.75    0.80   -0.05 (VIOLATED)
_21269_/X                               0.75    0.80   -0.05 (VIOLATED)
_23602_/A0                              0.75    0.80   -0.05 (VIOLATED)
ANTENNA__23602__A0/DIODE                0.75    0.80   -0.05 (VIOLATED)
_22513_/A1                              0.75    0.80   -0.05 (VIOLATED)
ANTENNA__22513__A1/DIODE                0.75    0.80   -0.05 (VIOLATED)
_22782_/A0                              0.75    0.80   -0.05 (VIOLATED)
ANTENNA__22782__A0/DIODE                0.75    0.80   -0.05 (VIOLATED)
_21435_/A1                              0.75    0.80   -0.05 (VIOLATED)
ANTENNA__21435__A1/DIODE                0.75    0.80   -0.05 (VIOLATED)
_21709_/A0                              0.75    0.80   -0.05 (VIOLATED)
ANTENNA__21709__A0/DIODE                0.75    0.80   -0.05 (VIOLATED)
_21434_/X                               0.75    0.80   -0.05 (VIOLATED)
_32069_/A1                              0.75    0.79   -0.04 (VIOLATED)
_31833_/A2                              0.75    0.79   -0.04 (VIOLATED)
_31999_/A2                              0.75    0.79   -0.04 (VIOLATED)
_31846_/A2                              0.75    0.79   -0.04 (VIOLATED)
_32124_/A1                              0.75    0.79   -0.04 (VIOLATED)
_32128_/A2                              0.75    0.79   -0.04 (VIOLATED)
_31832_/Y                               0.75    0.79   -0.04 (VIOLATED)
_38030_/B                               0.75    0.79   -0.04 (VIOLATED)
_38042_/B1                              0.75    0.79   -0.04 (VIOLATED)
_38247_/A                               0.75    0.79   -0.04 (VIOLATED)
_38114_/B2                              0.75    0.79   -0.04 (VIOLATED)
_38187_/B                               0.75    0.79   -0.04 (VIOLATED)
_38029_/Y                               0.75    0.79   -0.04 (VIOLATED)
ANTENNA__23122__A0/DIODE                0.75    0.79   -0.04 (VIOLATED)
_23122_/A0                              0.75    0.79   -0.04 (VIOLATED)
_21781_/A0                              0.75    0.79   -0.04 (VIOLATED)
ANTENNA__21781__A0/DIODE                0.75    0.79   -0.04 (VIOLATED)
ANTENNA__22049__A0/DIODE                0.75    0.79   -0.04 (VIOLATED)
_22049_/A0                              0.75    0.79   -0.04 (VIOLATED)
_22853_/A0                              0.75    0.79   -0.04 (VIOLATED)
ANTENNA__22853__A0/DIODE                0.75    0.79   -0.04 (VIOLATED)
_22316_/A1                              0.75    0.79   -0.04 (VIOLATED)
ANTENNA__22316__A1/DIODE                0.75    0.79   -0.04 (VIOLATED)
_22585_/A0                              0.75    0.79   -0.04 (VIOLATED)
ANTENNA__22585__A0/DIODE                0.75    0.79   -0.04 (VIOLATED)
_21172_/A1                              0.75    0.79   -0.04 (VIOLATED)
ANTENNA__21172__A1/DIODE                0.75    0.79   -0.04 (VIOLATED)
_21512_/A0                              0.75    0.79   -0.04 (VIOLATED)
ANTENNA__21512__A0/DIODE                0.75    0.79   -0.04 (VIOLATED)
_36870_/A                               0.75    0.79   -0.04 (VIOLATED)
_36766_/B1                              0.75    0.79   -0.04 (VIOLATED)
_36790_/B                               0.75    0.79   -0.04 (VIOLATED)
_37005_/B                               0.75    0.79   -0.04 (VIOLATED)
_36857_/B2                              0.75    0.79   -0.04 (VIOLATED)
_36943_/A2                              0.75    0.79   -0.04 (VIOLATED)
_36764_/Y                               0.75    0.79   -0.04 (VIOLATED)
_23405_/A0                              0.75    0.79   -0.04 (VIOLATED)
ANTENNA__23405__A0/DIODE                0.75    0.79   -0.04 (VIOLATED)
_21171_/X                               0.75    0.79   -0.04 (VIOLATED)
_37239_/B1                              0.75    0.79   -0.04 (VIOLATED)
_37437_/A1                              0.75    0.79   -0.04 (VIOLATED)
_37170_/A2                              0.75    0.79   -0.04 (VIOLATED)
_37258_/A2                              0.75    0.79   -0.04 (VIOLATED)
_37176_/A3                              0.75    0.79   -0.04 (VIOLATED)
_37161_/Y                               0.75    0.79   -0.04 (VIOLATED)
_26233_/B                               0.75    0.79   -0.04 (VIOLATED)
_26228_/Y                               0.75    0.79   -0.04 (VIOLATED)
_31612_/B                               0.75    0.79   -0.04 (VIOLATED)
_20864_/A                               0.75    0.79   -0.04 (VIOLATED)
_38547_/A1                              0.75    0.79   -0.04 (VIOLATED)
_38546_/A                               0.75    0.79   -0.04 (VIOLATED)
_32868_/B                               0.75    0.79   -0.04 (VIOLATED)
_31611_/X                               0.75    0.79   -0.04 (VIOLATED)
_37469_/B                               0.75    0.79   -0.04 (VIOLATED)
_37585_/B                               0.75    0.79   -0.04 (VIOLATED)
_37494_/B                               0.75    0.79   -0.04 (VIOLATED)
_37468_/Y                               0.75    0.79   -0.04 (VIOLATED)
_37475_/A                               0.75    0.79   -0.04 (VIOLATED)
_37621_/A                               0.75    0.79   -0.04 (VIOLATED)
_32649_/B                               0.75    0.79   -0.04 (VIOLATED)
_20438_/A                               0.75    0.79   -0.04 (VIOLATED)
_36209_/A                               0.75    0.79   -0.04 (VIOLATED)
_32648_/X                               0.75    0.79   -0.04 (VIOLATED)
_32732_/A1                              0.75    0.79   -0.04 (VIOLATED)
_26487_/A2_N                            0.75    0.79   -0.04 (VIOLATED)
ANTENNA__26487__A2_N/DIODE              0.75    0.79   -0.04 (VIOLATED)
_25260_/A                               0.75    0.79   -0.04 (VIOLATED)
ANTENNA__25260__A/DIODE                 0.75    0.79   -0.04 (VIOLATED)
max_cap69/A                             0.75    0.79   -0.04 (VIOLATED)
ANTENNA_max_cap69_A/DIODE               0.75    0.79   -0.04 (VIOLATED)
_25259_/Y                               0.75    0.79   -0.04 (VIOLATED)
ANTENNA__23132__A0/DIODE                0.75    0.78   -0.03 (VIOLATED)
_23132_/A0                              0.75    0.78   -0.03 (VIOLATED)
ANTENNA__22863__A0/DIODE                0.75    0.78   -0.03 (VIOLATED)
_22863_/A0                              0.75    0.78   -0.03 (VIOLATED)
_21791_/A0                              0.75    0.78   -0.03 (VIOLATED)
ANTENNA__21791__A0/DIODE                0.75    0.78   -0.03 (VIOLATED)
_22327_/A1                              0.75    0.78   -0.03 (VIOLATED)
ANTENNA__22327__A1/DIODE                0.75    0.78   -0.03 (VIOLATED)
_22595_/A0                              0.75    0.78   -0.03 (VIOLATED)
ANTENNA__22595__A0/DIODE                0.75    0.78   -0.03 (VIOLATED)
_22059_/A0                              0.75    0.78   -0.03 (VIOLATED)
ANTENNA__22059__A0/DIODE                0.75    0.78   -0.03 (VIOLATED)
ANTENNA__23415__A0/DIODE                0.75    0.78   -0.03 (VIOLATED)
_23415_/A0                              0.75    0.78   -0.03 (VIOLATED)
_21187_/A1                              0.75    0.78   -0.03 (VIOLATED)
ANTENNA__21187__A1/DIODE                0.75    0.78   -0.03 (VIOLATED)
_21522_/A0                              0.75    0.78   -0.03 (VIOLATED)
ANTENNA__21522__A0/DIODE                0.75    0.78   -0.03 (VIOLATED)
_32495_/B                               0.75    0.78   -0.03 (VIOLATED)
_21186_/X                               0.75    0.78   -0.03 (VIOLATED)
_36074_/A1                              0.75    0.78   -0.03 (VIOLATED)
_36073_/A                               0.75    0.78   -0.03 (VIOLATED)
_20402_/A                               0.75    0.78   -0.03 (VIOLATED)
_32723_/A1                              0.75    0.78   -0.03 (VIOLATED)
_32494_/X                               0.75    0.78   -0.03 (VIOLATED)
_23491_/A0                              0.75    0.78   -0.03 (VIOLATED)
ANTENNA__23491__A0/DIODE                0.75    0.78   -0.03 (VIOLATED)
_26422_/A2_N                            0.75    0.78   -0.03 (VIOLATED)
ANTENNA__26422__A2_N/DIODE              0.75    0.78   -0.03 (VIOLATED)
_25554_/A                               0.75    0.78   -0.03 (VIOLATED)
ANTENNA__25554__A/DIODE                 0.75    0.78   -0.03 (VIOLATED)
ANTENNA_max_cap82_A/DIODE               0.75    0.78   -0.03 (VIOLATED)
max_cap82/A                             0.75    0.78   -0.03 (VIOLATED)
_25553_/Y                               0.75    0.78   -0.03 (VIOLATED)
_22939_/A0                              0.75    0.78   -0.03 (VIOLATED)
ANTENNA__22939__A0/DIODE                0.75    0.78   -0.03 (VIOLATED)
_37066_/D                               0.75    0.78   -0.03 (VIOLATED)
_37357_/A2                              0.75    0.78   -0.03 (VIOLATED)
_37126_/B                               0.75    0.78   -0.03 (VIOLATED)
_37392_/A2                              0.75    0.78   -0.03 (VIOLATED)
_37207_/C                               0.75    0.78   -0.03 (VIOLATED)
_23208_/A0                              0.75    0.78   -0.03 (VIOLATED)
_37285_/B                               0.75    0.78   -0.03 (VIOLATED)
_37065_/Y                               0.75    0.78   -0.03 (VIOLATED)
ANTENNA__23208__A0/DIODE                0.75    0.78   -0.03 (VIOLATED)
_21867_/A0                              0.75    0.78   -0.03 (VIOLATED)
ANTENNA__21867__A0/DIODE                0.75    0.78   -0.03 (VIOLATED)
_22402_/A1                              0.75    0.78   -0.03 (VIOLATED)
ANTENNA__22402__A1/DIODE                0.75    0.78   -0.03 (VIOLATED)
_24816_/B                               0.75    0.78   -0.03 (VIOLATED)
ANTENNA__27032__C/DIODE                 0.75    0.78   -0.03 (VIOLATED)
_27032_/C                               0.75    0.78   -0.03 (VIOLATED)
ANTENNA__24816__B/DIODE                 0.75    0.78   -0.03 (VIOLATED)
_26653_/C                               0.75    0.78   -0.03 (VIOLATED)
ANTENNA__26653__C/DIODE                 0.75    0.78   -0.03 (VIOLATED)
_22671_/A0                              0.75    0.78   -0.03 (VIOLATED)
ANTENNA__22671__A0/DIODE                0.75    0.78   -0.03 (VIOLATED)
_30045_/Y                               0.75    0.78   -0.03 (VIOLATED)
wire1/A                                 0.75    0.78   -0.03 (VIOLATED)
_31542_/Y                               0.75    0.78   -0.03 (VIOLATED)
_31543_/B2                              0.75    0.78   -0.03 (VIOLATED)
_31668_/A1                              0.75    0.78   -0.03 (VIOLATED)
ANTENNA__22135__A0/DIODE                0.75    0.78   -0.03 (VIOLATED)
_22135_/A0                              0.75    0.78   -0.03 (VIOLATED)
ANTENNA__21393__B/DIODE                 0.75    0.78   -0.03 (VIOLATED)
_21393_/B                               0.75    0.78   -0.03 (VIOLATED)
_21284_/A1                              0.75    0.78   -0.03 (VIOLATED)
ANTENNA__21284__A1/DIODE                0.75    0.78   -0.03 (VIOLATED)
_21598_/A0                              0.75    0.78   -0.03 (VIOLATED)
ANTENNA__21598__A0/DIODE                0.75    0.78   -0.03 (VIOLATED)
_27488_/B                               0.75    0.78   -0.03 (VIOLATED)
_27297_/B                               0.75    0.78   -0.03 (VIOLATED)
ANTENNA__27488__B/DIODE                 0.75    0.78   -0.03 (VIOLATED)
ANTENNA__27297__B/DIODE                 0.75    0.78   -0.03 (VIOLATED)
_27296_/Y                               0.75    0.78   -0.03 (VIOLATED)
_21283_/X                               0.75    0.78   -0.03 (VIOLATED)
_24815_/X                               0.75    0.78   -0.03 (VIOLATED)
_38694_/B                               0.75    0.78   -0.03 (VIOLATED)
_38948_/A1                              0.75    0.78   -0.03 (VIOLATED)
_38978_/B                               0.75    0.78   -0.03 (VIOLATED)
_38699_/B2                              0.75    0.78   -0.03 (VIOLATED)
_38724_/A                               0.75    0.78   -0.03 (VIOLATED)
_38918_/B                               0.75    0.78   -0.03 (VIOLATED)
_38821_/B                               0.75    0.78   -0.03 (VIOLATED)
_39029_/B2                              0.75    0.78   -0.03 (VIOLATED)
_38764_/B                               0.75    0.78   -0.03 (VIOLATED)
_38836_/B                               0.75    0.78   -0.03 (VIOLATED)
_38693_/Y                               0.75    0.78   -0.03 (VIOLATED)
wire68/A                                0.75    0.77   -0.02 (VIOLATED)
_25303_/Y                               0.75    0.77   -0.02 (VIOLATED)
ANTENNA__23124__A0/DIODE                0.75    0.77   -0.02 (VIOLATED)
_23124_/A0                              0.75    0.77   -0.02 (VIOLATED)
ANTENNA__21783__A0/DIODE                0.75    0.77   -0.02 (VIOLATED)
_21783_/A0                              0.75    0.77   -0.02 (VIOLATED)
ANTENNA__22855__A0/DIODE                0.75    0.77   -0.02 (VIOLATED)
_22855_/A0                              0.75    0.77   -0.02 (VIOLATED)
_22318_/A1                              0.75    0.77   -0.02 (VIOLATED)
ANTENNA__22318__A1/DIODE                0.75    0.77   -0.02 (VIOLATED)
_22587_/A0                              0.75    0.77   -0.02 (VIOLATED)
ANTENNA__22587__A0/DIODE                0.75    0.77   -0.02 (VIOLATED)
_23407_/A0                              0.75    0.77   -0.02 (VIOLATED)
ANTENNA__23407__A0/DIODE                0.75    0.77   -0.02 (VIOLATED)
_22051_/A0                              0.75    0.77   -0.02 (VIOLATED)
ANTENNA__22051__A0/DIODE                0.75    0.77   -0.02 (VIOLATED)
_21175_/A1                              0.75    0.77   -0.02 (VIOLATED)
ANTENNA__21175__A1/DIODE                0.75    0.77   -0.02 (VIOLATED)
_33193_/B                               0.75    0.77   -0.02 (VIOLATED)
_33228_/B2                              0.75    0.77   -0.02 (VIOLATED)
_32982_/A3                              0.75    0.77   -0.02 (VIOLATED)
_33049_/B                               0.75    0.77   -0.02 (VIOLATED)
_33087_/B                               0.75    0.77   -0.02 (VIOLATED)
_32991_/B                               0.75    0.77   -0.02 (VIOLATED)
_33118_/A1                              0.75    0.77   -0.02 (VIOLATED)
_32977_/Y                               0.75    0.77   -0.02 (VIOLATED)
_38011_/A3                              0.75    0.77   -0.02 (VIOLATED)
_38197_/A2                              0.75    0.77   -0.02 (VIOLATED)
_38075_/B                               0.75    0.77   -0.02 (VIOLATED)
_37951_/Y                               0.75    0.77   -0.02 (VIOLATED)
_37952_/B                               0.75    0.77   -0.02 (VIOLATED)
_21514_/A0                              0.75    0.77   -0.02 (VIOLATED)
ANTENNA__21514__A0/DIODE                0.75    0.77   -0.02 (VIOLATED)
_21174_/X                               0.75    0.77   -0.02 (VIOLATED)
_25208_/A                               0.75    0.77   -0.02 (VIOLATED)
_26855_/B1                              0.75    0.77   -0.02 (VIOLATED)
_33196_/A1                              0.75    0.77   -0.02 (VIOLATED)
_33258_/A1                              0.75    0.77   -0.02 (VIOLATED)
_32976_/B                               0.75    0.77   -0.02 (VIOLATED)
_33299_/B2                              0.75    0.77   -0.02 (VIOLATED)
_33292_/B                               0.75    0.77   -0.02 (VIOLATED)
_33060_/A1                              0.75    0.77   -0.02 (VIOLATED)
_33148_/B1                              0.75    0.77   -0.02 (VIOLATED)
_32975_/Y                               0.75    0.77   -0.02 (VIOLATED)
max_cap46/A                             0.75    0.77   -0.02 (VIOLATED)
_26718_/B1                              0.75    0.77   -0.02 (VIOLATED)
_25207_/Y                               0.75    0.77   -0.02 (VIOLATED)
wire8/A                                 0.75    0.77   -0.02 (VIOLATED)
_21078_/Y                               0.75    0.77   -0.02 (VIOLATED)
_38427_/B                               0.75    0.77   -0.02 (VIOLATED)
_38620_/B2                              0.75    0.77   -0.02 (VIOLATED)
_38443_/B                               0.75    0.77   -0.02 (VIOLATED)
_38352_/B                               0.75    0.77   -0.02 (VIOLATED)
_38311_/B                               0.75    0.77   -0.02 (VIOLATED)
_38534_/B2                              0.75    0.77   -0.02 (VIOLATED)
_38571_/B                               0.75    0.77   -0.02 (VIOLATED)
_38333_/A1                              0.75    0.77   -0.02 (VIOLATED)
_38339_/B2                              0.75    0.77   -0.02 (VIOLATED)
_38310_/X                               0.75    0.77   -0.02 (VIOLATED)
_35736_/B2                              0.75    0.77   -0.02 (VIOLATED)
_35549_/B                               0.75    0.77   -0.02 (VIOLATED)
_35626_/B                               0.75    0.77   -0.02 (VIOLATED)
_35447_/A1                              0.75    0.77   -0.02 (VIOLATED)
_35452_/A                               0.75    0.77   -0.02 (VIOLATED)
_35449_/B                               0.75    0.77   -0.02 (VIOLATED)
_35681_/A2                              0.75    0.77   -0.02 (VIOLATED)
_35464_/B                               0.75    0.77   -0.02 (VIOLATED)
_35444_/X                               0.75    0.77   -0.02 (VIOLATED)
_20178_/B1                              0.75    0.77   -0.02 (VIOLATED)
_20177_/Y                               0.75    0.77   -0.02 (VIOLATED)
_25537_/A                               0.75    0.76   -0.01 (VIOLATED)
_26206_/A2_N                            0.75    0.76   -0.01 (VIOLATED)
_27267_/A2_N                            0.75    0.76   -0.01 (VIOLATED)
_26985_/A2                              0.75    0.76   -0.01 (VIOLATED)
_27091_/A2_N                            0.75    0.76   -0.01 (VIOLATED)
_26711_/A2_N                            0.75    0.76   -0.01 (VIOLATED)
_26606_/A2                              0.75    0.76   -0.01 (VIOLATED)
_25536_/Y                               0.75    0.76   -0.01 (VIOLATED)
ANTENNA__23219__A0/DIODE                0.75    0.76   -0.01 (VIOLATED)
_23219_/A0                              0.75    0.76   -0.01 (VIOLATED)
ANTENNA__23501__A0/DIODE                0.75    0.76   -0.01 (VIOLATED)
_23501_/A0                              0.75    0.76   -0.01 (VIOLATED)
ANTENNA__21878__A0/DIODE                0.75    0.76   -0.01 (VIOLATED)
_21878_/A0                              0.75    0.76   -0.01 (VIOLATED)
_32004_/A                               0.75    0.76   -0.01 (VIOLATED)
_32199_/B                               0.75    0.76   -0.01 (VIOLATED)
_31872_/A                               0.75    0.76   -0.01 (VIOLATED)
_31949_/C                               0.75    0.76   -0.01 (VIOLATED)
_31943_/C1                              0.75    0.76   -0.01 (VIOLATED)
_31870_/Y                               0.75    0.76   -0.01 (VIOLATED)
_22950_/A0                              0.75    0.76   -0.01 (VIOLATED)
ANTENNA__22950__A0/DIODE                0.75    0.76   -0.01 (VIOLATED)
_22413_/A1                              0.75    0.76   -0.01 (VIOLATED)
ANTENNA__22413__A1/DIODE                0.75    0.76   -0.01 (VIOLATED)
_22682_/A0                              0.75    0.76   -0.01 (VIOLATED)
ANTENNA__22682__A0/DIODE                0.75    0.76   -0.01 (VIOLATED)
ANTENNA__22511__A1/DIODE                0.75    0.76   -0.01 (VIOLATED)
_22511_/A1                              0.75    0.76   -0.01 (VIOLATED)
ANTENNA__23048__A0/DIODE                0.75    0.76   -0.01 (VIOLATED)
_23048_/A0                              0.75    0.76   -0.01 (VIOLATED)
_26147_/B1                              0.75    0.76   -0.01 (VIOLATED)
ANTENNA__26147__B1/DIODE                0.75    0.76   -0.01 (VIOLATED)
_21299_/A1                              0.75    0.76   -0.01 (VIOLATED)
ANTENNA__21299__A1/DIODE                0.75    0.76   -0.01 (VIOLATED)
_30986_/B                               0.75    0.76   -0.01 (VIOLATED)
ANTENNA__21976__A0/DIODE                0.75    0.76   -0.01 (VIOLATED)
_21976_/A0                              0.75    0.76   -0.01 (VIOLATED)
_34691_/A1                              0.75    0.76   -0.01 (VIOLATED)
_34690_/A                               0.75    0.76   -0.01 (VIOLATED)
_32652_/B                               0.75    0.76   -0.01 (VIOLATED)
_20118_/A                               0.75    0.76   -0.01 (VIOLATED)
_30985_/X                               0.75    0.76   -0.01 (VIOLATED)
_31645_/A1                              0.75    0.76   -0.01 (VIOLATED)
_31407_/A2                              0.75    0.76   -0.01 (VIOLATED)
_31678_/B1                              0.75    0.76   -0.01 (VIOLATED)
_31683_/A2                              0.75    0.76   -0.01 (VIOLATED)
_31395_/A2                              0.75    0.76   -0.01 (VIOLATED)
_31553_/B2                              0.75    0.76   -0.01 (VIOLATED)
_21609_/A0                              0.75    0.76   -0.01 (VIOLATED)
_31394_/Y                               0.75    0.76   -0.01 (VIOLATED)
ANTENNA__21609__A0/DIODE                0.75    0.76   -0.01 (VIOLATED)
_32147_/B1                              0.75    0.76   -0.01 (VIOLATED)
_32148_/A3                              0.75    0.76   -0.01 (VIOLATED)
_31845_/Y                               0.75    0.76   -0.01 (VIOLATED)
_31846_/B1                              0.75    0.76   -0.01 (VIOLATED)
_32122_/B1                              0.75    0.76   -0.01 (VIOLATED)
_35631_/B                               0.75    0.76   -0.01 (VIOLATED)
_35562_/A3                              0.75    0.76   -0.01 (VIOLATED)
_35742_/A2                              0.75    0.76   -0.01 (VIOLATED)
_35476_/B                               0.75    0.76   -0.01 (VIOLATED)
_35580_/A2                              0.75    0.76   -0.01 (VIOLATED)
_35413_/D                               0.75    0.76   -0.01 (VIOLATED)
_35412_/Y                               0.75    0.76   -0.01 (VIOLATED)
_23317_/A0                              0.75    0.76   -0.01 (VIOLATED)
ANTENNA__23317__A0/DIODE                0.75    0.76   -0.01 (VIOLATED)
ANTENNA__22146__A0/DIODE                0.75    0.76   -0.01 (VIOLATED)
_22146_/A0                              0.75    0.76   -0.01 (VIOLATED)
_21297_/X                               0.75    0.76   -0.01 (VIOLATED)
_22244_/A0                              0.75    0.76   -0.01 (VIOLATED)
ANTENNA__22244__A0/DIODE                0.75    0.76   -0.01 (VIOLATED)
_32531_/B                               0.75    0.76   -0.01 (VIOLATED)
ANTENNA__32531__B/DIODE                 0.75    0.76   -0.01 (VIOLATED)
_20718_/A                               0.75    0.76   -0.01 (VIOLATED)
ANTENNA__20718__A/DIODE                 0.75    0.76   -0.01 (VIOLATED)
_37757_/A                               0.75    0.76   -0.01 (VIOLATED)
ANTENNA__37757__A/DIODE                 0.75    0.76   -0.01 (VIOLATED)
_32827_/B                               0.75    0.76   -0.01 (VIOLATED)
ANTENNA__32827__B/DIODE                 0.75    0.76   -0.01 (VIOLATED)
_32530_/Y                               0.75    0.76   -0.01 (VIOLATED)
_22780_/A0                              0.75    0.76   -0.01 (VIOLATED)
ANTENNA__22780__A0/DIODE                0.75    0.76   -0.01 (VIOLATED)
_23600_/A0                              0.75    0.76   -0.01 (VIOLATED)
ANTENNA__23600__A0/DIODE                0.75    0.76   -0.01 (VIOLATED)
_21432_/A1                              0.75    0.76   -0.01 (VIOLATED)
ANTENNA__21432__A1/DIODE                0.75    0.76   -0.01 (VIOLATED)
ANTENNA_34/DIODE                        0.75    0.76   -0.01 (VIOLATED)
_21707_/A0                              0.75    0.76   -0.01 (VIOLATED)
ANTENNA__21707__A0/DIODE                0.75    0.76   -0.01 (VIOLATED)
_26145_/X                               0.75    0.76   -0.01 (VIOLATED)
_36135_/B1                              0.75    0.76   -0.01 (VIOLATED)
_36134_/A2                              0.75    0.76   -0.01 (VIOLATED)
_35865_/A2                              0.75    0.76   -0.01 (VIOLATED)
_35862_/A                               0.75    0.76   -0.01 (VIOLATED)
_35970_/A1                              0.75    0.76   -0.01 (VIOLATED)
_36099_/B1                              0.75    0.76   -0.01 (VIOLATED)
_35860_/Y                               0.75    0.76   -0.01 (VIOLATED)
_32010_/B                               0.75    0.76   -0.01 (VIOLATED)
_20931_/A                               0.75    0.76   -0.01 (VIOLATED)
_38914_/A                               0.75    0.76   -0.01 (VIOLATED)
_32884_/B                               0.75    0.76   -0.01 (VIOLATED)
_32009_/Y                               0.75    0.76   -0.01 (VIOLATED)
_20572_/A                               0.75    0.76   -0.01 (VIOLATED)
_31652_/B                               0.75    0.76   -0.01 (VIOLATED)
_36940_/A1                              0.75    0.76   -0.01 (VIOLATED)
_36939_/A                               0.75    0.76   -0.01 (VIOLATED)
_32776_/B                               0.75    0.76   -0.01 (VIOLATED)
_31651_/Y                               0.75    0.76   -0.01 (VIOLATED)
_31246_/A                               0.75    0.75   -0.00 (VIOLATED)
_31152_/B                               0.75    0.75   -0.00 (VIOLATED)
_31099_/A_N                             0.75    0.75   -0.00 (VIOLATED)
_30946_/B                               0.75    0.75   -0.00 (VIOLATED)
_31328_/A2                              0.75    0.75   -0.00 (VIOLATED)
_31220_/A2                              0.75    0.75   -0.00 (VIOLATED)
_31119_/B                               0.75    0.75   -0.00 (VIOLATED)
_30945_/Y                               0.75    0.75   -0.00 (VIOLATED)
_31037_/B                               0.75    0.75   -0.00 (VIOLATED)
_31872_/Y                               0.75    0.75   -0.00 (VIOLATED)
_31873_/B1                              0.75    0.75   -0.00 (VIOLATED)
_32155_/A2                              0.75    0.75   -0.00 (VIOLATED)
_22832_/A0                              0.75    0.75   -0.00 (VIOLATED)
ANTENNA__22832__A0/DIODE                0.75    0.75   -0.00 (VIOLATED)
_22295_/A1                              0.75    0.75   -0.00 (VIOLATED)
ANTENNA__22295__A1/DIODE                0.75    0.75   -0.00 (VIOLATED)
_21759_/A0                              0.75    0.75   -0.00 (VIOLATED)
ANTENNA__21759__A0/DIODE                0.75    0.75   -0.00 (VIOLATED)
ANTENNA__22564__A0/DIODE                0.75    0.75   -0.00 (VIOLATED)
_22028_/A0                              0.75    0.75   -0.00 (VIOLATED)
ANTENNA__22028__A0/DIODE                0.75    0.75   -0.00 (VIOLATED)
_22564_/A0                              0.75    0.75   -0.00 (VIOLATED)
_23100_/A0                              0.75    0.75   -0.00 (VIOLATED)
ANTENNA__23100__A0/DIODE                0.75    0.75   -0.00 (VIOLATED)
_21141_/A1                              0.75    0.75   -0.00 (VIOLATED)
ANTENNA__21141__A1/DIODE                0.75    0.75   -0.00 (VIOLATED)
_21491_/A0                              0.75    0.75   -0.00 (VIOLATED)
ANTENNA__21491__A0/DIODE                0.75    0.75   -0.00 (VIOLATED)
_23384_/A0                              0.75    0.75   -0.00 (VIOLATED)
ANTENNA__23384__A0/DIODE                0.75    0.75   -0.00 (VIOLATED)
_21140_/X                               0.75    0.75   -0.00 (VIOLATED)

max fanout

Pin                                   Limit Fanout  Slack
---------------------------------------------------------
clkbuf_5_23__f_clk/X                     10     44    -34 (VIOLATED)
clkbuf_5_15__f_clk/X                     10     34    -24 (VIOLATED)
clkbuf_5_26__f_clk/X                     10     34    -24 (VIOLATED)
clkbuf_5_22__f_clk/X                     10     32    -22 (VIOLATED)
clkbuf_5_27__f_clk/X                     10     32    -22 (VIOLATED)
clkbuf_5_24__f_clk/X                     10     30    -20 (VIOLATED)
clkbuf_5_30__f_clk/X                     10     30    -20 (VIOLATED)
clkbuf_5_1__f_clk/X                      10     24    -14 (VIOLATED)
_25745_/X                                10     21    -11 (VIOLATED)
_25949_/X                                10     21    -11 (VIOLATED)
_26145_/X                                10     21    -11 (VIOLATED)
_19795_/X                                10     20    -10 (VIOLATED)
_19796_/X                                10     20    -10 (VIOLATED)
_19799_/X                                10     20    -10 (VIOLATED)
_19834_/X                                10     20    -10 (VIOLATED)
_19892_/X                                10     20    -10 (VIOLATED)
_19893_/X                                10     20    -10 (VIOLATED)
_19992_/X                                10     20    -10 (VIOLATED)
_20036_/X                                10     20    -10 (VIOLATED)
_20094_/X                                10     20    -10 (VIOLATED)
_20136_/X                                10     20    -10 (VIOLATED)
_20201_/X                                10     20    -10 (VIOLATED)
_20374_/X                                10     20    -10 (VIOLATED)
_20415_/X                                10     20    -10 (VIOLATED)
_20518_/X                                10     20    -10 (VIOLATED)
_20744_/X                                10     20    -10 (VIOLATED)
_20800_/X                                10     20    -10 (VIOLATED)
_20895_/X                                10     20    -10 (VIOLATED)
_21064_/X                                10     20    -10 (VIOLATED)
_21080_/X                                10     20    -10 (VIOLATED)
_21086_/X                                10     20    -10 (VIOLATED)
_21102_/X                                10     20    -10 (VIOLATED)
_21106_/X                                10     20    -10 (VIOLATED)
_21146_/X                                10     20    -10 (VIOLATED)
_21159_/X                                10     20    -10 (VIOLATED)
_21217_/X                                10     20    -10 (VIOLATED)
_21545_/X                                10     20    -10 (VIOLATED)
_22166_/X                                10     20    -10 (VIOLATED)
_22284_/X                                10     20    -10 (VIOLATED)
_22305_/X                                10     20    -10 (VIOLATED)
_22347_/X                                10     20    -10 (VIOLATED)
_22389_/X                                10     20    -10 (VIOLATED)
_22431_/X                                10     20    -10 (VIOLATED)
_22494_/X                                10     20    -10 (VIOLATED)
_22660_/X                                10     20    -10 (VIOLATED)
_23380_/X                                10     20    -10 (VIOLATED)
_23905_/X                                10     20    -10 (VIOLATED)
_23906_/X                                10     20    -10 (VIOLATED)
_23907_/X                                10     20    -10 (VIOLATED)
_23912_/X                                10     20    -10 (VIOLATED)
_23913_/X                                10     20    -10 (VIOLATED)
_23953_/X                                10     20    -10 (VIOLATED)
_24017_/X                                10     20    -10 (VIOLATED)
_24233_/X                                10     20    -10 (VIOLATED)
_24527_/X                                10     20    -10 (VIOLATED)
_24556_/X                                10     20    -10 (VIOLATED)
_24614_/X                                10     20    -10 (VIOLATED)
_24618_/X                                10     20    -10 (VIOLATED)
_24619_/X                                10     20    -10 (VIOLATED)
_24622_/X                                10     20    -10 (VIOLATED)
_24623_/X                                10     20    -10 (VIOLATED)
_24626_/X                                10     20    -10 (VIOLATED)
_24631_/X                                10     20    -10 (VIOLATED)
_24633_/X                                10     20    -10 (VIOLATED)
_24638_/X                                10     20    -10 (VIOLATED)
_24643_/X                                10     20    -10 (VIOLATED)
_24647_/X                                10     20    -10 (VIOLATED)
_24676_/X                                10     20    -10 (VIOLATED)
_24677_/X                                10     20    -10 (VIOLATED)
_24678_/X                                10     20    -10 (VIOLATED)
_24681_/X                                10     20    -10 (VIOLATED)
_24682_/X                                10     20    -10 (VIOLATED)
_24688_/X                                10     20    -10 (VIOLATED)
_24691_/X                                10     20    -10 (VIOLATED)
_24693_/X                                10     20    -10 (VIOLATED)
_24696_/X                                10     20    -10 (VIOLATED)
_24698_/X                                10     20    -10 (VIOLATED)
_24700_/X                                10     20    -10 (VIOLATED)
_24702_/X                                10     20    -10 (VIOLATED)
_24706_/X                                10     20    -10 (VIOLATED)
_24708_/X                                10     20    -10 (VIOLATED)
_24711_/X                                10     20    -10 (VIOLATED)
_24713_/X                                10     20    -10 (VIOLATED)
_24714_/X                                10     20    -10 (VIOLATED)
_24716_/X                                10     20    -10 (VIOLATED)
_24717_/X                                10     20    -10 (VIOLATED)
_24721_/X                                10     20    -10 (VIOLATED)
_24728_/X                                10     20    -10 (VIOLATED)
_24733_/X                                10     20    -10 (VIOLATED)
_24734_/X                                10     20    -10 (VIOLATED)
_24736_/X                                10     20    -10 (VIOLATED)
_24738_/X                                10     20    -10 (VIOLATED)
_24740_/X                                10     20    -10 (VIOLATED)
_24744_/X                                10     20    -10 (VIOLATED)
_24747_/X                                10     20    -10 (VIOLATED)
_24753_/X                                10     20    -10 (VIOLATED)
_24755_/X                                10     20    -10 (VIOLATED)
_24757_/X                                10     20    -10 (VIOLATED)
_24761_/X                                10     20    -10 (VIOLATED)
_24762_/X                                10     20    -10 (VIOLATED)
_24766_/X                                10     20    -10 (VIOLATED)
_24768_/X                                10     20    -10 (VIOLATED)
_24772_/X                                10     20    -10 (VIOLATED)
_24782_/X                                10     20    -10 (VIOLATED)
_24790_/X                                10     20    -10 (VIOLATED)
_24796_/X                                10     20    -10 (VIOLATED)
_24805_/X                                10     20    -10 (VIOLATED)
_24807_/X                                10     20    -10 (VIOLATED)
_24810_/X                                10     20    -10 (VIOLATED)
_24812_/X                                10     20    -10 (VIOLATED)
_24817_/X                                10     20    -10 (VIOLATED)
_24818_/X                                10     20    -10 (VIOLATED)
_24821_/X                                10     20    -10 (VIOLATED)
_24823_/X                                10     20    -10 (VIOLATED)
_24828_/X                                10     20    -10 (VIOLATED)
_24832_/X                                10     20    -10 (VIOLATED)
_24834_/X                                10     20    -10 (VIOLATED)
_24836_/X                                10     20    -10 (VIOLATED)
_24837_/X                                10     20    -10 (VIOLATED)
_24839_/X                                10     20    -10 (VIOLATED)
_24840_/X                                10     20    -10 (VIOLATED)
_24842_/X                                10     20    -10 (VIOLATED)
_24846_/X                                10     20    -10 (VIOLATED)
_24848_/X                                10     20    -10 (VIOLATED)
_24849_/X                                10     20    -10 (VIOLATED)
_24851_/X                                10     20    -10 (VIOLATED)
_24853_/X                                10     20    -10 (VIOLATED)
_24858_/X                                10     20    -10 (VIOLATED)
_24867_/X                                10     20    -10 (VIOLATED)
_24869_/X                                10     20    -10 (VIOLATED)
_24871_/X                                10     20    -10 (VIOLATED)
_24872_/X                                10     20    -10 (VIOLATED)
_24874_/X                                10     20    -10 (VIOLATED)
_24875_/X                                10     20    -10 (VIOLATED)
_24877_/X                                10     20    -10 (VIOLATED)
_24878_/X                                10     20    -10 (VIOLATED)
_24880_/X                                10     20    -10 (VIOLATED)
_24884_/X                                10     20    -10 (VIOLATED)
_24894_/X                                10     20    -10 (VIOLATED)
_24895_/X                                10     20    -10 (VIOLATED)
_24897_/X                                10     20    -10 (VIOLATED)
_24898_/X                                10     20    -10 (VIOLATED)
_24899_/X                                10     20    -10 (VIOLATED)
_24901_/X                                10     20    -10 (VIOLATED)
_24902_/X                                10     20    -10 (VIOLATED)
_24903_/X                                10     20    -10 (VIOLATED)
_24909_/X                                10     20    -10 (VIOLATED)
_24916_/X                                10     20    -10 (VIOLATED)
_24921_/X                                10     20    -10 (VIOLATED)
_24933_/X                                10     20    -10 (VIOLATED)
_24938_/X                                10     20    -10 (VIOLATED)
_24939_/X                                10     20    -10 (VIOLATED)
_24948_/X                                10     20    -10 (VIOLATED)
_24957_/X                                10     20    -10 (VIOLATED)
_24967_/X                                10     20    -10 (VIOLATED)
_24976_/X                                10     20    -10 (VIOLATED)
_24985_/X                                10     20    -10 (VIOLATED)
_24993_/X                                10     20    -10 (VIOLATED)
_24998_/X                                10     20    -10 (VIOLATED)
_25006_/X                                10     20    -10 (VIOLATED)
_25015_/X                                10     20    -10 (VIOLATED)
_25024_/X                                10     20    -10 (VIOLATED)
_25032_/X                                10     20    -10 (VIOLATED)
_25036_/X                                10     20    -10 (VIOLATED)
_25043_/X                                10     20    -10 (VIOLATED)
_25052_/X                                10     20    -10 (VIOLATED)
_25113_/X                                10     20    -10 (VIOLATED)
_25130_/X                                10     20    -10 (VIOLATED)
_25161_/Y                                10     20    -10 (VIOLATED)
_25180_/X                                10     20    -10 (VIOLATED)
_25191_/X                                10     20    -10 (VIOLATED)
_25200_/X                                10     20    -10 (VIOLATED)
_25208_/X                                10     20    -10 (VIOLATED)
_25218_/X                                10     20    -10 (VIOLATED)
_25227_/X                                10     20    -10 (VIOLATED)
_25236_/X                                10     20    -10 (VIOLATED)
_25244_/X                                10     20    -10 (VIOLATED)
_25271_/X                                10     20    -10 (VIOLATED)
_25296_/X                                10     20    -10 (VIOLATED)
_25304_/X                                10     20    -10 (VIOLATED)
_25314_/X                                10     20    -10 (VIOLATED)
_25323_/X                                10     20    -10 (VIOLATED)
_25332_/X                                10     20    -10 (VIOLATED)
_25410_/X                                10     20    -10 (VIOLATED)
_25418_/X                                10     20    -10 (VIOLATED)
_25444_/X                                10     20    -10 (VIOLATED)
_25453_/X                                10     20    -10 (VIOLATED)
_25461_/X                                10     20    -10 (VIOLATED)
_25472_/X                                10     20    -10 (VIOLATED)
_25480_/X                                10     20    -10 (VIOLATED)
_25488_/X                                10     20    -10 (VIOLATED)
_25498_/X                                10     20    -10 (VIOLATED)
_25507_/X                                10     20    -10 (VIOLATED)
_25516_/X                                10     20    -10 (VIOLATED)
_25537_/X                                10     20    -10 (VIOLATED)
_25545_/X                                10     20    -10 (VIOLATED)
_25554_/X                                10     20    -10 (VIOLATED)
_25557_/X                                10     20    -10 (VIOLATED)
_25566_/X                                10     20    -10 (VIOLATED)
_25577_/X                                10     20    -10 (VIOLATED)
_25586_/X                                10     20    -10 (VIOLATED)
_25596_/X                                10     20    -10 (VIOLATED)
_25597_/X                                10     20    -10 (VIOLATED)
_25607_/X                                10     20    -10 (VIOLATED)
_25615_/X                                10     20    -10 (VIOLATED)
_25623_/X                                10     20    -10 (VIOLATED)
_25632_/X                                10     20    -10 (VIOLATED)
_25641_/X                                10     20    -10 (VIOLATED)
_25651_/X                                10     20    -10 (VIOLATED)
_25660_/X                                10     20    -10 (VIOLATED)
_25668_/X                                10     20    -10 (VIOLATED)
_25671_/X                                10     20    -10 (VIOLATED)
_25684_/X                                10     20    -10 (VIOLATED)
_25692_/X                                10     20    -10 (VIOLATED)
_25700_/X                                10     20    -10 (VIOLATED)
_25710_/X                                10     20    -10 (VIOLATED)
_25718_/X                                10     20    -10 (VIOLATED)
_25736_/X                                10     20    -10 (VIOLATED)
_25744_/X                                10     20    -10 (VIOLATED)
_25753_/X                                10     20    -10 (VIOLATED)
_25763_/X                                10     20    -10 (VIOLATED)
_25767_/X                                10     20    -10 (VIOLATED)
_25775_/X                                10     20    -10 (VIOLATED)
_25776_/X                                10     20    -10 (VIOLATED)
_25787_/X                                10     20    -10 (VIOLATED)
_25798_/X                                10     20    -10 (VIOLATED)
_25806_/X                                10     20    -10 (VIOLATED)
_25807_/X                                10     20    -10 (VIOLATED)
_25818_/X                                10     20    -10 (VIOLATED)
_25832_/X                                10     20    -10 (VIOLATED)
_25842_/X                                10     20    -10 (VIOLATED)
_25844_/X                                10     20    -10 (VIOLATED)
_25847_/X                                10     20    -10 (VIOLATED)
_25856_/X                                10     20    -10 (VIOLATED)
_25862_/X                                10     20    -10 (VIOLATED)
_25863_/X                                10     20    -10 (VIOLATED)
_25873_/X                                10     20    -10 (VIOLATED)
_25875_/X                                10     20    -10 (VIOLATED)
_25879_/X                                10     20    -10 (VIOLATED)
_25882_/X                                10     20    -10 (VIOLATED)
_25883_/X                                10     20    -10 (VIOLATED)
_25884_/X                                10     20    -10 (VIOLATED)
_25906_/X                                10     20    -10 (VIOLATED)
_25911_/X                                10     20    -10 (VIOLATED)
_25912_/X                                10     20    -10 (VIOLATED)
_25922_/X                                10     20    -10 (VIOLATED)
_25931_/X                                10     20    -10 (VIOLATED)
_25936_/X                                10     20    -10 (VIOLATED)
_25937_/X                                10     20    -10 (VIOLATED)
_25938_/X                                10     20    -10 (VIOLATED)
_25952_/X                                10     20    -10 (VIOLATED)
_25964_/X                                10     20    -10 (VIOLATED)
_25979_/X                                10     20    -10 (VIOLATED)
_25985_/X                                10     20    -10 (VIOLATED)
_25990_/X                                10     20    -10 (VIOLATED)
_26087_/X                                10     20    -10 (VIOLATED)
_26123_/X                                10     20    -10 (VIOLATED)
_26156_/X                                10     20    -10 (VIOLATED)
_26158_/X                                10     20    -10 (VIOLATED)
_26175_/X                                10     20    -10 (VIOLATED)
_26185_/X                                10     20    -10 (VIOLATED)
_26217_/X                                10     20    -10 (VIOLATED)
_26247_/X                                10     20    -10 (VIOLATED)
_26252_/X                                10     20    -10 (VIOLATED)
_26264_/X                                10     20    -10 (VIOLATED)
_26279_/X                                10     20    -10 (VIOLATED)
_26291_/X                                10     20    -10 (VIOLATED)
_26302_/X                                10     20    -10 (VIOLATED)
_26308_/X                                10     20    -10 (VIOLATED)
_26316_/X                                10     20    -10 (VIOLATED)
_26335_/X                                10     20    -10 (VIOLATED)
_26337_/X                                10     20    -10 (VIOLATED)
_26357_/X                                10     20    -10 (VIOLATED)
_26358_/X                                10     20    -10 (VIOLATED)
_26450_/X                                10     20    -10 (VIOLATED)
_26454_/X                                10     20    -10 (VIOLATED)
_26482_/X                                10     20    -10 (VIOLATED)
_26747_/X                                10     20    -10 (VIOLATED)
_26786_/X                                10     20    -10 (VIOLATED)
_26798_/X                                10     20    -10 (VIOLATED)
_26957_/X                                10     20    -10 (VIOLATED)
_26958_/X                                10     20    -10 (VIOLATED)
_27049_/X                                10     20    -10 (VIOLATED)
_27057_/X                                10     20    -10 (VIOLATED)
_27090_/X                                10     20    -10 (VIOLATED)
_27135_/X                                10     20    -10 (VIOLATED)
_27185_/X                                10     20    -10 (VIOLATED)
_27216_/X                                10     20    -10 (VIOLATED)
_27226_/X                                10     20    -10 (VIOLATED)
_27314_/X                                10     20    -10 (VIOLATED)
_27366_/X                                10     20    -10 (VIOLATED)
_27407_/Y                                10     20    -10 (VIOLATED)
_27473_/X                                10     20    -10 (VIOLATED)
_27608_/X                                10     20    -10 (VIOLATED)
_27609_/X                                10     20    -10 (VIOLATED)
_27611_/X                                10     20    -10 (VIOLATED)
_27631_/X                                10     20    -10 (VIOLATED)
_27632_/X                                10     20    -10 (VIOLATED)
_27635_/X                                10     20    -10 (VIOLATED)
_27950_/X                                10     20    -10 (VIOLATED)
_27955_/X                                10     20    -10 (VIOLATED)
_27960_/X                                10     20    -10 (VIOLATED)
_27965_/X                                10     20    -10 (VIOLATED)
_27971_/X                                10     20    -10 (VIOLATED)
_27976_/X                                10     20    -10 (VIOLATED)
_27981_/X                                10     20    -10 (VIOLATED)
_27987_/X                                10     20    -10 (VIOLATED)
_28008_/X                                10     20    -10 (VIOLATED)
_28135_/X                                10     20    -10 (VIOLATED)
_28276_/X                                10     20    -10 (VIOLATED)
_28319_/X                                10     20    -10 (VIOLATED)
_28340_/X                                10     20    -10 (VIOLATED)
_28403_/X                                10     20    -10 (VIOLATED)
_28466_/X                                10     20    -10 (VIOLATED)
_28544_/X                                10     20    -10 (VIOLATED)
_28587_/X                                10     20    -10 (VIOLATED)
_28608_/X                                10     20    -10 (VIOLATED)
_28650_/X                                10     20    -10 (VIOLATED)
_28671_/X                                10     20    -10 (VIOLATED)
_28734_/X                                10     20    -10 (VIOLATED)
_28812_/X                                10     20    -10 (VIOLATED)
_28855_/X                                10     20    -10 (VIOLATED)
_28876_/X                                10     20    -10 (VIOLATED)
_28918_/X                                10     20    -10 (VIOLATED)
_28939_/X                                10     20    -10 (VIOLATED)
_29002_/X                                10     20    -10 (VIOLATED)
_29080_/X                                10     20    -10 (VIOLATED)
_29123_/X                                10     20    -10 (VIOLATED)
_29144_/X                                10     20    -10 (VIOLATED)
_29207_/X                                10     20    -10 (VIOLATED)
_29270_/X                                10     20    -10 (VIOLATED)
_29348_/X                                10     20    -10 (VIOLATED)
_29391_/X                                10     20    -10 (VIOLATED)
_29412_/X                                10     20    -10 (VIOLATED)
_29475_/X                                10     20    -10 (VIOLATED)
_29538_/X                                10     20    -10 (VIOLATED)
_29616_/X                                10     20    -10 (VIOLATED)
_29659_/X                                10     20    -10 (VIOLATED)
_29680_/X                                10     20    -10 (VIOLATED)
_29743_/X                                10     20    -10 (VIOLATED)
_29806_/X                                10     20    -10 (VIOLATED)
_30047_/X                                10     20    -10 (VIOLATED)
_30055_/X                                10     20    -10 (VIOLATED)
_30066_/X                                10     20    -10 (VIOLATED)
_30109_/X                                10     20    -10 (VIOLATED)
_30362_/X                                10     20    -10 (VIOLATED)
_30365_/X                                10     20    -10 (VIOLATED)
_30598_/X                                10     20    -10 (VIOLATED)
_30641_/X                                10     20    -10 (VIOLATED)
_30662_/X                                10     20    -10 (VIOLATED)
_30704_/X                                10     20    -10 (VIOLATED)
_30725_/X                                10     20    -10 (VIOLATED)
_30788_/X                                10     20    -10 (VIOLATED)
_30989_/X                                10     20    -10 (VIOLATED)
_30993_/X                                10     20    -10 (VIOLATED)
_31072_/X                                10     20    -10 (VIOLATED)
_31074_/X                                10     20    -10 (VIOLATED)
_31228_/X                                10     20    -10 (VIOLATED)
_31343_/X                                10     20    -10 (VIOLATED)
_31516_/X                                10     20    -10 (VIOLATED)
_31734_/X                                10     20    -10 (VIOLATED)
_32393_/X                                10     20    -10 (VIOLATED)
_32447_/X                                10     20    -10 (VIOLATED)
_32449_/X                                10     20    -10 (VIOLATED)
_32661_/X                                10     20    -10 (VIOLATED)
_32822_/X                                10     20    -10 (VIOLATED)
_32830_/X                                10     20    -10 (VIOLATED)
_33043_/X                                10     20    -10 (VIOLATED)
_33044_/X                                10     20    -10 (VIOLATED)
_33203_/X                                10     20    -10 (VIOLATED)
_33243_/X                                10     20    -10 (VIOLATED)
_33272_/X                                10     20    -10 (VIOLATED)
_33340_/X                                10     20    -10 (VIOLATED)
_34533_/X                                10     20    -10 (VIOLATED)
_35418_/X                                10     20    -10 (VIOLATED)
_37036_/X                                10     20    -10 (VIOLATED)
fanout100/X                              10     20    -10 (VIOLATED)
fanout101/X                              10     20    -10 (VIOLATED)
_21098_/X                                10     19     -9 (VIOLATED)
_21133_/X                                10     19     -9 (VIOLATED)
_21180_/X                                10     19     -9 (VIOLATED)
_21292_/X                                10     19     -9 (VIOLATED)
_21336_/X                                10     19     -9 (VIOLATED)
_32529_/Y                                10     19     -9 (VIOLATED)
_40663_/Q                                10     19     -9 (VIOLATED)
_21103_/X                                10     18     -8 (VIOLATED)
_21107_/X                                10     18     -8 (VIOLATED)
_21110_/X                                10     18     -8 (VIOLATED)
_21114_/X                                10     18     -8 (VIOLATED)
_21119_/X                                10     18     -8 (VIOLATED)
_21122_/X                                10     18     -8 (VIOLATED)
_21136_/X                                10     18     -8 (VIOLATED)
_21140_/X                                10     18     -8 (VIOLATED)
_21143_/X                                10     18     -8 (VIOLATED)
_21147_/X                                10     18     -8 (VIOLATED)
_21150_/X                                10     18     -8 (VIOLATED)
_21153_/X                                10     18     -8 (VIOLATED)
_21156_/X                                10     18     -8 (VIOLATED)
_21162_/X                                10     18     -8 (VIOLATED)
_21165_/X                                10     18     -8 (VIOLATED)
_21168_/X                                10     18     -8 (VIOLATED)
_21171_/X                                10     18     -8 (VIOLATED)
_21174_/X                                10     18     -8 (VIOLATED)
_21177_/X                                10     18     -8 (VIOLATED)
_21183_/X                                10     18     -8 (VIOLATED)
_21186_/X                                10     18     -8 (VIOLATED)
_21189_/X                                10     18     -8 (VIOLATED)
_21193_/X                                10     18     -8 (VIOLATED)
_21202_/X                                10     18     -8 (VIOLATED)
_21205_/X                                10     18     -8 (VIOLATED)
_21208_/X                                10     18     -8 (VIOLATED)
_21211_/X                                10     18     -8 (VIOLATED)
_21214_/X                                10     18     -8 (VIOLATED)
_21222_/X                                10     18     -8 (VIOLATED)
_21225_/X                                10     18     -8 (VIOLATED)
_21228_/X                                10     18     -8 (VIOLATED)
_21237_/X                                10     18     -8 (VIOLATED)
_21240_/X                                10     18     -8 (VIOLATED)
_21243_/X                                10     18     -8 (VIOLATED)
_21247_/X                                10     18     -8 (VIOLATED)
_21254_/X                                10     18     -8 (VIOLATED)
_21257_/X                                10     18     -8 (VIOLATED)
_21264_/X                                10     18     -8 (VIOLATED)
_21269_/X                                10     18     -8 (VIOLATED)
_21273_/X                                10     18     -8 (VIOLATED)
_21280_/X                                10     18     -8 (VIOLATED)
_21283_/X                                10     18     -8 (VIOLATED)
_21286_/X                                10     18     -8 (VIOLATED)
_21289_/X                                10     18     -8 (VIOLATED)
_21297_/X                                10     18     -8 (VIOLATED)
_21303_/X                                10     18     -8 (VIOLATED)
_21306_/X                                10     18     -8 (VIOLATED)
_21311_/X                                10     18     -8 (VIOLATED)
_21316_/X                                10     18     -8 (VIOLATED)
_21319_/X                                10     18     -8 (VIOLATED)
_21322_/X                                10     18     -8 (VIOLATED)
_21330_/X                                10     18     -8 (VIOLATED)
_21333_/X                                10     18     -8 (VIOLATED)
_21339_/X                                10     18     -8 (VIOLATED)
_21342_/X                                10     18     -8 (VIOLATED)
_21345_/X                                10     18     -8 (VIOLATED)
_21350_/X                                10     18     -8 (VIOLATED)
_21353_/X                                10     18     -8 (VIOLATED)
_21357_/X                                10     18     -8 (VIOLATED)
_21360_/X                                10     18     -8 (VIOLATED)
_21363_/X                                10     18     -8 (VIOLATED)
_21366_/X                                10     18     -8 (VIOLATED)
_21369_/X                                10     18     -8 (VIOLATED)
_21372_/X                                10     18     -8 (VIOLATED)
_21375_/X                                10     18     -8 (VIOLATED)
_21378_/X                                10     18     -8 (VIOLATED)
_21383_/X                                10     18     -8 (VIOLATED)
_21387_/X                                10     18     -8 (VIOLATED)
_21390_/X                                10     18     -8 (VIOLATED)
_21393_/X                                10     18     -8 (VIOLATED)
_21396_/X                                10     18     -8 (VIOLATED)
_21399_/X                                10     18     -8 (VIOLATED)
_21402_/X                                10     18     -8 (VIOLATED)
_21407_/X                                10     18     -8 (VIOLATED)
_21410_/X                                10     18     -8 (VIOLATED)
_21418_/X                                10     18     -8 (VIOLATED)
_21423_/X                                10     18     -8 (VIOLATED)
_21426_/X                                10     18     -8 (VIOLATED)
_21429_/X                                10     18     -8 (VIOLATED)
_21434_/X                                10     18     -8 (VIOLATED)
_21444_/X                                10     18     -8 (VIOLATED)
_21449_/X                                10     18     -8 (VIOLATED)
_21452_/X                                10     18     -8 (VIOLATED)
_21455_/X                                10     18     -8 (VIOLATED)
_21460_/X                                10     18     -8 (VIOLATED)
_30355_/X                                10     18     -8 (VIOLATED)
_34973_/X                                10     18     -8 (VIOLATED)
_39441_/Q                                10     18     -8 (VIOLATED)
_40584_/Q                                10     18     -8 (VIOLATED)
_40585_/Q                                10     18     -8 (VIOLATED)
_40586_/Q                                10     18     -8 (VIOLATED)
_40590_/Q                                10     18     -8 (VIOLATED)
_40591_/Q                                10     18     -8 (VIOLATED)
_40592_/Q                                10     18     -8 (VIOLATED)
_40593_/Q                                10     18     -8 (VIOLATED)
_40594_/Q                                10     18     -8 (VIOLATED)
_40595_/Q                                10     18     -8 (VIOLATED)
_40596_/Q                                10     18     -8 (VIOLATED)
_40597_/Q                                10     18     -8 (VIOLATED)
_40598_/Q                                10     18     -8 (VIOLATED)
_40599_/Q                                10     18     -8 (VIOLATED)
_40610_/Q                                10     18     -8 (VIOLATED)
_40611_/Q                                10     18     -8 (VIOLATED)
_40612_/Q                                10     18     -8 (VIOLATED)
_40613_/Q                                10     18     -8 (VIOLATED)
_40614_/Q                                10     18     -8 (VIOLATED)
_40615_/Q                                10     18     -8 (VIOLATED)
_40616_/Q                                10     18     -8 (VIOLATED)
_40617_/Q                                10     18     -8 (VIOLATED)
_40618_/Q                                10     18     -8 (VIOLATED)
_40619_/Q                                10     18     -8 (VIOLATED)
_40624_/Q                                10     18     -8 (VIOLATED)
_40630_/Q                                10     18     -8 (VIOLATED)
_40631_/Q                                10     18     -8 (VIOLATED)
_40632_/Q                                10     18     -8 (VIOLATED)
_40633_/Q                                10     18     -8 (VIOLATED)
_40634_/Q                                10     18     -8 (VIOLATED)
_40638_/Q                                10     18     -8 (VIOLATED)
_40660_/Q                                10     18     -8 (VIOLATED)
_40661_/Q                                10     18     -8 (VIOLATED)
_40662_/Q                                10     18     -8 (VIOLATED)
_40664_/Q                                10     18     -8 (VIOLATED)
_40665_/Q                                10     18     -8 (VIOLATED)
_40666_/Q                                10     18     -8 (VIOLATED)
_40667_/Q                                10     18     -8 (VIOLATED)
_40668_/Q                                10     18     -8 (VIOLATED)
_40669_/Q                                10     18     -8 (VIOLATED)
_40681_/Q                                10     18     -8 (VIOLATED)
_40682_/Q                                10     18     -8 (VIOLATED)
_40700_/Q                                10     18     -8 (VIOLATED)
_40701_/Q                                10     18     -8 (VIOLATED)
_40702_/Q                                10     18     -8 (VIOLATED)
_40703_/Q                                10     18     -8 (VIOLATED)
_40704_/Q                                10     18     -8 (VIOLATED)
_40705_/Q                                10     18     -8 (VIOLATED)
_40706_/Q                                10     18     -8 (VIOLATED)
_40707_/Q                                10     18     -8 (VIOLATED)
_40708_/Q                                10     18     -8 (VIOLATED)
_42712_/Q                                10     18     -8 (VIOLATED)
clkbuf_5_12__f_clk/X                     10     18     -8 (VIOLATED)
clkbuf_5_19__f_clk/X                     10     18     -8 (VIOLATED)
clkbuf_5_16__f_clk/X                     10     17     -7 (VIOLATED)
clkbuf_5_18__f_clk/X                     10     17     -7 (VIOLATED)
clkbuf_5_20__f_clk/X                     10     17     -7 (VIOLATED)
_25138_/Y                                10     16     -6 (VIOLATED)
_26183_/X                                10     16     -6 (VIOLATED)
_27310_/Y                                10     16     -6 (VIOLATED)
_30992_/X                                10     16     -6 (VIOLATED)
clkbuf_2_0_0_clk/X                       10     16     -6 (VIOLATED)
clkbuf_2_1_0_clk/X                       10     16     -6 (VIOLATED)
clkbuf_2_2_0_clk/X                       10     16     -6 (VIOLATED)
clkbuf_2_3_0_clk/X                       10     16     -6 (VIOLATED)
clkbuf_5_0__f_clk/X                      10     16     -6 (VIOLATED)
clkbuf_leaf_355_clk/X                    10     16     -6 (VIOLATED)
clkbuf_leaf_54_clk/X                     10     16     -6 (VIOLATED)
fanout127/X                              10     16     -6 (VIOLATED)
fanout156/X                              10     16     -6 (VIOLATED)
fanout363/X                              10     16     -6 (VIOLATED)
fanout414/X                              10     16     -6 (VIOLATED)
max_cap64/X                              10     16     -6 (VIOLATED)
wire37/X                                 10     16     -6 (VIOLATED)
wire48/X                                 10     16     -6 (VIOLATED)
wire50/X                                 10     16     -6 (VIOLATED)
clkbuf_leaf_119_clk/X                    10     15     -5 (VIOLATED)
clkbuf_leaf_123_clk/X                    10     15     -5 (VIOLATED)
clkbuf_leaf_220_clk/X                    10     15     -5 (VIOLATED)
_24655_/Y                                10     14     -4 (VIOLATED)
_24705_/Y                                10     14     -4 (VIOLATED)
_24727_/Y                                10     14     -4 (VIOLATED)
_24743_/Y                                10     14     -4 (VIOLATED)
_24760_/Y                                10     14     -4 (VIOLATED)
_24893_/Y                                10     14     -4 (VIOLATED)
_24956_/Y                                10     14     -4 (VIOLATED)
_25005_/Y                                10     14     -4 (VIOLATED)
_25023_/Y                                10     14     -4 (VIOLATED)
_25105_/X                                10     14     -4 (VIOLATED)
_25111_/X                                10     14     -4 (VIOLATED)
_25153_/Y                                10     14     -4 (VIOLATED)
_25190_/Y                                10     14     -4 (VIOLATED)
_25226_/Y                                10     14     -4 (VIOLATED)
_25243_/Y                                10     14     -4 (VIOLATED)
_25285_/Y                                10     14     -4 (VIOLATED)
_25392_/Y                                10     14     -4 (VIOLATED)
_25417_/Y                                10     14     -4 (VIOLATED)
_25487_/Y                                10     14     -4 (VIOLATED)
_25544_/Y                                10     14     -4 (VIOLATED)
_25614_/Y                                10     14     -4 (VIOLATED)
_25682_/X                                10     14     -4 (VIOLATED)
_25735_/Y                                10     14     -4 (VIOLATED)
_25752_/Y                                10     14     -4 (VIOLATED)
_25762_/Y                                10     14     -4 (VIOLATED)
_25774_/Y                                10     14     -4 (VIOLATED)
_25816_/Y                                10     14     -4 (VIOLATED)
_25831_/Y                                10     14     -4 (VIOLATED)
_25841_/Y                                10     14     -4 (VIOLATED)
_25855_/Y                                10     14     -4 (VIOLATED)
_25905_/Y                                10     14     -4 (VIOLATED)
_27302_/X                                10     14     -4 (VIOLATED)
_27914_/X                                10     14     -4 (VIOLATED)
_29967_/X                                10     14     -4 (VIOLATED)
clkbuf_5_13__f_clk/X                     10     14     -4 (VIOLATED)
clkbuf_5_17__f_clk/X                     10     14     -4 (VIOLATED)
clkbuf_5_25__f_clk/X                     10     14     -4 (VIOLATED)
clkbuf_5_28__f_clk/X                     10     14     -4 (VIOLATED)
clkbuf_5_29__f_clk/X                     10     14     -4 (VIOLATED)
clkbuf_5_31__f_clk/X                     10     14     -4 (VIOLATED)
clkbuf_5_9__f_clk/X                      10     14     -4 (VIOLATED)
clkbuf_leaf_279_clk/X                    10     14     -4 (VIOLATED)
clkbuf_leaf_339_clk/X                    10     14     -4 (VIOLATED)
clkbuf_leaf_370_clk/X                    10     14     -4 (VIOLATED)
clkbuf_leaf_5_clk/X                      10     14     -4 (VIOLATED)
fanout207/X                              10     14     -4 (VIOLATED)
fanout233/X                              10     14     -4 (VIOLATED)
fanout248/X                              10     14     -4 (VIOLATED)
fanout297/X                              10     14     -4 (VIOLATED)
wire29/X                                 10     14     -4 (VIOLATED)
wire38/X                                 10     14     -4 (VIOLATED)
wire4/X                                  10     14     -4 (VIOLATED)
wire53/X                                 10     14     -4 (VIOLATED)
wire59/X                                 10     14     -4 (VIOLATED)
wire63/X                                 10     14     -4 (VIOLATED)
wire68/X                                 10     14     -4 (VIOLATED)
wire70/X                                 10     14     -4 (VIOLATED)
wire75/X                                 10     14     -4 (VIOLATED)
wire76/X                                 10     14     -4 (VIOLATED)
wire79/X                                 10     14     -4 (VIOLATED)
clkbuf_5_21__f_clk/X                     10     13     -3 (VIOLATED)
clkbuf_leaf_103_clk/X                    10     13     -3 (VIOLATED)
clkbuf_leaf_108_clk/X                    10     13     -3 (VIOLATED)
clkbuf_leaf_120_clk/X                    10     13     -3 (VIOLATED)
clkbuf_leaf_124_clk/X                    10     13     -3 (VIOLATED)
clkbuf_leaf_125_clk/X                    10     13     -3 (VIOLATED)
clkbuf_leaf_135_clk/X                    10     13     -3 (VIOLATED)
clkbuf_leaf_153_clk/X                    10     13     -3 (VIOLATED)
clkbuf_leaf_155_clk/X                    10     13     -3 (VIOLATED)
clkbuf_leaf_19_clk/X                     10     13     -3 (VIOLATED)
clkbuf_leaf_257_clk/X                    10     13     -3 (VIOLATED)
clkbuf_leaf_26_clk/X                     10     13     -3 (VIOLATED)
clkbuf_leaf_299_clk/X                    10     13     -3 (VIOLATED)
clkbuf_leaf_305_clk/X                    10     13     -3 (VIOLATED)
clkbuf_leaf_31_clk/X                     10     13     -3 (VIOLATED)
clkbuf_leaf_34_clk/X                     10     13     -3 (VIOLATED)
clkbuf_leaf_367_clk/X                    10     13     -3 (VIOLATED)
clkbuf_leaf_403_clk/X                    10     13     -3 (VIOLATED)
clkbuf_leaf_406_clk/X                    10     13     -3 (VIOLATED)
clkbuf_leaf_50_clk/X                     10     13     -3 (VIOLATED)
clkbuf_leaf_74_clk/X                     10     13     -3 (VIOLATED)
clkbuf_leaf_84_clk/X                     10     13     -3 (VIOLATED)
clkbuf_leaf_88_clk/X                     10     13     -3 (VIOLATED)
clkbuf_leaf_99_clk/X                     10     13     -3 (VIOLATED)
_24883_/Y                                10     12     -2 (VIOLATED)
_24975_/Y                                10     12     -2 (VIOLATED)
_25160_/X                                10     12     -2 (VIOLATED)
_25198_/X                                10     12     -2 (VIOLATED)
_25352_/Y                                10     12     -2 (VIOLATED)
_25400_/Y                                10     12     -2 (VIOLATED)
_25564_/X                                10     12     -2 (VIOLATED)
_25726_/Y                                10     12     -2 (VIOLATED)
_25797_/Y                                10     12     -2 (VIOLATED)
_25896_/X                                10     12     -2 (VIOLATED)
_25930_/Y                                10     12     -2 (VIOLATED)
_25948_/Y                                10     12     -2 (VIOLATED)
_33304_/X                                10     12     -2 (VIOLATED)
clkbuf_5_14__f_clk/X                     10     12     -2 (VIOLATED)
clkbuf_5_3__f_clk/X                      10     12     -2 (VIOLATED)
clkbuf_leaf_100_clk/X                    10     12     -2 (VIOLATED)
clkbuf_leaf_104_clk/X                    10     12     -2 (VIOLATED)
clkbuf_leaf_114_clk/X                    10     12     -2 (VIOLATED)
clkbuf_leaf_117_clk/X                    10     12     -2 (VIOLATED)
clkbuf_leaf_134_clk/X                    10     12     -2 (VIOLATED)
clkbuf_leaf_141_clk/X                    10     12     -2 (VIOLATED)
clkbuf_leaf_151_clk/X                    10     12     -2 (VIOLATED)
clkbuf_leaf_173_clk/X                    10     12     -2 (VIOLATED)
clkbuf_leaf_211_clk/X                    10     12     -2 (VIOLATED)
clkbuf_leaf_213_clk/X                    10     12     -2 (VIOLATED)
clkbuf_leaf_247_clk/X                    10     12     -2 (VIOLATED)
clkbuf_leaf_254_clk/X                    10     12     -2 (VIOLATED)
clkbuf_leaf_255_clk/X                    10     12     -2 (VIOLATED)
clkbuf_leaf_286_clk/X                    10     12     -2 (VIOLATED)
clkbuf_leaf_290_clk/X                    10     12     -2 (VIOLATED)
clkbuf_leaf_308_clk/X                    10     12     -2 (VIOLATED)
clkbuf_leaf_313_clk/X                    10     12     -2 (VIOLATED)
clkbuf_leaf_364_clk/X                    10     12     -2 (VIOLATED)
clkbuf_leaf_3_clk/X                      10     12     -2 (VIOLATED)
clkbuf_leaf_402_clk/X                    10     12     -2 (VIOLATED)
clkbuf_leaf_52_clk/X                     10     12     -2 (VIOLATED)
clkbuf_leaf_53_clk/X                     10     12     -2 (VIOLATED)
clkbuf_leaf_58_clk/X                     10     12     -2 (VIOLATED)
clkbuf_leaf_61_clk/X                     10     12     -2 (VIOLATED)
clkbuf_leaf_72_clk/X                     10     12     -2 (VIOLATED)
clkbuf_leaf_73_clk/X                     10     12     -2 (VIOLATED)
clkbuf_leaf_89_clk/X                     10     12     -2 (VIOLATED)
clkbuf_leaf_94_clk/X                     10     12     -2 (VIOLATED)
fanout153/X                              10     12     -2 (VIOLATED)
fanout252/X                              10     12     -2 (VIOLATED)
max_cap41/X                              10     12     -2 (VIOLATED)
max_cap49/X                              10     12     -2 (VIOLATED)
max_cap52/X                              10     12     -2 (VIOLATED)
max_cap54/X                              10     12     -2 (VIOLATED)
max_cap56/X                              10     12     -2 (VIOLATED)
max_cap65/X                              10     12     -2 (VIOLATED)
max_cap80/X                              10     12     -2 (VIOLATED)
wire28/X                                 10     12     -2 (VIOLATED)
wire58/X                                 10     12     -2 (VIOLATED)
wire67/X                                 10     12     -2 (VIOLATED)
wire72/X                                 10     12     -2 (VIOLATED)
wire77/X                                 10     12     -2 (VIOLATED)
clkbuf_5_11__f_clk/X                     10     11        (VIOLATED)
clkbuf_5_5__f_clk/X                      10     11        (VIOLATED)
clkbuf_5_6__f_clk/X                      10     11        (VIOLATED)
clkbuf_5_7__f_clk/X                      10     11        (VIOLATED)
clkbuf_5_8__f_clk/X                      10     11        (VIOLATED)
clkbuf_leaf_116_clk/X                    10     11        (VIOLATED)
clkbuf_leaf_126_clk/X                    10     11        (VIOLATED)
clkbuf_leaf_128_clk/X                    10     11        (VIOLATED)
clkbuf_leaf_138_clk/X                    10     11        (VIOLATED)
clkbuf_leaf_149_clk/X                    10     11        (VIOLATED)
clkbuf_leaf_150_clk/X                    10     11        (VIOLATED)
clkbuf_leaf_158_clk/X                    10     11        (VIOLATED)
clkbuf_leaf_206_clk/X                    10     11        (VIOLATED)
clkbuf_leaf_209_clk/X                    10     11        (VIOLATED)
clkbuf_leaf_218_clk/X                    10     11        (VIOLATED)
clkbuf_leaf_228_clk/X                    10     11        (VIOLATED)
clkbuf_leaf_246_clk/X                    10     11        (VIOLATED)
clkbuf_leaf_251_clk/X                    10     11        (VIOLATED)
clkbuf_leaf_265_clk/X                    10     11        (VIOLATED)
clkbuf_leaf_292_clk/X                    10     11        (VIOLATED)
clkbuf_leaf_33_clk/X                     10     11        (VIOLATED)
clkbuf_leaf_35_clk/X                     10     11        (VIOLATED)
clkbuf_leaf_371_clk/X                    10     11        (VIOLATED)
clkbuf_leaf_39_clk/X                     10     11        (VIOLATED)
clkbuf_leaf_404_clk/X                    10     11        (VIOLATED)
clkbuf_leaf_405_clk/X                    10     11        (VIOLATED)
clkbuf_leaf_410_clk/X                    10     11        (VIOLATED)
clkbuf_leaf_420_clk/X                    10     11        (VIOLATED)
clkbuf_leaf_49_clk/X                     10     11        (VIOLATED)
clkbuf_leaf_62_clk/X                     10     11        (VIOLATED)
clkbuf_leaf_76_clk/X                     10     11        (VIOLATED)
clkbuf_leaf_79_clk/X                     10     11        (VIOLATED)
clkbuf_leaf_81_clk/X                     10     11        (VIOLATED)
clkbuf_leaf_97_clk/X                     10     11        (VIOLATED)

max capacitance

Pin                                    Limit     Cap   Slack
------------------------------------------------------------
_25487_/Y                               0.14    0.17   -0.03 (VIOLATED)
_21162_/X                               0.33    0.33   -0.00 (VIOLATED)


======================= Typical Corner ===================================

max slew

Pin                                    Limit    Slew   Slack
------------------------------------------------------------
_25488_/A                               0.75    1.12   -0.37 (VIOLATED)
ANTENNA__25488__A/DIODE                 0.75    1.12   -0.37 (VIOLATED)
_26345_/B1                              0.75    1.12   -0.37 (VIOLATED)
ANTENNA__26345__B1/DIODE                0.75    1.12   -0.37 (VIOLATED)
_26328_/B1                              0.75    1.12   -0.37 (VIOLATED)
ANTENNA__26328__B1/DIODE                0.75    1.12   -0.37 (VIOLATED)
_27014_/A2_N                            0.75    1.12   -0.37 (VIOLATED)
_27038_/B1                              0.75    1.12   -0.37 (VIOLATED)
ANTENNA__27014__A2_N/DIODE              0.75    1.12   -0.37 (VIOLATED)
ANTENNA__27038__B1/DIODE                0.75    1.12   -0.37 (VIOLATED)
ANTENNA__26659__B1/DIODE                0.75    1.12   -0.37 (VIOLATED)
_26659_/B1                              0.75    1.12   -0.37 (VIOLATED)
ANTENNA__26635__A2_N/DIODE              0.75    1.12   -0.37 (VIOLATED)
_26635_/A2_N                            0.75    1.12   -0.37 (VIOLATED)
_25487_/Y                               0.75    1.12   -0.37 (VIOLATED)
_22043_/A0                              0.75    0.98   -0.23 (VIOLATED)
ANTENNA__22043__A0/DIODE                0.75    0.98   -0.23 (VIOLATED)
_23116_/A0                              0.75    0.98   -0.23 (VIOLATED)
ANTENNA__23116__A0/DIODE                0.75    0.98   -0.23 (VIOLATED)
ANTENNA__21775__A0/DIODE                0.75    0.98   -0.23 (VIOLATED)
_21775_/A0                              0.75    0.98   -0.23 (VIOLATED)
ANTENNA__22847__A0/DIODE                0.75    0.97   -0.22 (VIOLATED)
_22847_/A0                              0.75    0.97   -0.22 (VIOLATED)
_22310_/A1                              0.75    0.97   -0.22 (VIOLATED)
ANTENNA__22310__A1/DIODE                0.75    0.97   -0.22 (VIOLATED)
_22579_/A0                              0.75    0.97   -0.22 (VIOLATED)
ANTENNA__22579__A0/DIODE                0.75    0.97   -0.22 (VIOLATED)
_21163_/A1                              0.75    0.97   -0.22 (VIOLATED)
ANTENNA__21163__A1/DIODE                0.75    0.97   -0.22 (VIOLATED)
_23398_/A0                              0.75    0.97   -0.22 (VIOLATED)
ANTENNA__23398__A0/DIODE                0.75    0.97   -0.22 (VIOLATED)
_21506_/A0                              0.75    0.97   -0.22 (VIOLATED)
ANTENNA__21506__A0/DIODE                0.75    0.97   -0.22 (VIOLATED)
_21162_/X                               0.75    0.97   -0.22 (VIOLATED)
ANTENNA__21763__A0/DIODE                0.75    0.90   -0.15 (VIOLATED)
_21763_/A0                              0.75    0.90   -0.15 (VIOLATED)
ANTENNA__23104__A0/DIODE                0.75    0.90   -0.15 (VIOLATED)
_23104_/A0                              0.75    0.90   -0.15 (VIOLATED)
_22032_/A0                              0.75    0.90   -0.15 (VIOLATED)
ANTENNA__22032__A0/DIODE                0.75    0.90   -0.15 (VIOLATED)
ANTENNA__22836__A0/DIODE                0.75    0.90   -0.15 (VIOLATED)
_22836_/A0                              0.75    0.90   -0.15 (VIOLATED)
ANTENNA__22299__A1/DIODE                0.75    0.90   -0.15 (VIOLATED)
_22299_/A1                              0.75    0.90   -0.15 (VIOLATED)
ANTENNA__22568__A0/DIODE                0.75    0.90   -0.15 (VIOLATED)
_22568_/A0                              0.75    0.90   -0.15 (VIOLATED)
_21148_/A1                              0.75    0.90   -0.15 (VIOLATED)
ANTENNA__21148__A1/DIODE                0.75    0.90   -0.15 (VIOLATED)
_21495_/A0                              0.75    0.90   -0.15 (VIOLATED)
ANTENNA__21495__A0/DIODE                0.75    0.90   -0.15 (VIOLATED)
_23388_/A0                              0.75    0.90   -0.15 (VIOLATED)
ANTENNA__23388__A0/DIODE                0.75    0.90   -0.15 (VIOLATED)
_21147_/X                               0.75    0.90   -0.15 (VIOLATED)
_23076_/A0                              0.75    0.89   -0.14 (VIOLATED)
ANTENNA__23076__A0/DIODE                0.75    0.89   -0.14 (VIOLATED)
ANTENNA__22808__A0/DIODE                0.75    0.89   -0.14 (VIOLATED)
_22808_/A0                              0.75    0.89   -0.14 (VIOLATED)
ANTENNA__21735__A0/DIODE                0.75    0.89   -0.14 (VIOLATED)
_21735_/A0                              0.75    0.89   -0.14 (VIOLATED)
_22272_/A1                              0.75    0.88   -0.13 (VIOLATED)
ANTENNA__22272__A1/DIODE                0.75    0.88   -0.13 (VIOLATED)
ANTENNA__22540__A0/DIODE                0.75    0.88   -0.13 (VIOLATED)
_22540_/A0                              0.75    0.88   -0.13 (VIOLATED)
ANTENNA__23360__A0/DIODE                0.75    0.88   -0.13 (VIOLATED)
_23360_/A0                              0.75    0.88   -0.13 (VIOLATED)
_22004_/A0                              0.75    0.88   -0.13 (VIOLATED)
ANTENNA__22004__A0/DIODE                0.75    0.88   -0.13 (VIOLATED)
_21108_/A1                              0.75    0.88   -0.13 (VIOLATED)
ANTENNA__21108__A1/DIODE                0.75    0.88   -0.13 (VIOLATED)
_21467_/A0                              0.75    0.88   -0.13 (VIOLATED)
ANTENNA__21467__A0/DIODE                0.75    0.88   -0.13 (VIOLATED)
_21107_/X                               0.75    0.88   -0.13 (VIOLATED)
ANTENNA__23031__A0/DIODE                0.75    0.87   -0.12 (VIOLATED)
_23031_/A0                              0.75    0.87   -0.12 (VIOLATED)
ANTENNA__21959__A0/DIODE                0.75    0.87   -0.12 (VIOLATED)
_21959_/A0                              0.75    0.87   -0.12 (VIOLATED)
ANTENNA__23300__A0/DIODE                0.75    0.87   -0.12 (VIOLATED)
_23300_/A0                              0.75    0.87   -0.12 (VIOLATED)
wire50/A                                0.75    0.87   -0.12 (VIOLATED)
ANTENNA_wire50_A/DIODE                  0.75    0.87   -0.12 (VIOLATED)
_26888_/A2_N                            0.75    0.87   -0.12 (VIOLATED)
ANTENNA__26888__A2_N/DIODE              0.75    0.87   -0.12 (VIOLATED)
_26874_/B1                              0.75    0.87   -0.12 (VIOLATED)
ANTENNA__26874__B1/DIODE                0.75    0.87   -0.12 (VIOLATED)
_26262_/Y                               0.75    0.87   -0.12 (VIOLATED)
_23583_/A0                              0.75    0.87   -0.12 (VIOLATED)
ANTENNA__23583__A0/DIODE                0.75    0.87   -0.12 (VIOLATED)
_22495_/A1                              0.75    0.87   -0.12 (VIOLATED)
ANTENNA__22495__A1/DIODE                0.75    0.87   -0.12 (VIOLATED)
_22763_/A0                              0.75    0.87   -0.12 (VIOLATED)
ANTENNA__22763__A0/DIODE                0.75    0.87   -0.12 (VIOLATED)
_22227_/A0                              0.75    0.87   -0.12 (VIOLATED)
ANTENNA__22227__A0/DIODE                0.75    0.86   -0.11 (VIOLATED)
_21411_/A1                              0.75    0.86   -0.11 (VIOLATED)
ANTENNA__21411__A1/DIODE                0.75    0.86   -0.11 (VIOLATED)
ANTENNA__21690__A0/DIODE                0.75    0.86   -0.11 (VIOLATED)
_21690_/A0                              0.75    0.86   -0.11 (VIOLATED)
_21410_/X                               0.75    0.86   -0.11 (VIOLATED)
_26092_/A2_N                            0.75    0.86   -0.11 (VIOLATED)
ANTENNA__26092__A2_N/DIODE              0.75    0.86   -0.11 (VIOLATED)
_26324_/B1                              0.75    0.86   -0.11 (VIOLATED)
ANTENNA__26324__B1/DIODE                0.75    0.86   -0.11 (VIOLATED)
ANTENNA__24894__A/DIODE                 0.75    0.86   -0.11 (VIOLATED)
_24894_/A                               0.75    0.86   -0.11 (VIOLATED)
_27229_/B1                              0.75    0.86   -0.11 (VIOLATED)
ANTENNA__27229__B1/DIODE                0.75    0.86   -0.11 (VIOLATED)
_27051_/A2_N                            0.75    0.86   -0.11 (VIOLATED)
ANTENNA__27051__A2_N/DIODE              0.75    0.86   -0.11 (VIOLATED)
ANTENNA__26672__A2_N/DIODE              0.75    0.86   -0.11 (VIOLATED)
_26672_/A2_N                            0.75    0.86   -0.11 (VIOLATED)
_26630_/B1                              0.75    0.86   -0.11 (VIOLATED)
ANTENNA__26630__B1/DIODE                0.75    0.86   -0.11 (VIOLATED)
_24893_/Y                               0.75    0.85   -0.10 (VIOLATED)
_23271_/A0                              0.75    0.85   -0.10 (VIOLATED)
ANTENNA__23271__A0/DIODE                0.75    0.85   -0.10 (VIOLATED)
_21930_/A0                              0.75    0.85   -0.10 (VIOLATED)
ANTENNA__21930__A0/DIODE                0.75    0.85   -0.10 (VIOLATED)
_23002_/A0                              0.75    0.85   -0.10 (VIOLATED)
ANTENNA__23002__A0/DIODE                0.75    0.85   -0.10 (VIOLATED)
_22465_/A1                              0.75    0.85   -0.10 (VIOLATED)
ANTENNA__22465__A1/DIODE                0.75    0.85   -0.10 (VIOLATED)
_22734_/A0                              0.75    0.85   -0.10 (VIOLATED)
ANTENNA__22734__A0/DIODE                0.75    0.85   -0.10 (VIOLATED)
_23554_/A0                              0.75    0.85   -0.10 (VIOLATED)
ANTENNA__23554__A0/DIODE                0.75    0.85   -0.10 (VIOLATED)
_22198_/A0                              0.75    0.85   -0.10 (VIOLATED)
ANTENNA__22198__A0/DIODE                0.75    0.85   -0.10 (VIOLATED)
_21370_/A1                              0.75    0.85   -0.10 (VIOLATED)
ANTENNA__21370__A1/DIODE                0.75    0.85   -0.10 (VIOLATED)
_21661_/A0                              0.75    0.85   -0.10 (VIOLATED)
ANTENNA__21661__A0/DIODE                0.75    0.85   -0.10 (VIOLATED)
_21369_/X                               0.75    0.85   -0.10 (VIOLATED)
_21765_/A0                              0.75    0.85   -0.10 (VIOLATED)
ANTENNA__21765__A0/DIODE                0.75    0.85   -0.10 (VIOLATED)
ANTENNA__22838__A0/DIODE                0.75    0.84   -0.09 (VIOLATED)
_22838_/A0                              0.75    0.84   -0.09 (VIOLATED)
ANTENNA__22301__A1/DIODE                0.75    0.84   -0.09 (VIOLATED)
_22301_/A1                              0.75    0.84   -0.09 (VIOLATED)
_22570_/A0                              0.75    0.84   -0.09 (VIOLATED)
ANTENNA__22570__A0/DIODE                0.75    0.84   -0.09 (VIOLATED)
_21151_/A1                              0.75    0.84   -0.09 (VIOLATED)
ANTENNA__21151__A1/DIODE                0.75    0.84   -0.09 (VIOLATED)
_21497_/A0                              0.75    0.84   -0.09 (VIOLATED)
ANTENNA__21497__A0/DIODE                0.75    0.84   -0.09 (VIOLATED)
_23106_/A0                              0.75    0.84   -0.09 (VIOLATED)
ANTENNA__23106__A0/DIODE                0.75    0.84   -0.09 (VIOLATED)
ANTENNA__22034__A0/DIODE                0.75    0.84   -0.09 (VIOLATED)
_22034_/A0                              0.75    0.84   -0.09 (VIOLATED)
ANTENNA__23390__A0/DIODE                0.75    0.84   -0.09 (VIOLATED)
_23390_/A0                              0.75    0.84   -0.09 (VIOLATED)
_21150_/X                               0.75    0.84   -0.09 (VIOLATED)
ANTENNA__22002__A0/DIODE                0.75    0.84   -0.09 (VIOLATED)
_22002_/A0                              0.75    0.84   -0.09 (VIOLATED)
_23074_/A0                              0.75    0.84   -0.09 (VIOLATED)
ANTENNA__23074__A0/DIODE                0.75    0.84   -0.09 (VIOLATED)
ANTENNA__21733__A0/DIODE                0.75    0.84   -0.09 (VIOLATED)
_21733_/A0                              0.75    0.84   -0.09 (VIOLATED)
_22806_/A0                              0.75    0.83   -0.08 (VIOLATED)
ANTENNA__22806__A0/DIODE                0.75    0.83   -0.08 (VIOLATED)
_22270_/A1                              0.75    0.83   -0.08 (VIOLATED)
ANTENNA__22270__A1/DIODE                0.75    0.83   -0.08 (VIOLATED)
_22538_/A0                              0.75    0.83   -0.08 (VIOLATED)
ANTENNA__22538__A0/DIODE                0.75    0.83   -0.08 (VIOLATED)
_22390_/A1                              0.75    0.83   -0.08 (VIOLATED)
ANTENNA__22390__A1/DIODE                0.75    0.83   -0.08 (VIOLATED)
ANTENNA__26319__B1/DIODE                0.75    0.83   -0.08 (VIOLATED)
_26319_/B1                              0.75    0.83   -0.08 (VIOLATED)
_22658_/A0                              0.75    0.83   -0.08 (VIOLATED)
ANTENNA__22658__A0/DIODE                0.75    0.83   -0.08 (VIOLATED)
_21267_/A1                              0.75    0.83   -0.08 (VIOLATED)
ANTENNA__21267__A1/DIODE                0.75    0.83   -0.08 (VIOLATED)
_21104_/A1                              0.75    0.83   -0.08 (VIOLATED)
_21585_/A0                              0.75    0.83   -0.08 (VIOLATED)
ANTENNA__21585__A0/DIODE                0.75    0.83   -0.08 (VIOLATED)
ANTENNA__21104__A1/DIODE                0.75    0.83   -0.08 (VIOLATED)
_22926_/A0                              0.75    0.83   -0.08 (VIOLATED)
ANTENNA__22926__A0/DIODE                0.75    0.83   -0.08 (VIOLATED)
_21854_/A0                              0.75    0.83   -0.08 (VIOLATED)
ANTENNA__21854__A0/DIODE                0.75    0.83   -0.08 (VIOLATED)
_23478_/A0                              0.75    0.83   -0.08 (VIOLATED)
ANTENNA__23478__A0/DIODE                0.75    0.83   -0.08 (VIOLATED)
_23195_/A0                              0.75    0.83   -0.08 (VIOLATED)
ANTENNA__23195__A0/DIODE                0.75    0.83   -0.08 (VIOLATED)
ANTENNA__22122__A0/DIODE                0.75    0.83   -0.08 (VIOLATED)
_22122_/A0                              0.75    0.83   -0.08 (VIOLATED)
_26316_/X                               0.75    0.83   -0.08 (VIOLATED)
_21465_/A0                              0.75    0.83   -0.08 (VIOLATED)
ANTENNA__21465__A0/DIODE                0.75    0.83   -0.08 (VIOLATED)
_23356_/A0                              0.75    0.83   -0.08 (VIOLATED)
ANTENNA__23356__A0/DIODE                0.75    0.83   -0.08 (VIOLATED)
_21103_/X                               0.75    0.83   -0.08 (VIOLATED)
_22306_/A1                              0.75    0.82   -0.07 (VIOLATED)
ANTENNA__22306__A1/DIODE                0.75    0.82   -0.07 (VIOLATED)
ANTENNA__23290__A0/DIODE                0.75    0.82   -0.07 (VIOLATED)
_23290_/A0                              0.75    0.82   -0.07 (VIOLATED)
_22574_/A0                              0.75    0.82   -0.07 (VIOLATED)
ANTENNA__22574__A0/DIODE                0.75    0.82   -0.07 (VIOLATED)
ANTENNA__21949__A0/DIODE                0.75    0.82   -0.07 (VIOLATED)
_21949_/A0                              0.75    0.82   -0.07 (VIOLATED)
_22842_/A0                              0.75    0.82   -0.07 (VIOLATED)
ANTENNA__22842__A0/DIODE                0.75    0.82   -0.07 (VIOLATED)
_21769_/A0                              0.75    0.82   -0.07 (VIOLATED)
ANTENNA__21769__A0/DIODE                0.75    0.82   -0.07 (VIOLATED)
_21157_/A1                              0.75    0.82   -0.07 (VIOLATED)
ANTENNA__23021__A0/DIODE                0.75    0.82   -0.07 (VIOLATED)
_23021_/A0                              0.75    0.82   -0.07 (VIOLATED)
ANTENNA__21157__A1/DIODE                0.75    0.82   -0.07 (VIOLATED)
_21501_/A0                              0.75    0.82   -0.07 (VIOLATED)
ANTENNA__21501__A0/DIODE                0.75    0.82   -0.07 (VIOLATED)
_22038_/A0                              0.75    0.82   -0.07 (VIOLATED)
ANTENNA__22038__A0/DIODE                0.75    0.82   -0.07 (VIOLATED)
_23110_/A0                              0.75    0.82   -0.07 (VIOLATED)
ANTENNA__23110__A0/DIODE                0.75    0.82   -0.07 (VIOLATED)
ANTENNA__23394__A0/DIODE                0.75    0.82   -0.07 (VIOLATED)
_23394_/A0                              0.75    0.82   -0.07 (VIOLATED)
_21156_/X                               0.75    0.82   -0.07 (VIOLATED)
_22484_/A1                              0.75    0.82   -0.07 (VIOLATED)
ANTENNA__22484__A1/DIODE                0.75    0.82   -0.07 (VIOLATED)
_22753_/A0                              0.75    0.82   -0.07 (VIOLATED)
ANTENNA__22753__A0/DIODE                0.75    0.82   -0.07 (VIOLATED)
_21397_/A1                              0.75    0.82   -0.07 (VIOLATED)
ANTENNA__21397__A1/DIODE                0.75    0.82   -0.07 (VIOLATED)
_23573_/A0                              0.75    0.81   -0.06 (VIOLATED)
ANTENNA__23573__A0/DIODE                0.75    0.81   -0.06 (VIOLATED)
_21680_/A0                              0.75    0.81   -0.06 (VIOLATED)
ANTENNA__21680__A0/DIODE                0.75    0.81   -0.06 (VIOLATED)
_22217_/A0                              0.75    0.81   -0.06 (VIOLATED)
ANTENNA__22217__A0/DIODE                0.75    0.81   -0.06 (VIOLATED)
_21396_/X                               0.75    0.81   -0.06 (VIOLATED)
_21974_/A0                              0.75    0.81   -0.06 (VIOLATED)
ANTENNA__21974__A0/DIODE                0.75    0.81   -0.06 (VIOLATED)
_23046_/A0                              0.75    0.81   -0.06 (VIOLATED)
ANTENNA__23046__A0/DIODE                0.75    0.81   -0.06 (VIOLATED)
_22509_/A1                              0.75    0.81   -0.06 (VIOLATED)
ANTENNA__22509__A1/DIODE                0.75    0.81   -0.06 (VIOLATED)
_22778_/A0                              0.75    0.81   -0.06 (VIOLATED)
ANTENNA__22778__A0/DIODE                0.75    0.81   -0.06 (VIOLATED)
_21430_/A1                              0.75    0.81   -0.06 (VIOLATED)
ANTENNA__21430__A1/DIODE                0.75    0.81   -0.06 (VIOLATED)
_23315_/A0                              0.75    0.81   -0.06 (VIOLATED)
ANTENNA__23315__A0/DIODE                0.75    0.81   -0.06 (VIOLATED)
_22242_/A0                              0.75    0.81   -0.06 (VIOLATED)
ANTENNA__22242__A0/DIODE                0.75    0.81   -0.06 (VIOLATED)
ANTENNA__21705__A0/DIODE                0.75    0.81   -0.06 (VIOLATED)
_21705_/A0                              0.75    0.81   -0.06 (VIOLATED)
_23598_/A0                              0.75    0.81   -0.06 (VIOLATED)
ANTENNA__23598__A0/DIODE                0.75    0.81   -0.06 (VIOLATED)
_21429_/X                               0.75    0.81   -0.06 (VIOLATED)
_23025_/A0                              0.75    0.81   -0.06 (VIOLATED)
ANTENNA__23025__A0/DIODE                0.75    0.81   -0.06 (VIOLATED)
_21953_/A0                              0.75    0.80   -0.05 (VIOLATED)
ANTENNA__21953__A0/DIODE                0.75    0.80   -0.05 (VIOLATED)
_21943_/A0                              0.75    0.80   -0.05 (VIOLATED)
ANTENNA__21943__A0/DIODE                0.75    0.80   -0.05 (VIOLATED)
ANTENNA__23284__A0/DIODE                0.75    0.80   -0.05 (VIOLATED)
_23284_/A0                              0.75    0.80   -0.05 (VIOLATED)
_23294_/A0                              0.75    0.80   -0.05 (VIOLATED)
ANTENNA__23294__A0/DIODE                0.75    0.80   -0.05 (VIOLATED)
ANTENNA__23566__A0/DIODE                0.75    0.80   -0.05 (VIOLATED)
_23566_/A0                              0.75    0.80   -0.05 (VIOLATED)
_23015_/A0                              0.75    0.80   -0.05 (VIOLATED)
ANTENNA__23015__A0/DIODE                0.75    0.80   -0.05 (VIOLATED)
_22478_/A1                              0.75    0.80   -0.05 (VIOLATED)
ANTENNA__22478__A1/DIODE                0.75    0.80   -0.05 (VIOLATED)
_22747_/A0                              0.75    0.80   -0.05 (VIOLATED)
ANTENNA__22747__A0/DIODE                0.75    0.80   -0.05 (VIOLATED)
_23577_/A0                              0.75    0.80   -0.05 (VIOLATED)
ANTENNA__23577__A0/DIODE                0.75    0.80   -0.05 (VIOLATED)
_21388_/A1                              0.75    0.80   -0.05 (VIOLATED)
ANTENNA__22211__A0/DIODE                0.75    0.80   -0.05 (VIOLATED)
_22211_/A0                              0.75    0.80   -0.05 (VIOLATED)
ANTENNA__21388__A1/DIODE                0.75    0.80   -0.05 (VIOLATED)
_21674_/A0                              0.75    0.80   -0.05 (VIOLATED)
ANTENNA__21674__A0/DIODE                0.75    0.80   -0.05 (VIOLATED)
_21387_/X                               0.75    0.80   -0.05 (VIOLATED)
_22221_/A0                              0.75    0.80   -0.05 (VIOLATED)
ANTENNA__22221__A0/DIODE                0.75    0.80   -0.05 (VIOLATED)
ANTENNA__23537__A0/DIODE                0.75    0.80   -0.05 (VIOLATED)
_23537_/A0                              0.75    0.80   -0.05 (VIOLATED)
ANTENNA__23254__A0/DIODE                0.75    0.80   -0.05 (VIOLATED)
_23254_/A0                              0.75    0.80   -0.05 (VIOLATED)
_21913_/A0                              0.75    0.79   -0.04 (VIOLATED)
_22488_/A1                              0.75    0.79   -0.04 (VIOLATED)
ANTENNA__22488__A1/DIODE                0.75    0.79   -0.04 (VIOLATED)
ANTENNA__21913__A0/DIODE                0.75    0.79   -0.04 (VIOLATED)
_22757_/A0                              0.75    0.79   -0.04 (VIOLATED)
ANTENNA__22757__A0/DIODE                0.75    0.79   -0.04 (VIOLATED)
_22985_/A0                              0.75    0.79   -0.04 (VIOLATED)
ANTENNA__22985__A0/DIODE                0.75    0.79   -0.04 (VIOLATED)
_21403_/A1                              0.75    0.79   -0.04 (VIOLATED)
ANTENNA__21403__A1/DIODE                0.75    0.79   -0.04 (VIOLATED)
_21684_/A0                              0.75    0.79   -0.04 (VIOLATED)
ANTENNA__21684__A0/DIODE                0.75    0.79   -0.04 (VIOLATED)
_21402_/X                               0.75    0.79   -0.04 (VIOLATED)
_22448_/A1                              0.75    0.79   -0.04 (VIOLATED)
ANTENNA__22448__A1/DIODE                0.75    0.79   -0.04 (VIOLATED)
ANTENNA__22717__A0/DIODE                0.75    0.79   -0.04 (VIOLATED)
_22717_/A0                              0.75    0.79   -0.04 (VIOLATED)
ANTENNA__21346__A1/DIODE                0.75    0.79   -0.04 (VIOLATED)
_23589_/A0                              0.75    0.79   -0.04 (VIOLATED)
ANTENNA__23589__A0/DIODE                0.75    0.79   -0.04 (VIOLATED)
_21346_/A1                              0.75    0.79   -0.04 (VIOLATED)
ANTENNA__22234__A0/DIODE                0.75    0.79   -0.04 (VIOLATED)
_22234_/A0                              0.75    0.79   -0.04 (VIOLATED)
_22501_/A1                              0.75    0.79   -0.04 (VIOLATED)
ANTENNA__22501__A1/DIODE                0.75    0.79   -0.04 (VIOLATED)
_22770_/A0                              0.75    0.79   -0.04 (VIOLATED)
ANTENNA__22770__A0/DIODE                0.75    0.79   -0.04 (VIOLATED)
ANTENNA__23307__A0/DIODE                0.75    0.79   -0.04 (VIOLATED)
_23307_/A0                              0.75    0.79   -0.04 (VIOLATED)
_21419_/A1                              0.75    0.79   -0.04 (VIOLATED)
ANTENNA__21419__A1/DIODE                0.75    0.79   -0.04 (VIOLATED)
ANTENNA__21697__A0/DIODE                0.75    0.79   -0.04 (VIOLATED)
_21697_/A0                              0.75    0.79   -0.04 (VIOLATED)
_21644_/A0                              0.75    0.79   -0.04 (VIOLATED)
_23038_/A0                              0.75    0.79   -0.04 (VIOLATED)
ANTENNA__23038__A0/DIODE                0.75    0.79   -0.04 (VIOLATED)
_21966_/A0                              0.75    0.79   -0.04 (VIOLATED)
ANTENNA__21966__A0/DIODE                0.75    0.79   -0.04 (VIOLATED)
ANTENNA__21644__A0/DIODE                0.75    0.79   -0.04 (VIOLATED)
_21418_/X                               0.75    0.79   -0.04 (VIOLATED)
_22181_/A0                              0.75    0.79   -0.04 (VIOLATED)
ANTENNA__22181__A0/DIODE                0.75    0.79   -0.04 (VIOLATED)
_21345_/X                               0.75    0.79   -0.04 (VIOLATED)
_23267_/A0                              0.75    0.79   -0.04 (VIOLATED)
ANTENNA__23267__A0/DIODE                0.75    0.79   -0.04 (VIOLATED)
_21926_/A0                              0.75    0.79   -0.04 (VIOLATED)
ANTENNA__21926__A0/DIODE                0.75    0.79   -0.04 (VIOLATED)
_23550_/A0                              0.75    0.79   -0.04 (VIOLATED)
ANTENNA__23550__A0/DIODE                0.75    0.79   -0.04 (VIOLATED)
ANTENNA__23084__A0/DIODE                0.75    0.79   -0.04 (VIOLATED)
_23084_/A0                              0.75    0.79   -0.04 (VIOLATED)
_22998_/A0                              0.75    0.79   -0.04 (VIOLATED)
ANTENNA__22998__A0/DIODE                0.75    0.79   -0.04 (VIOLATED)
ANTENNA__21743__A0/DIODE                0.75    0.79   -0.04 (VIOLATED)
_21743_/A0                              0.75    0.79   -0.04 (VIOLATED)
_22194_/A0                              0.75    0.79   -0.04 (VIOLATED)
ANTENNA__22194__A0/DIODE                0.75    0.79   -0.04 (VIOLATED)
_22816_/A0                              0.75    0.78   -0.03 (VIOLATED)
ANTENNA__22816__A0/DIODE                0.75    0.78   -0.03 (VIOLATED)
_21364_/A1                              0.75    0.78   -0.03 (VIOLATED)
ANTENNA__21364__A1/DIODE                0.75    0.78   -0.03 (VIOLATED)
ANTENNA__22280__A1/DIODE                0.75    0.78   -0.03 (VIOLATED)
_22280_/A1                              0.75    0.78   -0.03 (VIOLATED)
_22461_/A1                              0.75    0.78   -0.03 (VIOLATED)
ANTENNA__22461__A1/DIODE                0.75    0.78   -0.03 (VIOLATED)
_21657_/A0                              0.75    0.78   -0.03 (VIOLATED)
ANTENNA__21657__A0/DIODE                0.75    0.78   -0.03 (VIOLATED)
_22730_/A0                              0.75    0.78   -0.03 (VIOLATED)
ANTENNA__22730__A0/DIODE                0.75    0.78   -0.03 (VIOLATED)
_22548_/A0                              0.75    0.78   -0.03 (VIOLATED)
ANTENNA__22548__A0/DIODE                0.75    0.78   -0.03 (VIOLATED)
_21363_/X                               0.75    0.78   -0.03 (VIOLATED)
_26266_/A2_N                            0.75    0.78   -0.03 (VIOLATED)
ANTENNA__26266__A2_N/DIODE              0.75    0.78   -0.03 (VIOLATED)
ANTENNA__25736__A/DIODE                 0.75    0.78   -0.03 (VIOLATED)
_25736_/A                               0.75    0.78   -0.03 (VIOLATED)
_27197_/B1                              0.75    0.78   -0.03 (VIOLATED)
ANTENNA__27197__B1/DIODE                0.75    0.78   -0.03 (VIOLATED)
_26987_/B1                              0.75    0.78   -0.03 (VIOLATED)
ANTENNA__26987__B1/DIODE                0.75    0.78   -0.03 (VIOLATED)
_22012_/A0                              0.75    0.78   -0.03 (VIOLATED)
ANTENNA__22012__A0/DIODE                0.75    0.78   -0.03 (VIOLATED)
_26941_/A2_N                            0.75    0.78   -0.03 (VIOLATED)
ANTENNA__26941__A2_N/DIODE              0.75    0.78   -0.03 (VIOLATED)
_26561_/A2_N                            0.75    0.78   -0.03 (VIOLATED)
ANTENNA__26561__A2_N/DIODE              0.75    0.78   -0.03 (VIOLATED)
_26608_/B1                              0.75    0.78   -0.03 (VIOLATED)
ANTENNA__26608__B1/DIODE                0.75    0.78   -0.03 (VIOLATED)
_21120_/A1                              0.75    0.78   -0.03 (VIOLATED)
ANTENNA__21120__A1/DIODE                0.75    0.78   -0.03 (VIOLATED)
_25735_/Y                               0.75    0.78   -0.03 (VIOLATED)
_21475_/A0                              0.75    0.78   -0.03 (VIOLATED)
ANTENNA__21475__A0/DIODE                0.75    0.78   -0.03 (VIOLATED)
_23368_/A0                              0.75    0.78   -0.03 (VIOLATED)
ANTENNA__23368__A0/DIODE                0.75    0.78   -0.03 (VIOLATED)
_21119_/X                               0.75    0.78   -0.03 (VIOLATED)
_22920_/A0                              0.75    0.78   -0.03 (VIOLATED)
ANTENNA__22920__A0/DIODE                0.75    0.78   -0.03 (VIOLATED)
wire79/A                                0.75    0.78   -0.03 (VIOLATED)
ANTENNA_wire79_A/DIODE                  0.75    0.78   -0.03 (VIOLATED)
_21848_/A0                              0.75    0.78   -0.03 (VIOLATED)
ANTENNA__21848__A0/DIODE                0.75    0.78   -0.03 (VIOLATED)
_27219_/B1                              0.75    0.78   -0.03 (VIOLATED)
ANTENNA__27219__B1/DIODE                0.75    0.78   -0.03 (VIOLATED)
_22383_/A1                              0.75    0.78   -0.03 (VIOLATED)
ANTENNA__22383__A1/DIODE                0.75    0.78   -0.03 (VIOLATED)
_23472_/A0                              0.75    0.78   -0.03 (VIOLATED)
ANTENNA__23472__A0/DIODE                0.75    0.78   -0.03 (VIOLATED)
_24920_/Y                               0.75    0.78   -0.03 (VIOLATED)
ANTENNA__22652__A0/DIODE                0.75    0.78   -0.03 (VIOLATED)
_22652_/A0                              0.75    0.78   -0.03 (VIOLATED)
_23189_/A0                              0.75    0.78   -0.03 (VIOLATED)
ANTENNA__23189__A0/DIODE                0.75    0.78   -0.03 (VIOLATED)
_21260_/A1                              0.75    0.78   -0.03 (VIOLATED)
ANTENNA__21260__A1/DIODE                0.75    0.78   -0.03 (VIOLATED)
_22116_/A0                              0.75    0.78   -0.03 (VIOLATED)
ANTENNA__22116__A0/DIODE                0.75    0.78   -0.03 (VIOLATED)
_21579_/A0                              0.75    0.78   -0.03 (VIOLATED)
ANTENNA__21579__A0/DIODE                0.75    0.78   -0.03 (VIOLATED)
_27216_/X                               0.75    0.78   -0.03 (VIOLATED)
_26093_/A2                              0.75    0.78   -0.03 (VIOLATED)
ANTENNA__26093__A2/DIODE                0.75    0.78   -0.03 (VIOLATED)
_26463_/A2                              0.75    0.78   -0.03 (VIOLATED)
ANTENNA__26463__A2/DIODE                0.75    0.78   -0.03 (VIOLATED)
_26751_/B1                              0.75    0.78   -0.03 (VIOLATED)
ANTENNA__26751__B1/DIODE                0.75    0.78   -0.03 (VIOLATED)
_26091_/Y                               0.75    0.77   -0.02 (VIOLATED)
_26496_/A2_N                            0.75    0.77   -0.02 (VIOLATED)
ANTENNA__26496__A2_N/DIODE              0.75    0.77   -0.02 (VIOLATED)
_26127_/A2_N                            0.75    0.77   -0.02 (VIOLATED)
ANTENNA__26127__A2_N/DIODE              0.75    0.77   -0.02 (VIOLATED)
ANTENNA__27268__B1/DIODE                0.75    0.77   -0.02 (VIOLATED)
_27268_/B1                              0.75    0.77   -0.02 (VIOLATED)
ANTENNA__27278__B1/DIODE                0.75    0.77   -0.02 (VIOLATED)
_27278_/B1                              0.75    0.77   -0.02 (VIOLATED)
ANTENNA__27103__B1/DIODE                0.75    0.77   -0.02 (VIOLATED)
_27103_/B1                              0.75    0.77   -0.02 (VIOLATED)
_25244_/A                               0.75    0.77   -0.02 (VIOLATED)
ANTENNA__25244__A/DIODE                 0.75    0.77   -0.02 (VIOLATED)
_26723_/B1                              0.75    0.77   -0.02 (VIOLATED)
ANTENNA__26723__B1/DIODE                0.75    0.77   -0.02 (VIOLATED)
_25243_/Y                               0.75    0.77   -0.02 (VIOLATED)
_26485_/B1                              0.75    0.77   -0.02 (VIOLATED)
ANTENNA__26485__B1/DIODE                0.75    0.77   -0.02 (VIOLATED)
_26113_/B1                              0.75    0.77   -0.02 (VIOLATED)
ANTENNA__26113__B1/DIODE                0.75    0.77   -0.02 (VIOLATED)
_22394_/A1                              0.75    0.77   -0.02 (VIOLATED)
ANTENNA__22394__A1/DIODE                0.75    0.77   -0.02 (VIOLATED)
_22406_/A1                              0.75    0.77   -0.02 (VIOLATED)
ANTENNA__22406__A1/DIODE                0.75    0.77   -0.02 (VIOLATED)
_22675_/A0                              0.75    0.77   -0.02 (VIOLATED)
ANTENNA__22675__A0/DIODE                0.75    0.77   -0.02 (VIOLATED)
_26280_/B1                              0.75    0.77   -0.02 (VIOLATED)
ANTENNA__26280__B1/DIODE                0.75    0.77   -0.02 (VIOLATED)
_27161_/A2_N                            0.75    0.77   -0.02 (VIOLATED)
ANTENNA__27161__A2_N/DIODE              0.75    0.77   -0.02 (VIOLATED)
_22663_/A0                              0.75    0.77   -0.02 (VIOLATED)
_22943_/A0                              0.75    0.77   -0.02 (VIOLATED)
ANTENNA__22943__A0/DIODE                0.75    0.77   -0.02 (VIOLATED)
ANTENNA__22663__A0/DIODE                0.75    0.77   -0.02 (VIOLATED)
ANTENNA__21871__A0/DIODE                0.75    0.77   -0.02 (VIOLATED)
_21871_/A0                              0.75    0.77   -0.02 (VIOLATED)
_23495_/A0                              0.75    0.77   -0.02 (VIOLATED)
ANTENNA__23495__A0/DIODE                0.75    0.77   -0.02 (VIOLATED)
_26955_/A2_N                            0.75    0.77   -0.02 (VIOLATED)
ANTENNA__26955__A2_N/DIODE              0.75    0.77   -0.02 (VIOLATED)
_22931_/A0                              0.75    0.77   -0.02 (VIOLATED)
ANTENNA__22931__A0/DIODE                0.75    0.77   -0.02 (VIOLATED)
ANTENNA__21859__A0/DIODE                0.75    0.77   -0.02 (VIOLATED)
_21859_/A0                              0.75    0.77   -0.02 (VIOLATED)
_21274_/A1                              0.75    0.77   -0.02 (VIOLATED)
_23482_/A0                              0.75    0.77   -0.02 (VIOLATED)
ANTENNA__23482__A0/DIODE                0.75    0.77   -0.02 (VIOLATED)
_23275_/A0                              0.75    0.77   -0.02 (VIOLATED)
ANTENNA__21274__A1/DIODE                0.75    0.77   -0.02 (VIOLATED)
ANTENNA__23275__A0/DIODE                0.75    0.77   -0.02 (VIOLATED)
_25024_/A                               0.75    0.77   -0.02 (VIOLATED)
ANTENNA__25024__A/DIODE                 0.75    0.77   -0.02 (VIOLATED)
_21934_/A0                              0.75    0.77   -0.02 (VIOLATED)
_26576_/A2_N                            0.75    0.77   -0.02 (VIOLATED)
ANTENNA__21934__A0/DIODE                0.75    0.77   -0.02 (VIOLATED)
ANTENNA__26576__A2_N/DIODE              0.75    0.77   -0.02 (VIOLATED)
ANTENNA__23200__A0/DIODE                0.75    0.77   -0.02 (VIOLATED)
_23200_/A0                              0.75    0.77   -0.02 (VIOLATED)
ANTENNA__21590__A0/DIODE                0.75    0.77   -0.02 (VIOLATED)
_21590_/A0                              0.75    0.77   -0.02 (VIOLATED)
_23006_/A0                              0.75    0.77   -0.02 (VIOLATED)
_25023_/Y                               0.75    0.77   -0.02 (VIOLATED)
ANTENNA__23006__A0/DIODE                0.75    0.77   -0.02 (VIOLATED)
ANTENNA__22127__A0/DIODE                0.75    0.77   -0.02 (VIOLATED)
_22127_/A0                              0.75    0.77   -0.02 (VIOLATED)
_23212_/A0                              0.75    0.77   -0.02 (VIOLATED)
ANTENNA__23212__A0/DIODE                0.75    0.77   -0.02 (VIOLATED)
_21273_/X                               0.75    0.77   -0.02 (VIOLATED)
_22139_/A0                              0.75    0.77   -0.02 (VIOLATED)
ANTENNA__22139__A0/DIODE                0.75    0.77   -0.02 (VIOLATED)
_22469_/A1                              0.75    0.77   -0.02 (VIOLATED)
ANTENNA__22469__A1/DIODE                0.75    0.77   -0.02 (VIOLATED)
_21290_/A1                              0.75    0.77   -0.02 (VIOLATED)
ANTENNA__21290__A1/DIODE                0.75    0.77   -0.02 (VIOLATED)
_21602_/A0                              0.75    0.77   -0.02 (VIOLATED)
ANTENNA__21602__A0/DIODE                0.75    0.77   -0.02 (VIOLATED)
_21289_/X                               0.75    0.77   -0.02 (VIOLATED)
_22738_/A0                              0.75    0.77   -0.02 (VIOLATED)
ANTENNA__22738__A0/DIODE                0.75    0.77   -0.02 (VIOLATED)
_23558_/A0                              0.75    0.77   -0.02 (VIOLATED)
ANTENNA__23558__A0/DIODE                0.75    0.77   -0.02 (VIOLATED)
ANTENNA__22202__A0/DIODE                0.75    0.77   -0.02 (VIOLATED)
_22202_/A0                              0.75    0.77   -0.02 (VIOLATED)
_21376_/A1                              0.75    0.77   -0.02 (VIOLATED)
ANTENNA__21376__A1/DIODE                0.75    0.77   -0.02 (VIOLATED)
_21665_/A0                              0.75    0.77   -0.02 (VIOLATED)
ANTENNA__21665__A0/DIODE                0.75    0.77   -0.02 (VIOLATED)
_21375_/X                               0.75    0.77   -0.02 (VIOLATED)
ANTENNA__25170__B1/DIODE                0.75    0.77   -0.02 (VIOLATED)
_25170_/B1                              0.75    0.77   -0.02 (VIOLATED)
ANTENNA__26499__B1/DIODE                0.75    0.77   -0.02 (VIOLATED)
_26499_/B1                              0.75    0.77   -0.02 (VIOLATED)
_25863_/A                               0.75    0.77   -0.02 (VIOLATED)
ANTENNA__25863__A/DIODE                 0.75    0.77   -0.02 (VIOLATED)
ANTENNA__26014__B1/DIODE                0.75    0.77   -0.02 (VIOLATED)
_26014_/B1                              0.75    0.77   -0.02 (VIOLATED)
_27085_/B1                              0.75    0.76   -0.01 (VIOLATED)
ANTENNA__27085__B1/DIODE                0.75    0.76   -0.01 (VIOLATED)
_26706_/B1                              0.75    0.76   -0.01 (VIOLATED)
_26707_/B1                              0.75    0.76   -0.01 (VIOLATED)
ANTENNA__26706__B1/DIODE                0.75    0.76   -0.01 (VIOLATED)
ANTENNA__26707__B1/DIODE                0.75    0.76   -0.01 (VIOLATED)
_25153_/Y                               0.75    0.76   -0.01 (VIOLATED)
ANTENNA__22297__A1/DIODE                0.75    0.76   -0.01 (VIOLATED)
_22297_/A1                              0.75    0.76   -0.01 (VIOLATED)
ANTENNA__22834__A0/DIODE                0.75    0.76   -0.01 (VIOLATED)
_22834_/A0                              0.75    0.76   -0.01 (VIOLATED)
_21761_/A0                              0.75    0.76   -0.01 (VIOLATED)
ANTENNA__21761__A0/DIODE                0.75    0.76   -0.01 (VIOLATED)
_22566_/A0                              0.75    0.76   -0.01 (VIOLATED)
ANTENNA__22566__A0/DIODE                0.75    0.76   -0.01 (VIOLATED)
_21144_/A1                              0.75    0.76   -0.01 (VIOLATED)
ANTENNA__21144__A1/DIODE                0.75    0.76   -0.01 (VIOLATED)
ANTENNA__21493__A0/DIODE                0.75    0.76   -0.01 (VIOLATED)
_21493_/A0                              0.75    0.76   -0.01 (VIOLATED)
_23102_/A0                              0.75    0.76   -0.01 (VIOLATED)
ANTENNA__23102__A0/DIODE                0.75    0.76   -0.01 (VIOLATED)
_22030_/A0                              0.75    0.76   -0.01 (VIOLATED)
ANTENNA__22030__A0/DIODE                0.75    0.76   -0.01 (VIOLATED)
_23386_/A0                              0.75    0.76   -0.01 (VIOLATED)
ANTENNA__23386__A0/DIODE                0.75    0.76   -0.01 (VIOLATED)
_21143_/X                               0.75    0.76   -0.01 (VIOLATED)
_21745_/A0                              0.75    0.76   -0.01 (VIOLATED)
ANTENNA__21745__A0/DIODE                0.75    0.76   -0.01 (VIOLATED)
_22818_/A0                              0.75    0.76   -0.01 (VIOLATED)
ANTENNA__22818__A0/DIODE                0.75    0.76   -0.01 (VIOLATED)
_22282_/A1                              0.75    0.76   -0.01 (VIOLATED)
ANTENNA__22282__A1/DIODE                0.75    0.76   -0.01 (VIOLATED)
_23086_/A0                              0.75    0.76   -0.01 (VIOLATED)
ANTENNA__23086__A0/DIODE                0.75    0.76   -0.01 (VIOLATED)
_22550_/A0                              0.75    0.76   -0.01 (VIOLATED)
_22014_/A0                              0.75    0.76   -0.01 (VIOLATED)
ANTENNA__22014__A0/DIODE                0.75    0.76   -0.01 (VIOLATED)
ANTENNA__22550__A0/DIODE                0.75    0.76   -0.01 (VIOLATED)
_23370_/A0                              0.75    0.76   -0.01 (VIOLATED)
ANTENNA__23370__A0/DIODE                0.75    0.76   -0.01 (VIOLATED)
ANTENNA__21123__A1/DIODE                0.75    0.76   -0.01 (VIOLATED)
_21123_/A1                              0.75    0.76   -0.01 (VIOLATED)
_21477_/A0                              0.75    0.76   -0.01 (VIOLATED)
_23545_/A0                              0.75    0.76   -0.01 (VIOLATED)
ANTENNA__23545__A0/DIODE                0.75    0.76   -0.01 (VIOLATED)
ANTENNA__21477__A0/DIODE                0.75    0.76   -0.01 (VIOLATED)
_23263_/A0                              0.75    0.76   -0.01 (VIOLATED)
_21122_/X                               0.75    0.76   -0.01 (VIOLATED)
ANTENNA__23263__A0/DIODE                0.75    0.76   -0.01 (VIOLATED)
ANTENNA__21922__A0/DIODE                0.75    0.76   -0.01 (VIOLATED)
_21922_/A0                              0.75    0.76   -0.01 (VIOLATED)
_22994_/A0                              0.75    0.76   -0.01 (VIOLATED)
ANTENNA__22994__A0/DIODE                0.75    0.76   -0.01 (VIOLATED)
_21990_/A0                              0.75    0.76   -0.01 (VIOLATED)
ANTENNA__21990__A0/DIODE                0.75    0.76   -0.01 (VIOLATED)
_23062_/A0                              0.75    0.76   -0.01 (VIOLATED)
ANTENNA__23062__A0/DIODE                0.75    0.76   -0.01 (VIOLATED)
_22526_/A1                              0.75    0.75   -0.00 (VIOLATED)
ANTENNA__22526__A1/DIODE                0.75    0.75   -0.00 (VIOLATED)
_22457_/A1                              0.75    0.75   -0.00 (VIOLATED)
ANTENNA__22794__A0/DIODE                0.75    0.75   -0.00 (VIOLATED)
ANTENNA__22457__A1/DIODE                0.75    0.75   -0.00 (VIOLATED)
_22794_/A0                              0.75    0.75   -0.00 (VIOLATED)
ANTENNA__22726__A0/DIODE                0.75    0.75   -0.00 (VIOLATED)
_22726_/A0                              0.75    0.75   -0.00 (VIOLATED)
_21358_/A1                              0.75    0.75   -0.00 (VIOLATED)
ANTENNA__21358__A1/DIODE                0.75    0.75   -0.00 (VIOLATED)
_21653_/A0                              0.75    0.75   -0.00 (VIOLATED)
ANTENNA__21653__A0/DIODE                0.75    0.75   -0.00 (VIOLATED)
ANTENNA__21450__A1/DIODE                0.75    0.75   -0.00 (VIOLATED)
_21450_/A1                              0.75    0.75   -0.00 (VIOLATED)
ANTENNA__21721__A0/DIODE                0.75    0.75   -0.00 (VIOLATED)
_21721_/A0                              0.75    0.75   -0.00 (VIOLATED)
_22190_/A0                              0.75    0.75   -0.00 (VIOLATED)
ANTENNA__22190__A0/DIODE                0.75    0.75   -0.00 (VIOLATED)
_21357_/X                               0.75    0.75   -0.00 (VIOLATED)
_23331_/A0                              0.75    0.75   -0.00 (VIOLATED)
ANTENNA__23331__A0/DIODE                0.75    0.75   -0.00 (VIOLATED)
_23614_/A0                              0.75    0.75   -0.00 (VIOLATED)
ANTENNA__23614__A0/DIODE                0.75    0.75   -0.00 (VIOLATED)
_22258_/A0                              0.75    0.75   -0.00 (VIOLATED)
ANTENNA__22258__A0/DIODE                0.75    0.75   -0.00 (VIOLATED)
_21449_/X                               0.75    0.75   -0.00 (VIOLATED)
_25753_/A                               0.75    0.75   -0.00 (VIOLATED)
ANTENNA__25753__A/DIODE                 0.75    0.75   -0.00 (VIOLATED)
_26041_/B1                              0.75    0.75   -0.00 (VIOLATED)
ANTENNA__26041__B1/DIODE                0.75    0.75   -0.00 (VIOLATED)
ANTENNA__22373__A1/DIODE                0.75    0.75   -0.00 (VIOLATED)
_22373_/A1                              0.75    0.75   -0.00 (VIOLATED)
ANTENNA__27275__B1/DIODE                0.75    0.75   -0.00 (VIOLATED)
_27275_/B1                              0.75    0.75   -0.00 (VIOLATED)
_21569_/A0                              0.75    0.75   -0.00 (VIOLATED)
ANTENNA__21569__A0/DIODE                0.75    0.75   -0.00 (VIOLATED)
_22910_/A0                              0.75    0.75   -0.00 (VIOLATED)
ANTENNA__22910__A0/DIODE                0.75    0.75   -0.00 (VIOLATED)
_27102_/B1                              0.75    0.75   -0.00 (VIOLATED)
ANTENNA__27102__B1/DIODE                0.75    0.75   -0.00 (VIOLATED)
_27101_/B1                              0.75    0.75   -0.00 (VIOLATED)
ANTENNA__27101__B1/DIODE                0.75    0.75   -0.00 (VIOLATED)
ANTENNA__21248__A1/DIODE                0.75    0.75   -0.00 (VIOLATED)
_21248_/A1                              0.75    0.75   -0.00 (VIOLATED)
_26721_/B1                              0.75    0.75   -0.00 (VIOLATED)
_26722_/B1                              0.75    0.75   -0.00 (VIOLATED)
ANTENNA__26721__B1/DIODE                0.75    0.75   -0.00 (VIOLATED)
ANTENNA__26722__B1/DIODE                0.75    0.75   -0.00 (VIOLATED)
_25752_/Y                               0.75    0.75   -0.00 (VIOLATED)
ANTENNA__21838__A0/DIODE                0.75    0.75   -0.00 (VIOLATED)
_21838_/A0                              0.75    0.75   -0.00 (VIOLATED)
_23179_/A0                              0.75    0.75   -0.00 (VIOLATED)
ANTENNA__23179__A0/DIODE                0.75    0.75   -0.00 (VIOLATED)
_23461_/A0                              0.75    0.75   -0.00 (VIOLATED)
ANTENNA__23461__A0/DIODE                0.75    0.75   -0.00 (VIOLATED)
ANTENNA__22642__A0/DIODE                0.75    0.75   -0.00 (VIOLATED)
_22642_/A0                              0.75    0.75   -0.00 (VIOLATED)
_22562_/A0                              0.75    0.75   -0.00 (VIOLATED)
ANTENNA__22562__A0/DIODE                0.75    0.75   -0.00 (VIOLATED)
_22293_/A1                              0.75    0.75   -0.00 (VIOLATED)
ANTENNA__22293__A1/DIODE                0.75    0.75   -0.00 (VIOLATED)

max fanout

Pin                                   Limit Fanout  Slack
---------------------------------------------------------
clkbuf_5_23__f_clk/X                     10     44    -34 (VIOLATED)
clkbuf_5_15__f_clk/X                     10     34    -24 (VIOLATED)
clkbuf_5_26__f_clk/X                     10     34    -24 (VIOLATED)
clkbuf_5_22__f_clk/X                     10     32    -22 (VIOLATED)
clkbuf_5_27__f_clk/X                     10     32    -22 (VIOLATED)
clkbuf_5_24__f_clk/X                     10     30    -20 (VIOLATED)
clkbuf_5_30__f_clk/X                     10     30    -20 (VIOLATED)
clkbuf_5_1__f_clk/X                      10     24    -14 (VIOLATED)
_25745_/X                                10     21    -11 (VIOLATED)
_25949_/X                                10     21    -11 (VIOLATED)
_26145_/X                                10     21    -11 (VIOLATED)
_19795_/X                                10     20    -10 (VIOLATED)
_19796_/X                                10     20    -10 (VIOLATED)
_19799_/X                                10     20    -10 (VIOLATED)
_19834_/X                                10     20    -10 (VIOLATED)
_19892_/X                                10     20    -10 (VIOLATED)
_19893_/X                                10     20    -10 (VIOLATED)
_19992_/X                                10     20    -10 (VIOLATED)
_20036_/X                                10     20    -10 (VIOLATED)
_20094_/X                                10     20    -10 (VIOLATED)
_20136_/X                                10     20    -10 (VIOLATED)
_20201_/X                                10     20    -10 (VIOLATED)
_20374_/X                                10     20    -10 (VIOLATED)
_20415_/X                                10     20    -10 (VIOLATED)
_20518_/X                                10     20    -10 (VIOLATED)
_20744_/X                                10     20    -10 (VIOLATED)
_20800_/X                                10     20    -10 (VIOLATED)
_20895_/X                                10     20    -10 (VIOLATED)
_21064_/X                                10     20    -10 (VIOLATED)
_21080_/X                                10     20    -10 (VIOLATED)
_21086_/X                                10     20    -10 (VIOLATED)
_21102_/X                                10     20    -10 (VIOLATED)
_21106_/X                                10     20    -10 (VIOLATED)
_21146_/X                                10     20    -10 (VIOLATED)
_21159_/X                                10     20    -10 (VIOLATED)
_21217_/X                                10     20    -10 (VIOLATED)
_21545_/X                                10     20    -10 (VIOLATED)
_22166_/X                                10     20    -10 (VIOLATED)
_22284_/X                                10     20    -10 (VIOLATED)
_22305_/X                                10     20    -10 (VIOLATED)
_22347_/X                                10     20    -10 (VIOLATED)
_22389_/X                                10     20    -10 (VIOLATED)
_22431_/X                                10     20    -10 (VIOLATED)
_22494_/X                                10     20    -10 (VIOLATED)
_22660_/X                                10     20    -10 (VIOLATED)
_23380_/X                                10     20    -10 (VIOLATED)
_23905_/X                                10     20    -10 (VIOLATED)
_23906_/X                                10     20    -10 (VIOLATED)
_23907_/X                                10     20    -10 (VIOLATED)
_23912_/X                                10     20    -10 (VIOLATED)
_23913_/X                                10     20    -10 (VIOLATED)
_23953_/X                                10     20    -10 (VIOLATED)
_24017_/X                                10     20    -10 (VIOLATED)
_24233_/X                                10     20    -10 (VIOLATED)
_24527_/X                                10     20    -10 (VIOLATED)
_24556_/X                                10     20    -10 (VIOLATED)
_24614_/X                                10     20    -10 (VIOLATED)
_24618_/X                                10     20    -10 (VIOLATED)
_24619_/X                                10     20    -10 (VIOLATED)
_24622_/X                                10     20    -10 (VIOLATED)
_24623_/X                                10     20    -10 (VIOLATED)
_24626_/X                                10     20    -10 (VIOLATED)
_24631_/X                                10     20    -10 (VIOLATED)
_24633_/X                                10     20    -10 (VIOLATED)
_24638_/X                                10     20    -10 (VIOLATED)
_24643_/X                                10     20    -10 (VIOLATED)
_24647_/X                                10     20    -10 (VIOLATED)
_24676_/X                                10     20    -10 (VIOLATED)
_24677_/X                                10     20    -10 (VIOLATED)
_24678_/X                                10     20    -10 (VIOLATED)
_24681_/X                                10     20    -10 (VIOLATED)
_24682_/X                                10     20    -10 (VIOLATED)
_24688_/X                                10     20    -10 (VIOLATED)
_24691_/X                                10     20    -10 (VIOLATED)
_24693_/X                                10     20    -10 (VIOLATED)
_24696_/X                                10     20    -10 (VIOLATED)
_24698_/X                                10     20    -10 (VIOLATED)
_24700_/X                                10     20    -10 (VIOLATED)
_24702_/X                                10     20    -10 (VIOLATED)
_24706_/X                                10     20    -10 (VIOLATED)
_24708_/X                                10     20    -10 (VIOLATED)
_24711_/X                                10     20    -10 (VIOLATED)
_24713_/X                                10     20    -10 (VIOLATED)
_24714_/X                                10     20    -10 (VIOLATED)
_24716_/X                                10     20    -10 (VIOLATED)
_24717_/X                                10     20    -10 (VIOLATED)
_24721_/X                                10     20    -10 (VIOLATED)
_24728_/X                                10     20    -10 (VIOLATED)
_24733_/X                                10     20    -10 (VIOLATED)
_24734_/X                                10     20    -10 (VIOLATED)
_24736_/X                                10     20    -10 (VIOLATED)
_24738_/X                                10     20    -10 (VIOLATED)
_24740_/X                                10     20    -10 (VIOLATED)
_24744_/X                                10     20    -10 (VIOLATED)
_24747_/X                                10     20    -10 (VIOLATED)
_24753_/X                                10     20    -10 (VIOLATED)
_24755_/X                                10     20    -10 (VIOLATED)
_24757_/X                                10     20    -10 (VIOLATED)
_24761_/X                                10     20    -10 (VIOLATED)
_24762_/X                                10     20    -10 (VIOLATED)
_24766_/X                                10     20    -10 (VIOLATED)
_24768_/X                                10     20    -10 (VIOLATED)
_24772_/X                                10     20    -10 (VIOLATED)
_24782_/X                                10     20    -10 (VIOLATED)
_24790_/X                                10     20    -10 (VIOLATED)
_24796_/X                                10     20    -10 (VIOLATED)
_24805_/X                                10     20    -10 (VIOLATED)
_24807_/X                                10     20    -10 (VIOLATED)
_24810_/X                                10     20    -10 (VIOLATED)
_24812_/X                                10     20    -10 (VIOLATED)
_24817_/X                                10     20    -10 (VIOLATED)
_24818_/X                                10     20    -10 (VIOLATED)
_24821_/X                                10     20    -10 (VIOLATED)
_24823_/X                                10     20    -10 (VIOLATED)
_24828_/X                                10     20    -10 (VIOLATED)
_24832_/X                                10     20    -10 (VIOLATED)
_24834_/X                                10     20    -10 (VIOLATED)
_24836_/X                                10     20    -10 (VIOLATED)
_24837_/X                                10     20    -10 (VIOLATED)
_24839_/X                                10     20    -10 (VIOLATED)
_24840_/X                                10     20    -10 (VIOLATED)
_24842_/X                                10     20    -10 (VIOLATED)
_24846_/X                                10     20    -10 (VIOLATED)
_24848_/X                                10     20    -10 (VIOLATED)
_24849_/X                                10     20    -10 (VIOLATED)
_24851_/X                                10     20    -10 (VIOLATED)
_24853_/X                                10     20    -10 (VIOLATED)
_24858_/X                                10     20    -10 (VIOLATED)
_24867_/X                                10     20    -10 (VIOLATED)
_24869_/X                                10     20    -10 (VIOLATED)
_24871_/X                                10     20    -10 (VIOLATED)
_24872_/X                                10     20    -10 (VIOLATED)
_24874_/X                                10     20    -10 (VIOLATED)
_24875_/X                                10     20    -10 (VIOLATED)
_24877_/X                                10     20    -10 (VIOLATED)
_24878_/X                                10     20    -10 (VIOLATED)
_24880_/X                                10     20    -10 (VIOLATED)
_24884_/X                                10     20    -10 (VIOLATED)
_24894_/X                                10     20    -10 (VIOLATED)
_24895_/X                                10     20    -10 (VIOLATED)
_24897_/X                                10     20    -10 (VIOLATED)
_24898_/X                                10     20    -10 (VIOLATED)
_24899_/X                                10     20    -10 (VIOLATED)
_24901_/X                                10     20    -10 (VIOLATED)
_24902_/X                                10     20    -10 (VIOLATED)
_24903_/X                                10     20    -10 (VIOLATED)
_24909_/X                                10     20    -10 (VIOLATED)
_24916_/X                                10     20    -10 (VIOLATED)
_24921_/X                                10     20    -10 (VIOLATED)
_24933_/X                                10     20    -10 (VIOLATED)
_24938_/X                                10     20    -10 (VIOLATED)
_24939_/X                                10     20    -10 (VIOLATED)
_24948_/X                                10     20    -10 (VIOLATED)
_24957_/X                                10     20    -10 (VIOLATED)
_24967_/X                                10     20    -10 (VIOLATED)
_24976_/X                                10     20    -10 (VIOLATED)
_24985_/X                                10     20    -10 (VIOLATED)
_24993_/X                                10     20    -10 (VIOLATED)
_24998_/X                                10     20    -10 (VIOLATED)
_25006_/X                                10     20    -10 (VIOLATED)
_25015_/X                                10     20    -10 (VIOLATED)
_25024_/X                                10     20    -10 (VIOLATED)
_25032_/X                                10     20    -10 (VIOLATED)
_25036_/X                                10     20    -10 (VIOLATED)
_25043_/X                                10     20    -10 (VIOLATED)
_25052_/X                                10     20    -10 (VIOLATED)
_25113_/X                                10     20    -10 (VIOLATED)
_25130_/X                                10     20    -10 (VIOLATED)
_25161_/Y                                10     20    -10 (VIOLATED)
_25180_/X                                10     20    -10 (VIOLATED)
_25191_/X                                10     20    -10 (VIOLATED)
_25200_/X                                10     20    -10 (VIOLATED)
_25208_/X                                10     20    -10 (VIOLATED)
_25218_/X                                10     20    -10 (VIOLATED)
_25227_/X                                10     20    -10 (VIOLATED)
_25236_/X                                10     20    -10 (VIOLATED)
_25244_/X                                10     20    -10 (VIOLATED)
_25271_/X                                10     20    -10 (VIOLATED)
_25296_/X                                10     20    -10 (VIOLATED)
_25304_/X                                10     20    -10 (VIOLATED)
_25314_/X                                10     20    -10 (VIOLATED)
_25323_/X                                10     20    -10 (VIOLATED)
_25332_/X                                10     20    -10 (VIOLATED)
_25410_/X                                10     20    -10 (VIOLATED)
_25418_/X                                10     20    -10 (VIOLATED)
_25444_/X                                10     20    -10 (VIOLATED)
_25453_/X                                10     20    -10 (VIOLATED)
_25461_/X                                10     20    -10 (VIOLATED)
_25472_/X                                10     20    -10 (VIOLATED)
_25480_/X                                10     20    -10 (VIOLATED)
_25488_/X                                10     20    -10 (VIOLATED)
_25498_/X                                10     20    -10 (VIOLATED)
_25507_/X                                10     20    -10 (VIOLATED)
_25516_/X                                10     20    -10 (VIOLATED)
_25537_/X                                10     20    -10 (VIOLATED)
_25545_/X                                10     20    -10 (VIOLATED)
_25554_/X                                10     20    -10 (VIOLATED)
_25557_/X                                10     20    -10 (VIOLATED)
_25566_/X                                10     20    -10 (VIOLATED)
_25577_/X                                10     20    -10 (VIOLATED)
_25586_/X                                10     20    -10 (VIOLATED)
_25596_/X                                10     20    -10 (VIOLATED)
_25597_/X                                10     20    -10 (VIOLATED)
_25607_/X                                10     20    -10 (VIOLATED)
_25615_/X                                10     20    -10 (VIOLATED)
_25623_/X                                10     20    -10 (VIOLATED)
_25632_/X                                10     20    -10 (VIOLATED)
_25641_/X                                10     20    -10 (VIOLATED)
_25651_/X                                10     20    -10 (VIOLATED)
_25660_/X                                10     20    -10 (VIOLATED)
_25668_/X                                10     20    -10 (VIOLATED)
_25671_/X                                10     20    -10 (VIOLATED)
_25684_/X                                10     20    -10 (VIOLATED)
_25692_/X                                10     20    -10 (VIOLATED)
_25700_/X                                10     20    -10 (VIOLATED)
_25710_/X                                10     20    -10 (VIOLATED)
_25718_/X                                10     20    -10 (VIOLATED)
_25736_/X                                10     20    -10 (VIOLATED)
_25744_/X                                10     20    -10 (VIOLATED)
_25753_/X                                10     20    -10 (VIOLATED)
_25763_/X                                10     20    -10 (VIOLATED)
_25767_/X                                10     20    -10 (VIOLATED)
_25775_/X                                10     20    -10 (VIOLATED)
_25776_/X                                10     20    -10 (VIOLATED)
_25787_/X                                10     20    -10 (VIOLATED)
_25798_/X                                10     20    -10 (VIOLATED)
_25806_/X                                10     20    -10 (VIOLATED)
_25807_/X                                10     20    -10 (VIOLATED)
_25818_/X                                10     20    -10 (VIOLATED)
_25832_/X                                10     20    -10 (VIOLATED)
_25842_/X                                10     20    -10 (VIOLATED)
_25844_/X                                10     20    -10 (VIOLATED)
_25847_/X                                10     20    -10 (VIOLATED)
_25856_/X                                10     20    -10 (VIOLATED)
_25862_/X                                10     20    -10 (VIOLATED)
_25863_/X                                10     20    -10 (VIOLATED)
_25873_/X                                10     20    -10 (VIOLATED)
_25875_/X                                10     20    -10 (VIOLATED)
_25879_/X                                10     20    -10 (VIOLATED)
_25882_/X                                10     20    -10 (VIOLATED)
_25883_/X                                10     20    -10 (VIOLATED)
_25884_/X                                10     20    -10 (VIOLATED)
_25906_/X                                10     20    -10 (VIOLATED)
_25911_/X                                10     20    -10 (VIOLATED)
_25912_/X                                10     20    -10 (VIOLATED)
_25922_/X                                10     20    -10 (VIOLATED)
_25931_/X                                10     20    -10 (VIOLATED)
_25936_/X                                10     20    -10 (VIOLATED)
_25937_/X                                10     20    -10 (VIOLATED)
_25938_/X                                10     20    -10 (VIOLATED)
_25952_/X                                10     20    -10 (VIOLATED)
_25964_/X                                10     20    -10 (VIOLATED)
_25979_/X                                10     20    -10 (VIOLATED)
_25985_/X                                10     20    -10 (VIOLATED)
_25990_/X                                10     20    -10 (VIOLATED)
_26087_/X                                10     20    -10 (VIOLATED)
_26123_/X                                10     20    -10 (VIOLATED)
_26156_/X                                10     20    -10 (VIOLATED)
_26158_/X                                10     20    -10 (VIOLATED)
_26175_/X                                10     20    -10 (VIOLATED)
_26185_/X                                10     20    -10 (VIOLATED)
_26217_/X                                10     20    -10 (VIOLATED)
_26247_/X                                10     20    -10 (VIOLATED)
_26252_/X                                10     20    -10 (VIOLATED)
_26264_/X                                10     20    -10 (VIOLATED)
_26279_/X                                10     20    -10 (VIOLATED)
_26291_/X                                10     20    -10 (VIOLATED)
_26302_/X                                10     20    -10 (VIOLATED)
_26308_/X                                10     20    -10 (VIOLATED)
_26316_/X                                10     20    -10 (VIOLATED)
_26335_/X                                10     20    -10 (VIOLATED)
_26337_/X                                10     20    -10 (VIOLATED)
_26357_/X                                10     20    -10 (VIOLATED)
_26358_/X                                10     20    -10 (VIOLATED)
_26450_/X                                10     20    -10 (VIOLATED)
_26454_/X                                10     20    -10 (VIOLATED)
_26482_/X                                10     20    -10 (VIOLATED)
_26747_/X                                10     20    -10 (VIOLATED)
_26786_/X                                10     20    -10 (VIOLATED)
_26798_/X                                10     20    -10 (VIOLATED)
_26957_/X                                10     20    -10 (VIOLATED)
_26958_/X                                10     20    -10 (VIOLATED)
_27049_/X                                10     20    -10 (VIOLATED)
_27057_/X                                10     20    -10 (VIOLATED)
_27090_/X                                10     20    -10 (VIOLATED)
_27135_/X                                10     20    -10 (VIOLATED)
_27185_/X                                10     20    -10 (VIOLATED)
_27216_/X                                10     20    -10 (VIOLATED)
_27226_/X                                10     20    -10 (VIOLATED)
_27314_/X                                10     20    -10 (VIOLATED)
_27366_/X                                10     20    -10 (VIOLATED)
_27407_/Y                                10     20    -10 (VIOLATED)
_27473_/X                                10     20    -10 (VIOLATED)
_27608_/X                                10     20    -10 (VIOLATED)
_27609_/X                                10     20    -10 (VIOLATED)
_27611_/X                                10     20    -10 (VIOLATED)
_27631_/X                                10     20    -10 (VIOLATED)
_27632_/X                                10     20    -10 (VIOLATED)
_27635_/X                                10     20    -10 (VIOLATED)
_27950_/X                                10     20    -10 (VIOLATED)
_27955_/X                                10     20    -10 (VIOLATED)
_27960_/X                                10     20    -10 (VIOLATED)
_27965_/X                                10     20    -10 (VIOLATED)
_27971_/X                                10     20    -10 (VIOLATED)
_27976_/X                                10     20    -10 (VIOLATED)
_27981_/X                                10     20    -10 (VIOLATED)
_27987_/X                                10     20    -10 (VIOLATED)
_28008_/X                                10     20    -10 (VIOLATED)
_28135_/X                                10     20    -10 (VIOLATED)
_28276_/X                                10     20    -10 (VIOLATED)
_28319_/X                                10     20    -10 (VIOLATED)
_28340_/X                                10     20    -10 (VIOLATED)
_28403_/X                                10     20    -10 (VIOLATED)
_28466_/X                                10     20    -10 (VIOLATED)
_28544_/X                                10     20    -10 (VIOLATED)
_28587_/X                                10     20    -10 (VIOLATED)
_28608_/X                                10     20    -10 (VIOLATED)
_28650_/X                                10     20    -10 (VIOLATED)
_28671_/X                                10     20    -10 (VIOLATED)
_28734_/X                                10     20    -10 (VIOLATED)
_28812_/X                                10     20    -10 (VIOLATED)
_28855_/X                                10     20    -10 (VIOLATED)
_28876_/X                                10     20    -10 (VIOLATED)
_28918_/X                                10     20    -10 (VIOLATED)
_28939_/X                                10     20    -10 (VIOLATED)
_29002_/X                                10     20    -10 (VIOLATED)
_29080_/X                                10     20    -10 (VIOLATED)
_29123_/X                                10     20    -10 (VIOLATED)
_29144_/X                                10     20    -10 (VIOLATED)
_29207_/X                                10     20    -10 (VIOLATED)
_29270_/X                                10     20    -10 (VIOLATED)
_29348_/X                                10     20    -10 (VIOLATED)
_29391_/X                                10     20    -10 (VIOLATED)
_29412_/X                                10     20    -10 (VIOLATED)
_29475_/X                                10     20    -10 (VIOLATED)
_29538_/X                                10     20    -10 (VIOLATED)
_29616_/X                                10     20    -10 (VIOLATED)
_29659_/X                                10     20    -10 (VIOLATED)
_29680_/X                                10     20    -10 (VIOLATED)
_29743_/X                                10     20    -10 (VIOLATED)
_29806_/X                                10     20    -10 (VIOLATED)
_30047_/X                                10     20    -10 (VIOLATED)
_30055_/X                                10     20    -10 (VIOLATED)
_30066_/X                                10     20    -10 (VIOLATED)
_30109_/X                                10     20    -10 (VIOLATED)
_30362_/X                                10     20    -10 (VIOLATED)
_30365_/X                                10     20    -10 (VIOLATED)
_30598_/X                                10     20    -10 (VIOLATED)
_30641_/X                                10     20    -10 (VIOLATED)
_30662_/X                                10     20    -10 (VIOLATED)
_30704_/X                                10     20    -10 (VIOLATED)
_30725_/X                                10     20    -10 (VIOLATED)
_30788_/X                                10     20    -10 (VIOLATED)
_30989_/X                                10     20    -10 (VIOLATED)
_30993_/X                                10     20    -10 (VIOLATED)
_31072_/X                                10     20    -10 (VIOLATED)
_31074_/X                                10     20    -10 (VIOLATED)
_31228_/X                                10     20    -10 (VIOLATED)
_31343_/X                                10     20    -10 (VIOLATED)
_31516_/X                                10     20    -10 (VIOLATED)
_31734_/X                                10     20    -10 (VIOLATED)
_32393_/X                                10     20    -10 (VIOLATED)
_32447_/X                                10     20    -10 (VIOLATED)
_32449_/X                                10     20    -10 (VIOLATED)
_32661_/X                                10     20    -10 (VIOLATED)
_32822_/X                                10     20    -10 (VIOLATED)
_32830_/X                                10     20    -10 (VIOLATED)
_33043_/X                                10     20    -10 (VIOLATED)
_33044_/X                                10     20    -10 (VIOLATED)
_33203_/X                                10     20    -10 (VIOLATED)
_33243_/X                                10     20    -10 (VIOLATED)
_33272_/X                                10     20    -10 (VIOLATED)
_33340_/X                                10     20    -10 (VIOLATED)
_34533_/X                                10     20    -10 (VIOLATED)
_35418_/X                                10     20    -10 (VIOLATED)
_37036_/X                                10     20    -10 (VIOLATED)
fanout100/X                              10     20    -10 (VIOLATED)
fanout101/X                              10     20    -10 (VIOLATED)
_21098_/X                                10     19     -9 (VIOLATED)
_21133_/X                                10     19     -9 (VIOLATED)
_21180_/X                                10     19     -9 (VIOLATED)
_21292_/X                                10     19     -9 (VIOLATED)
_21336_/X                                10     19     -9 (VIOLATED)
_32529_/Y                                10     19     -9 (VIOLATED)
_40663_/Q                                10     19     -9 (VIOLATED)
_21103_/X                                10     18     -8 (VIOLATED)
_21107_/X                                10     18     -8 (VIOLATED)
_21110_/X                                10     18     -8 (VIOLATED)
_21114_/X                                10     18     -8 (VIOLATED)
_21119_/X                                10     18     -8 (VIOLATED)
_21122_/X                                10     18     -8 (VIOLATED)
_21136_/X                                10     18     -8 (VIOLATED)
_21140_/X                                10     18     -8 (VIOLATED)
_21143_/X                                10     18     -8 (VIOLATED)
_21147_/X                                10     18     -8 (VIOLATED)
_21150_/X                                10     18     -8 (VIOLATED)
_21153_/X                                10     18     -8 (VIOLATED)
_21156_/X                                10     18     -8 (VIOLATED)
_21162_/X                                10     18     -8 (VIOLATED)
_21165_/X                                10     18     -8 (VIOLATED)
_21168_/X                                10     18     -8 (VIOLATED)
_21171_/X                                10     18     -8 (VIOLATED)
_21174_/X                                10     18     -8 (VIOLATED)
_21177_/X                                10     18     -8 (VIOLATED)
_21183_/X                                10     18     -8 (VIOLATED)
_21186_/X                                10     18     -8 (VIOLATED)
_21189_/X                                10     18     -8 (VIOLATED)
_21193_/X                                10     18     -8 (VIOLATED)
_21202_/X                                10     18     -8 (VIOLATED)
_21205_/X                                10     18     -8 (VIOLATED)
_21208_/X                                10     18     -8 (VIOLATED)
_21211_/X                                10     18     -8 (VIOLATED)
_21214_/X                                10     18     -8 (VIOLATED)
_21222_/X                                10     18     -8 (VIOLATED)
_21225_/X                                10     18     -8 (VIOLATED)
_21228_/X                                10     18     -8 (VIOLATED)
_21237_/X                                10     18     -8 (VIOLATED)
_21240_/X                                10     18     -8 (VIOLATED)
_21243_/X                                10     18     -8 (VIOLATED)
_21247_/X                                10     18     -8 (VIOLATED)
_21254_/X                                10     18     -8 (VIOLATED)
_21257_/X                                10     18     -8 (VIOLATED)
_21264_/X                                10     18     -8 (VIOLATED)
_21269_/X                                10     18     -8 (VIOLATED)
_21273_/X                                10     18     -8 (VIOLATED)
_21280_/X                                10     18     -8 (VIOLATED)
_21283_/X                                10     18     -8 (VIOLATED)
_21286_/X                                10     18     -8 (VIOLATED)
_21289_/X                                10     18     -8 (VIOLATED)
_21297_/X                                10     18     -8 (VIOLATED)
_21303_/X                                10     18     -8 (VIOLATED)
_21306_/X                                10     18     -8 (VIOLATED)
_21311_/X                                10     18     -8 (VIOLATED)
_21316_/X                                10     18     -8 (VIOLATED)
_21319_/X                                10     18     -8 (VIOLATED)
_21322_/X                                10     18     -8 (VIOLATED)
_21330_/X                                10     18     -8 (VIOLATED)
_21333_/X                                10     18     -8 (VIOLATED)
_21339_/X                                10     18     -8 (VIOLATED)
_21342_/X                                10     18     -8 (VIOLATED)
_21345_/X                                10     18     -8 (VIOLATED)
_21350_/X                                10     18     -8 (VIOLATED)
_21353_/X                                10     18     -8 (VIOLATED)
_21357_/X                                10     18     -8 (VIOLATED)
_21360_/X                                10     18     -8 (VIOLATED)
_21363_/X                                10     18     -8 (VIOLATED)
_21366_/X                                10     18     -8 (VIOLATED)
_21369_/X                                10     18     -8 (VIOLATED)
_21372_/X                                10     18     -8 (VIOLATED)
_21375_/X                                10     18     -8 (VIOLATED)
_21378_/X                                10     18     -8 (VIOLATED)
_21383_/X                                10     18     -8 (VIOLATED)
_21387_/X                                10     18     -8 (VIOLATED)
_21390_/X                                10     18     -8 (VIOLATED)
_21393_/X                                10     18     -8 (VIOLATED)
_21396_/X                                10     18     -8 (VIOLATED)
_21399_/X                                10     18     -8 (VIOLATED)
_21402_/X                                10     18     -8 (VIOLATED)
_21407_/X                                10     18     -8 (VIOLATED)
_21410_/X                                10     18     -8 (VIOLATED)
_21418_/X                                10     18     -8 (VIOLATED)
_21423_/X                                10     18     -8 (VIOLATED)
_21426_/X                                10     18     -8 (VIOLATED)
_21429_/X                                10     18     -8 (VIOLATED)
_21434_/X                                10     18     -8 (VIOLATED)
_21444_/X                                10     18     -8 (VIOLATED)
_21449_/X                                10     18     -8 (VIOLATED)
_21452_/X                                10     18     -8 (VIOLATED)
_21455_/X                                10     18     -8 (VIOLATED)
_21460_/X                                10     18     -8 (VIOLATED)
_30355_/X                                10     18     -8 (VIOLATED)
_34973_/X                                10     18     -8 (VIOLATED)
_39441_/Q                                10     18     -8 (VIOLATED)
_40584_/Q                                10     18     -8 (VIOLATED)
_40585_/Q                                10     18     -8 (VIOLATED)
_40586_/Q                                10     18     -8 (VIOLATED)
_40590_/Q                                10     18     -8 (VIOLATED)
_40591_/Q                                10     18     -8 (VIOLATED)
_40592_/Q                                10     18     -8 (VIOLATED)
_40593_/Q                                10     18     -8 (VIOLATED)
_40594_/Q                                10     18     -8 (VIOLATED)
_40595_/Q                                10     18     -8 (VIOLATED)
_40596_/Q                                10     18     -8 (VIOLATED)
_40597_/Q                                10     18     -8 (VIOLATED)
_40598_/Q                                10     18     -8 (VIOLATED)
_40599_/Q                                10     18     -8 (VIOLATED)
_40610_/Q                                10     18     -8 (VIOLATED)
_40611_/Q                                10     18     -8 (VIOLATED)
_40612_/Q                                10     18     -8 (VIOLATED)
_40613_/Q                                10     18     -8 (VIOLATED)
_40614_/Q                                10     18     -8 (VIOLATED)
_40615_/Q                                10     18     -8 (VIOLATED)
_40616_/Q                                10     18     -8 (VIOLATED)
_40617_/Q                                10     18     -8 (VIOLATED)
_40618_/Q                                10     18     -8 (VIOLATED)
_40619_/Q                                10     18     -8 (VIOLATED)
_40624_/Q                                10     18     -8 (VIOLATED)
_40630_/Q                                10     18     -8 (VIOLATED)
_40631_/Q                                10     18     -8 (VIOLATED)
_40632_/Q                                10     18     -8 (VIOLATED)
_40633_/Q                                10     18     -8 (VIOLATED)
_40634_/Q                                10     18     -8 (VIOLATED)
_40638_/Q                                10     18     -8 (VIOLATED)
_40660_/Q                                10     18     -8 (VIOLATED)
_40661_/Q                                10     18     -8 (VIOLATED)
_40662_/Q                                10     18     -8 (VIOLATED)
_40664_/Q                                10     18     -8 (VIOLATED)
_40665_/Q                                10     18     -8 (VIOLATED)
_40666_/Q                                10     18     -8 (VIOLATED)
_40667_/Q                                10     18     -8 (VIOLATED)
_40668_/Q                                10     18     -8 (VIOLATED)
_40669_/Q                                10     18     -8 (VIOLATED)
_40681_/Q                                10     18     -8 (VIOLATED)
_40682_/Q                                10     18     -8 (VIOLATED)
_40700_/Q                                10     18     -8 (VIOLATED)
_40701_/Q                                10     18     -8 (VIOLATED)
_40702_/Q                                10     18     -8 (VIOLATED)
_40703_/Q                                10     18     -8 (VIOLATED)
_40704_/Q                                10     18     -8 (VIOLATED)
_40705_/Q                                10     18     -8 (VIOLATED)
_40706_/Q                                10     18     -8 (VIOLATED)
_40707_/Q                                10     18     -8 (VIOLATED)
_40708_/Q                                10     18     -8 (VIOLATED)
_42712_/Q                                10     18     -8 (VIOLATED)
clkbuf_5_12__f_clk/X                     10     18     -8 (VIOLATED)
clkbuf_5_19__f_clk/X                     10     18     -8 (VIOLATED)
clkbuf_5_16__f_clk/X                     10     17     -7 (VIOLATED)
clkbuf_5_18__f_clk/X                     10     17     -7 (VIOLATED)
clkbuf_5_20__f_clk/X                     10     17     -7 (VIOLATED)
_25138_/Y                                10     16     -6 (VIOLATED)
_26183_/X                                10     16     -6 (VIOLATED)
_27310_/Y                                10     16     -6 (VIOLATED)
_30992_/X                                10     16     -6 (VIOLATED)
clkbuf_2_0_0_clk/X                       10     16     -6 (VIOLATED)
clkbuf_2_1_0_clk/X                       10     16     -6 (VIOLATED)
clkbuf_2_2_0_clk/X                       10     16     -6 (VIOLATED)
clkbuf_2_3_0_clk/X                       10     16     -6 (VIOLATED)
clkbuf_5_0__f_clk/X                      10     16     -6 (VIOLATED)
clkbuf_leaf_355_clk/X                    10     16     -6 (VIOLATED)
clkbuf_leaf_54_clk/X                     10     16     -6 (VIOLATED)
fanout127/X                              10     16     -6 (VIOLATED)
fanout156/X                              10     16     -6 (VIOLATED)
fanout363/X                              10     16     -6 (VIOLATED)
fanout414/X                              10     16     -6 (VIOLATED)
max_cap64/X                              10     16     -6 (VIOLATED)
wire37/X                                 10     16     -6 (VIOLATED)
wire48/X                                 10     16     -6 (VIOLATED)
wire50/X                                 10     16     -6 (VIOLATED)
clkbuf_leaf_119_clk/X                    10     15     -5 (VIOLATED)
clkbuf_leaf_123_clk/X                    10     15     -5 (VIOLATED)
clkbuf_leaf_220_clk/X                    10     15     -5 (VIOLATED)
_24655_/Y                                10     14     -4 (VIOLATED)
_24705_/Y                                10     14     -4 (VIOLATED)
_24727_/Y                                10     14     -4 (VIOLATED)
_24743_/Y                                10     14     -4 (VIOLATED)
_24760_/Y                                10     14     -4 (VIOLATED)
_24893_/Y                                10     14     -4 (VIOLATED)
_24956_/Y                                10     14     -4 (VIOLATED)
_25005_/Y                                10     14     -4 (VIOLATED)
_25023_/Y                                10     14     -4 (VIOLATED)
_25105_/X                                10     14     -4 (VIOLATED)
_25111_/X                                10     14     -4 (VIOLATED)
_25153_/Y                                10     14     -4 (VIOLATED)
_25190_/Y                                10     14     -4 (VIOLATED)
_25226_/Y                                10     14     -4 (VIOLATED)
_25243_/Y                                10     14     -4 (VIOLATED)
_25285_/Y                                10     14     -4 (VIOLATED)
_25392_/Y                                10     14     -4 (VIOLATED)
_25417_/Y                                10     14     -4 (VIOLATED)
_25487_/Y                                10     14     -4 (VIOLATED)
_25544_/Y                                10     14     -4 (VIOLATED)
_25614_/Y                                10     14     -4 (VIOLATED)
_25682_/X                                10     14     -4 (VIOLATED)
_25735_/Y                                10     14     -4 (VIOLATED)
_25752_/Y                                10     14     -4 (VIOLATED)
_25762_/Y                                10     14     -4 (VIOLATED)
_25774_/Y                                10     14     -4 (VIOLATED)
_25816_/Y                                10     14     -4 (VIOLATED)
_25831_/Y                                10     14     -4 (VIOLATED)
_25841_/Y                                10     14     -4 (VIOLATED)
_25855_/Y                                10     14     -4 (VIOLATED)
_25905_/Y                                10     14     -4 (VIOLATED)
_27302_/X                                10     14     -4 (VIOLATED)
_27914_/X                                10     14     -4 (VIOLATED)
_29967_/X                                10     14     -4 (VIOLATED)
clkbuf_5_13__f_clk/X                     10     14     -4 (VIOLATED)
clkbuf_5_17__f_clk/X                     10     14     -4 (VIOLATED)
clkbuf_5_25__f_clk/X                     10     14     -4 (VIOLATED)
clkbuf_5_28__f_clk/X                     10     14     -4 (VIOLATED)
clkbuf_5_29__f_clk/X                     10     14     -4 (VIOLATED)
clkbuf_5_31__f_clk/X                     10     14     -4 (VIOLATED)
clkbuf_5_9__f_clk/X                      10     14     -4 (VIOLATED)
clkbuf_leaf_279_clk/X                    10     14     -4 (VIOLATED)
clkbuf_leaf_339_clk/X                    10     14     -4 (VIOLATED)
clkbuf_leaf_370_clk/X                    10     14     -4 (VIOLATED)
clkbuf_leaf_5_clk/X                      10     14     -4 (VIOLATED)
fanout207/X                              10     14     -4 (VIOLATED)
fanout233/X                              10     14     -4 (VIOLATED)
fanout248/X                              10     14     -4 (VIOLATED)
fanout297/X                              10     14     -4 (VIOLATED)
wire29/X                                 10     14     -4 (VIOLATED)
wire38/X                                 10     14     -4 (VIOLATED)
wire4/X                                  10     14     -4 (VIOLATED)
wire53/X                                 10     14     -4 (VIOLATED)
wire59/X                                 10     14     -4 (VIOLATED)
wire63/X                                 10     14     -4 (VIOLATED)
wire68/X                                 10     14     -4 (VIOLATED)
wire70/X                                 10     14     -4 (VIOLATED)
wire75/X                                 10     14     -4 (VIOLATED)
wire76/X                                 10     14     -4 (VIOLATED)
wire79/X                                 10     14     -4 (VIOLATED)
clkbuf_5_21__f_clk/X                     10     13     -3 (VIOLATED)
clkbuf_leaf_103_clk/X                    10     13     -3 (VIOLATED)
clkbuf_leaf_108_clk/X                    10     13     -3 (VIOLATED)
clkbuf_leaf_120_clk/X                    10     13     -3 (VIOLATED)
clkbuf_leaf_124_clk/X                    10     13     -3 (VIOLATED)
clkbuf_leaf_125_clk/X                    10     13     -3 (VIOLATED)
clkbuf_leaf_135_clk/X                    10     13     -3 (VIOLATED)
clkbuf_leaf_153_clk/X                    10     13     -3 (VIOLATED)
clkbuf_leaf_155_clk/X                    10     13     -3 (VIOLATED)
clkbuf_leaf_19_clk/X                     10     13     -3 (VIOLATED)
clkbuf_leaf_257_clk/X                    10     13     -3 (VIOLATED)
clkbuf_leaf_26_clk/X                     10     13     -3 (VIOLATED)
clkbuf_leaf_299_clk/X                    10     13     -3 (VIOLATED)
clkbuf_leaf_305_clk/X                    10     13     -3 (VIOLATED)
clkbuf_leaf_31_clk/X                     10     13     -3 (VIOLATED)
clkbuf_leaf_34_clk/X                     10     13     -3 (VIOLATED)
clkbuf_leaf_367_clk/X                    10     13     -3 (VIOLATED)
clkbuf_leaf_403_clk/X                    10     13     -3 (VIOLATED)
clkbuf_leaf_406_clk/X                    10     13     -3 (VIOLATED)
clkbuf_leaf_50_clk/X                     10     13     -3 (VIOLATED)
clkbuf_leaf_74_clk/X                     10     13     -3 (VIOLATED)
clkbuf_leaf_84_clk/X                     10     13     -3 (VIOLATED)
clkbuf_leaf_88_clk/X                     10     13     -3 (VIOLATED)
clkbuf_leaf_99_clk/X                     10     13     -3 (VIOLATED)
_24883_/Y                                10     12     -2 (VIOLATED)
_24975_/Y                                10     12     -2 (VIOLATED)
_25160_/X                                10     12     -2 (VIOLATED)
_25198_/X                                10     12     -2 (VIOLATED)
_25352_/Y                                10     12     -2 (VIOLATED)
_25400_/Y                                10     12     -2 (VIOLATED)
_25564_/X                                10     12     -2 (VIOLATED)
_25726_/Y                                10     12     -2 (VIOLATED)
_25797_/Y                                10     12     -2 (VIOLATED)
_25896_/X                                10     12     -2 (VIOLATED)
_25930_/Y                                10     12     -2 (VIOLATED)
_25948_/Y                                10     12     -2 (VIOLATED)
_33304_/X                                10     12     -2 (VIOLATED)
clkbuf_5_14__f_clk/X                     10     12     -2 (VIOLATED)
clkbuf_5_3__f_clk/X                      10     12     -2 (VIOLATED)
clkbuf_leaf_100_clk/X                    10     12     -2 (VIOLATED)
clkbuf_leaf_104_clk/X                    10     12     -2 (VIOLATED)
clkbuf_leaf_114_clk/X                    10     12     -2 (VIOLATED)
clkbuf_leaf_117_clk/X                    10     12     -2 (VIOLATED)
clkbuf_leaf_134_clk/X                    10     12     -2 (VIOLATED)
clkbuf_leaf_141_clk/X                    10     12     -2 (VIOLATED)
clkbuf_leaf_151_clk/X                    10     12     -2 (VIOLATED)
clkbuf_leaf_173_clk/X                    10     12     -2 (VIOLATED)
clkbuf_leaf_211_clk/X                    10     12     -2 (VIOLATED)
clkbuf_leaf_213_clk/X                    10     12     -2 (VIOLATED)
clkbuf_leaf_247_clk/X                    10     12     -2 (VIOLATED)
clkbuf_leaf_254_clk/X                    10     12     -2 (VIOLATED)
clkbuf_leaf_255_clk/X                    10     12     -2 (VIOLATED)
clkbuf_leaf_286_clk/X                    10     12     -2 (VIOLATED)
clkbuf_leaf_290_clk/X                    10     12     -2 (VIOLATED)
clkbuf_leaf_308_clk/X                    10     12     -2 (VIOLATED)
clkbuf_leaf_313_clk/X                    10     12     -2 (VIOLATED)
clkbuf_leaf_364_clk/X                    10     12     -2 (VIOLATED)
clkbuf_leaf_3_clk/X                      10     12     -2 (VIOLATED)
clkbuf_leaf_402_clk/X                    10     12     -2 (VIOLATED)
clkbuf_leaf_52_clk/X                     10     12     -2 (VIOLATED)
clkbuf_leaf_53_clk/X                     10     12     -2 (VIOLATED)
clkbuf_leaf_58_clk/X                     10     12     -2 (VIOLATED)
clkbuf_leaf_61_clk/X                     10     12     -2 (VIOLATED)
clkbuf_leaf_72_clk/X                     10     12     -2 (VIOLATED)
clkbuf_leaf_73_clk/X                     10     12     -2 (VIOLATED)
clkbuf_leaf_89_clk/X                     10     12     -2 (VIOLATED)
clkbuf_leaf_94_clk/X                     10     12     -2 (VIOLATED)
fanout153/X                              10     12     -2 (VIOLATED)
fanout252/X                              10     12     -2 (VIOLATED)
max_cap41/X                              10     12     -2 (VIOLATED)
max_cap49/X                              10     12     -2 (VIOLATED)
max_cap52/X                              10     12     -2 (VIOLATED)
max_cap54/X                              10     12     -2 (VIOLATED)
max_cap56/X                              10     12     -2 (VIOLATED)
max_cap65/X                              10     12     -2 (VIOLATED)
max_cap80/X                              10     12     -2 (VIOLATED)
wire28/X                                 10     12     -2 (VIOLATED)
wire58/X                                 10     12     -2 (VIOLATED)
wire67/X                                 10     12     -2 (VIOLATED)
wire72/X                                 10     12     -2 (VIOLATED)
wire77/X                                 10     12     -2 (VIOLATED)
clkbuf_5_11__f_clk/X                     10     11        (VIOLATED)
clkbuf_5_5__f_clk/X                      10     11        (VIOLATED)
clkbuf_5_6__f_clk/X                      10     11        (VIOLATED)
clkbuf_5_7__f_clk/X                      10     11        (VIOLATED)
clkbuf_5_8__f_clk/X                      10     11        (VIOLATED)
clkbuf_leaf_116_clk/X                    10     11        (VIOLATED)
clkbuf_leaf_126_clk/X                    10     11        (VIOLATED)
clkbuf_leaf_128_clk/X                    10     11        (VIOLATED)
clkbuf_leaf_138_clk/X                    10     11        (VIOLATED)
clkbuf_leaf_149_clk/X                    10     11        (VIOLATED)
clkbuf_leaf_150_clk/X                    10     11        (VIOLATED)
clkbuf_leaf_158_clk/X                    10     11        (VIOLATED)
clkbuf_leaf_206_clk/X                    10     11        (VIOLATED)
clkbuf_leaf_209_clk/X                    10     11        (VIOLATED)
clkbuf_leaf_218_clk/X                    10     11        (VIOLATED)
clkbuf_leaf_228_clk/X                    10     11        (VIOLATED)
clkbuf_leaf_246_clk/X                    10     11        (VIOLATED)
clkbuf_leaf_251_clk/X                    10     11        (VIOLATED)
clkbuf_leaf_265_clk/X                    10     11        (VIOLATED)
clkbuf_leaf_292_clk/X                    10     11        (VIOLATED)
clkbuf_leaf_33_clk/X                     10     11        (VIOLATED)
clkbuf_leaf_35_clk/X                     10     11        (VIOLATED)
clkbuf_leaf_371_clk/X                    10     11        (VIOLATED)
clkbuf_leaf_39_clk/X                     10     11        (VIOLATED)
clkbuf_leaf_404_clk/X                    10     11        (VIOLATED)
clkbuf_leaf_405_clk/X                    10     11        (VIOLATED)
clkbuf_leaf_410_clk/X                    10     11        (VIOLATED)
clkbuf_leaf_420_clk/X                    10     11        (VIOLATED)
clkbuf_leaf_49_clk/X                     10     11        (VIOLATED)
clkbuf_leaf_62_clk/X                     10     11        (VIOLATED)
clkbuf_leaf_76_clk/X                     10     11        (VIOLATED)
clkbuf_leaf_79_clk/X                     10     11        (VIOLATED)
clkbuf_leaf_81_clk/X                     10     11        (VIOLATED)
clkbuf_leaf_97_clk/X                     10     11        (VIOLATED)



===========================================================================
report_parasitic_annotation -report_unannotated
============================================================================
Found 6 unannotated drivers.
 _40536__421/HI
 _40537__420/HI
 _40538__419/HI
 _40539__418/HI
 _40579__417/HI
 _40580__416/HI
Found 0 partially unannotated drivers.

===========================================================================
max slew violation count 2915
max fanout violation count 726
max cap violation count 2
============================================================================

===========================================================================
check_setup -verbose -unconstrained_endpoints -multiple_clock -no_clock -no_input_delay -loops -generated_clocks
===========================================================================
Warning: There are 6 unconstrained endpoints.
  _40536_/D
  _40537_/D
  _40538_/D
  _40539_/D
  _40579_/D
  _40580_/D
