
===========================================================================
report_checks -unconstrained
===========================================================================
======================= Typical Corner ===================================

Startpoint: rst_n (input port clocked by clk)
Endpoint: _40661_ (recovery check against rising-edge clock clk)
Path Group: asynchronous
Path Type: max

Fanout     Cap    Slew   Delay    Time   Description
-----------------------------------------------------------------------------
                          0.00    0.00   clock clk (rise edge)
                          0.00    0.00   clock network delay (propagated)
                          4.00    4.00 ^ input external delay
                  0.02    0.01    4.01 ^ rst_n (in)
     1    0.00                           rst_n (net)
                  0.02    0.00    4.01 ^ input1/A (sky130_fd_sc_hd__buf_1)
                  0.12    0.13    4.15 ^ input1/X (sky130_fd_sc_hd__buf_1)
     1    0.01                           net1 (net)
                  0.12    0.00    4.15 ^ fanout415/A (sky130_fd_sc_hd__clkbuf_16)
                  0.26    0.32    4.47 ^ fanout415/X (sky130_fd_sc_hd__clkbuf_16)
    10    0.25                           net415 (net)
                  0.26    0.00    4.47 ^ fanout298/A (sky130_fd_sc_hd__buf_4)
                  0.32    0.39    4.86 ^ fanout298/X (sky130_fd_sc_hd__buf_4)
    10    0.12                           net298 (net)
                  0.32    0.00    4.87 ^ fanout297/A (sky130_fd_sc_hd__clkbuf_8)
                  0.23    0.37    5.23 ^ fanout297/X (sky130_fd_sc_hd__clkbuf_8)
    14    0.13                           net297 (net)
                  0.23    0.01    5.24 ^ fanout264/A (sky130_fd_sc_hd__buf_2)
                  0.23    0.31    5.54 ^ fanout264/X (sky130_fd_sc_hd__buf_2)
     5    0.05                           net264 (net)
                  0.23    0.00    5.55 ^ fanout262/A (sky130_fd_sc_hd__clkbuf_4)
                  0.17    0.30    5.85 ^ fanout262/X (sky130_fd_sc_hd__clkbuf_4)
     8    0.05                           net262 (net)
                  0.17    0.00    5.85 ^ fanout261/A (sky130_fd_sc_hd__clkbuf_4)
                  0.15    0.27    6.12 ^ fanout261/X (sky130_fd_sc_hd__clkbuf_4)
     9    0.05                           net261 (net)
                  0.15    0.00    6.12 ^ fanout259/A (sky130_fd_sc_hd__clkbuf_4)
                  0.16    0.27    6.40 ^ fanout259/X (sky130_fd_sc_hd__clkbuf_4)
    10    0.05                           net259 (net)
                  0.16    0.00    6.40 ^ _40661_/RESET_B (sky130_fd_sc_hd__dfrtp_4)
                                  6.40   data arrival time

                         20.00   20.00   clock clk (rise edge)
                          0.00   20.00   clock source latency
                  0.55    0.37   20.37 ^ clk (in)
     2    0.12                           clk (net)
                  0.55    0.00   20.37 ^ clkbuf_0_clk/A (sky130_fd_sc_hd__clkbuf_16)
                  0.20    0.35   20.71 ^ clkbuf_0_clk/X (sky130_fd_sc_hd__clkbuf_16)
     8    0.18                           clknet_0_clk (net)
                  0.20    0.01   20.72 ^ clkbuf_2_2_0_clk/A (sky130_fd_sc_hd__clkbuf_8)
                  0.36    0.38   21.11 ^ clkbuf_2_2_0_clk/X (sky130_fd_sc_hd__clkbuf_8)
    16    0.21                           clknet_2_2_0_clk (net)
                  0.36    0.01   21.11 ^ clkbuf_5_21__f_clk/A (sky130_fd_sc_hd__clkbuf_16)
                  0.18    0.31   21.42 ^ clkbuf_5_21__f_clk/X (sky130_fd_sc_hd__clkbuf_16)
    13    0.16                           clknet_5_21__leaf_clk (net)
                  0.18    0.00   21.42 ^ clkbuf_leaf_99_clk/A (sky130_fd_sc_hd__clkbuf_16)
                  0.06    0.18   21.60 ^ clkbuf_leaf_99_clk/X (sky130_fd_sc_hd__clkbuf_16)
    13    0.04                           clknet_leaf_99_clk (net)
                  0.06    0.00   21.60 ^ _40661_/CLK (sky130_fd_sc_hd__dfrtp_4)
                         -0.25   21.35   clock uncertainty
                          0.00   21.35   clock reconvergence pessimism
                          0.19   21.54   library recovery time
                                 21.54   data required time
-----------------------------------------------------------------------------
                                 21.54   data required time
                                 -6.40   data arrival time
-----------------------------------------------------------------------------
                                 15.14   slack (MET)


Startpoint: _39577_ (rising edge-triggered flip-flop clocked by clk)
Endpoint: _42685_ (rising edge-triggered flip-flop clocked by clk)
Path Group: clk
Path Type: max

Fanout     Cap    Slew   Delay    Time   Description
-----------------------------------------------------------------------------
                          0.00    0.00   clock clk (rise edge)
                          0.00    0.00   clock source latency
                  0.55    0.40    0.40 ^ clk (in)
     2    0.12                           clk (net)
                  0.55    0.00    0.40 ^ clkbuf_0_clk/A (sky130_fd_sc_hd__clkbuf_16)
                  0.20    0.38    0.79 ^ clkbuf_0_clk/X (sky130_fd_sc_hd__clkbuf_16)
     8    0.18                           clknet_0_clk (net)
                  0.20    0.01    0.80 ^ clkbuf_2_2_0_clk/A (sky130_fd_sc_hd__clkbuf_8)
                  0.36    0.42    1.22 ^ clkbuf_2_2_0_clk/X (sky130_fd_sc_hd__clkbuf_8)
    16    0.21                           clknet_2_2_0_clk (net)
                  0.36    0.01    1.23 ^ clkbuf_5_18__f_clk/A (sky130_fd_sc_hd__clkbuf_16)
                  0.25    0.39    1.62 ^ clkbuf_5_18__f_clk/X (sky130_fd_sc_hd__clkbuf_16)
    34    0.24                           clknet_5_18__leaf_clk (net)
                  0.25    0.01    1.62 ^ clkbuf_leaf_39_clk/A (sky130_fd_sc_hd__clkbuf_16)
                  0.06    0.22    1.84 ^ clkbuf_leaf_39_clk/X (sky130_fd_sc_hd__clkbuf_16)
    11    0.04                           clknet_leaf_39_clk (net)
                  0.06    0.00    1.84 ^ _39577_/CLK (sky130_fd_sc_hd__dfrtp_1)
                  0.09    0.43    2.27 v _39577_/Q (sky130_fd_sc_hd__dfrtp_1)
     5    0.01                           fifo_rd_ptr[1] (net)
                  0.09    0.00    2.27 v _24610_/A (sky130_fd_sc_hd__buf_2)
                  0.10    0.22    2.49 v _24610_/X (sky130_fd_sc_hd__buf_2)
    10    0.04                           _16883_ (net)
                  0.10    0.00    2.49 v _24624_/B (sky130_fd_sc_hd__and3b_1)
                  0.07    0.23    2.72 v _24624_/X (sky130_fd_sc_hd__and3b_1)
     3    0.01                           _16897_ (net)
                  0.07    0.00    2.72 v _24692_/A (sky130_fd_sc_hd__clkbuf_4)
                  0.10    0.22    2.94 v _24692_/X (sky130_fd_sc_hd__clkbuf_4)
    10    0.05                           _16965_ (net)
                  0.10    0.00    2.94 v _24898_/A (sky130_fd_sc_hd__buf_4)
                  0.14    0.27    3.22 v _24898_/X (sky130_fd_sc_hd__buf_4)
    20    0.11                           _17171_ (net)
                  0.14    0.01    3.23 v _25867_/B1 (sky130_fd_sc_hd__a22o_1)
                  0.04    0.22    3.45 v _25867_/X (sky130_fd_sc_hd__a22o_1)
     1    0.00                           _18140_ (net)
                  0.04    0.00    3.45 v _25871_/B (sky130_fd_sc_hd__or4_4)
                  0.17    0.68    4.12 v _25871_/X (sky130_fd_sc_hd__or4_4)
     4    0.07                           _18144_ (net)
                  0.17    0.00    4.13 v _25872_/B1 (sky130_fd_sc_hd__o21ai_2)
                  0.47    0.26    4.39 ^ _25872_/Y (sky130_fd_sc_hd__o21ai_2)
     1    0.04                           _18145_ (net)
                  0.47    0.00    4.39 ^ wire53/A (sky130_fd_sc_hd__buf_4)
                  0.34    0.43    4.82 ^ wire53/X (sky130_fd_sc_hd__buf_4)
    14    0.12                           net53 (net)
                  0.34    0.01    4.83 ^ _25873_/A (sky130_fd_sc_hd__buf_8)
                  0.38    0.41    5.24 ^ _25873_/X (sky130_fd_sc_hd__buf_8)
    20    0.24                           _18146_ (net)
                  0.39    0.03    5.26 ^ _26227_/A2_N (sky130_fd_sc_hd__a2bb2o_1)
                  0.07    0.36    5.62 v _26227_/X (sky130_fd_sc_hd__a2bb2o_1)
     1    0.01                           _18500_ (net)
                  0.07    0.00    5.62 v _26228_/C1 (sky130_fd_sc_hd__a221oi_2)
                  0.48    0.41    6.03 ^ _26228_/Y (sky130_fd_sc_hd__a221oi_2)
     1    0.02                           _18501_ (net)
                  0.48    0.00    6.04 ^ _26233_/B (sky130_fd_sc_hd__and4_1)
                  0.27    0.46    6.50 ^ _26233_/X (sky130_fd_sc_hd__and4_1)
     1    0.03                           _18506_ (net)
                  0.27    0.00    6.50 ^ _26234_/D_N (sky130_fd_sc_hd__or4b_1)
                  0.09    0.49    6.99 v _26234_/X (sky130_fd_sc_hd__or4b_1)
     1    0.00                           _18507_ (net)
                  0.09    0.00    6.99 v _26235_/D (sky130_fd_sc_hd__or4_2)
                  0.18    0.71    7.70 v _26235_/X (sky130_fd_sc_hd__or4_2)
     1    0.03                           _18508_ (net)
                  0.18    0.00    7.70 v _26368_/B1 (sky130_fd_sc_hd__o32a_2)
                  0.13    0.34    8.04 v _26368_/X (sky130_fd_sc_hd__o32a_2)
     1    0.04                           _18641_ (net)
                  0.13    0.00    8.05 v _27296_/B1 (sky130_fd_sc_hd__o2111ai_4)
                  0.52    0.29    8.33 ^ _27296_/Y (sky130_fd_sc_hd__o2111ai_4)
     4    0.07                           _19569_ (net)
                  0.52    0.01    8.34 ^ _27488_/B (sky130_fd_sc_hd__nor2_2)
                  0.17    0.21    8.55 v _27488_/Y (sky130_fd_sc_hd__nor2_2)
     4    0.04                           _19715_ (net)
                  0.17    0.00    8.55 v _27489_/B (sky130_fd_sc_hd__nand2_4)
                  0.16    0.22    8.77 ^ _27489_/Y (sky130_fd_sc_hd__nand2_4)
     8    0.05                           _19716_ (net)
                  0.16    0.00    8.77 ^ _30054_/A (sky130_fd_sc_hd__nand2_1)
                  0.09    0.13    8.90 v _30054_/Y (sky130_fd_sc_hd__nand2_1)
     3    0.01                           _04980_ (net)
                  0.09    0.00    8.90 v _30055_/A (sky130_fd_sc_hd__clkbuf_8)
                  0.14    0.26    9.16 v _30055_/X (sky130_fd_sc_hd__clkbuf_8)
    20    0.12                           _04981_ (net)
                  0.14    0.01    9.17 v _23821_/A (sky130_fd_sc_hd__clkbuf_4)
                  0.13    0.28    9.45 v _23821_/X (sky130_fd_sc_hd__clkbuf_4)
    10    0.06                           _16406_ (net)
                  0.13    0.01    9.45 v _23841_/B1 (sky130_fd_sc_hd__a22o_1)
                  0.04    0.22    9.67 v _23841_/X (sky130_fd_sc_hd__a22o_1)
     1    0.00                           _03249_ (net)
                  0.04    0.00    9.67 v hold239/A (sky130_fd_sc_hd__dlygate4sd3_1)
                  0.06    0.59   10.26 v hold239/X (sky130_fd_sc_hd__dlygate4sd3_1)
     1    0.00                           net660 (net)
                  0.06    0.00   10.26 v _42685_/D (sky130_fd_sc_hd__dfrtp_1)
                                 10.26   data arrival time

                         20.00   20.00   clock clk (rise edge)
                          0.00   20.00   clock source latency
                  0.55    0.37   20.37 ^ clk (in)
     2    0.12                           clk (net)
                  0.55    0.00   20.37 ^ clkbuf_0_clk/A (sky130_fd_sc_hd__clkbuf_16)
                  0.20    0.35   20.71 ^ clkbuf_0_clk/X (sky130_fd_sc_hd__clkbuf_16)
     8    0.18                           clknet_0_clk (net)
                  0.20    0.01   20.72 ^ clkbuf_2_0_0_clk/A (sky130_fd_sc_hd__clkbuf_8)
                  0.34    0.37   21.09 ^ clkbuf_2_0_0_clk/X (sky130_fd_sc_hd__clkbuf_8)
    16    0.20                           clknet_2_0_0_clk (net)
                  0.34    0.00   21.10 ^ clkbuf_5_6__f_clk/A (sky130_fd_sc_hd__clkbuf_16)
                  0.16    0.29   21.39 ^ clkbuf_5_6__f_clk/X (sky130_fd_sc_hd__clkbuf_16)
    11    0.14                           clknet_5_6__leaf_clk (net)
                  0.16    0.00   21.39 ^ clkbuf_leaf_395_clk/A (sky130_fd_sc_hd__clkbuf_16)
                  0.04    0.15   21.55 ^ clkbuf_leaf_395_clk/X (sky130_fd_sc_hd__clkbuf_16)
     4    0.01                           clknet_leaf_395_clk (net)
                  0.04    0.00   21.55 ^ _42685_/CLK (sky130_fd_sc_hd__dfrtp_1)
                         -0.25   21.30   clock uncertainty
                          0.08   21.37   clock reconvergence pessimism
                         -0.12   21.25   library setup time
                                 21.25   data required time
-----------------------------------------------------------------------------
                                 21.25   data required time
                                -10.26   data arrival time
-----------------------------------------------------------------------------
                                 10.99   slack (MET)




===========================================================================
report_checks --slack_max -0.01
============================================================================
======================= Typical Corner ===================================

No paths found.


===========================================================================
 report_check_types -max_slew -max_cap -max_fanout -violators
============================================================================
======================= Typical Corner ===================================

max slew

Pin                                    Limit    Slew   Slack
------------------------------------------------------------
_25488_/A                               0.75    0.96   -0.21 (VIOLATED)
ANTENNA__25488__A/DIODE                 0.75    0.96   -0.21 (VIOLATED)
_26345_/B1                              0.75    0.96   -0.21 (VIOLATED)
ANTENNA__26345__B1/DIODE                0.75    0.96   -0.21 (VIOLATED)
_26328_/B1                              0.75    0.96   -0.21 (VIOLATED)
ANTENNA__26328__B1/DIODE                0.75    0.96   -0.21 (VIOLATED)
_27014_/A2_N                            0.75    0.96   -0.21 (VIOLATED)
_27038_/B1                              0.75    0.96   -0.21 (VIOLATED)
ANTENNA__27014__A2_N/DIODE              0.75    0.96   -0.21 (VIOLATED)
ANTENNA__27038__B1/DIODE                0.75    0.96   -0.21 (VIOLATED)
_26659_/B1                              0.75    0.96   -0.21 (VIOLATED)
ANTENNA__26659__B1/DIODE                0.75    0.96   -0.21 (VIOLATED)
ANTENNA__26635__A2_N/DIODE              0.75    0.96   -0.21 (VIOLATED)
_26635_/A2_N                            0.75    0.96   -0.21 (VIOLATED)
_25487_/Y                               0.75    0.96   -0.21 (VIOLATED)
_21763_/A0                              0.75    0.95   -0.20 (VIOLATED)
ANTENNA__21763__A0/DIODE                0.75    0.95   -0.20 (VIOLATED)
_23104_/A0                              0.75    0.95   -0.20 (VIOLATED)
ANTENNA__23104__A0/DIODE                0.75    0.95   -0.20 (VIOLATED)
_22032_/A0                              0.75    0.95   -0.20 (VIOLATED)
ANTENNA__22032__A0/DIODE                0.75    0.95   -0.20 (VIOLATED)
_22836_/A0                              0.75    0.95   -0.20 (VIOLATED)
ANTENNA__22836__A0/DIODE                0.75    0.95   -0.20 (VIOLATED)
_22299_/A1                              0.75    0.95   -0.20 (VIOLATED)
ANTENNA__22299__A1/DIODE                0.75    0.95   -0.20 (VIOLATED)
ANTENNA__22568__A0/DIODE                0.75    0.95   -0.20 (VIOLATED)
_22568_/A0                              0.75    0.95   -0.20 (VIOLATED)
_21148_/A1                              0.75    0.95   -0.20 (VIOLATED)
ANTENNA__21148__A1/DIODE                0.75    0.95   -0.20 (VIOLATED)
_21495_/A0                              0.75    0.95   -0.20 (VIOLATED)
ANTENNA__21495__A0/DIODE                0.75    0.95   -0.20 (VIOLATED)
_23388_/A0                              0.75    0.95   -0.20 (VIOLATED)
ANTENNA__23388__A0/DIODE                0.75    0.95   -0.20 (VIOLATED)
_21147_/X                               0.75    0.95   -0.20 (VIOLATED)
_22043_/A0                              0.75    0.90   -0.15 (VIOLATED)
ANTENNA__22043__A0/DIODE                0.75    0.90   -0.15 (VIOLATED)
_23116_/A0                              0.75    0.90   -0.15 (VIOLATED)
ANTENNA__23116__A0/DIODE                0.75    0.90   -0.15 (VIOLATED)
_21775_/A0                              0.75    0.90   -0.15 (VIOLATED)
ANTENNA__21775__A0/DIODE                0.75    0.90   -0.15 (VIOLATED)
ANTENNA__22847__A0/DIODE                0.75    0.89   -0.14 (VIOLATED)
_22847_/A0                              0.75    0.89   -0.14 (VIOLATED)
_22310_/A1                              0.75    0.89   -0.14 (VIOLATED)
ANTENNA__22310__A1/DIODE                0.75    0.89   -0.14 (VIOLATED)
_22579_/A0                              0.75    0.89   -0.14 (VIOLATED)
ANTENNA__22579__A0/DIODE                0.75    0.89   -0.14 (VIOLATED)
_21163_/A1                              0.75    0.89   -0.14 (VIOLATED)
ANTENNA__21163__A1/DIODE                0.75    0.89   -0.14 (VIOLATED)
_21506_/A0                              0.75    0.89   -0.14 (VIOLATED)
ANTENNA__21506__A0/DIODE                0.75    0.89   -0.14 (VIOLATED)
_23398_/A0                              0.75    0.89   -0.14 (VIOLATED)
ANTENNA__23398__A0/DIODE                0.75    0.89   -0.14 (VIOLATED)
_21162_/X                               0.75    0.89   -0.14 (VIOLATED)
ANTENNA__22002__A0/DIODE                0.75    0.88   -0.13 (VIOLATED)
_22002_/A0                              0.75    0.88   -0.13 (VIOLATED)
ANTENNA__23074__A0/DIODE                0.75    0.88   -0.13 (VIOLATED)
_23074_/A0                              0.75    0.88   -0.13 (VIOLATED)
ANTENNA__21733__A0/DIODE                0.75    0.88   -0.13 (VIOLATED)
_21733_/A0                              0.75    0.88   -0.13 (VIOLATED)
ANTENNA__22806__A0/DIODE                0.75    0.88   -0.13 (VIOLATED)
_22806_/A0                              0.75    0.88   -0.13 (VIOLATED)
_22270_/A1                              0.75    0.87   -0.12 (VIOLATED)
ANTENNA__22270__A1/DIODE                0.75    0.87   -0.12 (VIOLATED)
_22538_/A0                              0.75    0.87   -0.12 (VIOLATED)
ANTENNA__22538__A0/DIODE                0.75    0.87   -0.12 (VIOLATED)
_21104_/A1                              0.75    0.87   -0.12 (VIOLATED)
ANTENNA__21104__A1/DIODE                0.75    0.87   -0.12 (VIOLATED)
_21465_/A0                              0.75    0.87   -0.12 (VIOLATED)
ANTENNA__21465__A0/DIODE                0.75    0.87   -0.12 (VIOLATED)
_23356_/A0                              0.75    0.87   -0.12 (VIOLATED)
ANTENNA__23356__A0/DIODE                0.75    0.87   -0.12 (VIOLATED)
_21103_/X                               0.75    0.86   -0.11 (VIOLATED)
ANTENNA__23478__A0/DIODE                0.75    0.86   -0.11 (VIOLATED)
_23478_/A0                              0.75    0.86   -0.11 (VIOLATED)
_23195_/A0                              0.75    0.86   -0.11 (VIOLATED)
ANTENNA__23195__A0/DIODE                0.75    0.86   -0.11 (VIOLATED)
_22926_/A0                              0.75    0.86   -0.11 (VIOLATED)
ANTENNA__22926__A0/DIODE                0.75    0.86   -0.11 (VIOLATED)
_21854_/A0                              0.75    0.86   -0.11 (VIOLATED)
ANTENNA__21854__A0/DIODE                0.75    0.86   -0.11 (VIOLATED)
ANTENNA__22122__A0/DIODE                0.75    0.86   -0.11 (VIOLATED)
_22122_/A0                              0.75    0.86   -0.11 (VIOLATED)
_22390_/A1                              0.75    0.86   -0.11 (VIOLATED)
ANTENNA__22390__A1/DIODE                0.75    0.86   -0.11 (VIOLATED)
ANTENNA__26319__B1/DIODE                0.75    0.86   -0.11 (VIOLATED)
_26319_/B1                              0.75    0.86   -0.11 (VIOLATED)
_22658_/A0                              0.75    0.86   -0.11 (VIOLATED)
ANTENNA__22658__A0/DIODE                0.75    0.86   -0.11 (VIOLATED)
_21267_/A1                              0.75    0.86   -0.11 (VIOLATED)
ANTENNA__21267__A1/DIODE                0.75    0.86   -0.11 (VIOLATED)
_21585_/A0                              0.75    0.86   -0.11 (VIOLATED)
ANTENNA__21585__A0/DIODE                0.75    0.86   -0.11 (VIOLATED)
_26316_/X                               0.75    0.86   -0.11 (VIOLATED)
_26998_/A2                              0.75    0.85   -0.10 (VIOLATED)
ANTENNA__26998__A2/DIODE                0.75    0.85   -0.10 (VIOLATED)
_27048_/A2                              0.75    0.85   -0.10 (VIOLATED)
ANTENNA__27048__A2/DIODE                0.75    0.85   -0.10 (VIOLATED)
ANTENNA__26619__A2/DIODE                0.75    0.85   -0.10 (VIOLATED)
_26669_/A2                              0.75    0.85   -0.10 (VIOLATED)
_26619_/A2                              0.75    0.85   -0.10 (VIOLATED)
ANTENNA__26669__A2/DIODE                0.75    0.85   -0.10 (VIOLATED)
ANTENNA_max_cap61_A/DIODE               0.75    0.85   -0.10 (VIOLATED)
max_cap61/A                             0.75    0.85   -0.10 (VIOLATED)
_25479_/Y                               0.75    0.85   -0.10 (VIOLATED)
ANTENNA__23084__A0/DIODE                0.75    0.85   -0.10 (VIOLATED)
_23084_/A0                              0.75    0.85   -0.10 (VIOLATED)
ANTENNA__21743__A0/DIODE                0.75    0.85   -0.10 (VIOLATED)
_21743_/A0                              0.75    0.85   -0.10 (VIOLATED)
_22816_/A0                              0.75    0.85   -0.10 (VIOLATED)
ANTENNA__22816__A0/DIODE                0.75    0.85   -0.10 (VIOLATED)
ANTENNA__22280__A1/DIODE                0.75    0.85   -0.10 (VIOLATED)
_22280_/A1                              0.75    0.85   -0.10 (VIOLATED)
_22548_/A0                              0.75    0.85   -0.10 (VIOLATED)
ANTENNA__22548__A0/DIODE                0.75    0.85   -0.10 (VIOLATED)
_22012_/A0                              0.75    0.85   -0.10 (VIOLATED)
ANTENNA__22012__A0/DIODE                0.75    0.85   -0.10 (VIOLATED)
_26092_/A2_N                            0.75    0.84   -0.09 (VIOLATED)
ANTENNA__26092__A2_N/DIODE              0.75    0.84   -0.09 (VIOLATED)
_26324_/B1                              0.75    0.84   -0.09 (VIOLATED)
ANTENNA__26324__B1/DIODE                0.75    0.84   -0.09 (VIOLATED)
_24894_/A                               0.75    0.84   -0.09 (VIOLATED)
ANTENNA__24894__A/DIODE                 0.75    0.84   -0.09 (VIOLATED)
_21120_/A1                              0.75    0.84   -0.09 (VIOLATED)
ANTENNA__21120__A1/DIODE                0.75    0.84   -0.09 (VIOLATED)
ANTENNA__27229__B1/DIODE                0.75    0.84   -0.09 (VIOLATED)
_27229_/B1                              0.75    0.84   -0.09 (VIOLATED)
_21475_/A0                              0.75    0.84   -0.09 (VIOLATED)
ANTENNA__21475__A0/DIODE                0.75    0.84   -0.09 (VIOLATED)
_23368_/A0                              0.75    0.84   -0.09 (VIOLATED)
ANTENNA__23368__A0/DIODE                0.75    0.84   -0.09 (VIOLATED)
_27051_/A2_N                            0.75    0.84   -0.09 (VIOLATED)
ANTENNA__27051__A2_N/DIODE              0.75    0.84   -0.09 (VIOLATED)
_21119_/X                               0.75    0.84   -0.09 (VIOLATED)
_26672_/A2_N                            0.75    0.84   -0.09 (VIOLATED)
ANTENNA__26672__A2_N/DIODE              0.75    0.84   -0.09 (VIOLATED)
_26630_/B1                              0.75    0.84   -0.09 (VIOLATED)
ANTENNA__26630__B1/DIODE                0.75    0.84   -0.09 (VIOLATED)
_24893_/Y                               0.75    0.84   -0.09 (VIOLATED)
ANTENNA__21765__A0/DIODE                0.75    0.84   -0.09 (VIOLATED)
_21765_/A0                              0.75    0.84   -0.09 (VIOLATED)
_22838_/A0                              0.75    0.84   -0.09 (VIOLATED)
ANTENNA__22838__A0/DIODE                0.75    0.84   -0.09 (VIOLATED)
ANTENNA__22301__A1/DIODE                0.75    0.84   -0.09 (VIOLATED)
_22301_/A1                              0.75    0.84   -0.09 (VIOLATED)
ANTENNA__22570__A0/DIODE                0.75    0.83   -0.08 (VIOLATED)
_22570_/A0                              0.75    0.83   -0.08 (VIOLATED)
_21151_/A1                              0.75    0.83   -0.08 (VIOLATED)
ANTENNA__21151__A1/DIODE                0.75    0.83   -0.08 (VIOLATED)
_21497_/A0                              0.75    0.83   -0.08 (VIOLATED)
ANTENNA__21497__A0/DIODE                0.75    0.83   -0.08 (VIOLATED)
_23106_/A0                              0.75    0.83   -0.08 (VIOLATED)
ANTENNA__23106__A0/DIODE                0.75    0.83   -0.08 (VIOLATED)
_22034_/A0                              0.75    0.83   -0.08 (VIOLATED)
ANTENNA__22034__A0/DIODE                0.75    0.83   -0.08 (VIOLATED)
ANTENNA__23390__A0/DIODE                0.75    0.83   -0.08 (VIOLATED)
_23390_/A0                              0.75    0.83   -0.08 (VIOLATED)
_21150_/X                               0.75    0.83   -0.08 (VIOLATED)
_26093_/A2                              0.75    0.82   -0.07 (VIOLATED)
ANTENNA__26093__A2/DIODE                0.75    0.82   -0.07 (VIOLATED)
_26463_/A2                              0.75    0.82   -0.07 (VIOLATED)
ANTENNA__26463__A2/DIODE                0.75    0.82   -0.07 (VIOLATED)
_26751_/B1                              0.75    0.82   -0.07 (VIOLATED)
ANTENNA__26751__B1/DIODE                0.75    0.82   -0.07 (VIOLATED)
_26091_/Y                               0.75    0.82   -0.07 (VIOLATED)
_21974_/A0                              0.75    0.81   -0.06 (VIOLATED)
ANTENNA__21974__A0/DIODE                0.75    0.81   -0.06 (VIOLATED)
_23046_/A0                              0.75    0.81   -0.06 (VIOLATED)
ANTENNA__23046__A0/DIODE                0.75    0.81   -0.06 (VIOLATED)
_22509_/A1                              0.75    0.81   -0.06 (VIOLATED)
ANTENNA__22509__A1/DIODE                0.75    0.81   -0.06 (VIOLATED)
_22778_/A0                              0.75    0.81   -0.06 (VIOLATED)
ANTENNA__22778__A0/DIODE                0.75    0.81   -0.06 (VIOLATED)
ANTENNA__21430__A1/DIODE                0.75    0.81   -0.06 (VIOLATED)
_21430_/A1                              0.75    0.81   -0.06 (VIOLATED)
ANTENNA__23031__A0/DIODE                0.75    0.81   -0.06 (VIOLATED)
_23031_/A0                              0.75    0.81   -0.06 (VIOLATED)
_23315_/A0                              0.75    0.81   -0.06 (VIOLATED)
ANTENNA__23315__A0/DIODE                0.75    0.81   -0.06 (VIOLATED)
_22242_/A0                              0.75    0.81   -0.06 (VIOLATED)
ANTENNA__22242__A0/DIODE                0.75    0.81   -0.06 (VIOLATED)
ANTENNA__21705__A0/DIODE                0.75    0.81   -0.06 (VIOLATED)
_21705_/A0                              0.75    0.81   -0.06 (VIOLATED)
_23598_/A0                              0.75    0.81   -0.06 (VIOLATED)
ANTENNA__23598__A0/DIODE                0.75    0.81   -0.06 (VIOLATED)
_21959_/A0                              0.75    0.81   -0.06 (VIOLATED)
ANTENNA__21959__A0/DIODE                0.75    0.81   -0.06 (VIOLATED)
ANTENNA__23300__A0/DIODE                0.75    0.81   -0.06 (VIOLATED)
_21429_/X                               0.75    0.81   -0.06 (VIOLATED)
_23300_/A0                              0.75    0.81   -0.06 (VIOLATED)
_23583_/A0                              0.75    0.81   -0.06 (VIOLATED)
ANTENNA__23583__A0/DIODE                0.75    0.81   -0.06 (VIOLATED)
_22495_/A1                              0.75    0.81   -0.06 (VIOLATED)
ANTENNA__22495__A1/DIODE                0.75    0.81   -0.06 (VIOLATED)
ANTENNA__22763__A0/DIODE                0.75    0.81   -0.06 (VIOLATED)
_22763_/A0                              0.75    0.81   -0.06 (VIOLATED)
_21411_/A1                              0.75    0.80   -0.05 (VIOLATED)
ANTENNA__21411__A1/DIODE                0.75    0.80   -0.05 (VIOLATED)
_22227_/A0                              0.75    0.80   -0.05 (VIOLATED)
ANTENNA__22227__A0/DIODE                0.75    0.80   -0.05 (VIOLATED)
ANTENNA__21690__A0/DIODE                0.75    0.80   -0.05 (VIOLATED)
_21690_/A0                              0.75    0.80   -0.05 (VIOLATED)
_21410_/X                               0.75    0.80   -0.05 (VIOLATED)
_23589_/A0                              0.75    0.80   -0.05 (VIOLATED)
ANTENNA__23589__A0/DIODE                0.75    0.80   -0.05 (VIOLATED)
ANTENNA__22234__A0/DIODE                0.75    0.80   -0.05 (VIOLATED)
_22234_/A0                              0.75    0.80   -0.05 (VIOLATED)
ANTENNA__23307__A0/DIODE                0.75    0.80   -0.05 (VIOLATED)
_23307_/A0                              0.75    0.80   -0.05 (VIOLATED)
_22501_/A1                              0.75    0.80   -0.05 (VIOLATED)
ANTENNA__22501__A1/DIODE                0.75    0.80   -0.05 (VIOLATED)
_22770_/A0                              0.75    0.80   -0.05 (VIOLATED)
ANTENNA__22770__A0/DIODE                0.75    0.80   -0.05 (VIOLATED)
_21419_/A1                              0.75    0.80   -0.05 (VIOLATED)
ANTENNA__21419__A1/DIODE                0.75    0.80   -0.05 (VIOLATED)
_21943_/A0                              0.75    0.80   -0.05 (VIOLATED)
ANTENNA__21943__A0/DIODE                0.75    0.80   -0.05 (VIOLATED)
_23284_/A0                              0.75    0.80   -0.05 (VIOLATED)
ANTENNA__23284__A0/DIODE                0.75    0.80   -0.05 (VIOLATED)
_21697_/A0                              0.75    0.80   -0.05 (VIOLATED)
_23038_/A0                              0.75    0.80   -0.05 (VIOLATED)
ANTENNA__23038__A0/DIODE                0.75    0.80   -0.05 (VIOLATED)
ANTENNA__21697__A0/DIODE                0.75    0.80   -0.05 (VIOLATED)
_21966_/A0                              0.75    0.80   -0.05 (VIOLATED)
ANTENNA__21966__A0/DIODE                0.75    0.80   -0.05 (VIOLATED)
_23566_/A0                              0.75    0.80   -0.05 (VIOLATED)
ANTENNA__23566__A0/DIODE                0.75    0.80   -0.05 (VIOLATED)
_21418_/X                               0.75    0.80   -0.05 (VIOLATED)
_23015_/A0                              0.75    0.80   -0.05 (VIOLATED)
ANTENNA__23015__A0/DIODE                0.75    0.80   -0.05 (VIOLATED)
_22478_/A1                              0.75    0.80   -0.05 (VIOLATED)
ANTENNA__22478__A1/DIODE                0.75    0.80   -0.05 (VIOLATED)
_22747_/A0                              0.75    0.80   -0.05 (VIOLATED)
ANTENNA__22747__A0/DIODE                0.75    0.80   -0.05 (VIOLATED)
_22211_/A0                              0.75    0.80   -0.05 (VIOLATED)
ANTENNA__22211__A0/DIODE                0.75    0.80   -0.05 (VIOLATED)
_21388_/A1                              0.75    0.80   -0.05 (VIOLATED)
ANTENNA__21388__A1/DIODE                0.75    0.80   -0.05 (VIOLATED)
_21674_/A0                              0.75    0.80   -0.05 (VIOLATED)
ANTENNA__21674__A0/DIODE                0.75    0.80   -0.05 (VIOLATED)
_23076_/A0                              0.75    0.80   -0.05 (VIOLATED)
ANTENNA__23076__A0/DIODE                0.75    0.80   -0.05 (VIOLATED)
_21387_/X                               0.75    0.79   -0.04 (VIOLATED)
_22808_/A0                              0.75    0.79   -0.04 (VIOLATED)
ANTENNA__22808__A0/DIODE                0.75    0.79   -0.04 (VIOLATED)
ANTENNA__21735__A0/DIODE                0.75    0.79   -0.04 (VIOLATED)
_21735_/A0                              0.75    0.79   -0.04 (VIOLATED)
_22408_/A1                              0.75    0.79   -0.04 (VIOLATED)
ANTENNA__22408__A1/DIODE                0.75    0.79   -0.04 (VIOLATED)
_22677_/A0                              0.75    0.79   -0.04 (VIOLATED)
ANTENNA__22677__A0/DIODE                0.75    0.79   -0.04 (VIOLATED)
_22945_/A0                              0.75    0.79   -0.04 (VIOLATED)
ANTENNA__22945__A0/DIODE                0.75    0.79   -0.04 (VIOLATED)
ANTENNA__21873__A0/DIODE                0.75    0.79   -0.04 (VIOLATED)
_21873_/A0                              0.75    0.79   -0.04 (VIOLATED)
_23497_/A0                              0.75    0.79   -0.04 (VIOLATED)
ANTENNA__23497__A0/DIODE                0.75    0.79   -0.04 (VIOLATED)
_23214_/A0                              0.75    0.79   -0.04 (VIOLATED)
ANTENNA__23214__A0/DIODE                0.75    0.79   -0.04 (VIOLATED)
_22141_/A0                              0.75    0.79   -0.04 (VIOLATED)
ANTENNA__22141__A0/DIODE                0.75    0.79   -0.04 (VIOLATED)
_21293_/A1                              0.75    0.79   -0.04 (VIOLATED)
ANTENNA__21293__A1/DIODE                0.75    0.79   -0.04 (VIOLATED)
_21604_/A0                              0.75    0.79   -0.04 (VIOLATED)
ANTENNA__21604__A0/DIODE                0.75    0.79   -0.04 (VIOLATED)
_21292_/X                               0.75    0.79   -0.04 (VIOLATED)
_22272_/A1                              0.75    0.79   -0.04 (VIOLATED)
ANTENNA__22272__A1/DIODE                0.75    0.79   -0.04 (VIOLATED)
_22540_/A0                              0.75    0.79   -0.04 (VIOLATED)
ANTENNA__22540__A0/DIODE                0.75    0.79   -0.04 (VIOLATED)
ANTENNA__23360__A0/DIODE                0.75    0.79   -0.04 (VIOLATED)
_23360_/A0                              0.75    0.79   -0.04 (VIOLATED)
ANTENNA__22004__A0/DIODE                0.75    0.79   -0.04 (VIOLATED)
_22004_/A0                              0.75    0.79   -0.04 (VIOLATED)
_21108_/A1                              0.75    0.79   -0.04 (VIOLATED)
ANTENNA__21108__A1/DIODE                0.75    0.79   -0.04 (VIOLATED)
_22960_/A0                              0.75    0.79   -0.04 (VIOLATED)
ANTENNA__22960__A0/DIODE                0.75    0.79   -0.04 (VIOLATED)
_22423_/A1                              0.75    0.79   -0.04 (VIOLATED)
ANTENNA__22423__A1/DIODE                0.75    0.79   -0.04 (VIOLATED)
_22692_/A0                              0.75    0.79   -0.04 (VIOLATED)
ANTENNA__22692__A0/DIODE                0.75    0.79   -0.04 (VIOLATED)
_23512_/A0                              0.75    0.79   -0.04 (VIOLATED)
ANTENNA__23512__A0/DIODE                0.75    0.79   -0.04 (VIOLATED)
_22394_/A1                              0.75    0.79   -0.04 (VIOLATED)
ANTENNA__22394__A1/DIODE                0.75    0.79   -0.04 (VIOLATED)
_23229_/A0                              0.75    0.79   -0.04 (VIOLATED)
_21312_/A1                              0.75    0.79   -0.04 (VIOLATED)
ANTENNA__23229__A0/DIODE                0.75    0.79   -0.04 (VIOLATED)
_21888_/A0                              0.75    0.79   -0.04 (VIOLATED)
ANTENNA__21888__A0/DIODE                0.75    0.79   -0.04 (VIOLATED)
ANTENNA__21312__A1/DIODE                0.75    0.79   -0.04 (VIOLATED)
_21619_/A0                              0.75    0.79   -0.04 (VIOLATED)
ANTENNA__21619__A0/DIODE                0.75    0.79   -0.04 (VIOLATED)
_22156_/A0                              0.75    0.79   -0.04 (VIOLATED)
ANTENNA__22156__A0/DIODE                0.75    0.79   -0.04 (VIOLATED)
_22663_/A0                              0.75    0.79   -0.04 (VIOLATED)
ANTENNA__22663__A0/DIODE                0.75    0.79   -0.04 (VIOLATED)
_21467_/A0                              0.75    0.79   -0.04 (VIOLATED)
ANTENNA__21467__A0/DIODE                0.75    0.79   -0.04 (VIOLATED)
_21311_/X                               0.75    0.79   -0.04 (VIOLATED)
_21107_/X                               0.75    0.79   -0.04 (VIOLATED)
_21274_/A1                              0.75    0.79   -0.04 (VIOLATED)
ANTENNA__21274__A1/DIODE                0.75    0.79   -0.04 (VIOLATED)
_27219_/B1                              0.75    0.79   -0.04 (VIOLATED)
ANTENNA__27219__B1/DIODE                0.75    0.79   -0.04 (VIOLATED)
_22383_/A1                              0.75    0.79   -0.04 (VIOLATED)
ANTENNA__22383__A1/DIODE                0.75    0.79   -0.04 (VIOLATED)
ANTENNA__22652__A0/DIODE                0.75    0.79   -0.04 (VIOLATED)
_22652_/A0                              0.75    0.79   -0.04 (VIOLATED)
ANTENNA__21590__A0/DIODE                0.75    0.79   -0.04 (VIOLATED)
_21590_/A0                              0.75    0.79   -0.04 (VIOLATED)
_21260_/A1                              0.75    0.79   -0.04 (VIOLATED)
ANTENNA__21260__A1/DIODE                0.75    0.79   -0.04 (VIOLATED)
_21579_/A0                              0.75    0.79   -0.04 (VIOLATED)
ANTENNA__21579__A0/DIODE                0.75    0.79   -0.04 (VIOLATED)
_22931_/A0                              0.75    0.79   -0.04 (VIOLATED)
ANTENNA__22931__A0/DIODE                0.75    0.79   -0.04 (VIOLATED)
_21859_/A0                              0.75    0.79   -0.04 (VIOLATED)
ANTENNA__21859__A0/DIODE                0.75    0.79   -0.04 (VIOLATED)
_23482_/A0                              0.75    0.79   -0.04 (VIOLATED)
ANTENNA__23482__A0/DIODE                0.75    0.79   -0.04 (VIOLATED)
ANTENNA__23200__A0/DIODE                0.75    0.79   -0.04 (VIOLATED)
_23200_/A0                              0.75    0.79   -0.04 (VIOLATED)
_22127_/A0                              0.75    0.79   -0.04 (VIOLATED)
ANTENNA__22127__A0/DIODE                0.75    0.79   -0.04 (VIOLATED)
_21273_/X                               0.75    0.79   -0.04 (VIOLATED)
_22920_/A0                              0.75    0.78   -0.03 (VIOLATED)
ANTENNA__22920__A0/DIODE                0.75    0.78   -0.03 (VIOLATED)
_21848_/A0                              0.75    0.78   -0.03 (VIOLATED)
ANTENNA__21848__A0/DIODE                0.75    0.78   -0.03 (VIOLATED)
_23472_/A0                              0.75    0.78   -0.03 (VIOLATED)
ANTENNA__23472__A0/DIODE                0.75    0.78   -0.03 (VIOLATED)
_23189_/A0                              0.75    0.78   -0.03 (VIOLATED)
ANTENNA__23189__A0/DIODE                0.75    0.78   -0.03 (VIOLATED)
ANTENNA__22116__A0/DIODE                0.75    0.78   -0.03 (VIOLATED)
_22116_/A0                              0.75    0.78   -0.03 (VIOLATED)
_27216_/X                               0.75    0.78   -0.03 (VIOLATED)
_23550_/A0                              0.75    0.78   -0.03 (VIOLATED)
ANTENNA__23550__A0/DIODE                0.75    0.78   -0.03 (VIOLATED)
_22194_/A0                              0.75    0.78   -0.03 (VIOLATED)
ANTENNA__22194__A0/DIODE                0.75    0.78   -0.03 (VIOLATED)
_23267_/A0                              0.75    0.78   -0.03 (VIOLATED)
ANTENNA__23267__A0/DIODE                0.75    0.78   -0.03 (VIOLATED)
_21926_/A0                              0.75    0.78   -0.03 (VIOLATED)
ANTENNA__21926__A0/DIODE                0.75    0.78   -0.03 (VIOLATED)
_22998_/A0                              0.75    0.78   -0.03 (VIOLATED)
ANTENNA__22998__A0/DIODE                0.75    0.78   -0.03 (VIOLATED)
ANTENNA__22373__A1/DIODE                0.75    0.78   -0.03 (VIOLATED)
_22373_/A1                              0.75    0.78   -0.03 (VIOLATED)
_21569_/A0                              0.75    0.78   -0.03 (VIOLATED)
ANTENNA__21569__A0/DIODE                0.75    0.78   -0.03 (VIOLATED)
ANTENNA__21248__A1/DIODE                0.75    0.78   -0.03 (VIOLATED)
_21248_/A1                              0.75    0.78   -0.03 (VIOLATED)
_22910_/A0                              0.75    0.78   -0.03 (VIOLATED)
ANTENNA__22910__A0/DIODE                0.75    0.78   -0.03 (VIOLATED)
ANTENNA__22642__A0/DIODE                0.75    0.78   -0.03 (VIOLATED)
_22642_/A0                              0.75    0.78   -0.03 (VIOLATED)
_23461_/A0                              0.75    0.78   -0.03 (VIOLATED)
ANTENNA__23461__A0/DIODE                0.75    0.78   -0.03 (VIOLATED)
ANTENNA__21838__A0/DIODE                0.75    0.78   -0.03 (VIOLATED)
_21838_/A0                              0.75    0.78   -0.03 (VIOLATED)
_23179_/A0                              0.75    0.78   -0.03 (VIOLATED)
ANTENNA__23179__A0/DIODE                0.75    0.78   -0.03 (VIOLATED)
ANTENNA__22106__A0/DIODE                0.75    0.78   -0.03 (VIOLATED)
_22106_/A0                              0.75    0.78   -0.03 (VIOLATED)
_21247_/X                               0.75    0.78   -0.03 (VIOLATED)
_21364_/A1                              0.75    0.78   -0.03 (VIOLATED)
ANTENNA__21364__A1/DIODE                0.75    0.78   -0.03 (VIOLATED)
_21657_/A0                              0.75    0.78   -0.03 (VIOLATED)
ANTENNA__21657__A0/DIODE                0.75    0.78   -0.03 (VIOLATED)
_22461_/A1                              0.75    0.78   -0.03 (VIOLATED)
ANTENNA__22461__A1/DIODE                0.75    0.78   -0.03 (VIOLATED)
ANTENNA__22730__A0/DIODE                0.75    0.78   -0.03 (VIOLATED)
_22730_/A0                              0.75    0.78   -0.03 (VIOLATED)
_21363_/X                               0.75    0.78   -0.03 (VIOLATED)
_23025_/A0                              0.75    0.77   -0.02 (VIOLATED)
ANTENNA__23025__A0/DIODE                0.75    0.77   -0.02 (VIOLATED)
_21953_/A0                              0.75    0.77   -0.02 (VIOLATED)
ANTENNA__21953__A0/DIODE                0.75    0.77   -0.02 (VIOLATED)
ANTENNA__23294__A0/DIODE                0.75    0.77   -0.02 (VIOLATED)
_23294_/A0                              0.75    0.77   -0.02 (VIOLATED)
_23271_/A0                              0.75    0.77   -0.02 (VIOLATED)
ANTENNA__23271__A0/DIODE                0.75    0.77   -0.02 (VIOLATED)
ANTENNA__21930__A0/DIODE                0.75    0.77   -0.02 (VIOLATED)
_21930_/A0                              0.75    0.77   -0.02 (VIOLATED)
_23002_/A0                              0.75    0.77   -0.02 (VIOLATED)
ANTENNA__23002__A0/DIODE                0.75    0.77   -0.02 (VIOLATED)
_23577_/A0                              0.75    0.77   -0.02 (VIOLATED)
ANTENNA__23577__A0/DIODE                0.75    0.77   -0.02 (VIOLATED)
ANTENNA__22465__A1/DIODE                0.75    0.77   -0.02 (VIOLATED)
_22465_/A1                              0.75    0.77   -0.02 (VIOLATED)
_22221_/A0                              0.75    0.77   -0.02 (VIOLATED)
ANTENNA__22221__A0/DIODE                0.75    0.77   -0.02 (VIOLATED)
_22734_/A0                              0.75    0.77   -0.02 (VIOLATED)
_21290_/A1                              0.75    0.77   -0.02 (VIOLATED)
ANTENNA__21290__A1/DIODE                0.75    0.77   -0.02 (VIOLATED)
_21602_/A0                              0.75    0.77   -0.02 (VIOLATED)
ANTENNA__21602__A0/DIODE                0.75    0.77   -0.02 (VIOLATED)
_22406_/A1                              0.75    0.77   -0.02 (VIOLATED)
ANTENNA__22406__A1/DIODE                0.75    0.77   -0.02 (VIOLATED)
ANTENNA__22675__A0/DIODE                0.75    0.77   -0.02 (VIOLATED)
_22675_/A0                              0.75    0.77   -0.02 (VIOLATED)
_22943_/A0                              0.75    0.77   -0.02 (VIOLATED)
ANTENNA__22943__A0/DIODE                0.75    0.77   -0.02 (VIOLATED)
ANTENNA__22734__A0/DIODE                0.75    0.77   -0.02 (VIOLATED)
ANTENNA__21871__A0/DIODE                0.75    0.77   -0.02 (VIOLATED)
_21871_/A0                              0.75    0.77   -0.02 (VIOLATED)
_23495_/A0                              0.75    0.77   -0.02 (VIOLATED)
ANTENNA__23495__A0/DIODE                0.75    0.77   -0.02 (VIOLATED)
ANTENNA__23212__A0/DIODE                0.75    0.77   -0.02 (VIOLATED)
_23212_/A0                              0.75    0.77   -0.02 (VIOLATED)
_22139_/A0                              0.75    0.77   -0.02 (VIOLATED)
ANTENNA__22139__A0/DIODE                0.75    0.77   -0.02 (VIOLATED)
_21289_/X                               0.75    0.77   -0.02 (VIOLATED)
_22488_/A1                              0.75    0.77   -0.02 (VIOLATED)
ANTENNA__22488__A1/DIODE                0.75    0.77   -0.02 (VIOLATED)
_22757_/A0                              0.75    0.77   -0.02 (VIOLATED)
ANTENNA__22757__A0/DIODE                0.75    0.77   -0.02 (VIOLATED)
_21403_/A1                              0.75    0.77   -0.02 (VIOLATED)
ANTENNA__21403__A1/DIODE                0.75    0.77   -0.02 (VIOLATED)
_21684_/A0                              0.75    0.77   -0.02 (VIOLATED)
ANTENNA__21684__A0/DIODE                0.75    0.77   -0.02 (VIOLATED)
_21370_/A1                              0.75    0.77   -0.02 (VIOLATED)
_21402_/X                               0.75    0.77   -0.02 (VIOLATED)
ANTENNA__21370__A1/DIODE                0.75    0.77   -0.02 (VIOLATED)
_26496_/A2_N                            0.75    0.77   -0.02 (VIOLATED)
ANTENNA__26496__A2_N/DIODE              0.75    0.77   -0.02 (VIOLATED)
_23554_/A0                              0.75    0.77   -0.02 (VIOLATED)
ANTENNA__23554__A0/DIODE                0.75    0.77   -0.02 (VIOLATED)
_26127_/A2_N                            0.75    0.77   -0.02 (VIOLATED)
ANTENNA__26127__A2_N/DIODE              0.75    0.77   -0.02 (VIOLATED)
ANTENNA__27268__B1/DIODE                0.75    0.77   -0.02 (VIOLATED)
_27268_/B1                              0.75    0.77   -0.02 (VIOLATED)
_27278_/B1                              0.75    0.77   -0.02 (VIOLATED)
ANTENNA__27278__B1/DIODE                0.75    0.77   -0.02 (VIOLATED)
ANTENNA__27103__B1/DIODE                0.75    0.77   -0.02 (VIOLATED)
_27103_/B1                              0.75    0.77   -0.02 (VIOLATED)
_22198_/A0                              0.75    0.77   -0.02 (VIOLATED)
ANTENNA__22198__A0/DIODE                0.75    0.77   -0.02 (VIOLATED)
_25244_/A                               0.75    0.77   -0.02 (VIOLATED)
ANTENNA__25244__A/DIODE                 0.75    0.77   -0.02 (VIOLATED)
_26723_/B1                              0.75    0.77   -0.02 (VIOLATED)
ANTENNA__26723__B1/DIODE                0.75    0.77   -0.02 (VIOLATED)
_25243_/Y                               0.75    0.76   -0.01 (VIOLATED)
ANTENNA__21661__A0/DIODE                0.75    0.76   -0.01 (VIOLATED)
_21661_/A0                              0.75    0.76   -0.01 (VIOLATED)
_21369_/X                               0.75    0.76   -0.01 (VIOLATED)
_26070_/B1                              0.75    0.76   -0.01 (VIOLATED)
ANTENNA__26070__B1/DIODE                0.75    0.76   -0.01 (VIOLATED)
ANTENNA__26078__A2_N/DIODE              0.75    0.76   -0.01 (VIOLATED)
_26078_/A2_N                            0.75    0.76   -0.01 (VIOLATED)
_25344_/B1                              0.75    0.76   -0.01 (VIOLATED)
ANTENNA__25344__B1/DIODE                0.75    0.76   -0.01 (VIOLATED)
_23044_/A0                              0.75    0.76   -0.01 (VIOLATED)
ANTENNA__23044__A0/DIODE                0.75    0.76   -0.01 (VIOLATED)
_21972_/A0                              0.75    0.76   -0.01 (VIOLATED)
ANTENNA__21972__A0/DIODE                0.75    0.76   -0.01 (VIOLATED)
_25006_/A                               0.75    0.76   -0.01 (VIOLATED)
ANTENNA__25006__A/DIODE                 0.75    0.76   -0.01 (VIOLATED)
_27107_/A2_N                            0.75    0.76   -0.01 (VIOLATED)
ANTENNA__27107__A2_N/DIODE              0.75    0.76   -0.01 (VIOLATED)
_23313_/A0                              0.75    0.76   -0.01 (VIOLATED)
ANTENNA__23313__A0/DIODE                0.75    0.76   -0.01 (VIOLATED)
_26728_/B1                              0.75    0.76   -0.01 (VIOLATED)
ANTENNA__26728__B1/DIODE                0.75    0.76   -0.01 (VIOLATED)
_26727_/A2_N                            0.75    0.76   -0.01 (VIOLATED)
ANTENNA__26727__A2_N/DIODE              0.75    0.76   -0.01 (VIOLATED)
_25005_/Y                               0.75    0.76   -0.01 (VIOLATED)
_22240_/A0                              0.75    0.76   -0.01 (VIOLATED)
ANTENNA__22240__A0/DIODE                0.75    0.76   -0.01 (VIOLATED)
_22507_/A1                              0.75    0.76   -0.01 (VIOLATED)
ANTENNA__22507__A1/DIODE                0.75    0.76   -0.01 (VIOLATED)
_22776_/A0                              0.75    0.76   -0.01 (VIOLATED)
ANTENNA__22776__A0/DIODE                0.75    0.76   -0.01 (VIOLATED)
_21427_/A1                              0.75    0.76   -0.01 (VIOLATED)
ANTENNA__21427__A1/DIODE                0.75    0.76   -0.01 (VIOLATED)
_21703_/A0                              0.75    0.76   -0.01 (VIOLATED)
ANTENNA__21703__A0/DIODE                0.75    0.76   -0.01 (VIOLATED)
_23596_/A0                              0.75    0.76   -0.01 (VIOLATED)
ANTENNA__23596__A0/DIODE                0.75    0.76   -0.01 (VIOLATED)
ANTENNA__23019__A0/DIODE                0.75    0.76   -0.01 (VIOLATED)
_23019_/A0                              0.75    0.76   -0.01 (VIOLATED)
_21947_/A0                              0.75    0.76   -0.01 (VIOLATED)
ANTENNA__21947__A0/DIODE                0.75    0.76   -0.01 (VIOLATED)
_22482_/A1                              0.75    0.76   -0.01 (VIOLATED)
ANTENNA__22482__A1/DIODE                0.75    0.76   -0.01 (VIOLATED)
_22751_/A0                              0.75    0.76   -0.01 (VIOLATED)
ANTENNA__22751__A0/DIODE                0.75    0.76   -0.01 (VIOLATED)
_23288_/A0                              0.75    0.76   -0.01 (VIOLATED)
ANTENNA__23288__A0/DIODE                0.75    0.76   -0.01 (VIOLATED)
_21426_/X                               0.75    0.76   -0.01 (VIOLATED)
_21394_/A1                              0.75    0.76   -0.01 (VIOLATED)
ANTENNA__21394__A1/DIODE                0.75    0.76   -0.01 (VIOLATED)
_23571_/A0                              0.75    0.76   -0.01 (VIOLATED)
ANTENNA__23571__A0/DIODE                0.75    0.76   -0.01 (VIOLATED)
_22215_/A0                              0.75    0.76   -0.01 (VIOLATED)
ANTENNA__22215__A0/DIODE                0.75    0.76   -0.01 (VIOLATED)
ANTENNA__21678__A0/DIODE                0.75    0.76   -0.01 (VIOLATED)
_21678_/A0                              0.75    0.76   -0.01 (VIOLATED)
_21393_/X                               0.75    0.76   -0.01 (VIOLATED)
ANTENNA__22297__A1/DIODE                0.75    0.76   -0.01 (VIOLATED)
_22297_/A1                              0.75    0.76   -0.01 (VIOLATED)
_22834_/A0                              0.75    0.76   -0.01 (VIOLATED)
ANTENNA__22834__A0/DIODE                0.75    0.76   -0.01 (VIOLATED)
_21761_/A0                              0.75    0.76   -0.01 (VIOLATED)
ANTENNA__21761__A0/DIODE                0.75    0.76   -0.01 (VIOLATED)
_23102_/A0                              0.75    0.76   -0.01 (VIOLATED)
ANTENNA__23102__A0/DIODE                0.75    0.76   -0.01 (VIOLATED)
_22566_/A0                              0.75    0.76   -0.01 (VIOLATED)
ANTENNA__22566__A0/DIODE                0.75    0.76   -0.01 (VIOLATED)
_21144_/A1                              0.75    0.76   -0.01 (VIOLATED)
ANTENNA__21144__A1/DIODE                0.75    0.76   -0.01 (VIOLATED)
_22030_/A0                              0.75    0.76   -0.01 (VIOLATED)
_21493_/A0                              0.75    0.76   -0.01 (VIOLATED)
ANTENNA__21493__A0/DIODE                0.75    0.76   -0.01 (VIOLATED)
ANTENNA__22030__A0/DIODE                0.75    0.76   -0.01 (VIOLATED)
_23386_/A0                              0.75    0.76   -0.01 (VIOLATED)
ANTENNA__23386__A0/DIODE                0.75    0.76   -0.01 (VIOLATED)
_21143_/X                               0.75    0.76   -0.01 (VIOLATED)
_22306_/A1                              0.75    0.76   -0.01 (VIOLATED)
ANTENNA__22306__A1/DIODE                0.75    0.76   -0.01 (VIOLATED)
_22574_/A0                              0.75    0.76   -0.01 (VIOLATED)
ANTENNA__22574__A0/DIODE                0.75    0.76   -0.01 (VIOLATED)
_25170_/B1                              0.75    0.76   -0.01 (VIOLATED)
ANTENNA__25170__B1/DIODE                0.75    0.76   -0.01 (VIOLATED)
ANTENNA__26499__B1/DIODE                0.75    0.76   -0.01 (VIOLATED)
_26499_/B1                              0.75    0.76   -0.01 (VIOLATED)
_25863_/A                               0.75    0.76   -0.01 (VIOLATED)
ANTENNA__25863__A/DIODE                 0.75    0.76   -0.01 (VIOLATED)
_21157_/A1                              0.75    0.76   -0.01 (VIOLATED)
ANTENNA__26014__B1/DIODE                0.75    0.76   -0.01 (VIOLATED)
_26014_/B1                              0.75    0.76   -0.01 (VIOLATED)
ANTENNA__21157__A1/DIODE                0.75    0.76   -0.01 (VIOLATED)
_21501_/A0                              0.75    0.76   -0.01 (VIOLATED)
ANTENNA__21501__A0/DIODE                0.75    0.76   -0.01 (VIOLATED)
_27085_/B1                              0.75    0.76   -0.01 (VIOLATED)
ANTENNA__27085__B1/DIODE                0.75    0.76   -0.01 (VIOLATED)
_25753_/A                               0.75    0.76   -0.01 (VIOLATED)
ANTENNA__25753__A/DIODE                 0.75    0.76   -0.01 (VIOLATED)
_26041_/B1                              0.75    0.76   -0.01 (VIOLATED)
ANTENNA__26041__B1/DIODE                0.75    0.76   -0.01 (VIOLATED)
ANTENNA__27275__B1/DIODE                0.75    0.76   -0.01 (VIOLATED)
_27275_/B1                              0.75    0.76   -0.01 (VIOLATED)
_26706_/B1                              0.75    0.76   -0.01 (VIOLATED)
_26707_/B1                              0.75    0.76   -0.01 (VIOLATED)
ANTENNA__26706__B1/DIODE                0.75    0.76   -0.01 (VIOLATED)
ANTENNA__27102__B1/DIODE                0.75    0.76   -0.01 (VIOLATED)
ANTENNA__26707__B1/DIODE                0.75    0.76   -0.01 (VIOLATED)
_27102_/B1                              0.75    0.76   -0.01 (VIOLATED)
_27101_/B1                              0.75    0.76   -0.01 (VIOLATED)
ANTENNA__27101__B1/DIODE                0.75    0.76   -0.01 (VIOLATED)
_26721_/B1                              0.75    0.76   -0.01 (VIOLATED)
ANTENNA__26721__B1/DIODE                0.75    0.76   -0.01 (VIOLATED)
_26722_/B1                              0.75    0.76   -0.01 (VIOLATED)
ANTENNA__26722__B1/DIODE                0.75    0.76   -0.01 (VIOLATED)
_25752_/Y                               0.75    0.76   -0.01 (VIOLATED)
_26485_/B1                              0.75    0.76   -0.01 (VIOLATED)
_25153_/Y                               0.75    0.76   -0.01 (VIOLATED)
ANTENNA__26485__B1/DIODE                0.75    0.76   -0.01 (VIOLATED)
ANTENNA__26113__B1/DIODE                0.75    0.76   -0.01 (VIOLATED)
_26113_/B1                              0.75    0.76   -0.01 (VIOLATED)
_26280_/B1                              0.75    0.76   -0.01 (VIOLATED)
ANTENNA__26280__B1/DIODE                0.75    0.76   -0.01 (VIOLATED)
ANTENNA__27161__A2_N/DIODE              0.75    0.76   -0.01 (VIOLATED)
_27161_/A2_N                            0.75    0.76   -0.01 (VIOLATED)
_22842_/A0                              0.75    0.76   -0.01 (VIOLATED)
ANTENNA__22842__A0/DIODE                0.75    0.76   -0.01 (VIOLATED)
_21769_/A0                              0.75    0.76   -0.01 (VIOLATED)
ANTENNA__21769__A0/DIODE                0.75    0.76   -0.01 (VIOLATED)
_23110_/A0                              0.75    0.76   -0.01 (VIOLATED)
ANTENNA__23110__A0/DIODE                0.75    0.76   -0.01 (VIOLATED)
_26955_/A2_N                            0.75    0.76   -0.01 (VIOLATED)
ANTENNA__26955__A2_N/DIODE              0.75    0.76   -0.01 (VIOLATED)
ANTENNA__22038__A0/DIODE                0.75    0.76   -0.01 (VIOLATED)
_22038_/A0                              0.75    0.76   -0.01 (VIOLATED)
_25024_/A                               0.75    0.76   -0.01 (VIOLATED)
ANTENNA__25024__A/DIODE                 0.75    0.76   -0.01 (VIOLATED)
_26576_/A2_N                            0.75    0.76   -0.01 (VIOLATED)
ANTENNA__26576__A2_N/DIODE              0.75    0.76   -0.01 (VIOLATED)
_25023_/Y                               0.75    0.76   -0.01 (VIOLATED)
ANTENNA__23394__A0/DIODE                0.75    0.76   -0.01 (VIOLATED)
_23394_/A0                              0.75    0.76   -0.01 (VIOLATED)
_21156_/X                               0.75    0.76   -0.01 (VIOLATED)
_23275_/A0                              0.75    0.75   -0.00 (VIOLATED)
ANTENNA__23275__A0/DIODE                0.75    0.75   -0.00 (VIOLATED)
ANTENNA__21934__A0/DIODE                0.75    0.75   -0.00 (VIOLATED)
_21934_/A0                              0.75    0.75   -0.00 (VIOLATED)
ANTENNA__23006__A0/DIODE                0.75    0.75   -0.00 (VIOLATED)
_23006_/A0                              0.75    0.75   -0.00 (VIOLATED)

max fanout

Pin                                   Limit Fanout  Slack
---------------------------------------------------------
clkbuf_5_23__f_clk/X                     10     44    -34 (VIOLATED)
clkbuf_5_12__f_clk/X                     10     36    -26 (VIOLATED)
clkbuf_5_19__f_clk/X                     10     36    -26 (VIOLATED)
clkbuf_5_15__f_clk/X                     10     34    -24 (VIOLATED)
clkbuf_5_16__f_clk/X                     10     34    -24 (VIOLATED)
clkbuf_5_18__f_clk/X                     10     34    -24 (VIOLATED)
clkbuf_5_20__f_clk/X                     10     34    -24 (VIOLATED)
clkbuf_5_26__f_clk/X                     10     34    -24 (VIOLATED)
clkbuf_5_22__f_clk/X                     10     32    -22 (VIOLATED)
clkbuf_5_27__f_clk/X                     10     32    -22 (VIOLATED)
clkbuf_5_24__f_clk/X                     10     30    -20 (VIOLATED)
clkbuf_5_30__f_clk/X                     10     30    -20 (VIOLATED)
clkbuf_5_13__f_clk/X                     10     28    -18 (VIOLATED)
clkbuf_5_17__f_clk/X                     10     28    -18 (VIOLATED)
clkbuf_5_25__f_clk/X                     10     28    -18 (VIOLATED)
clkbuf_5_28__f_clk/X                     10     28    -18 (VIOLATED)
clkbuf_5_29__f_clk/X                     10     28    -18 (VIOLATED)
clkbuf_5_31__f_clk/X                     10     28    -18 (VIOLATED)
clkbuf_5_9__f_clk/X                      10     28    -18 (VIOLATED)
clkbuf_5_14__f_clk/X                     10     24    -14 (VIOLATED)
clkbuf_5_1__f_clk/X                      10     24    -14 (VIOLATED)
clkbuf_5_11__f_clk/X                     10     22    -12 (VIOLATED)
clkbuf_5_5__f_clk/X                      10     22    -12 (VIOLATED)
clkbuf_5_7__f_clk/X                      10     22    -12 (VIOLATED)
clkbuf_5_8__f_clk/X                      10     22    -12 (VIOLATED)
_25227_/X                                10     21    -11 (VIOLATED)
_25949_/X                                10     21    -11 (VIOLATED)
_26185_/X                                10     21    -11 (VIOLATED)
_26279_/X                                10     21    -11 (VIOLATED)
_19795_/X                                10     20    -10 (VIOLATED)
_19796_/X                                10     20    -10 (VIOLATED)
_19799_/X                                10     20    -10 (VIOLATED)
_19834_/X                                10     20    -10 (VIOLATED)
_19873_/X                                10     20    -10 (VIOLATED)
_19892_/X                                10     20    -10 (VIOLATED)
_19893_/X                                10     20    -10 (VIOLATED)
_19992_/X                                10     20    -10 (VIOLATED)
_20036_/X                                10     20    -10 (VIOLATED)
_20050_/X                                10     20    -10 (VIOLATED)
_20057_/X                                10     20    -10 (VIOLATED)
_20094_/X                                10     20    -10 (VIOLATED)
_20136_/X                                10     20    -10 (VIOLATED)
_20201_/X                                10     20    -10 (VIOLATED)
_20368_/X                                10     20    -10 (VIOLATED)
_20374_/X                                10     20    -10 (VIOLATED)
_20415_/X                                10     20    -10 (VIOLATED)
_20422_/X                                10     20    -10 (VIOLATED)
_20518_/X                                10     20    -10 (VIOLATED)
_20557_/X                                10     20    -10 (VIOLATED)
_20700_/X                                10     20    -10 (VIOLATED)
_20744_/X                                10     20    -10 (VIOLATED)
_20800_/X                                10     20    -10 (VIOLATED)
_20812_/X                                10     20    -10 (VIOLATED)
_20823_/X                                10     20    -10 (VIOLATED)
_20831_/X                                10     20    -10 (VIOLATED)
_20895_/X                                10     20    -10 (VIOLATED)
_21064_/X                                10     20    -10 (VIOLATED)
_21080_/X                                10     20    -10 (VIOLATED)
_21086_/X                                10     20    -10 (VIOLATED)
_21102_/X                                10     20    -10 (VIOLATED)
_21106_/X                                10     20    -10 (VIOLATED)
_21113_/X                                10     20    -10 (VIOLATED)
_21128_/X                                10     20    -10 (VIOLATED)
_21139_/X                                10     20    -10 (VIOLATED)
_21146_/X                                10     20    -10 (VIOLATED)
_21159_/X                                10     20    -10 (VIOLATED)
_21217_/X                                10     20    -10 (VIOLATED)
_21270_/X                                10     20    -10 (VIOLATED)
_21298_/X                                10     20    -10 (VIOLATED)
_21325_/X                                10     20    -10 (VIOLATED)
_21354_/X                                10     20    -10 (VIOLATED)
_21384_/X                                10     20    -10 (VIOLATED)
_21413_/X                                10     20    -10 (VIOLATED)
_21503_/X                                10     20    -10 (VIOLATED)
_21545_/X                                10     20    -10 (VIOLATED)
_21587_/X                                10     20    -10 (VIOLATED)
_21608_/X                                10     20    -10 (VIOLATED)
_21629_/X                                10     20    -10 (VIOLATED)
_21650_/X                                10     20    -10 (VIOLATED)
_21671_/X                                10     20    -10 (VIOLATED)
_21692_/X                                10     20    -10 (VIOLATED)
_21835_/X                                10     20    -10 (VIOLATED)
_21856_/X                                10     20    -10 (VIOLATED)
_22019_/X                                10     20    -10 (VIOLATED)
_22166_/X                                10     20    -10 (VIOLATED)
_22284_/X                                10     20    -10 (VIOLATED)
_22305_/X                                10     20    -10 (VIOLATED)
_22326_/X                                10     20    -10 (VIOLATED)
_22347_/X                                10     20    -10 (VIOLATED)
_22389_/X                                10     20    -10 (VIOLATED)
_22410_/X                                10     20    -10 (VIOLATED)
_22431_/X                                10     20    -10 (VIOLATED)
_22452_/X                                10     20    -10 (VIOLATED)
_22494_/X                                10     20    -10 (VIOLATED)
_22515_/X                                10     20    -10 (VIOLATED)
_22555_/X                                10     20    -10 (VIOLATED)
_22576_/X                                10     20    -10 (VIOLATED)
_22618_/X                                10     20    -10 (VIOLATED)
_22660_/X                                10     20    -10 (VIOLATED)
_22702_/X                                10     20    -10 (VIOLATED)
_22765_/X                                10     20    -10 (VIOLATED)
_22823_/X                                10     20    -10 (VIOLATED)
_23380_/X                                10     20    -10 (VIOLATED)
_23733_/X                                10     20    -10 (VIOLATED)
_23787_/X                                10     20    -10 (VIOLATED)
_23905_/X                                10     20    -10 (VIOLATED)
_23906_/X                                10     20    -10 (VIOLATED)
_23907_/X                                10     20    -10 (VIOLATED)
_23912_/X                                10     20    -10 (VIOLATED)
_23913_/X                                10     20    -10 (VIOLATED)
_23953_/X                                10     20    -10 (VIOLATED)
_23975_/X                                10     20    -10 (VIOLATED)
_23996_/X                                10     20    -10 (VIOLATED)
_24017_/X                                10     20    -10 (VIOLATED)
_24123_/X                                10     20    -10 (VIOLATED)
_24165_/X                                10     20    -10 (VIOLATED)
_24233_/X                                10     20    -10 (VIOLATED)
_24527_/X                                10     20    -10 (VIOLATED)
_24556_/X                                10     20    -10 (VIOLATED)
_24609_/X                                10     20    -10 (VIOLATED)
_24614_/X                                10     20    -10 (VIOLATED)
_24615_/X                                10     20    -10 (VIOLATED)
_24618_/X                                10     20    -10 (VIOLATED)
_24619_/X                                10     20    -10 (VIOLATED)
_24622_/X                                10     20    -10 (VIOLATED)
_24623_/X                                10     20    -10 (VIOLATED)
_24626_/X                                10     20    -10 (VIOLATED)
_24627_/X                                10     20    -10 (VIOLATED)
_24630_/X                                10     20    -10 (VIOLATED)
_24631_/X                                10     20    -10 (VIOLATED)
_24633_/X                                10     20    -10 (VIOLATED)
_24637_/X                                10     20    -10 (VIOLATED)
_24638_/X                                10     20    -10 (VIOLATED)
_24643_/X                                10     20    -10 (VIOLATED)
_24644_/X                                10     20    -10 (VIOLATED)
_24647_/X                                10     20    -10 (VIOLATED)
_24648_/X                                10     20    -10 (VIOLATED)
_24676_/X                                10     20    -10 (VIOLATED)
_24677_/X                                10     20    -10 (VIOLATED)
_24678_/X                                10     20    -10 (VIOLATED)
_24679_/X                                10     20    -10 (VIOLATED)
_24681_/X                                10     20    -10 (VIOLATED)
_24682_/X                                10     20    -10 (VIOLATED)
_24687_/X                                10     20    -10 (VIOLATED)
_24688_/X                                10     20    -10 (VIOLATED)
_24691_/X                                10     20    -10 (VIOLATED)
_24693_/X                                10     20    -10 (VIOLATED)
_24696_/X                                10     20    -10 (VIOLATED)
_24698_/X                                10     20    -10 (VIOLATED)
_24700_/X                                10     20    -10 (VIOLATED)
_24702_/X                                10     20    -10 (VIOLATED)
_24706_/X                                10     20    -10 (VIOLATED)
_24707_/X                                10     20    -10 (VIOLATED)
_24708_/X                                10     20    -10 (VIOLATED)
_24711_/X                                10     20    -10 (VIOLATED)
_24713_/X                                10     20    -10 (VIOLATED)
_24714_/X                                10     20    -10 (VIOLATED)
_24716_/X                                10     20    -10 (VIOLATED)
_24717_/X                                10     20    -10 (VIOLATED)
_24720_/X                                10     20    -10 (VIOLATED)
_24721_/X                                10     20    -10 (VIOLATED)
_24724_/X                                10     20    -10 (VIOLATED)
_24728_/X                                10     20    -10 (VIOLATED)
_24730_/X                                10     20    -10 (VIOLATED)
_24733_/X                                10     20    -10 (VIOLATED)
_24734_/X                                10     20    -10 (VIOLATED)
_24736_/X                                10     20    -10 (VIOLATED)
_24738_/X                                10     20    -10 (VIOLATED)
_24740_/X                                10     20    -10 (VIOLATED)
_24744_/X                                10     20    -10 (VIOLATED)
_24747_/X                                10     20    -10 (VIOLATED)
_24749_/X                                10     20    -10 (VIOLATED)
_24750_/X                                10     20    -10 (VIOLATED)
_24752_/X                                10     20    -10 (VIOLATED)
_24753_/X                                10     20    -10 (VIOLATED)
_24755_/X                                10     20    -10 (VIOLATED)
_24757_/X                                10     20    -10 (VIOLATED)
_24761_/X                                10     20    -10 (VIOLATED)
_24762_/X                                10     20    -10 (VIOLATED)
_24766_/X                                10     20    -10 (VIOLATED)
_24768_/X                                10     20    -10 (VIOLATED)
_24772_/X                                10     20    -10 (VIOLATED)
_24782_/X                                10     20    -10 (VIOLATED)
_24787_/X                                10     20    -10 (VIOLATED)
_24788_/X                                10     20    -10 (VIOLATED)
_24790_/X                                10     20    -10 (VIOLATED)
_24792_/X                                10     20    -10 (VIOLATED)
_24796_/X                                10     20    -10 (VIOLATED)
_24805_/X                                10     20    -10 (VIOLATED)
_24807_/X                                10     20    -10 (VIOLATED)
_24810_/X                                10     20    -10 (VIOLATED)
_24812_/X                                10     20    -10 (VIOLATED)
_24817_/X                                10     20    -10 (VIOLATED)
_24818_/X                                10     20    -10 (VIOLATED)
_24821_/X                                10     20    -10 (VIOLATED)
_24823_/X                                10     20    -10 (VIOLATED)
_24828_/X                                10     20    -10 (VIOLATED)
_24832_/X                                10     20    -10 (VIOLATED)
_24834_/X                                10     20    -10 (VIOLATED)
_24836_/X                                10     20    -10 (VIOLATED)
_24837_/X                                10     20    -10 (VIOLATED)
_24839_/X                                10     20    -10 (VIOLATED)
_24840_/X                                10     20    -10 (VIOLATED)
_24842_/X                                10     20    -10 (VIOLATED)
_24846_/X                                10     20    -10 (VIOLATED)
_24848_/X                                10     20    -10 (VIOLATED)
_24849_/X                                10     20    -10 (VIOLATED)
_24851_/X                                10     20    -10 (VIOLATED)
_24853_/X                                10     20    -10 (VIOLATED)
_24858_/X                                10     20    -10 (VIOLATED)
_24867_/X                                10     20    -10 (VIOLATED)
_24869_/X                                10     20    -10 (VIOLATED)
_24871_/X                                10     20    -10 (VIOLATED)
_24872_/X                                10     20    -10 (VIOLATED)
_24874_/X                                10     20    -10 (VIOLATED)
_24875_/X                                10     20    -10 (VIOLATED)
_24877_/X                                10     20    -10 (VIOLATED)
_24878_/X                                10     20    -10 (VIOLATED)
_24880_/X                                10     20    -10 (VIOLATED)
_24884_/X                                10     20    -10 (VIOLATED)
_24888_/X                                10     20    -10 (VIOLATED)
_24894_/X                                10     20    -10 (VIOLATED)
_24895_/X                                10     20    -10 (VIOLATED)
_24897_/X                                10     20    -10 (VIOLATED)
_24898_/X                                10     20    -10 (VIOLATED)
_24899_/X                                10     20    -10 (VIOLATED)
_24901_/X                                10     20    -10 (VIOLATED)
_24902_/X                                10     20    -10 (VIOLATED)
_24903_/X                                10     20    -10 (VIOLATED)
_24909_/X                                10     20    -10 (VIOLATED)
_24916_/X                                10     20    -10 (VIOLATED)
_24921_/X                                10     20    -10 (VIOLATED)
_24933_/X                                10     20    -10 (VIOLATED)
_24938_/X                                10     20    -10 (VIOLATED)
_24939_/X                                10     20    -10 (VIOLATED)
_24948_/X                                10     20    -10 (VIOLATED)
_24957_/X                                10     20    -10 (VIOLATED)
_24967_/X                                10     20    -10 (VIOLATED)
_24976_/X                                10     20    -10 (VIOLATED)
_24985_/X                                10     20    -10 (VIOLATED)
_24993_/X                                10     20    -10 (VIOLATED)
_24998_/X                                10     20    -10 (VIOLATED)
_25001_/X                                10     20    -10 (VIOLATED)
_25006_/X                                10     20    -10 (VIOLATED)
_25015_/X                                10     20    -10 (VIOLATED)
_25024_/X                                10     20    -10 (VIOLATED)
_25032_/X                                10     20    -10 (VIOLATED)
_25036_/X                                10     20    -10 (VIOLATED)
_25043_/X                                10     20    -10 (VIOLATED)
_25052_/X                                10     20    -10 (VIOLATED)
_25113_/X                                10     20    -10 (VIOLATED)
_25130_/X                                10     20    -10 (VIOLATED)
_25161_/Y                                10     20    -10 (VIOLATED)
_25180_/X                                10     20    -10 (VIOLATED)
_25191_/X                                10     20    -10 (VIOLATED)
_25200_/X                                10     20    -10 (VIOLATED)
_25208_/X                                10     20    -10 (VIOLATED)
_25218_/X                                10     20    -10 (VIOLATED)
_25236_/X                                10     20    -10 (VIOLATED)
_25244_/X                                10     20    -10 (VIOLATED)
_25260_/X                                10     20    -10 (VIOLATED)
_25271_/X                                10     20    -10 (VIOLATED)
_25296_/X                                10     20    -10 (VIOLATED)
_25304_/X                                10     20    -10 (VIOLATED)
_25314_/X                                10     20    -10 (VIOLATED)
_25323_/X                                10     20    -10 (VIOLATED)
_25332_/X                                10     20    -10 (VIOLATED)
_25410_/X                                10     20    -10 (VIOLATED)
_25418_/X                                10     20    -10 (VIOLATED)
_25444_/X                                10     20    -10 (VIOLATED)
_25453_/X                                10     20    -10 (VIOLATED)
_25461_/X                                10     20    -10 (VIOLATED)
_25472_/X                                10     20    -10 (VIOLATED)
_25480_/X                                10     20    -10 (VIOLATED)
_25488_/X                                10     20    -10 (VIOLATED)
_25498_/X                                10     20    -10 (VIOLATED)
_25507_/X                                10     20    -10 (VIOLATED)
_25516_/X                                10     20    -10 (VIOLATED)
_25537_/X                                10     20    -10 (VIOLATED)
_25545_/X                                10     20    -10 (VIOLATED)
_25554_/X                                10     20    -10 (VIOLATED)
_25557_/X                                10     20    -10 (VIOLATED)
_25566_/X                                10     20    -10 (VIOLATED)
_25577_/X                                10     20    -10 (VIOLATED)
_25586_/X                                10     20    -10 (VIOLATED)
_25596_/X                                10     20    -10 (VIOLATED)
_25597_/X                                10     20    -10 (VIOLATED)
_25607_/X                                10     20    -10 (VIOLATED)
_25615_/X                                10     20    -10 (VIOLATED)
_25623_/X                                10     20    -10 (VIOLATED)
_25632_/X                                10     20    -10 (VIOLATED)
_25641_/X                                10     20    -10 (VIOLATED)
_25651_/X                                10     20    -10 (VIOLATED)
_25660_/X                                10     20    -10 (VIOLATED)
_25668_/X                                10     20    -10 (VIOLATED)
_25671_/X                                10     20    -10 (VIOLATED)
_25684_/X                                10     20    -10 (VIOLATED)
_25692_/X                                10     20    -10 (VIOLATED)
_25700_/X                                10     20    -10 (VIOLATED)
_25710_/X                                10     20    -10 (VIOLATED)
_25718_/X                                10     20    -10 (VIOLATED)
_25736_/X                                10     20    -10 (VIOLATED)
_25744_/X                                10     20    -10 (VIOLATED)
_25745_/X                                10     20    -10 (VIOLATED)
_25753_/X                                10     20    -10 (VIOLATED)
_25763_/X                                10     20    -10 (VIOLATED)
_25767_/X                                10     20    -10 (VIOLATED)
_25775_/X                                10     20    -10 (VIOLATED)
_25776_/X                                10     20    -10 (VIOLATED)
_25787_/X                                10     20    -10 (VIOLATED)
_25798_/X                                10     20    -10 (VIOLATED)
_25806_/X                                10     20    -10 (VIOLATED)
_25807_/X                                10     20    -10 (VIOLATED)
_25818_/X                                10     20    -10 (VIOLATED)
_25832_/X                                10     20    -10 (VIOLATED)
_25842_/X                                10     20    -10 (VIOLATED)
_25844_/X                                10     20    -10 (VIOLATED)
_25847_/X                                10     20    -10 (VIOLATED)
_25856_/X                                10     20    -10 (VIOLATED)
_25862_/X                                10     20    -10 (VIOLATED)
_25863_/X                                10     20    -10 (VIOLATED)
_25873_/X                                10     20    -10 (VIOLATED)
_25875_/X                                10     20    -10 (VIOLATED)
_25879_/X                                10     20    -10 (VIOLATED)
_25882_/X                                10     20    -10 (VIOLATED)
_25883_/X                                10     20    -10 (VIOLATED)
_25884_/X                                10     20    -10 (VIOLATED)
_25906_/X                                10     20    -10 (VIOLATED)
_25911_/X                                10     20    -10 (VIOLATED)
_25912_/X                                10     20    -10 (VIOLATED)
_25922_/X                                10     20    -10 (VIOLATED)
_25931_/X                                10     20    -10 (VIOLATED)
_25936_/X                                10     20    -10 (VIOLATED)
_25937_/X                                10     20    -10 (VIOLATED)
_25938_/X                                10     20    -10 (VIOLATED)
_25952_/X                                10     20    -10 (VIOLATED)
_25964_/X                                10     20    -10 (VIOLATED)
_25971_/X                                10     20    -10 (VIOLATED)
_25979_/X                                10     20    -10 (VIOLATED)
_25985_/X                                10     20    -10 (VIOLATED)
_25990_/X                                10     20    -10 (VIOLATED)
_26087_/X                                10     20    -10 (VIOLATED)
_26123_/X                                10     20    -10 (VIOLATED)
_26145_/X                                10     20    -10 (VIOLATED)
_26156_/X                                10     20    -10 (VIOLATED)
_26158_/X                                10     20    -10 (VIOLATED)
_26175_/X                                10     20    -10 (VIOLATED)
_26217_/X                                10     20    -10 (VIOLATED)
_26247_/X                                10     20    -10 (VIOLATED)
_26252_/X                                10     20    -10 (VIOLATED)
_26264_/X                                10     20    -10 (VIOLATED)
_26291_/X                                10     20    -10 (VIOLATED)
_26302_/X                                10     20    -10 (VIOLATED)
_26308_/X                                10     20    -10 (VIOLATED)
_26316_/X                                10     20    -10 (VIOLATED)
_26335_/X                                10     20    -10 (VIOLATED)
_26337_/X                                10     20    -10 (VIOLATED)
_26357_/X                                10     20    -10 (VIOLATED)
_26358_/X                                10     20    -10 (VIOLATED)
_26450_/X                                10     20    -10 (VIOLATED)
_26454_/X                                10     20    -10 (VIOLATED)
_26482_/X                                10     20    -10 (VIOLATED)
_26747_/X                                10     20    -10 (VIOLATED)
_26786_/X                                10     20    -10 (VIOLATED)
_26798_/X                                10     20    -10 (VIOLATED)
_26957_/X                                10     20    -10 (VIOLATED)
_26958_/X                                10     20    -10 (VIOLATED)
_27049_/X                                10     20    -10 (VIOLATED)
_27057_/X                                10     20    -10 (VIOLATED)
_27090_/X                                10     20    -10 (VIOLATED)
_27135_/X                                10     20    -10 (VIOLATED)
_27185_/X                                10     20    -10 (VIOLATED)
_27216_/X                                10     20    -10 (VIOLATED)
_27226_/X                                10     20    -10 (VIOLATED)
_27314_/X                                10     20    -10 (VIOLATED)
_27366_/X                                10     20    -10 (VIOLATED)
_27407_/Y                                10     20    -10 (VIOLATED)
_27473_/X                                10     20    -10 (VIOLATED)
_27608_/X                                10     20    -10 (VIOLATED)
_27609_/X                                10     20    -10 (VIOLATED)
_27611_/X                                10     20    -10 (VIOLATED)
_27631_/X                                10     20    -10 (VIOLATED)
_27632_/X                                10     20    -10 (VIOLATED)
_27635_/X                                10     20    -10 (VIOLATED)
_27636_/X                                10     20    -10 (VIOLATED)
_27823_/X                                10     20    -10 (VIOLATED)
_27950_/X                                10     20    -10 (VIOLATED)
_27954_/X                                10     20    -10 (VIOLATED)
_27955_/X                                10     20    -10 (VIOLATED)
_27959_/X                                10     20    -10 (VIOLATED)
_27960_/X                                10     20    -10 (VIOLATED)
_27964_/X                                10     20    -10 (VIOLATED)
_27965_/X                                10     20    -10 (VIOLATED)
_27970_/X                                10     20    -10 (VIOLATED)
_27971_/X                                10     20    -10 (VIOLATED)
_27976_/X                                10     20    -10 (VIOLATED)
_27980_/X                                10     20    -10 (VIOLATED)
_27981_/X                                10     20    -10 (VIOLATED)
_27987_/X                                10     20    -10 (VIOLATED)
_28008_/X                                10     20    -10 (VIOLATED)
_28135_/X                                10     20    -10 (VIOLATED)
_28198_/X                                10     20    -10 (VIOLATED)
_28276_/X                                10     20    -10 (VIOLATED)
_28298_/X                                10     20    -10 (VIOLATED)
_28319_/X                                10     20    -10 (VIOLATED)
_28340_/X                                10     20    -10 (VIOLATED)
_28361_/X                                10     20    -10 (VIOLATED)
_28382_/X                                10     20    -10 (VIOLATED)
_28403_/X                                10     20    -10 (VIOLATED)
_28424_/X                                10     20    -10 (VIOLATED)
_28466_/X                                10     20    -10 (VIOLATED)
_28487_/X                                10     20    -10 (VIOLATED)
_28544_/X                                10     20    -10 (VIOLATED)
_28566_/X                                10     20    -10 (VIOLATED)
_28587_/X                                10     20    -10 (VIOLATED)
_28608_/X                                10     20    -10 (VIOLATED)
_28650_/X                                10     20    -10 (VIOLATED)
_28671_/X                                10     20    -10 (VIOLATED)
_28734_/X                                10     20    -10 (VIOLATED)
_28755_/X                                10     20    -10 (VIOLATED)
_28812_/X                                10     20    -10 (VIOLATED)
_28834_/X                                10     20    -10 (VIOLATED)
_28855_/X                                10     20    -10 (VIOLATED)
_28876_/X                                10     20    -10 (VIOLATED)
_28897_/X                                10     20    -10 (VIOLATED)
_28918_/X                                10     20    -10 (VIOLATED)
_28939_/X                                10     20    -10 (VIOLATED)
_28981_/X                                10     20    -10 (VIOLATED)
_29002_/X                                10     20    -10 (VIOLATED)
_29023_/X                                10     20    -10 (VIOLATED)
_29080_/X                                10     20    -10 (VIOLATED)
_29102_/X                                10     20    -10 (VIOLATED)
_29123_/X                                10     20    -10 (VIOLATED)
_29144_/X                                10     20    -10 (VIOLATED)
_29165_/X                                10     20    -10 (VIOLATED)
_29186_/X                                10     20    -10 (VIOLATED)
_29207_/X                                10     20    -10 (VIOLATED)
_29270_/X                                10     20    -10 (VIOLATED)
_29348_/X                                10     20    -10 (VIOLATED)
_29370_/X                                10     20    -10 (VIOLATED)
_29391_/X                                10     20    -10 (VIOLATED)
_29412_/X                                10     20    -10 (VIOLATED)
_29454_/X                                10     20    -10 (VIOLATED)
_29475_/X                                10     20    -10 (VIOLATED)
_29538_/X                                10     20    -10 (VIOLATED)
_29559_/X                                10     20    -10 (VIOLATED)
_29616_/X                                10     20    -10 (VIOLATED)
_29638_/X                                10     20    -10 (VIOLATED)
_29659_/X                                10     20    -10 (VIOLATED)
_29680_/X                                10     20    -10 (VIOLATED)
_29701_/X                                10     20    -10 (VIOLATED)
_29722_/X                                10     20    -10 (VIOLATED)
_29743_/X                                10     20    -10 (VIOLATED)
_29806_/X                                10     20    -10 (VIOLATED)
_29827_/X                                10     20    -10 (VIOLATED)
_30047_/X                                10     20    -10 (VIOLATED)
_30055_/X                                10     20    -10 (VIOLATED)
_30063_/X                                10     20    -10 (VIOLATED)
_30066_/X                                10     20    -10 (VIOLATED)
_30109_/X                                10     20    -10 (VIOLATED)
_30362_/X                                10     20    -10 (VIOLATED)
_30365_/X                                10     20    -10 (VIOLATED)
_30598_/X                                10     20    -10 (VIOLATED)
_30620_/X                                10     20    -10 (VIOLATED)
_30641_/X                                10     20    -10 (VIOLATED)
_30662_/X                                10     20    -10 (VIOLATED)
_30704_/X                                10     20    -10 (VIOLATED)
_30725_/X                                10     20    -10 (VIOLATED)
_30788_/X                                10     20    -10 (VIOLATED)
_30850_/X                                10     20    -10 (VIOLATED)
_30989_/X                                10     20    -10 (VIOLATED)
_30993_/X                                10     20    -10 (VIOLATED)
_30995_/X                                10     20    -10 (VIOLATED)
_31068_/X                                10     20    -10 (VIOLATED)
_31072_/X                                10     20    -10 (VIOLATED)
_31074_/X                                10     20    -10 (VIOLATED)
_31079_/X                                10     20    -10 (VIOLATED)
_31136_/X                                10     20    -10 (VIOLATED)
_31138_/X                                10     20    -10 (VIOLATED)
_31190_/X                                10     20    -10 (VIOLATED)
_31228_/X                                10     20    -10 (VIOLATED)
_31310_/X                                10     20    -10 (VIOLATED)
_31343_/X                                10     20    -10 (VIOLATED)
_31516_/X                                10     20    -10 (VIOLATED)
_31521_/X                                10     20    -10 (VIOLATED)
_31734_/X                                10     20    -10 (VIOLATED)
_32102_/X                                10     20    -10 (VIOLATED)
_32139_/X                                10     20    -10 (VIOLATED)
_32325_/X                                10     20    -10 (VIOLATED)
_32392_/X                                10     20    -10 (VIOLATED)
_32393_/X                                10     20    -10 (VIOLATED)
_32447_/X                                10     20    -10 (VIOLATED)
_32449_/X                                10     20    -10 (VIOLATED)
_32577_/X                                10     20    -10 (VIOLATED)
_32661_/X                                10     20    -10 (VIOLATED)
_32666_/X                                10     20    -10 (VIOLATED)
_32667_/X                                10     20    -10 (VIOLATED)
_32708_/X                                10     20    -10 (VIOLATED)
_32822_/X                                10     20    -10 (VIOLATED)
_32830_/X                                10     20    -10 (VIOLATED)
_33043_/X                                10     20    -10 (VIOLATED)
_33044_/X                                10     20    -10 (VIOLATED)
_33202_/X                                10     20    -10 (VIOLATED)
_33203_/X                                10     20    -10 (VIOLATED)
_33243_/X                                10     20    -10 (VIOLATED)
_33272_/X                                10     20    -10 (VIOLATED)
_33340_/X                                10     20    -10 (VIOLATED)
_33977_/X                                10     20    -10 (VIOLATED)
_34062_/X                                10     20    -10 (VIOLATED)
_34533_/X                                10     20    -10 (VIOLATED)
_34878_/X                                10     20    -10 (VIOLATED)
_35251_/X                                10     20    -10 (VIOLATED)
_35418_/X                                10     20    -10 (VIOLATED)
_37036_/X                                10     20    -10 (VIOLATED)
_37310_/X                                10     20    -10 (VIOLATED)
_37822_/X                                10     20    -10 (VIOLATED)
clkbuf_5_2__f_clk/X                      10     20    -10 (VIOLATED)
clkbuf_5_4__f_clk/X                      10     20    -10 (VIOLATED)
fanout100/X                              10     20    -10 (VIOLATED)
fanout101/X                              10     20    -10 (VIOLATED)
_21133_/X                                10     19     -9 (VIOLATED)
_21390_/X                                10     19     -9 (VIOLATED)
_32529_/Y                                10     19     -9 (VIOLATED)
_40605_/Q                                10     19     -9 (VIOLATED)
_40663_/Q                                10     19     -9 (VIOLATED)
_21098_/X                                10     18     -8 (VIOLATED)
_21103_/X                                10     18     -8 (VIOLATED)
_21107_/X                                10     18     -8 (VIOLATED)
_21110_/X                                10     18     -8 (VIOLATED)
_21114_/X                                10     18     -8 (VIOLATED)
_21119_/X                                10     18     -8 (VIOLATED)
_21122_/X                                10     18     -8 (VIOLATED)
_21136_/X                                10     18     -8 (VIOLATED)
_21140_/X                                10     18     -8 (VIOLATED)
_21143_/X                                10     18     -8 (VIOLATED)
_21147_/X                                10     18     -8 (VIOLATED)
_21150_/X                                10     18     -8 (VIOLATED)
_21153_/X                                10     18     -8 (VIOLATED)
_21156_/X                                10     18     -8 (VIOLATED)
_21162_/X                                10     18     -8 (VIOLATED)
_21165_/X                                10     18     -8 (VIOLATED)
_21168_/X                                10     18     -8 (VIOLATED)
_21171_/X                                10     18     -8 (VIOLATED)
_21174_/X                                10     18     -8 (VIOLATED)
_21177_/X                                10     18     -8 (VIOLATED)
_21180_/X                                10     18     -8 (VIOLATED)
_21183_/X                                10     18     -8 (VIOLATED)
_21186_/X                                10     18     -8 (VIOLATED)
_21189_/X                                10     18     -8 (VIOLATED)
_21193_/X                                10     18     -8 (VIOLATED)
_21202_/X                                10     18     -8 (VIOLATED)
_21205_/X                                10     18     -8 (VIOLATED)
_21208_/X                                10     18     -8 (VIOLATED)
_21211_/X                                10     18     -8 (VIOLATED)
_21214_/X                                10     18     -8 (VIOLATED)
_21222_/X                                10     18     -8 (VIOLATED)
_21225_/X                                10     18     -8 (VIOLATED)
_21228_/X                                10     18     -8 (VIOLATED)
_21237_/X                                10     18     -8 (VIOLATED)
_21240_/X                                10     18     -8 (VIOLATED)
_21243_/X                                10     18     -8 (VIOLATED)
_21247_/X                                10     18     -8 (VIOLATED)
_21254_/X                                10     18     -8 (VIOLATED)
_21257_/X                                10     18     -8 (VIOLATED)
_21264_/X                                10     18     -8 (VIOLATED)
_21269_/X                                10     18     -8 (VIOLATED)
_21273_/X                                10     18     -8 (VIOLATED)
_21280_/X                                10     18     -8 (VIOLATED)
_21283_/X                                10     18     -8 (VIOLATED)
_21286_/X                                10     18     -8 (VIOLATED)
_21289_/X                                10     18     -8 (VIOLATED)
_21292_/X                                10     18     -8 (VIOLATED)
_21297_/X                                10     18     -8 (VIOLATED)
_21303_/X                                10     18     -8 (VIOLATED)
_21306_/X                                10     18     -8 (VIOLATED)
_21311_/X                                10     18     -8 (VIOLATED)
_21316_/X                                10     18     -8 (VIOLATED)
_21319_/X                                10     18     -8 (VIOLATED)
_21322_/X                                10     18     -8 (VIOLATED)
_21330_/X                                10     18     -8 (VIOLATED)
_21333_/X                                10     18     -8 (VIOLATED)
_21336_/X                                10     18     -8 (VIOLATED)
_21339_/X                                10     18     -8 (VIOLATED)
_21342_/X                                10     18     -8 (VIOLATED)
_21345_/X                                10     18     -8 (VIOLATED)
_21350_/X                                10     18     -8 (VIOLATED)
_21353_/X                                10     18     -8 (VIOLATED)
_21357_/X                                10     18     -8 (VIOLATED)
_21360_/X                                10     18     -8 (VIOLATED)
_21363_/X                                10     18     -8 (VIOLATED)
_21366_/X                                10     18     -8 (VIOLATED)
_21369_/X                                10     18     -8 (VIOLATED)
_21372_/X                                10     18     -8 (VIOLATED)
_21375_/X                                10     18     -8 (VIOLATED)
_21378_/X                                10     18     -8 (VIOLATED)
_21383_/X                                10     18     -8 (VIOLATED)
_21387_/X                                10     18     -8 (VIOLATED)
_21393_/X                                10     18     -8 (VIOLATED)
_21396_/X                                10     18     -8 (VIOLATED)
_21399_/X                                10     18     -8 (VIOLATED)
_21402_/X                                10     18     -8 (VIOLATED)
_21407_/X                                10     18     -8 (VIOLATED)
_21410_/X                                10     18     -8 (VIOLATED)
_21418_/X                                10     18     -8 (VIOLATED)
_21423_/X                                10     18     -8 (VIOLATED)
_21426_/X                                10     18     -8 (VIOLATED)
_21429_/X                                10     18     -8 (VIOLATED)
_21434_/X                                10     18     -8 (VIOLATED)
_21444_/X                                10     18     -8 (VIOLATED)
_21449_/X                                10     18     -8 (VIOLATED)
_21452_/X                                10     18     -8 (VIOLATED)
_21455_/X                                10     18     -8 (VIOLATED)
_21460_/X                                10     18     -8 (VIOLATED)
_30355_/X                                10     18     -8 (VIOLATED)
_30988_/Y                                10     18     -8 (VIOLATED)
_34973_/X                                10     18     -8 (VIOLATED)
_39441_/Q                                10     18     -8 (VIOLATED)
_40555_/Q                                10     18     -8 (VIOLATED)
_40584_/Q                                10     18     -8 (VIOLATED)
_40585_/Q                                10     18     -8 (VIOLATED)
_40586_/Q                                10     18     -8 (VIOLATED)
_40587_/Q                                10     18     -8 (VIOLATED)
_40590_/Q                                10     18     -8 (VIOLATED)
_40591_/Q                                10     18     -8 (VIOLATED)
_40592_/Q                                10     18     -8 (VIOLATED)
_40593_/Q                                10     18     -8 (VIOLATED)
_40594_/Q                                10     18     -8 (VIOLATED)
_40595_/Q                                10     18     -8 (VIOLATED)
_40596_/Q                                10     18     -8 (VIOLATED)
_40597_/Q                                10     18     -8 (VIOLATED)
_40598_/Q                                10     18     -8 (VIOLATED)
_40599_/Q                                10     18     -8 (VIOLATED)
_40606_/Q                                10     18     -8 (VIOLATED)
_40608_/Q                                10     18     -8 (VIOLATED)
_40609_/Q                                10     18     -8 (VIOLATED)
_40610_/Q                                10     18     -8 (VIOLATED)
_40611_/Q                                10     18     -8 (VIOLATED)
_40612_/Q                                10     18     -8 (VIOLATED)
_40613_/Q                                10     18     -8 (VIOLATED)
_40614_/Q                                10     18     -8 (VIOLATED)
_40615_/Q                                10     18     -8 (VIOLATED)
_40616_/Q                                10     18     -8 (VIOLATED)
_40617_/Q                                10     18     -8 (VIOLATED)
_40618_/Q                                10     18     -8 (VIOLATED)
_40619_/Q                                10     18     -8 (VIOLATED)
_40624_/Q                                10     18     -8 (VIOLATED)
_40626_/Q                                10     18     -8 (VIOLATED)
_40627_/Q                                10     18     -8 (VIOLATED)
_40630_/Q                                10     18     -8 (VIOLATED)
_40631_/Q                                10     18     -8 (VIOLATED)
_40632_/Q                                10     18     -8 (VIOLATED)
_40633_/Q                                10     18     -8 (VIOLATED)
_40634_/Q                                10     18     -8 (VIOLATED)
_40638_/Q                                10     18     -8 (VIOLATED)
_40639_/Q                                10     18     -8 (VIOLATED)
_40640_/Q                                10     18     -8 (VIOLATED)
_40648_/Q                                10     18     -8 (VIOLATED)
_40649_/Q                                10     18     -8 (VIOLATED)
_40655_/Q                                10     18     -8 (VIOLATED)
_40660_/Q                                10     18     -8 (VIOLATED)
_40661_/Q                                10     18     -8 (VIOLATED)
_40662_/Q                                10     18     -8 (VIOLATED)
_40664_/Q                                10     18     -8 (VIOLATED)
_40665_/Q                                10     18     -8 (VIOLATED)
_40666_/Q                                10     18     -8 (VIOLATED)
_40667_/Q                                10     18     -8 (VIOLATED)
_40668_/Q                                10     18     -8 (VIOLATED)
_40669_/Q                                10     18     -8 (VIOLATED)
_40681_/Q                                10     18     -8 (VIOLATED)
_40682_/Q                                10     18     -8 (VIOLATED)
_40685_/Q                                10     18     -8 (VIOLATED)
_40687_/Q                                10     18     -8 (VIOLATED)
_40689_/Q                                10     18     -8 (VIOLATED)
_40700_/Q                                10     18     -8 (VIOLATED)
_40701_/Q                                10     18     -8 (VIOLATED)
_40702_/Q                                10     18     -8 (VIOLATED)
_40703_/Q                                10     18     -8 (VIOLATED)
_40704_/Q                                10     18     -8 (VIOLATED)
_40705_/Q                                10     18     -8 (VIOLATED)
_40706_/Q                                10     18     -8 (VIOLATED)
_40707_/Q                                10     18     -8 (VIOLATED)
_40708_/Q                                10     18     -8 (VIOLATED)
_42712_/Q                                10     18     -8 (VIOLATED)
_25138_/Y                                10     16     -6 (VIOLATED)
_26183_/X                                10     16     -6 (VIOLATED)
_27310_/Y                                10     16     -6 (VIOLATED)
_30992_/X                                10     16     -6 (VIOLATED)
_39089_/X                                10     16     -6 (VIOLATED)
clkbuf_2_0_0_clk/X                       10     16     -6 (VIOLATED)
clkbuf_2_1_0_clk/X                       10     16     -6 (VIOLATED)
clkbuf_2_2_0_clk/X                       10     16     -6 (VIOLATED)
clkbuf_2_3_0_clk/X                       10     16     -6 (VIOLATED)
clkbuf_5_0__f_clk/X                      10     16     -6 (VIOLATED)
clkbuf_5_10__f_clk/X                     10     16     -6 (VIOLATED)
clkbuf_leaf_355_clk/X                    10     16     -6 (VIOLATED)
clkbuf_leaf_54_clk/X                     10     16     -6 (VIOLATED)
fanout127/X                              10     16     -6 (VIOLATED)
fanout156/X                              10     16     -6 (VIOLATED)
fanout363/X                              10     16     -6 (VIOLATED)
fanout414/X                              10     16     -6 (VIOLATED)
max_cap64/X                              10     16     -6 (VIOLATED)
wire37/X                                 10     16     -6 (VIOLATED)
wire48/X                                 10     16     -6 (VIOLATED)
wire50/X                                 10     16     -6 (VIOLATED)
clkbuf_leaf_119_clk/X                    10     15     -5 (VIOLATED)
clkbuf_leaf_123_clk/X                    10     15     -5 (VIOLATED)
clkbuf_leaf_220_clk/X                    10     15     -5 (VIOLATED)
_24655_/Y                                10     14     -4 (VIOLATED)
_24705_/Y                                10     14     -4 (VIOLATED)
_24727_/Y                                10     14     -4 (VIOLATED)
_24743_/Y                                10     14     -4 (VIOLATED)
_24760_/Y                                10     14     -4 (VIOLATED)
_24804_/Y                                10     14     -4 (VIOLATED)
_24893_/Y                                10     14     -4 (VIOLATED)
_24956_/Y                                10     14     -4 (VIOLATED)
_25005_/Y                                10     14     -4 (VIOLATED)
_25023_/Y                                10     14     -4 (VIOLATED)
_25105_/X                                10     14     -4 (VIOLATED)
_25111_/X                                10     14     -4 (VIOLATED)
_25153_/Y                                10     14     -4 (VIOLATED)
_25190_/Y                                10     14     -4 (VIOLATED)
_25226_/Y                                10     14     -4 (VIOLATED)
_25243_/Y                                10     14     -4 (VIOLATED)
_25285_/Y                                10     14     -4 (VIOLATED)
_25392_/Y                                10     14     -4 (VIOLATED)
_25417_/Y                                10     14     -4 (VIOLATED)
_25487_/Y                                10     14     -4 (VIOLATED)
_25536_/Y                                10     14     -4 (VIOLATED)
_25544_/Y                                10     14     -4 (VIOLATED)
_25614_/Y                                10     14     -4 (VIOLATED)
_25631_/Y                                10     14     -4 (VIOLATED)
_25682_/X                                10     14     -4 (VIOLATED)
_25709_/Y                                10     14     -4 (VIOLATED)
_25735_/Y                                10     14     -4 (VIOLATED)
_25752_/Y                                10     14     -4 (VIOLATED)
_25762_/Y                                10     14     -4 (VIOLATED)
_25774_/Y                                10     14     -4 (VIOLATED)
_25816_/Y                                10     14     -4 (VIOLATED)
_25831_/Y                                10     14     -4 (VIOLATED)
_25841_/Y                                10     14     -4 (VIOLATED)
_25855_/Y                                10     14     -4 (VIOLATED)
_25905_/Y                                10     14     -4 (VIOLATED)
_27302_/X                                10     14     -4 (VIOLATED)
_27914_/X                                10     14     -4 (VIOLATED)
_29967_/X                                10     14     -4 (VIOLATED)
_32663_/X                                10     14     -4 (VIOLATED)
clkbuf_leaf_279_clk/X                    10     14     -4 (VIOLATED)
clkbuf_leaf_339_clk/X                    10     14     -4 (VIOLATED)
clkbuf_leaf_370_clk/X                    10     14     -4 (VIOLATED)
clkbuf_leaf_5_clk/X                      10     14     -4 (VIOLATED)
fanout207/X                              10     14     -4 (VIOLATED)
fanout233/X                              10     14     -4 (VIOLATED)
fanout248/X                              10     14     -4 (VIOLATED)
fanout297/X                              10     14     -4 (VIOLATED)
wire29/X                                 10     14     -4 (VIOLATED)
wire38/X                                 10     14     -4 (VIOLATED)
wire4/X                                  10     14     -4 (VIOLATED)
wire53/X                                 10     14     -4 (VIOLATED)
wire59/X                                 10     14     -4 (VIOLATED)
wire63/X                                 10     14     -4 (VIOLATED)
wire68/X                                 10     14     -4 (VIOLATED)
wire70/X                                 10     14     -4 (VIOLATED)
wire75/X                                 10     14     -4 (VIOLATED)
wire76/X                                 10     14     -4 (VIOLATED)
wire79/X                                 10     14     -4 (VIOLATED)
clkbuf_5_21__f_clk/X                     10     13     -3 (VIOLATED)
clkbuf_leaf_103_clk/X                    10     13     -3 (VIOLATED)
clkbuf_leaf_108_clk/X                    10     13     -3 (VIOLATED)
clkbuf_leaf_120_clk/X                    10     13     -3 (VIOLATED)
clkbuf_leaf_124_clk/X                    10     13     -3 (VIOLATED)
clkbuf_leaf_125_clk/X                    10     13     -3 (VIOLATED)
clkbuf_leaf_135_clk/X                    10     13     -3 (VIOLATED)
clkbuf_leaf_153_clk/X                    10     13     -3 (VIOLATED)
clkbuf_leaf_155_clk/X                    10     13     -3 (VIOLATED)
clkbuf_leaf_19_clk/X                     10     13     -3 (VIOLATED)
clkbuf_leaf_257_clk/X                    10     13     -3 (VIOLATED)
clkbuf_leaf_26_clk/X                     10     13     -3 (VIOLATED)
clkbuf_leaf_299_clk/X                    10     13     -3 (VIOLATED)
clkbuf_leaf_305_clk/X                    10     13     -3 (VIOLATED)
clkbuf_leaf_31_clk/X                     10     13     -3 (VIOLATED)
clkbuf_leaf_34_clk/X                     10     13     -3 (VIOLATED)
clkbuf_leaf_367_clk/X                    10     13     -3 (VIOLATED)
clkbuf_leaf_403_clk/X                    10     13     -3 (VIOLATED)
clkbuf_leaf_406_clk/X                    10     13     -3 (VIOLATED)
clkbuf_leaf_50_clk/X                     10     13     -3 (VIOLATED)
clkbuf_leaf_74_clk/X                     10     13     -3 (VIOLATED)
clkbuf_leaf_84_clk/X                     10     13     -3 (VIOLATED)
clkbuf_leaf_88_clk/X                     10     13     -3 (VIOLATED)
clkbuf_leaf_99_clk/X                     10     13     -3 (VIOLATED)
_24883_/Y                                10     12     -2 (VIOLATED)
_24975_/Y                                10     12     -2 (VIOLATED)
_25100_/Y                                10     12     -2 (VIOLATED)
_25160_/X                                10     12     -2 (VIOLATED)
_25192_/X                                10     12     -2 (VIOLATED)
_25198_/X                                10     12     -2 (VIOLATED)
_25352_/Y                                10     12     -2 (VIOLATED)
_25400_/Y                                10     12     -2 (VIOLATED)
_25564_/X                                10     12     -2 (VIOLATED)
_25726_/Y                                10     12     -2 (VIOLATED)
_25797_/Y                                10     12     -2 (VIOLATED)
_25896_/X                                10     12     -2 (VIOLATED)
_25930_/Y                                10     12     -2 (VIOLATED)
_25948_/Y                                10     12     -2 (VIOLATED)
_33304_/X                                10     12     -2 (VIOLATED)
_34876_/X                                10     12     -2 (VIOLATED)
_39023_/X                                10     12     -2 (VIOLATED)
clkbuf_5_3__f_clk/X                      10     12     -2 (VIOLATED)
clkbuf_leaf_100_clk/X                    10     12     -2 (VIOLATED)
clkbuf_leaf_104_clk/X                    10     12     -2 (VIOLATED)
clkbuf_leaf_114_clk/X                    10     12     -2 (VIOLATED)
clkbuf_leaf_117_clk/X                    10     12     -2 (VIOLATED)
clkbuf_leaf_134_clk/X                    10     12     -2 (VIOLATED)
clkbuf_leaf_141_clk/X                    10     12     -2 (VIOLATED)
clkbuf_leaf_151_clk/X                    10     12     -2 (VIOLATED)
clkbuf_leaf_173_clk/X                    10     12     -2 (VIOLATED)
clkbuf_leaf_211_clk/X                    10     12     -2 (VIOLATED)
clkbuf_leaf_213_clk/X                    10     12     -2 (VIOLATED)
clkbuf_leaf_247_clk/X                    10     12     -2 (VIOLATED)
clkbuf_leaf_254_clk/X                    10     12     -2 (VIOLATED)
clkbuf_leaf_255_clk/X                    10     12     -2 (VIOLATED)
clkbuf_leaf_286_clk/X                    10     12     -2 (VIOLATED)
clkbuf_leaf_290_clk/X                    10     12     -2 (VIOLATED)
clkbuf_leaf_308_clk/X                    10     12     -2 (VIOLATED)
clkbuf_leaf_313_clk/X                    10     12     -2 (VIOLATED)
clkbuf_leaf_364_clk/X                    10     12     -2 (VIOLATED)
clkbuf_leaf_3_clk/X                      10     12     -2 (VIOLATED)
clkbuf_leaf_402_clk/X                    10     12     -2 (VIOLATED)
clkbuf_leaf_52_clk/X                     10     12     -2 (VIOLATED)
clkbuf_leaf_53_clk/X                     10     12     -2 (VIOLATED)
clkbuf_leaf_58_clk/X                     10     12     -2 (VIOLATED)
clkbuf_leaf_61_clk/X                     10     12     -2 (VIOLATED)
clkbuf_leaf_72_clk/X                     10     12     -2 (VIOLATED)
clkbuf_leaf_73_clk/X                     10     12     -2 (VIOLATED)
clkbuf_leaf_89_clk/X                     10     12     -2 (VIOLATED)
clkbuf_leaf_94_clk/X                     10     12     -2 (VIOLATED)
fanout153/X                              10     12     -2 (VIOLATED)
fanout170/X                              10     12     -2 (VIOLATED)
fanout252/X                              10     12     -2 (VIOLATED)
fanout315/X                              10     12     -2 (VIOLATED)
max_cap41/X                              10     12     -2 (VIOLATED)
max_cap49/X                              10     12     -2 (VIOLATED)
max_cap52/X                              10     12     -2 (VIOLATED)
max_cap54/X                              10     12     -2 (VIOLATED)
max_cap56/X                              10     12     -2 (VIOLATED)
max_cap65/X                              10     12     -2 (VIOLATED)
max_cap80/X                              10     12     -2 (VIOLATED)
wire27/X                                 10     12     -2 (VIOLATED)
wire28/X                                 10     12     -2 (VIOLATED)
wire58/X                                 10     12     -2 (VIOLATED)
wire67/X                                 10     12     -2 (VIOLATED)
wire72/X                                 10     12     -2 (VIOLATED)
wire77/X                                 10     12     -2 (VIOLATED)
clkbuf_5_6__f_clk/X                      10     11        (VIOLATED)
clkbuf_leaf_116_clk/X                    10     11        (VIOLATED)
clkbuf_leaf_126_clk/X                    10     11        (VIOLATED)
clkbuf_leaf_128_clk/X                    10     11        (VIOLATED)
clkbuf_leaf_138_clk/X                    10     11        (VIOLATED)
clkbuf_leaf_149_clk/X                    10     11        (VIOLATED)
clkbuf_leaf_150_clk/X                    10     11        (VIOLATED)
clkbuf_leaf_158_clk/X                    10     11        (VIOLATED)
clkbuf_leaf_206_clk/X                    10     11        (VIOLATED)
clkbuf_leaf_209_clk/X                    10     11        (VIOLATED)
clkbuf_leaf_218_clk/X                    10     11        (VIOLATED)
clkbuf_leaf_228_clk/X                    10     11        (VIOLATED)
clkbuf_leaf_246_clk/X                    10     11        (VIOLATED)
clkbuf_leaf_251_clk/X                    10     11        (VIOLATED)
clkbuf_leaf_265_clk/X                    10     11        (VIOLATED)
clkbuf_leaf_292_clk/X                    10     11        (VIOLATED)
clkbuf_leaf_33_clk/X                     10     11        (VIOLATED)
clkbuf_leaf_35_clk/X                     10     11        (VIOLATED)
clkbuf_leaf_371_clk/X                    10     11        (VIOLATED)
clkbuf_leaf_39_clk/X                     10     11        (VIOLATED)
clkbuf_leaf_404_clk/X                    10     11        (VIOLATED)
clkbuf_leaf_405_clk/X                    10     11        (VIOLATED)
clkbuf_leaf_410_clk/X                    10     11        (VIOLATED)
clkbuf_leaf_420_clk/X                    10     11        (VIOLATED)
clkbuf_leaf_49_clk/X                     10     11        (VIOLATED)
clkbuf_leaf_62_clk/X                     10     11        (VIOLATED)
clkbuf_leaf_76_clk/X                     10     11        (VIOLATED)
clkbuf_leaf_79_clk/X                     10     11        (VIOLATED)
clkbuf_leaf_81_clk/X                     10     11        (VIOLATED)
clkbuf_leaf_97_clk/X                     10     11        (VIOLATED)



===========================================================================
report_parasitic_annotation -report_unannotated
============================================================================
Found 6 unannotated drivers.
 _40536__421/HI
 _40537__420/HI
 _40538__419/HI
 _40539__418/HI
 _40579__417/HI
 _40580__416/HI
Found 0 partially unannotated drivers.

===========================================================================
max slew violation count 589
max fanout violation count 882
max cap violation count 0
============================================================================

===========================================================================
check_setup -verbose -unconstrained_endpoints -multiple_clock -no_clock -no_input_delay -loops -generated_clocks
===========================================================================
Warning: There are 6 unconstrained endpoints.
  _40536_/D
  _40537_/D
  _40538_/D
  _40539_/D
  _40579_/D
  _40580_/D
